-- MySQL dump 10.13  Distrib 5.7.30, for Linux (x86_64)
--
-- Host: localhost    Database: vtigerdb
-- ------------------------------------------------------
-- Server version	5.7.30-0ubuntu0.18.04.1

/*!40101 SET @OLD_CHARACTER_SET_CLIENT=@@CHARACTER_SET_CLIENT */;
/*!40101 SET @OLD_CHARACTER_SET_RESULTS=@@CHARACTER_SET_RESULTS */;
/*!40101 SET @OLD_COLLATION_CONNECTION=@@COLLATION_CONNECTION */;
/*!40101 SET NAMES utf8 */;
/*!40103 SET @OLD_TIME_ZONE=@@TIME_ZONE */;
/*!40103 SET TIME_ZONE='+00:00' */;
/*!40014 SET @OLD_UNIQUE_CHECKS=@@UNIQUE_CHECKS, UNIQUE_CHECKS=0 */;
/*!40014 SET @OLD_FOREIGN_KEY_CHECKS=@@FOREIGN_KEY_CHECKS, FOREIGN_KEY_CHECKS=0 */;
/*!40101 SET @OLD_SQL_MODE=@@SQL_MODE, SQL_MODE='NO_AUTO_VALUE_ON_ZERO' */;
/*!40111 SET @OLD_SQL_NOTES=@@SQL_NOTES, SQL_NOTES=0 */;

--
-- Table structure for table `berli_globalsearch_data`
--

DROP TABLE IF EXISTS `berli_globalsearch_data`;
/*!40101 SET @saved_cs_client     = @@character_set_client */;
/*!40101 SET character_set_client = utf8 */;
CREATE TABLE `berli_globalsearch_data` (
  `gscrmid` int(19) NOT NULL,
  `searchlabel` varchar(255) NOT NULL,
  PRIMARY KEY (`gscrmid`),
  CONSTRAINT `fk_1_berli_globalsearch_data` FOREIGN KEY (`gscrmid`) REFERENCES `vtiger_crmentity` (`crmid`) ON DELETE CASCADE
) ENGINE=InnoDB DEFAULT CHARSET=utf8;
/*!40101 SET character_set_client = @saved_cs_client */;

--
-- Dumping data for table `berli_globalsearch_data`
--

LOCK TABLES `berli_globalsearch_data` WRITE;
/*!40000 ALTER TABLE `berli_globalsearch_data` DISABLE KEYS */;
INSERT INTO `berli_globalsearch_data` VALUES (2,''),(3,''),(4,''),(5,''),(6,''),(7,''),(8,''),(9,''),(10,''),(11,''),(12,''),(13,''),(14,''),(15,''),(16,''),(17,''),(18,''),(19,''),(43,''),(49,''),(53,''),(54,'');
/*!40000 ALTER TABLE `berli_globalsearch_data` ENABLE KEYS */;
UNLOCK TABLES;

--
-- Table structure for table `berli_globalsearch_settings`
--

DROP TABLE IF EXISTS `berli_globalsearch_settings`;
/*!40101 SET @saved_cs_client     = @@character_set_client */;
/*!40101 SET character_set_client = utf8 */;
CREATE TABLE `berli_globalsearch_settings` (
  `gstabid` int(19) NOT NULL,
  `displayfield` varchar(150) NOT NULL,
  `searchcolumn` varchar(150) NOT NULL,
  `turn_off` int(1) NOT NULL DEFAULT '1',
  `sequence` int(19) NOT NULL,
  `searchall` tinyint(1) NOT NULL DEFAULT '1',
  PRIMARY KEY (`gstabid`),
  CONSTRAINT `fk_1_berl_globalsearch_settings` FOREIGN KEY (`gstabid`) REFERENCES `vtiger_tab` (`tabid`) ON DELETE CASCADE
) ENGINE=InnoDB DEFAULT CHARSET=utf8;
/*!40101 SET character_set_client = @saved_cs_client */;

--
-- Dumping data for table `berli_globalsearch_settings`
--

LOCK TABLES `berli_globalsearch_settings` WRITE;
/*!40000 ALTER TABLE `berli_globalsearch_settings` DISABLE KEYS */;
INSERT INTO `berli_globalsearch_settings` VALUES (2,'','',1,0,1),(4,'','',1,0,1),(6,'','',1,0,1),(7,'','',1,0,1),(8,'','',1,0,1),(9,'','',1,0,1),(10,'','',0,0,1),(13,'','',1,0,1),(14,'','',1,0,1),(15,'','',1,0,1),(18,'','',1,0,1),(19,'','',1,0,1),(20,'','',1,0,1),(21,'','',1,0,1),(22,'','',1,0,1),(23,'','',1,0,1),(26,'','',1,0,1),(31,'','',1,0,1),(36,'','',1,0,1);
/*!40000 ALTER TABLE `berli_globalsearch_settings` ENABLE KEYS */;
UNLOCK TABLES;

--
-- Table structure for table `com_vtiger_workflow_activatedonce`
--

DROP TABLE IF EXISTS `com_vtiger_workflow_activatedonce`;
/*!40101 SET @saved_cs_client     = @@character_set_client */;
/*!40101 SET character_set_client = utf8 */;
CREATE TABLE `com_vtiger_workflow_activatedonce` (
  `workflow_id` int(11) NOT NULL,
  `entity_id` int(11) NOT NULL,
  PRIMARY KEY (`workflow_id`,`entity_id`)
) ENGINE=InnoDB DEFAULT CHARSET=utf8;
/*!40101 SET character_set_client = @saved_cs_client */;

--
-- Dumping data for table `com_vtiger_workflow_activatedonce`
--

LOCK TABLES `com_vtiger_workflow_activatedonce` WRITE;
/*!40000 ALTER TABLE `com_vtiger_workflow_activatedonce` DISABLE KEYS */;
/*!40000 ALTER TABLE `com_vtiger_workflow_activatedonce` ENABLE KEYS */;
UNLOCK TABLES;

--
-- Table structure for table `com_vtiger_workflow_tasktypes`
--

DROP TABLE IF EXISTS `com_vtiger_workflow_tasktypes`;
/*!40101 SET @saved_cs_client     = @@character_set_client */;
/*!40101 SET character_set_client = utf8 */;
CREATE TABLE `com_vtiger_workflow_tasktypes` (
  `id` int(11) NOT NULL,
  `tasktypename` varchar(255) NOT NULL,
  `label` varchar(255) DEFAULT NULL,
  `classname` varchar(255) DEFAULT NULL,
  `classpath` varchar(255) DEFAULT NULL,
  `templatepath` varchar(255) DEFAULT NULL,
  `modules` varchar(500) DEFAULT NULL,
  `sourcemodule` varchar(255) DEFAULT NULL
) ENGINE=InnoDB DEFAULT CHARSET=utf8;
/*!40101 SET character_set_client = @saved_cs_client */;

--
-- Dumping data for table `com_vtiger_workflow_tasktypes`
--

LOCK TABLES `com_vtiger_workflow_tasktypes` WRITE;
/*!40000 ALTER TABLE `com_vtiger_workflow_tasktypes` DISABLE KEYS */;
INSERT INTO `com_vtiger_workflow_tasktypes` VALUES (1,'VTEmailTask','Send Mail','VTEmailTask','modules/com_vtiger_workflow/tasks/VTEmailTask.inc','modules/Settings/Workflows/Tasks/VTEmailTask.tpl','{\"include\":[],\"exclude\":[]}',''),(2,'VTEntityMethodTask','Invoke Custom Function','VTEntityMethodTask','modules/com_vtiger_workflow/tasks/VTEntityMethodTask.inc','modules/Settings/Workflows/Tasks/VTEntityMethodTask.tpl','{\"include\":[],\"exclude\":[]}',''),(3,'VTCreateTodoTask','Create Todo','VTCreateTodoTask','modules/com_vtiger_workflow/tasks/VTCreateTodoTask.inc','modules/Settings/Workflows/Tasks/VTCreateTodoTask.tpl','{\"include\":[\"Leads\",\"Accounts\",\"Potentials\",\"Contacts\",\"HelpDesk\",\"Campaigns\",\"Quotes\",\"PurchaseOrder\",\"SalesOrder\",\"Invoice\",\"Project\"],\"exclude\":[\"Calendar\",\"FAQ\",\"Events\"]}',''),(4,'VTCreateEventTask','Create Event','VTCreateEventTask','modules/com_vtiger_workflow/tasks/VTCreateEventTask.inc','modules/Settings/Workflows/Tasks/VTCreateEventTask.tpl','{\"include\":[\"Leads\",\"Accounts\",\"Potentials\",\"Contacts\",\"HelpDesk\",\"Campaigns\",\"Project\"],\"exclude\":[\"Calendar\",\"FAQ\",\"Events\"]}',''),(5,'VTUpdateFieldsTask','Update Fields','VTUpdateFieldsTask','modules/com_vtiger_workflow/tasks/VTUpdateFieldsTask.inc','modules/Settings/Workflows/Tasks/VTUpdateFieldsTask.tpl','{\"include\":[],\"exclude\":[]}',''),(6,'VTCreateEntityTask','Create Entity','VTCreateEntityTask','modules/com_vtiger_workflow/tasks/VTCreateEntityTask.inc','modules/Settings/Workflows/Tasks/VTCreateEntityTask.tpl','{\"include\":[],\"exclude\":[]}',''),(7,'VTSMSTask','SMS Task','VTSMSTask','modules/com_vtiger_workflow/tasks/VTSMSTask.inc','modules/Settings/Workflows/Tasks/VTSMSTask.tpl','{\"include\":[],\"exclude\":[]}','SMSNotifier');
/*!40000 ALTER TABLE `com_vtiger_workflow_tasktypes` ENABLE KEYS */;
UNLOCK TABLES;

--
-- Table structure for table `com_vtiger_workflow_tasktypes_seq`
--

DROP TABLE IF EXISTS `com_vtiger_workflow_tasktypes_seq`;
/*!40101 SET @saved_cs_client     = @@character_set_client */;
/*!40101 SET character_set_client = utf8 */;
CREATE TABLE `com_vtiger_workflow_tasktypes_seq` (
  `id` int(11) NOT NULL
) ENGINE=InnoDB DEFAULT CHARSET=utf8;
/*!40101 SET character_set_client = @saved_cs_client */;

--
-- Dumping data for table `com_vtiger_workflow_tasktypes_seq`
--

LOCK TABLES `com_vtiger_workflow_tasktypes_seq` WRITE;
/*!40000 ALTER TABLE `com_vtiger_workflow_tasktypes_seq` DISABLE KEYS */;
INSERT INTO `com_vtiger_workflow_tasktypes_seq` VALUES (7);
/*!40000 ALTER TABLE `com_vtiger_workflow_tasktypes_seq` ENABLE KEYS */;
UNLOCK TABLES;

--
-- Table structure for table `com_vtiger_workflows`
--

DROP TABLE IF EXISTS `com_vtiger_workflows`;
/*!40101 SET @saved_cs_client     = @@character_set_client */;
/*!40101 SET character_set_client = utf8 */;
CREATE TABLE `com_vtiger_workflows` (
  `workflow_id` int(11) NOT NULL AUTO_INCREMENT,
  `module_name` varchar(100) DEFAULT NULL,
  `summary` varchar(400) NOT NULL,
  `test` text,
  `execution_condition` int(11) NOT NULL,
  `defaultworkflow` int(1) DEFAULT NULL,
  `type` varchar(255) DEFAULT NULL,
  `filtersavedinnew` int(1) DEFAULT NULL,
  `schtypeid` int(10) DEFAULT NULL,
  `schdayofmonth` varchar(100) DEFAULT NULL,
  `schdayofweek` varchar(100) DEFAULT NULL,
  `schannualdates` varchar(100) DEFAULT NULL,
  `schtime` varchar(50) DEFAULT NULL,
  `nexttrigger_time` datetime DEFAULT NULL,
  `status` tinyint(1) DEFAULT '1',
  `workflowname` varchar(100) DEFAULT NULL,
  PRIMARY KEY (`workflow_id`),
  UNIQUE KEY `com_vtiger_workflows_idx` (`workflow_id`)
) ENGINE=InnoDB AUTO_INCREMENT=29 DEFAULT CHARSET=utf8;
/*!40101 SET character_set_client = @saved_cs_client */;

--
-- Dumping data for table `com_vtiger_workflows`
--

LOCK TABLES `com_vtiger_workflows` WRITE;
/*!40000 ALTER TABLE `com_vtiger_workflows` DISABLE KEYS */;
INSERT INTO `com_vtiger_workflows` VALUES (1,'Invoice','Обновление товаров на складе после каждого сохранения','[{\"fieldname\":\"subject\",\"operation\":\"does not contain\",\"value\":\"`!`\"}]',3,1,'basic',5,NULL,NULL,NULL,NULL,NULL,NULL,1,'Обновление товаров на складе после каждого сохранения'),(2,'Accounts','Отправить Email пользователю, если указано Уведомлять ответственного','[{\"fieldname\":\"notify_owner\",\"operation\":\"is\",\"value\":\"true:boolean\"}]',2,1,'basic',5,NULL,NULL,NULL,NULL,NULL,NULL,1,'Отправить Email пользователю, если указано Уведомлять ответственного'),(3,'Contacts','Отправить Email пользователю, если указано Уведомлять ответственного','[{\"fieldname\":\"notify_owner\",\"operation\":\"is\",\"value\":\"true:boolean\"}]',2,1,'basic',5,NULL,NULL,NULL,NULL,NULL,NULL,1,'Отправить Email пользователю, если указано Уведомлять ответственного'),(4,'Contacts','Отправить Email пользователю, если контакт стал пользователем портала','[{\"fieldname\":\"portal\",\"operation\":\"is\",\"value\":\"1\",\"valuetype\":\"rawtext\",\"joincondition\":\"and\",\"groupjoin\":\"and\",\"groupid\":\"0\"},{\"fieldname\":\"email\",\"operation\":\"is not empty\",\"value\":\"\",\"valuetype\":\"rawtext\",\"joincondition\":\"\",\"groupjoin\":\"and\",\"groupid\":\"0\"}]',3,1,'basic',6,NULL,NULL,NULL,NULL,NULL,NULL,1,'Отправить Email пользователю, если контакт стал пользователем портала'),(5,'Potentials','Отправить Email пользователю при создании Сделки',NULL,1,1,'basic',5,NULL,NULL,NULL,NULL,NULL,NULL,1,'Отправить Email пользователю при создании Сделки'),(6,'Contacts','Автоматические обработчики для создания и модификации контактов','',3,1,'basic',5,NULL,NULL,NULL,NULL,NULL,NULL,1,'Автоматические обработчики для создания и модификации контактов'),(7,'HelpDesk','Cоздание заявки из портала : Отправка электронного письма ответственному и контакту','[{\"fieldname\":\"from_portal\",\"operation\":\"is\",\"value\":1,\"valuetype\":\"rawtext\",\"joincondition\":\"and\",\"groupjoin\":\"and\",\"groupid\":0},{\"fieldname\":\"from_portal\",\"operation\":\"is\",\"value\":\"1\",\"valuetype\":\"rawtext\",\"joincondition\":\"\",\"groupjoin\":\"and\",\"groupid\":\"0\"}]',1,1,'basic',6,NULL,NULL,NULL,NULL,NULL,NULL,1,'Cоздание заявки из портала : Отправка электронного письма ответственному и контакту'),(9,'HelpDesk','Отправка сообщения контакту при обновлении заявки','[{\"fieldname\":\"(contact_id : (Contacts) emailoptout)\",\"operation\":\"is\",\"value\":\"0\",\"valuetype\":\"rawtext\",\"joincondition\":\"and\",\"groupjoin\":\"and\",\"groupid\":\"0\"},{\"fieldname\":\"from_portal\",\"operation\":\"is\",\"value\":0,\"valuetype\":\"rawtext\",\"joincondition\":\"and\",\"groupjoin\":\"and\",\"groupid\":0},{\"fieldname\":\"ticketstatus\",\"operation\":\"has changed to\",\"value\":\"Closed\",\"valuetype\":\"rawtext\",\"joincondition\":\"or\",\"groupjoin\":\"and\",\"groupid\":\"1\"},{\"fieldname\":\"solution\",\"operation\":\"has changed\",\"value\":\"\",\"valuetype\":\"\",\"joincondition\":\"or\",\"groupjoin\":\"and\",\"groupid\":\"1\"},{\"fieldname\":\"description\",\"operation\":\"has changed\",\"value\":\"\",\"valuetype\":\"\",\"joincondition\":\"or\",\"groupjoin\":\"and\",\"groupid\":\"1\"}]',3,1,'basic',6,NULL,NULL,NULL,NULL,NULL,NULL,1,'Отправка сообщения контакту при обновлении заявки'),(12,'SPUnits','Автоматический обработчик для модификации Товаров/Услуг',NULL,3,NULL,'basic',5,NULL,NULL,NULL,NULL,NULL,NULL,1,'Автоматический обработчик для модификации Товаров/Услуг'),(13,'Products','Автоматический обработчик для модификации Кода Единицы Измерения',NULL,3,NULL,'basic',5,NULL,NULL,NULL,NULL,NULL,NULL,1,'Автоматический обработчик для модификации Кода Единицы Измерения'),(14,'Services','Автоматический обработчик для модификации Кода Единицы Измерения',NULL,3,NULL,'basic',5,NULL,NULL,NULL,NULL,NULL,NULL,1,'Автоматический обработчик для модификации Кода Единицы Измерения'),(15,'Potentials','Вычисление и обновление прогнозируемой суммы','',3,1,'basic',5,NULL,NULL,NULL,NULL,NULL,NULL,1,'Вычисление и обновление прогнозируемой суммы'),(16,'HelpDesk','Добавлен комментарий из CRM: Отправка Email Контрагенту','[{\"fieldname\":\"_VT_add_comment\",\"operation\":\"is added\",\"value\":\"\",\"valuetype\":\"rawtext\",\"joincondition\":\"\",\"groupjoin\":\"and\",\"groupid\":\"0\"},{\"fieldname\":\"from_portal\",\"operation\":\"is\",\"value\":\"0\",\"valuetype\":\"rawtext\",\"joincondition\":\"\",\"groupjoin\":\"and\",\"groupid\":\"0\"},{\"fieldname\":\"(parent_id : (Accounts) emailoptout)\",\"operation\":\"is\",\"value\":\"0\",\"valuetype\":\"rawtext\",\"joincondition\":\"and\",\"groupjoin\":\"and\",\"groupid\":\"0\"}]',3,1,'basic',6,NULL,NULL,NULL,NULL,NULL,NULL,1,'Добавлен комментарий из CRM: Отправка Email Контрагенту'),(17,'PurchaseOrder','Обновление товаров на складе после каждого сохранения',NULL,3,1,'basic',5,NULL,NULL,NULL,NULL,NULL,NULL,1,'Обновление товаров на складе после каждого сохранения'),(18,'HelpDesk','Добавлен комментарий из портала: Отправка сообщения ответственному','[{\"fieldname\":\"_VT_add_comment\",\"operation\":\"is added\",\"value\":\"\",\"valuetype\":\"rawtext\",\"joincondition\":\"\",\"groupjoin\":\"and\",\"groupid\":\"0\"},{\"fieldname\":\"from_portal\",\"operation\":\"is\",\"value\":\"1\",\"valuetype\":\"rawtext\",\"joincondition\":\"\",\"groupjoin\":\"and\",\"groupid\":\"0\"}]',3,1,'basic',6,NULL,NULL,NULL,NULL,NULL,NULL,1,'Добавлен комментарий из портала: Отправка сообщения ответственному'),(19,'HelpDesk','Добавлен комментарий в CRM: Отправка Email Контакту, который не является пользователем портала','[{\"fieldname\":\"(contact_id : (Contacts) portal)\",\"operation\":\"is\",\"value\":\"0\",\"valuetype\":\"rawtext\",\"joincondition\":\"and\",\"groupjoin\":\"and\",\"groupid\":\"0\"},{\"fieldname\":\"_VT_add_comment\",\"operation\":\"is added\",\"value\":\"\",\"valuetype\":\"rawtext\",\"joincondition\":\"\",\"groupjoin\":\"and\",\"groupid\":\"0\"},{\"fieldname\":\"from_portal\",\"operation\":\"is\",\"value\":\"0\",\"valuetype\":\"rawtext\",\"joincondition\":\"\",\"groupjoin\":\"and\",\"groupid\":\"0\"},{\"fieldname\":\"(contact_id : (Contacts) emailoptout)\",\"operation\":\"is\",\"value\":\"0\",\"valuetype\":\"rawtext\",\"joincondition\":\"and\",\"groupjoin\":\"and\",\"groupid\":\"0\"}]',3,1,'basic',6,NULL,NULL,NULL,NULL,NULL,NULL,1,'Добавлен комментарий в CRM: Отправка Email Контакту, который не является пользователем портала'),(20,'HelpDesk','Добавлен комментарий в CRM: Отправка Email Контакту, который является пользователем портала','[{\"fieldname\":\"(contact_id : (Contacts) portal)\",\"operation\":\"is\",\"value\":\"1\",\"valuetype\":\"rawtext\",\"joincondition\":\"and\",\"groupjoin\":\"and\",\"groupid\":\"0\"},{\"fieldname\":\"_VT_add_comment\",\"operation\":\"is added\",\"value\":\"\",\"valuetype\":\"rawtext\",\"joincondition\":\"\",\"groupjoin\":\"and\",\"groupid\":\"0\"},{\"fieldname\":\"from_portal\",\"operation\":\"is\",\"value\":\"0\",\"valuetype\":\"rawtext\",\"joincondition\":\"\",\"groupjoin\":\"and\",\"groupid\":\"0\"},{\"fieldname\":\"(contact_id : (Contacts) emailoptout)\",\"operation\":\"is\",\"value\":\"0\",\"valuetype\":\"rawtext\",\"joincondition\":\"and\",\"groupjoin\":\"and\",\"groupid\":\"0\"}]',3,1,'basic',6,NULL,NULL,NULL,NULL,NULL,NULL,1,'Добавлен комментарий в CRM: Отправка Email Контакту, который является пользователем портала'),(21,'HelpDesk','Отправка Email ответственному при обновлении заявки','[{\"fieldname\":\"from_portal\",\"operation\":\"is\",\"value\":0,\"valuetype\":\"rawtext\",\"joincondition\":\"and\",\"groupjoin\":\"and\",\"groupid\":0},{\"fieldname\":\"ticketstatus\",\"operation\":\"has changed to\",\"value\":\"Closed\",\"valuetype\":\"rawtext\",\"joincondition\":\"or\",\"groupjoin\":\"and\",\"groupid\":\"1\"},{\"fieldname\":\"solution\",\"operation\":\"has changed\",\"value\":\"\",\"valuetype\":\"\",\"joincondition\":\"or\",\"groupjoin\":\"and\",\"groupid\":\"1\"},{\"fieldname\":\"assigned_user_id\",\"operation\":\"has changed\",\"value\":\"\",\"valuetype\":\"\",\"joincondition\":\"or\",\"groupjoin\":\"and\",\"groupid\":\"1\"},{\"fieldname\":\"description\",\"operation\":\"has changed\",\"value\":\"\",\"valuetype\":\"\",\"joincondition\":\"or\",\"groupjoin\":\"and\",\"groupid\":\"1\"}]',3,1,'basic',6,NULL,NULL,NULL,NULL,NULL,NULL,1,'Отправка Email ответственному при обновлении заявки'),(22,'HelpDesk','Создание заявки в CRM: отправка Email ответственному','[{\"fieldname\":\"from_portal\",\"operation\":\"is\",\"value\":\"0\",\"valuetype\":\"rawtext\",\"joincondition\":\"\",\"groupjoin\":\"and\",\"groupid\":\"0\"}]',1,1,'basic',6,NULL,NULL,NULL,NULL,NULL,NULL,1,'Создание заявки в CRM: отправка Email ответственному'),(23,'HelpDesk','Отправка Email контаргенту при обновлении заявки','[{\"fieldname\":\"(parent_id : (Accounts) emailoptout)\",\"operation\":\"is\",\"value\":\"0\",\"valuetype\":\"rawtext\",\"joincondition\":\"and\",\"groupjoin\":\"and\",\"groupid\":\"0\"},{\"fieldname\":\"from_portal\",\"operation\":\"is\",\"value\":0,\"valuetype\":\"rawtext\",\"joincondition\":\"and\",\"groupjoin\":\"and\",\"groupid\":0},{\"fieldname\":\"ticketstatus\",\"operation\":\"has changed to\",\"value\":\"Closed\",\"valuetype\":\"rawtext\",\"joincondition\":\"or\",\"groupjoin\":\"and\",\"groupid\":\"1\"},{\"fieldname\":\"solution\",\"operation\":\"has changed\",\"value\":\"\",\"valuetype\":\"\",\"joincondition\":\"or\",\"groupjoin\":\"and\",\"groupid\":\"1\"},{\"fieldname\":\"description\",\"operation\":\"has changed\",\"value\":\"\",\"valuetype\":\"\",\"joincondition\":\"or\",\"groupjoin\":\"and\",\"groupid\":\"1\"}]',3,1,'basic',6,NULL,NULL,NULL,NULL,NULL,NULL,1,'Отправка Email контаргенту при обновлении заявки'),(24,'HelpDesk','Отправка Email контаргенту при создании заявки','[{\"fieldname\":\"(parent_id : (Accounts) emailoptout)\",\"operation\":\"is\",\"value\":\"0\",\"valuetype\":\"rawtext\",\"joincondition\":\"and\",\"groupjoin\":\"and\",\"groupid\":\"0\"},{\"fieldname\":\"from_portal\",\"operation\":\"is\",\"value\":\"0\",\"valuetype\":\"rawtext\",\"joincondition\":\"\",\"groupjoin\":\"and\",\"groupid\":\"0\"}]',1,1,'basic',6,NULL,NULL,NULL,NULL,NULL,NULL,1,'Отправка Email контаргенту при создании заявки'),(25,'HelpDesk','Создание заявки из CRM: Отправка Email контакту','[{\"fieldname\":\"(contact_id : (Contacts) emailoptout)\",\"operation\":\"is\",\"value\":\"0\",\"valuetype\":\"rawtext\",\"joincondition\":\"and\",\"groupjoin\":\"and\",\"groupid\":\"0\"},{\"fieldname\":\"from_portal\",\"operation\":\"is\",\"value\":\"0\",\"valuetype\":\"rawtext\",\"joincondition\":\"\",\"groupjoin\":\"and\",\"groupid\":\"0\"}]',1,1,'basic',6,NULL,NULL,NULL,NULL,NULL,NULL,1,'Создание заявки из CRM: Отправка Email контакту'),(26,'Invoice','Обновление товаров на складе после каждого сохранения','[{\"fieldname\":\"subject\",\"operation\":\"does not contain\",\"value\":\"`!`\"}]',3,1,'basic',5,NULL,NULL,NULL,NULL,NULL,NULL,1,'Обновление товаров на складе после каждого сохранения'),(27,'Events','Автоматические обработчики для событий при выбранной опции Отправить уведомление','[{\"fieldname\":\"sendnotification\",\"operation\":\"is\",\"value\":\"true:boolean\"}]',3,1,'basic',5,NULL,NULL,NULL,NULL,NULL,NULL,1,'Автоматические обработчики для событий при выбранной опции Отправить уведомление'),(28,'Calendar','Автоматические обработчики для задач Календаря при выбранной опции Отправить уведомление','[{\"fieldname\":\"sendnotification\",\"operation\":\"is\",\"value\":\"true:boolean\"}]',3,1,'basic',5,NULL,NULL,NULL,NULL,NULL,NULL,1,'Автоматические обработчики для задач Календаря при выбранной опции Отправить уведомление');
/*!40000 ALTER TABLE `com_vtiger_workflows` ENABLE KEYS */;
UNLOCK TABLES;

--
-- Table structure for table `com_vtiger_workflows_seq`
--

DROP TABLE IF EXISTS `com_vtiger_workflows_seq`;
/*!40101 SET @saved_cs_client     = @@character_set_client */;
/*!40101 SET character_set_client = utf8 */;
CREATE TABLE `com_vtiger_workflows_seq` (
  `id` int(11) NOT NULL
) ENGINE=InnoDB DEFAULT CHARSET=utf8;
/*!40101 SET character_set_client = @saved_cs_client */;

--
-- Dumping data for table `com_vtiger_workflows_seq`
--

LOCK TABLES `com_vtiger_workflows_seq` WRITE;
/*!40000 ALTER TABLE `com_vtiger_workflows_seq` DISABLE KEYS */;
INSERT INTO `com_vtiger_workflows_seq` VALUES (28);
/*!40000 ALTER TABLE `com_vtiger_workflows_seq` ENABLE KEYS */;
UNLOCK TABLES;

--
-- Table structure for table `com_vtiger_workflowtask_queue`
--

DROP TABLE IF EXISTS `com_vtiger_workflowtask_queue`;
/*!40101 SET @saved_cs_client     = @@character_set_client */;
/*!40101 SET character_set_client = utf8 */;
CREATE TABLE `com_vtiger_workflowtask_queue` (
  `task_id` int(11) DEFAULT NULL,
  `entity_id` varchar(100) DEFAULT NULL,
  `do_after` int(11) DEFAULT NULL,
  `relatedinfo` varchar(255) DEFAULT NULL,
  `task_contents` text
) ENGINE=InnoDB DEFAULT CHARSET=utf8;
/*!40101 SET character_set_client = @saved_cs_client */;

--
-- Dumping data for table `com_vtiger_workflowtask_queue`
--

LOCK TABLES `com_vtiger_workflowtask_queue` WRITE;
/*!40000 ALTER TABLE `com_vtiger_workflowtask_queue` DISABLE KEYS */;
/*!40000 ALTER TABLE `com_vtiger_workflowtask_queue` ENABLE KEYS */;
UNLOCK TABLES;

--
-- Table structure for table `com_vtiger_workflowtasks`
--

DROP TABLE IF EXISTS `com_vtiger_workflowtasks`;
/*!40101 SET @saved_cs_client     = @@character_set_client */;
/*!40101 SET character_set_client = utf8 */;
CREATE TABLE `com_vtiger_workflowtasks` (
  `task_id` int(11) NOT NULL AUTO_INCREMENT,
  `workflow_id` int(11) DEFAULT NULL,
  `summary` varchar(400) NOT NULL,
  `task` text,
  PRIMARY KEY (`task_id`),
  UNIQUE KEY `com_vtiger_workflowtasks_idx` (`task_id`)
) ENGINE=InnoDB AUTO_INCREMENT=34 DEFAULT CHARSET=utf8;
/*!40101 SET character_set_client = @saved_cs_client */;

--
-- Dumping data for table `com_vtiger_workflowtasks`
--

LOCK TABLES `com_vtiger_workflowtasks` WRITE;
/*!40000 ALTER TABLE `com_vtiger_workflowtasks` DISABLE KEYS */;
INSERT INTO `com_vtiger_workflowtasks` VALUES (1,1,'','O:18:\"VTEntityMethodTask\":6:{s:18:\"executeImmediately\";b:1;s:10:\"workflowId\";i:1;s:7:\"summary\";s:0:\"\";s:6:\"active\";b:1;s:10:\"methodName\";s:15:\"UpdateInventory\";s:2:\"id\";i:1;}'),(2,2,'Создан Контрагент ','O:18:\"VTEntityMethodTask\":8:{s:18:\"executeImmediately\";b:1;s:10:\"workflowId\";i:2;s:7:\"summary\";s:34:\"Создан Контрагент \";s:6:\"active\";b:1;s:10:\"methodName\";s:22:\"SendPortalLoginDetails\";s:7:\"subject\";s:65:\"Уведомление о создании Контрагента\";s:7:\"content\";s:400:\"В системе vtigerCRM Вам был назначен контрагент<br>Информация о контрагенте :<br><br>Контрагент №:<b>$account_no</b><br>Контрагент:<b>$accountname</b><br>Рейтинг:<b>$rating</b><br>Отрасль:<b>$industry</b><br>Тип:<b>$accounttype</b><br>Описание:<b>$description</b><br><br><br>Спасибо,<br>Admin\";s:2:\"id\";i:2;}'),(3,3,'Создан Контакт ','O:11:\"VTEmailTask\":9:{s:18:\"executeImmediately\";s:0:\"\";s:10:\"workflowId\";s:1:\"3\";s:7:\"summary\";s:28:\"Создан Контакт \";s:6:\"active\";s:1:\"1\";s:10:\"methodName\";s:11:\"NotifyOwner\";s:9:\"recepient\";s:36:\"$(assigned_user_id : (Users) email1)\";s:7:\"subject\";s:59:\"Уведомление о создании Контакта\";s:7:\"content\";s:375:\"В системе vtigerCRM Вам был назначен контакт<br>Информация о контакте :<br><br>Контакт №:<b>$contact_no</b><br>Фамилия:<b>$lastname</b><br>Имя:<b>$firstname</b><br>Источник:<b>$leadsource</b><br>Отдел:<b>$department</b><br>Описание:<b>$description</b><br><br><br>Спасибо,<br>Admin\";s:2:\"id\";s:1:\"3\";}'),(4,4,'Создан Контакт ','O:11:\"VTEmailTask\":9:{s:18:\"executeImmediately\";s:0:\"\";s:10:\"workflowId\";s:1:\"4\";s:7:\"summary\";s:28:\"Создан Контакт \";s:6:\"active\";s:1:\"1\";s:10:\"methodName\";s:11:\"NotifyOwner\";s:9:\"recepient\";s:36:\"$(assigned_user_id : (Users) email1)\";s:7:\"subject\";s:63:\"Уведомление о назначении Контакта\";s:7:\"content\";s:494:\"В системе vtigerCRM Вам был назначен контакт<br>Информация о контакте :<br><br>Контакт №:<b>$contact_no</b><br>Фамилия:<b>$lastname</b><br>Имя:<b>$firstname</b><br>Источник:<b>$leadsource</b><br>Отдел:<b>$department</b><br>Описание:<b>$description</b><br><br><br>А также <b>детали логина на CustomerPortal</b> были отправлены Email :-$email<br><br>Спасибо,<br>Admin\";s:2:\"id\";s:1:\"4\";}'),(5,5,'Создана сделка ','O:11:\"VTEmailTask\":8:{s:18:\"executeImmediately\";s:0:\"\";s:10:\"workflowId\";s:1:\"5\";s:7:\"summary\";s:28:\"Создана сделка \";s:6:\"active\";s:1:\"1\";s:9:\"recepient\";s:36:\"$(assigned_user_id : (Users) email1)\";s:7:\"subject\";s:59:\"Уведомление о назначении Сделки\";s:7:\"content\";s:448:\"В системе vtigerCRM Вам была назначена сделка<br>Информация о сделке :<br><br>Сделка №:<b>$potential_no</b><br>Название Сделки:<b>$potentialname</b><br>Сумма (руб):<b>$amount</b><br>Ожидаемая Дата Закрытия:<b>$closingdate ($_DATE_FORMAT_)</b><br>Тип:<b>$opportunity_type</b><br><br><br>Описание:$description<br><br>Спасибо,<br>Admin\";s:2:\"id\";s:1:\"5\";}'),(6,6,'Создан Контакт ','O:18:\"VTEntityMethodTask\":10:{s:18:\"executeImmediately\";b:1;s:10:\"workflowId\";i:6;s:7:\"summary\";s:28:\"Создан Контакт \";s:6:\"active\";b:1;s:11:\"description\";s:107:\"Сообщение с регистрационными данными клиентского портала\";s:10:\"methodName\";s:22:\"SendPortalLoginDetails\";s:2:\"id\";i:6;s:9:\"recepient\";s:36:\"$(assigned_user_id : (Users) email1)\";s:7:\"subject\";s:63:\"Уведомление о назначении Контакта\";s:7:\"content\";s:494:\"В системе vtigerCRM Вам был назначен контакт<br>Информация о контакте :<br><br>Контакт №:<b>$contact_no</b><br>Фамилия:<b>$lastname</b><br>Имя:<b>$firstname</b><br>Источник:<b>$leadsource</b><br>Отдел:<b>$department</b><br>Описание:<b>$description</b><br><br><br>А также <b>детали логина на CustomerPortal</b> были отправлены Email :-$email<br><br>Спасибо,<br>Admin\";}'),(7,7,'Notify Related Contact when Ticket is created from Portal','O:11:\"VTEmailTask\":9:{s:18:\"executeImmediately\";s:1:\"0\";s:7:\"summary\";s:57:\"Notify Related Contact when Ticket is created from Portal\";s:6:\"active\";s:1:\"1\";s:2:\"id\";s:1:\"7\";s:10:\"workflowId\";s:1:\"7\";s:9:\"fromEmail\";s:93:\"$(general : (__VtigerMeta__) supportName)&lt;$(general : (__VtigerMeta__) supportEmailId)&gt;\";s:9:\"recepient\";s:33:\",$(contact_id : (Contacts) email)\";s:7:\"subject\";s:93:\"[From Portal] $ticket_no [ Ticket Id : $(general : (__VtigerMeta__) recordId) ] $ticket_title\";s:7:\"content\";s:161:\"Ticket No : $ticket_no<br>\r\n							  Ticket ID : $(general : (__VtigerMeta__) recordId)<br>\r\n							  Ticket Title : $ticket_title<br><br>\r\n							  $description\";}'),(10,9,'Отправка сообщения контакту при обновлении заявки','O:11:\"VTEmailTask\":9:{s:18:\"executeImmediately\";s:1:\"0\";s:7:\"summary\";s:93:\"Отправка сообщения контакту при обновлении заявки\";s:6:\"active\";s:1:\"1\";s:2:\"id\";s:2:\"10\";s:9:\"fromEmail\";s:93:\"$(general : (__VtigerMeta__) supportName)&lt;$(general : (__VtigerMeta__) supportEmailId)&gt;\";s:9:\"recepient\";s:33:\",$(contact_id : (Contacts) email)\";s:7:\"subject\";s:79:\"$ticket_no [ Ticket Id : $(general : (__VtigerMeta__) recordId) ] $ticket_title\";s:7:\"content\";s:636:\"Ticket ID : $(general : (__VtigerMeta__) recordId)<br>Ticket Title : $ticket_title<br><br>\r\n								Dear $(contact_id : (Contacts) lastname) $(contact_id : (Contacts) firstname),<br><br>\r\n								The Ticket is replied the details are :<br><br>\r\n								Ticket No : $ticket_no<br>\r\n								Status : $ticketstatus<br>\r\n								Category : $ticketcategories<br>\r\n								Severity : $ticketseverities<br>\r\n								Priority : $ticketpriorities<br><br>\r\n								Description : <br>$description<br><br>\r\n								Solution : <br>$solution<br>\r\n								The comments are : <br>\r\n								$allComments<br><br>\r\n								Regards<br>Support Administrator\";s:10:\"workflowId\";s:1:\"9\";}'),(13,12,'Изменение Единицы Измерения','O:18:\"VTEntityMethodTask\":7:{s:18:\"executeImmediately\";b:1;s:10:\"workflowId\";i:12;s:7:\"summary\";s:52:\"Изменение Единицы Измерения\";s:6:\"active\";b:1;s:7:\"trigger\";N;s:10:\"methodName\";s:16:\"processUsageUnit\";s:2:\"id\";i:13;}'),(14,13,'Изменение Кода Единицы Измерения для Товаров','O:18:\"VTEntityMethodTask\":7:{s:18:\"executeImmediately\";b:1;s:10:\"workflowId\";i:13;s:7:\"summary\";s:83:\"Изменение Кода Единицы Измерения для Товаров\";s:6:\"active\";b:1;s:7:\"trigger\";N;s:10:\"methodName\";s:15:\"processCodeUnit\";s:2:\"id\";i:14;}'),(15,14,'Изменение Кода Единицы Измерения для Услуг','O:18:\"VTEntityMethodTask\":7:{s:18:\"executeImmediately\";b:1;s:10:\"workflowId\";i:14;s:7:\"summary\";s:79:\"Изменение Кода Единицы Измерения для Услуг\";s:6:\"active\";b:1;s:7:\"trigger\";N;s:10:\"methodName\";s:15:\"processCodeUnit\";s:2:\"id\";i:15;}'),(16,15,'update forecast amount','O:18:\"VTUpdateFieldsTask\":7:{s:18:\"executeImmediately\";b:1;s:43:\"\0VTUpdateFieldsTask\0referenceFieldFocusList\";a:0:{}s:10:\"workflowId\";i:15;s:7:\"summary\";s:22:\"update forecast amount\";s:6:\"active\";b:1;s:19:\"field_value_mapping\";s:95:\"[{\"fieldname\":\"forecast_amount\",\"valuetype\":\"expression\",\"value\":\"amount * probability / 100\"}]\";s:2:\"id\";i:16;}'),(17,NULL,'Send Notification Email to Record Owner','O:11:\"VTEmailTask\":8:{s:18:\"executeImmediately\";b:0;s:10:\"workflowId\";N;s:7:\"summary\";s:39:\"Send Notification Email to Record Owner\";s:6:\"active\";b:1;s:9:\"recepient\";s:36:\"$(assigned_user_id : (Users) email1)\";s:7:\"subject\";s:17:\"Event :  $subject\";s:7:\"content\";s:857:\"$(assigned_user_id : (Users) last_name) $(assigned_user_id : (Users) first_name) ,<br/><b>Activity Notification Details:</b><br/>Subject             : $subject<br/>Start date and time : $date_start  $time_start ( $(general : (__VtigerMeta__) dbtimezone) ) <br/>End date and time   : $due_date  $time_end ( $(general : (__VtigerMeta__) dbtimezone) ) <br/>Status              : $eventstatus <br/>Priority            : $taskpriority <br/>Related To          : $(parent_id : (Leads) lastname) $(parent_id : (Leads) firstname) $(parent_id : (Accounts) accountname) $(parent_id : (Potentials) potentialname) $(parent_id : (HelpDesk) ticket_title) $(parent_id : (Campaigns) campaignname) <br/>Contacts List       : $(contact_id : (Contacts) lastname) $(contact_id : (Contacts) firstname) <br/>Location            : $location <br/>Description         : $description\";s:2:\"id\";i:17;}'),(18,NULL,'Send Notification Email to Record Owner','O:11:\"VTEmailTask\":8:{s:18:\"executeImmediately\";b:0;s:10:\"workflowId\";N;s:7:\"summary\";s:39:\"Send Notification Email to Record Owner\";s:6:\"active\";b:1;s:9:\"recepient\";s:36:\"$(assigned_user_id : (Users) email1)\";s:7:\"subject\";s:16:\"Task :  $subject\";s:7:\"content\";s:792:\"$(assigned_user_id : (Users) last_name) $(assigned_user_id : (Users) first_name) ,<br/><b>Task Notification Details:</b><br/>Subject : $subject<br/>Start date and time : $date_start  $time_start ( $(general : (__VtigerMeta__) dbtimezone) ) <br/>End date and time   : $due_date ( $(general : (__VtigerMeta__) dbtimezone) ) <br/>Status              : $taskstatus <br/>Priority            : $taskpriority <br/>Related To          : $(parent_id : (Leads) lastname) $(parent_id : (Leads) firstname) $(parent_id : (Accounts) accountname) $(parent_id : (Potentials) potentialname) $(parent_id : (HelpDesk) ticket_title) $(parent_id : (Campaigns) campaignname) <br/>Contacts List       : $(contact_id : (Contacts) lastname) $(contact_id : (Contacts) firstname) <br/>Description         : $description\";s:2:\"id\";i:18;}'),(21,17,'Обновление товаров на складе','O:18:\"VTEntityMethodTask\":6:{s:18:\"executeImmediately\";b:1;s:10:\"workflowId\";i:17;s:7:\"summary\";s:53:\"Обновление товаров на складе\";s:6:\"active\";b:1;s:10:\"methodName\";s:15:\"UpdateInventory\";s:2:\"id\";i:21;}'),(22,18,'Добавлен комментарий из портала: Отправка сообщения ответственному','O:11:\"VTEmailTask\":9:{s:18:\"executeImmediately\";s:1:\"0\";s:7:\"summary\";s:125:\"Добавлен комментарий из портала: Отправка сообщения ответственному\";s:6:\"active\";s:1:\"1\";s:2:\"id\";s:2:\"22\";s:10:\"workflowId\";s:2:\"18\";s:9:\"fromEmail\";s:112:\"$(contact_id : (Contacts) lastname) $(contact_id : (Contacts) firstname)&lt;$(contact_id : (Contacts) email)&gt;\";s:9:\"recepient\";s:37:\",$(assigned_user_id : (Users) email1)\";s:7:\"subject\";s:92:\"Respond to Ticket ID## $(general : (__VtigerMeta__) recordId) ## in Customer Portal - URGENT\";s:7:\"content\";s:329:\"Dear $(assigned_user_id : (Users) last_name) $(assigned_user_id : (Users) first_name),<br><br>\r\n								Customer has provided the following additional information to your reply:<br><br>\r\n								<b>$lastComment</b><br><br>\r\n								Kindly respond to above ticket at the earliest.<br><br>\r\n								Regards<br>Support Administrator\";}'),(23,19,'Добавлен комментарий в CRM: Отправка Email Контакту, который не является пользователем портала','O:11:\"VTEmailTask\":9:{s:18:\"executeImmediately\";s:1:\"0\";s:7:\"summary\";s:167:\"Добавлен комментарий в CRM: Отправка Email Контакту, который не является пользователем портала\";s:6:\"active\";s:1:\"1\";s:2:\"id\";s:2:\"23\";s:10:\"workflowId\";s:2:\"19\";s:9:\"fromEmail\";s:93:\"$(general : (__VtigerMeta__) supportName)&lt;$(general : (__VtigerMeta__) supportEmailId)&gt;\";s:9:\"recepient\";s:33:\",$(contact_id : (Contacts) email)\";s:7:\"subject\";s:79:\"$ticket_no [ Ticket Id : $(general : (__VtigerMeta__) recordId) ] $ticket_title\";s:7:\"content\";s:525:\"Dear $(contact_id : (Contacts) lastname) $(contact_id : (Contacts) firstname),<br><br>\r\n							The Ticket is replied the details are :<br><br>\r\n							Ticket No : $ticket_no<br>\r\n							Status : $ticketstatus<br>\r\n							Category : $ticketcategories<br>\r\n							Severity : $ticketseverities<br>\r\n							Priority : $ticketpriorities<br><br>\r\n							Description : <br>$description<br><br>\r\n							Solution : <br>$solution<br>\r\n							The comments are : <br>\r\n							$allComments<br><br>\r\n							Regards<br>Support Administrator\";}'),(24,20,'Добавлен комментарий в CRM: Отправка Email Контакту, который является пользователем портала','O:11:\"VTEmailTask\":9:{s:18:\"executeImmediately\";s:1:\"0\";s:7:\"summary\";s:162:\"Добавлен комментарий в CRM: Отправка Email Контакту, который является пользователем портала\";s:6:\"active\";s:1:\"1\";s:2:\"id\";s:2:\"24\";s:10:\"workflowId\";s:2:\"20\";s:9:\"fromEmail\";s:93:\"$(general : (__VtigerMeta__) supportName)&lt;$(general : (__VtigerMeta__) supportEmailId)&gt;\";s:9:\"recepient\";s:33:\",$(contact_id : (Contacts) email)\";s:7:\"subject\";s:79:\"$ticket_no [ Ticket Id : $(general : (__VtigerMeta__) recordId) ] $ticket_title\";s:7:\"content\";s:554:\"Ticket No : $ticket_no<br>\r\n										Ticket Id : $(general : (__VtigerMeta__) recordId)<br>\r\n										Subject : $ticket_title<br><br>\r\n										Dear $(contact_id : (Contacts) lastname) $(contact_id : (Contacts) firstname),<br><br>\r\n										There is a reply to <b>$ticket_title</b> in the \"Customer Portal\" at VTiger.\r\n										You can use the following link to view the replies made:<br>\r\n										<a href=\"$(general : (__VtigerMeta__) portaldetailviewurl)\">Ticket Details</a><br><br>\r\n										Thanks<br>$(general : (__VtigerMeta__) supportName)\";}'),(25,16,'Добавлен комментарий из CRM: Отправка Email Контрагенту','O:11:\"VTEmailTask\":9:{s:18:\"executeImmediately\";s:1:\"0\";s:7:\"summary\";s:95:\"Добавлен комментарий из CRM: Отправка Email Контрагенту\";s:6:\"active\";s:1:\"1\";s:2:\"id\";s:2:\"25\";s:10:\"workflowId\";s:2:\"16\";s:9:\"fromEmail\";s:93:\"$(general : (__VtigerMeta__) supportName)&lt;$(general : (__VtigerMeta__) supportEmailId)&gt;\";s:9:\"recepient\";s:34:\",$(parent_id : (Accounts) email1),\";s:7:\"subject\";s:79:\"$ticket_no [ Ticket Id : $(general : (__VtigerMeta__) recordId) ] $ticket_title\";s:7:\"content\";s:601:\"Ticket ID : $(general : (__VtigerMeta__) recordId)<br>Ticket Title : $ticket_title<br><br>\r\n								Dear $(parent_id : (Accounts) accountname),<br><br>\r\n								The Ticket is replied the details are :<br><br>\r\n								Ticket No : $ticket_no<br>\r\n								Status : $ticketstatus<br>\r\n								Category : $ticketcategories<br>\r\n								Severity : $ticketseverities<br>\r\n								Priority : $ticketpriorities<br><br>\r\n								Description : <br>$description<br><br>\r\n								Solution : <br>$solution<br>\r\n								The comments are : <br>\r\n								$allComments<br><br>\r\n								Regards<br>Support Administrator\";}'),(26,7,'Уведомление ответственного, при создании заявки из портала','O:11:\"VTEmailTask\":9:{s:18:\"executeImmediately\";s:1:\"0\";s:7:\"summary\";s:109:\"Уведомление ответственного, при создании заявки из портала\";s:6:\"active\";s:1:\"1\";s:2:\"id\";s:2:\"26\";s:10:\"workflowId\";s:1:\"7\";s:9:\"fromEmail\";s:124:\"$(contact_id : (Contacts) lastname) $(contact_id : (Contacts) firstname)&lt;$(general : (__VtigerMeta__) supportEmailId)&gt;\";s:9:\"recepient\";s:37:\",$(assigned_user_id : (Users) email1)\";s:7:\"subject\";s:93:\"[From Portal] $ticket_no [ Ticket Id : $(general : (__VtigerMeta__) recordId) ] $ticket_title\";s:7:\"content\";s:161:\"Ticket No : $ticket_no<br>\r\n							  Ticket ID : $(general : (__VtigerMeta__) recordId)<br>\r\n							  Ticket Title : $ticket_title<br><br>\r\n							  $description\";}'),(27,21,'Отправка Email ответственному при обновлении заявки','O:11:\"VTEmailTask\":9:{s:18:\"executeImmediately\";s:1:\"0\";s:7:\"summary\";s:92:\"Отправка Email ответственному при обновлении заявки\";s:6:\"active\";s:1:\"1\";s:2:\"id\";s:2:\"27\";s:10:\"workflowId\";s:2:\"21\";s:9:\"fromEmail\";s:93:\"$(general : (__VtigerMeta__) supportName)&lt;$(general : (__VtigerMeta__) supportEmailId)&gt;\";s:9:\"recepient\";s:37:\",$(assigned_user_id : (Users) email1)\";s:7:\"subject\";s:40:\"Ticket Number : $ticket_no $ticket_title\";s:7:\"content\";s:607:\"Ticket ID : $(general : (__VtigerMeta__) recordId)<br>Ticket Title : $ticket_title<br><br>\r\n								Dear $(assigned_user_id : (Users) last_name) $(assigned_user_id : (Users) first_name),<br><br>\r\n								The Ticket is replied the details are :<br><br>\r\n								Ticket No : $ticket_no<br>\r\n								Status : $ticketstatus<br>\r\n								Category : $ticketcategories<br>\r\n								Severity : $ticketseverities<br>\r\n								Priority : $ticketpriorities<br><br>\r\n								Description : <br>$description<br><br>\r\n								Solution : <br>$solution\r\n								$allComments<br><br>\r\n								Regards<br>Support Administrator\";}'),(28,22,'Создание заявки в CRM: отправка Email ответственному','O:11:\"VTEmailTask\":9:{s:18:\"executeImmediately\";s:1:\"0\";s:7:\"summary\";s:89:\"Создание заявки в CRM: отправка Email ответственному\";s:6:\"active\";s:1:\"1\";s:2:\"id\";s:2:\"28\";s:10:\"workflowId\";s:2:\"22\";s:9:\"fromEmail\";s:93:\"$(general : (__VtigerMeta__) supportName)&lt;$(general : (__VtigerMeta__) supportEmailId)&gt;\";s:9:\"recepient\";s:37:\",$(assigned_user_id : (Users) email1)\";s:7:\"subject\";s:40:\"Ticket Number : $ticket_no $ticket_title\";s:7:\"content\";s:607:\"Ticket ID : $(general : (__VtigerMeta__) recordId)<br>Ticket Title : $ticket_title<br><br>\r\n								Dear $(assigned_user_id : (Users) last_name) $(assigned_user_id : (Users) first_name),<br><br>\r\n								The Ticket is replied the details are :<br><br>\r\n								Ticket No : $ticket_no<br>\r\n								Status : $ticketstatus<br>\r\n								Category : $ticketcategories<br>\r\n								Severity : $ticketseverities<br>\r\n								Priority : $ticketpriorities<br><br>\r\n								Description : <br>$description<br><br>\r\n								Solution : <br>$solution\r\n								$allComments<br><br>\r\n								Regards<br>Support Administrator\";}'),(29,23,'Отправка Email контаргенту при обновлении заявки','O:11:\"VTEmailTask\":9:{s:18:\"executeImmediately\";s:1:\"0\";s:7:\"summary\";s:86:\"Отправка Email контаргенту при обновлении заявки\";s:6:\"active\";s:1:\"1\";s:2:\"id\";s:2:\"29\";s:9:\"fromEmail\";s:93:\"$(general : (__VtigerMeta__) supportName)&lt;$(general : (__VtigerMeta__) supportEmailId)&gt;\";s:9:\"recepient\";s:33:\",$(parent_id : (Accounts) email1)\";s:7:\"subject\";s:79:\"$ticket_no [ Ticket Id : $(general : (__VtigerMeta__) recordId) ] $ticket_title\";s:7:\"content\";s:601:\"Ticket ID : $(general : (__VtigerMeta__) recordId)<br>Ticket Title : $ticket_title<br><br>\r\n								Dear $(parent_id : (Accounts) accountname),<br><br>\r\n								The Ticket is replied the details are :<br><br>\r\n								Ticket No : $ticket_no<br>\r\n								Status : $ticketstatus<br>\r\n								Category : $ticketcategories<br>\r\n								Severity : $ticketseverities<br>\r\n								Priority : $ticketpriorities<br><br>\r\n								Description : <br>$description<br><br>\r\n								Solution : <br>$solution<br>\r\n								The comments are : <br>\r\n								$allComments<br><br>\r\n								Regards<br>Support Administrator\";s:10:\"workflowId\";s:2:\"23\";}'),(30,24,'Отправка Email контаргенту при создании заявки','O:11:\"VTEmailTask\":9:{s:18:\"executeImmediately\";s:1:\"0\";s:7:\"summary\";s:82:\"Отправка Email контаргенту при создании заявки\";s:6:\"active\";s:1:\"1\";s:2:\"id\";s:2:\"30\";s:9:\"fromEmail\";s:93:\"$(general : (__VtigerMeta__) supportName)&lt;$(general : (__VtigerMeta__) supportEmailId)&gt;\";s:9:\"recepient\";s:33:\",$(parent_id : (Accounts) email1)\";s:7:\"subject\";s:79:\"$ticket_no [ Ticket Id : $(general : (__VtigerMeta__) recordId) ] $ticket_title\";s:7:\"content\";s:601:\"Ticket ID : $(general : (__VtigerMeta__) recordId)<br>Ticket Title : $ticket_title<br><br>\r\n								Dear $(parent_id : (Accounts) accountname),<br><br>\r\n								The Ticket is replied the details are :<br><br>\r\n								Ticket No : $ticket_no<br>\r\n								Status : $ticketstatus<br>\r\n								Category : $ticketcategories<br>\r\n								Severity : $ticketseverities<br>\r\n								Priority : $ticketpriorities<br><br>\r\n								Description : <br>$description<br><br>\r\n								Solution : <br>$solution<br>\r\n								The comments are : <br>\r\n								$allComments<br><br>\r\n								Regards<br>Support Administrator\";s:10:\"workflowId\";s:2:\"24\";}'),(31,25,'Создание заявки из CRM: Отправка Email контакту','O:11:\"VTEmailTask\":9:{s:18:\"executeImmediately\";s:1:\"0\";s:7:\"summary\";s:79:\"Создание заявки из CRM: Отправка Email контакту\";s:6:\"active\";s:1:\"1\";s:2:\"id\";s:2:\"31\";s:9:\"fromEmail\";s:93:\"$(general : (__VtigerMeta__) supportName)&lt;$(general : (__VtigerMeta__) supportEmailId)&gt;\";s:9:\"recepient\";s:33:\",$(contact_id : (Contacts) email)\";s:7:\"subject\";s:79:\"$ticket_no [ Ticket Id : $(general : (__VtigerMeta__) recordId) ] $ticket_title\";s:7:\"content\";s:636:\"Ticket ID : $(general : (__VtigerMeta__) recordId)<br>Ticket Title : $ticket_title<br><br>\r\n								Dear $(contact_id : (Contacts) lastname) $(contact_id : (Contacts) firstname),<br><br>\r\n								The Ticket is replied the details are :<br><br>\r\n								Ticket No : $ticket_no<br>\r\n								Status : $ticketstatus<br>\r\n								Category : $ticketcategories<br>\r\n								Severity : $ticketseverities<br>\r\n								Priority : $ticketpriorities<br><br>\r\n								Description : <br>$description<br><br>\r\n								Solution : <br>$solution<br>\r\n								The comments are : <br>\r\n								$allComments<br><br>\r\n								Regards<br>Support Administrator\";s:10:\"workflowId\";s:2:\"25\";}'),(32,27,'Отправляет письмо с уведомлением приглашенным пользователям','O:11:\"VTEmailTask\":8:{s:18:\"executeImmediately\";b:0;s:10:\"workflowId\";i:27;s:7:\"summary\";s:113:\"Отправляет письмо с уведомлением приглашенным пользователям\";s:6:\"active\";b:1;s:9:\"recepient\";s:36:\"$(assigned_user_id : (Users) email1)\";s:7:\"subject\";s:26:\"Событие :  $subject\";s:7:\"content\";s:943:\"$(assigned_user_id : (Users) first_name) $(assigned_user_id : (Users) last_name) ,<br/><b>Детали события:</b><br/>Название события         : $subject<br/>Дата и Время Начала  : $date_start  $time_start ( $(general : (__VtigerMeta__) dbtimezone) ) <br/>Дата и Время Окончания    : $due_date  $time_end ( $(general : (__VtigerMeta__) dbtimezone) ) <br/>Статус             : $eventstatus <br/>Приоритет           : $taskpriority <br/>Относится к       : $(parent_id : (Leads) lastname) $(parent_id : (Leads) firstname) $(parent_id : (Accounts) accountname) $(parent_id            : (Potentials) potentialname) $(parent_id : (HelpDesk) ticket_title) <br/>Контакты           : $(contact_id : (Contacts) lastname) $(contact_id : (Contacts) firstname) <br/>Место проведения           : $location <br/>Описание        : $description\";s:2:\"id\";i:32;}'),(33,28,'Отправляет письмо с уведомлением ответственному за задачу','O:11:\"VTEmailTask\":8:{s:18:\"executeImmediately\";b:0;s:10:\"workflowId\";i:28;s:7:\"summary\";s:108:\"Отправляет письмо с уведомлением ответственному за задачу\";s:6:\"active\";b:1;s:9:\"recepient\";s:36:\"$(assigned_user_id : (Users) email1)\";s:7:\"subject\";s:24:\"Задача :  $subject\";s:7:\"content\";s:908:\"$(assigned_user_id : (Users) first_name) $(assigned_user_id : (Users) last_name) ,<br/><b>Детали задачи:</b><br/>Название задачи         : $subject<br/>Дата и Время Начала : $date_start  $time_start ( $(general : (__VtigerMeta__) dbtimezone) ) <br/>Дата и Время Окончания   : $due_date ( $(general : (__VtigerMeta__) dbtimezone) ) <br/>Статус            : $taskstatus <br/>Приоритет          : $taskpriority <br/>Относится к      : $(parent_id : (Leads) lastname) $(parent_id : (Leads) firstname) $(parent_id : (Accounts) accountname) $(parent_id : (Potentials) potentialname) $(parent_id : (HelpDesk) ticket_title) <br/>Контакты          : $(contact_id : (Contacts) lastname) $(contact_id : (Contacts) firstname) <br/>Место проведения          : $location <br/>Описание       : $description\";s:2:\"id\";i:33;}');
/*!40000 ALTER TABLE `com_vtiger_workflowtasks` ENABLE KEYS */;
UNLOCK TABLES;

--
-- Table structure for table `com_vtiger_workflowtasks_entitymethod`
--

DROP TABLE IF EXISTS `com_vtiger_workflowtasks_entitymethod`;
/*!40101 SET @saved_cs_client     = @@character_set_client */;
/*!40101 SET character_set_client = utf8 */;
CREATE TABLE `com_vtiger_workflowtasks_entitymethod` (
  `workflowtasks_entitymethod_id` int(11) NOT NULL,
  `module_name` varchar(100) DEFAULT NULL,
  `method_name` varchar(100) DEFAULT NULL,
  `function_path` varchar(400) DEFAULT NULL,
  `function_name` varchar(100) DEFAULT NULL,
  PRIMARY KEY (`workflowtasks_entitymethod_id`),
  UNIQUE KEY `com_vtiger_workflowtasks_entitymethod_idx` (`workflowtasks_entitymethod_id`)
) ENGINE=InnoDB DEFAULT CHARSET=utf8;
/*!40101 SET character_set_client = @saved_cs_client */;

--
-- Dumping data for table `com_vtiger_workflowtasks_entitymethod`
--

LOCK TABLES `com_vtiger_workflowtasks_entitymethod` WRITE;
/*!40000 ALTER TABLE `com_vtiger_workflowtasks_entitymethod` DISABLE KEYS */;
INSERT INTO `com_vtiger_workflowtasks_entitymethod` VALUES (1,'SalesOrder','UpdateInventory','include/InventoryHandler.php','handleInventoryProductRel'),(2,'Invoice','UpdateInventory','include/InventoryHandler.php','handleInventoryProductRel'),(3,'Contacts','SendPortalLoginDetails','modules/Contacts/ContactsHandler.php','Contacts_sendCustomerPortalLoginDetails'),(4,'HelpDesk','NotifyOnPortalTicketCreation','modules/HelpDesk/HelpDeskHandler.php','HelpDesk_nofifyOnPortalTicketCreation'),(5,'HelpDesk','NotifyOnPortalTicketComment','modules/HelpDesk/HelpDeskHandler.php','HelpDesk_notifyOnPortalTicketComment'),(6,'HelpDesk','NotifyOwnerOnTicketChange','modules/HelpDesk/HelpDeskHandler.php','HelpDesk_notifyOwnerOnTicketChange'),(7,'HelpDesk','NotifyParentOnTicketChange','modules/HelpDesk/HelpDeskHandler.php','HelpDesk_notifyParentOnTicketChange'),(8,'SPUnits','processUsageUnit','modules/SPUnits/workflow/processUsageUnit.php','processUsageUnit'),(9,'Products','processCodeUnit','modules/SPUnits/workflow/processCodeUnit.php','processCodeUnit'),(10,'Services','processCodeUnit','modules/SPUnits/workflow/processCodeUnit.php','processCodeUnit'),(11,'ModComments','CustomerCommentFromPortal','modules/ModComments/ModCommentsHandler.php','CustomerCommentFromPortal'),(12,'ModComments','TicketOwnerComments','modules/ModComments/ModCommentsHandler.php','TicketOwnerComments'),(13,'PurchaseOrder','UpdateInventory','include/InventoryHandler.php','handleInventoryProductRel');
/*!40000 ALTER TABLE `com_vtiger_workflowtasks_entitymethod` ENABLE KEYS */;
UNLOCK TABLES;

--
-- Table structure for table `com_vtiger_workflowtasks_entitymethod_seq`
--

DROP TABLE IF EXISTS `com_vtiger_workflowtasks_entitymethod_seq`;
/*!40101 SET @saved_cs_client     = @@character_set_client */;
/*!40101 SET character_set_client = utf8 */;
CREATE TABLE `com_vtiger_workflowtasks_entitymethod_seq` (
  `id` int(11) NOT NULL
) ENGINE=InnoDB DEFAULT CHARSET=utf8;
/*!40101 SET character_set_client = @saved_cs_client */;

--
-- Dumping data for table `com_vtiger_workflowtasks_entitymethod_seq`
--

LOCK TABLES `com_vtiger_workflowtasks_entitymethod_seq` WRITE;
/*!40000 ALTER TABLE `com_vtiger_workflowtasks_entitymethod_seq` DISABLE KEYS */;
INSERT INTO `com_vtiger_workflowtasks_entitymethod_seq` VALUES (13);
/*!40000 ALTER TABLE `com_vtiger_workflowtasks_entitymethod_seq` ENABLE KEYS */;
UNLOCK TABLES;

--
-- Table structure for table `com_vtiger_workflowtasks_seq`
--

DROP TABLE IF EXISTS `com_vtiger_workflowtasks_seq`;
/*!40101 SET @saved_cs_client     = @@character_set_client */;
/*!40101 SET character_set_client = utf8 */;
CREATE TABLE `com_vtiger_workflowtasks_seq` (
  `id` int(11) NOT NULL
) ENGINE=InnoDB DEFAULT CHARSET=utf8;
/*!40101 SET character_set_client = @saved_cs_client */;

--
-- Dumping data for table `com_vtiger_workflowtasks_seq`
--

LOCK TABLES `com_vtiger_workflowtasks_seq` WRITE;
/*!40000 ALTER TABLE `com_vtiger_workflowtasks_seq` DISABLE KEYS */;
INSERT INTO `com_vtiger_workflowtasks_seq` VALUES (33);
/*!40000 ALTER TABLE `com_vtiger_workflowtasks_seq` ENABLE KEYS */;
UNLOCK TABLES;

--
-- Table structure for table `com_vtiger_workflowtemplates`
--

DROP TABLE IF EXISTS `com_vtiger_workflowtemplates`;
/*!40101 SET @saved_cs_client     = @@character_set_client */;
/*!40101 SET character_set_client = utf8 */;
CREATE TABLE `com_vtiger_workflowtemplates` (
  `template_id` int(11) NOT NULL AUTO_INCREMENT,
  `module_name` varchar(100) DEFAULT NULL,
  `title` varchar(400) DEFAULT NULL,
  `template` text,
  PRIMARY KEY (`template_id`)
) ENGINE=InnoDB DEFAULT CHARSET=utf8;
/*!40101 SET character_set_client = @saved_cs_client */;

--
-- Dumping data for table `com_vtiger_workflowtemplates`
--

LOCK TABLES `com_vtiger_workflowtemplates` WRITE;
/*!40000 ALTER TABLE `com_vtiger_workflowtemplates` DISABLE KEYS */;
/*!40000 ALTER TABLE `com_vtiger_workflowtemplates` ENABLE KEYS */;
UNLOCK TABLES;

--
-- Table structure for table `sp_cml_site_settings`
--

DROP TABLE IF EXISTS `sp_cml_site_settings`;
/*!40101 SET @saved_cs_client     = @@character_set_client */;
/*!40101 SET character_set_client = utf8 */;
CREATE TABLE `sp_cml_site_settings` (
  `id` int(10) NOT NULL AUTO_INCREMENT,
  `setting_type` varchar(255) COLLATE utf8_unicode_ci DEFAULT NULL,
  `key` varchar(255) COLLATE utf8_unicode_ci DEFAULT NULL,
  `value` varchar(255) COLLATE utf8_unicode_ci DEFAULT NULL,
  PRIMARY KEY (`id`)
) ENGINE=InnoDB AUTO_INCREMENT=6 DEFAULT CHARSET=utf8 COLLATE=utf8_unicode_ci;
/*!40101 SET character_set_client = @saved_cs_client */;

--
-- Dumping data for table `sp_cml_site_settings`
--

LOCK TABLES `sp_cml_site_settings` WRITE;
/*!40000 ALTER TABLE `sp_cml_site_settings` DISABLE KEYS */;
INSERT INTO `sp_cml_site_settings` VALUES (1,'siteParam','adminLogin','admin'),(2,'siteParam','adminPassword','admin'),(3,'siteParam','siteUrl','http://localhost/1c_exchange.php'),(4,'siteParam','assignedUser','admin'),(5,'statusParam','Created','Принят');
/*!40000 ALTER TABLE `sp_cml_site_settings` ENABLE KEYS */;
UNLOCK TABLES;

--
-- Table structure for table `sp_commercetranzaction`
--

DROP TABLE IF EXISTS `sp_commercetranzaction`;
/*!40101 SET @saved_cs_client     = @@character_set_client */;
/*!40101 SET character_set_client = utf8 */;
CREATE TABLE `sp_commercetranzaction` (
  `id` int(11) NOT NULL AUTO_INCREMENT,
  `date` datetime NOT NULL,
  `type` varchar(32) NOT NULL,
  `status` int(3) DEFAULT NULL,
  `direction` varchar(16) DEFAULT NULL,
  `error` varchar(255) DEFAULT NULL,
  PRIMARY KEY (`id`)
) ENGINE=InnoDB DEFAULT CHARSET=utf8;
/*!40101 SET character_set_client = @saved_cs_client */;

--
-- Dumping data for table `sp_commercetranzaction`
--

LOCK TABLES `sp_commercetranzaction` WRITE;
/*!40000 ALTER TABLE `sp_commercetranzaction` DISABLE KEYS */;
/*!40000 ALTER TABLE `sp_commercetranzaction` ENABLE KEYS */;
UNLOCK TABLES;

--
-- Table structure for table `sp_custom_reports`
--

DROP TABLE IF EXISTS `sp_custom_reports`;
/*!40101 SET @saved_cs_client     = @@character_set_client */;
/*!40101 SET character_set_client = utf8 */;
CREATE TABLE `sp_custom_reports` (
  `reporttype` varchar(50) NOT NULL,
  PRIMARY KEY (`reporttype`)
) ENGINE=InnoDB DEFAULT CHARSET=utf8;
/*!40101 SET character_set_client = @saved_cs_client */;

--
-- Dumping data for table `sp_custom_reports`
--

LOCK TABLES `sp_custom_reports` WRITE;
/*!40000 ALTER TABLE `sp_custom_reports` DISABLE KEYS */;
/*!40000 ALTER TABLE `sp_custom_reports` ENABLE KEYS */;
UNLOCK TABLES;

--
-- Table structure for table `sp_payments`
--

DROP TABLE IF EXISTS `sp_payments`;
/*!40101 SET @saved_cs_client     = @@character_set_client */;
/*!40101 SET character_set_client = utf8 */;
CREATE TABLE `sp_payments` (
  `payid` int(19) NOT NULL DEFAULT '0',
  `pay_no` varchar(100) NOT NULL,
  `pay_date` date NOT NULL,
  `pay_details` varchar(255) DEFAULT NULL,
  `pay_type` varchar(100) DEFAULT NULL,
  `payer` int(19) NOT NULL DEFAULT '0',
  `doc_no` int(19) DEFAULT NULL,
  `related_to` int(19) NOT NULL DEFAULT '0',
  `type_payment` varchar(100) DEFAULT NULL,
  `amount` decimal(25,8) DEFAULT NULL,
  `spstatus` varchar(200) DEFAULT NULL,
  `debit` varchar(100) DEFAULT NULL,
  `coracc_subacc` varchar(100) DEFAULT NULL,
  `analytics_code` varchar(100) DEFAULT NULL,
  `target_code` varchar(100) DEFAULT NULL,
  `spcompany` varchar(200) CHARACTER SET utf8 COLLATE utf8_unicode_ci DEFAULT 'Default',
  `tags` varchar(1) DEFAULT NULL,
  PRIMARY KEY (`payid`),
  CONSTRAINT `fk_crmid_sp_payments` FOREIGN KEY (`payid`) REFERENCES `vtiger_crmentity` (`crmid`) ON DELETE CASCADE
) ENGINE=InnoDB DEFAULT CHARSET=utf8;
/*!40101 SET character_set_client = @saved_cs_client */;

--
-- Dumping data for table `sp_payments`
--

LOCK TABLES `sp_payments` WRITE;
/*!40000 ALTER TABLE `sp_payments` DISABLE KEYS */;
/*!40000 ALTER TABLE `sp_payments` ENABLE KEYS */;
UNLOCK TABLES;

--
-- Table structure for table `sp_paymentscf`
--

DROP TABLE IF EXISTS `sp_paymentscf`;
/*!40101 SET @saved_cs_client     = @@character_set_client */;
/*!40101 SET character_set_client = utf8 */;
CREATE TABLE `sp_paymentscf` (
  `payid` int(19) NOT NULL DEFAULT '0',
  PRIMARY KEY (`payid`),
  CONSTRAINT `fk_payid_sp_paymentscf` FOREIGN KEY (`payid`) REFERENCES `sp_payments` (`payid`) ON DELETE CASCADE
) ENGINE=InnoDB DEFAULT CHARSET=utf8;
/*!40101 SET character_set_client = @saved_cs_client */;

--
-- Dumping data for table `sp_paymentscf`
--

LOCK TABLES `sp_paymentscf` WRITE;
/*!40000 ALTER TABLE `sp_paymentscf` DISABLE KEYS */;
/*!40000 ALTER TABLE `sp_paymentscf` ENABLE KEYS */;
UNLOCK TABLES;

--
-- Table structure for table `sp_templates`
--

DROP TABLE IF EXISTS `sp_templates`;
/*!40101 SET @saved_cs_client     = @@character_set_client */;
/*!40101 SET character_set_client = utf8 */;
CREATE TABLE `sp_templates` (
  `templateid` int(11) NOT NULL,
  `name` varchar(64) DEFAULT NULL,
  `module` varchar(64) DEFAULT NULL,
  `template` mediumtext,
  `header_size` int(8) DEFAULT NULL,
  `footer_size` int(8) DEFAULT NULL,
  `page_orientation` varchar(1) DEFAULT NULL,
  `spcompany` varchar(200) CHARACTER SET utf8 COLLATE utf8_unicode_ci NOT NULL DEFAULT 'All',
  PRIMARY KEY (`templateid`)
) ENGINE=InnoDB DEFAULT CHARSET=utf8;
/*!40101 SET character_set_client = @saved_cs_client */;

--
-- Dumping data for table `sp_templates`
--

LOCK TABLES `sp_templates` WRITE;
/*!40000 ALTER TABLE `sp_templates` DISABLE KEYS */;
INSERT INTO `sp_templates` VALUES (1,'Счет','Invoice','{header}\n\n<p style=\"font-weight: bold; text-decoration: underline\">{$orgName}</p>\n\n<p style=\"font-weight: bold\">Адрес: {$orgBillingAddress}, тел.: {$orgPhone}</p>\n\n<div style=\"font-weight: bold; text-align: center\">Образец заполнения платежного поручения</div>\n\n<table border=\"1\" cellpadding=\"2\">\n<tr>\n  <td width=\"140\">ИНН {$orgInn}</td><td width=\"140\">КПП {$orgKpp}</td><td rowspan=\"2\" width=\"50\"><br/><br/>Сч. №</td><td rowspan=\"2\" width=\"200\"><br/><br/>{$orgBankAccount}</td>\n</tr>\n<tr>\n<td colspan=\"2\" width=\"280\"><span style=\"font-size: 8pt\">Получатель</span><br/>{$orgName}</td>\n</tr>\n<tr>\n<td colspan=\"2\" rowspan=\"2\" width=\"280\"><span style=\"font-size: 8pt\">Банк получателя</span><br/>{$orgBankName}</td>\n<td width=\"50\">БИК</td>\n<td rowspan=\"2\" width=\"200\">{$orgBankId}<br/>{$orgCorrAccount}</td>\n</tr>\n<tr>\n<td width=\"50\">Сч. №</td>\n</tr>\n</table>\n<br/>\n<h1 style=\"text-align: center\">СЧЕТ № {$invoice_no} от {$invoice_invoicedate}</h1>\n<br/><br/>\n<table border=\"0\">\n<tr>\n<td width=\"100\">Плательщик:</td><td width=\"450\"><span style=\"font-weight: bold\">{$account_accountname}</span></td>\n</tr>\n<tr>\n<td width=\"100\">Грузополучатель:</td><td width=\"450\"><span style=\"font-weight: bold\">{$account_accountname}</span></td>\n</tr>\n</table>\n\n{/header}\n\n{table_head}\n<table border=\"1\" style=\"font-size: 8pt\" cellpadding=\"2\">\n    <tr style=\"text-align: center; font-weight: bold\">\n	<td width=\"30\">№</td>\n      <td width=\"260\">Наименование<br/>товара</td>\n      <td width=\"65\">Единица<br/>изме-<br/>рения</td>\n      <td width=\"35\">Коли-<br/>чество</td>\n	<td width=\"70\">Цена</td>\n	<td width=\"70\">Сумма</td>\n	</tr>\n{/table_head}\n\n{table_row}\n    <tr>\n	<td width=\"30\">{$productNumber}</td>\n      <td width=\"260\">{$productName} {$productComment}</td>\n	<td width=\"65\" style=\"text-align: center\">{$productUnits}</td>\n	<td width=\"35\" style=\"text-align: right\">{$productQuantityInt}</td>\n	<td width=\"70\" style=\"text-align: right\">{$productPriceWithTax}</td>\n	<td width=\"70\" style=\"text-align: right\">{$productTotal}</td>\n    </tr>\n{/table_row}\n\n{summary}\n</table>\n<table border=\"0\" style=\"font-size: 8pt;font-weight: bold\">\n    <tr>\n      <td width=\"450\">\n        <table border=\"0\" cellpadding=\"2\">\n          <tr><td width=\"450\" style=\"text-align: right\">Итого:</td></tr>\n          <tr><td width=\"450\" style=\"text-align: right\">В т.ч. НДС:</td></tr>\n          <tr><td width=\"450\" style=\"text-align: right\">Всего к оплате:</td></tr>\n        </table>\n      </td>\n      <td width=\"70\">\n        <table border=\"1\" cellpadding=\"2\">\n          <tr><td width=\"70\" style=\"text-align: right\">{$summaryGrandTotal}</td></tr>\n          <tr><td width=\"70\" style=\"text-align: right\">{$summaryTax}</td></tr>\n          <tr><td width=\"70\" style=\"text-align: right\">{$summaryGrandTotal}</td></tr>\n        </table>\n      </td>\n  </tr>\n</table>\n\n<p>\nВсего наименований {$summaryTotalItems}, на сумму {$summaryGrandTotal} руб.<br/>\n<span style=\"font-weight: bold\">{$summaryGrandTotalLiteral}</span>\n</p>\n\n{/summary}\n\n{ending}\n<br/>\n    <p>Руководитель предприятия  __________________ ( {$orgDirector} ) <br/>\n    <br/>\n    Главный бухгалтер  __________________ ( {$orgBookkeeper} )\n    </p>\n{/ending}',110,50,'P','All'),(2,'Накладная','SalesOrder','{header}\n<h1 style=\"font-size: 14pt\">Расходная накладная № {$salesorder_no}</h1>\n<hr/>\n<p><br></p>\n<table border=\"0\" style=\"font-size: 9pt\">\n<tr>\n<td width=\"80\">Поставщик:</td><td width=\"450\"><span style=\"font-weight: bold\">{$orgName}</span></td>\n</tr>\n<tr>\n<td width=\"80\">Покупатель:</td><td width=\"450\"><span style=\"font-weight: bold\">{$account_accountname}</span></td>\n</tr>\n</table>\n{/header}\n\n{table_head}\n<table border=\"1\" style=\"font-size: 8pt\" cellpadding=\"2\">\n    <tr style=\"text-align: center; font-weight: bold\">\n	<td width=\"30\" rowspan=\"2\">№</td>\n	<td width=\"200\" rowspan=\"2\">Товар</td>\n	<td width=\"50\" rowspan=\"2\" colspan=\"2\">Мест</td>\n	<td width=\"60\" rowspan=\"2\" colspan=\"2\">Количество</td>\n	<td width=\"60\" rowspan=\"2\">Цена</td>\n	<td width=\"60\" rowspan=\"2\">Сумма</td>\n	<td width=\"70\">Номер ГТД</td>\n    </tr>\n    <tr style=\"text-align: center; font-weight: bold\">\n	<td width=\"70\">Страна<br/>происхождения</td>\n    </tr>\n{/table_head}\n\n{table_row}\n    <tr>\n	<td width=\"30\" rowspan=\"2\">{$productNumber}</td>\n	<td width=\"200\" rowspan=\"2\">{$productName}</td>\n	<td width=\"25\" rowspan=\"2\"></td>\n	<td width=\"25\" rowspan=\"2\">шт.</td>\n	<td width=\"30\" rowspan=\"2\" style=\"text-align: right\">{$productQuantityInt}</td>\n	<td width=\"30\" rowspan=\"2\">{$productUnits}</td>\n	<td width=\"60\" rowspan=\"2\" style=\"text-align: right\">{$productPrice}</td>\n	<td width=\"60\" rowspan=\"2\" style=\"text-align: right\">{$productNetTotal}</td>\n	<td width=\"70\">{$customsId}</td>\n    </tr>\n    <tr>\n	<td width=\"70\">{$manufCountry}</td>\n    </tr>\n{/table_row}\n\n{summary}\n</table>\n<p></p>\n<table border=\"0\" style=\"font-weight: bold\">\n    <tr>\n	<td width=\"400\" style=\"text-align: right\">Итого:</td>\n	<td width=\"60\" style=\"text-align: right\">{$summaryNetTotal}</td>\n    </tr>\n    <tr>\n	<td width=\"400\" style=\"text-align: right\">Сумма НДС:</td>\n	<td width=\"60\" style=\"text-align: right\">{$summaryTax}</td>\n    </tr>\n</table>\n\n<p>\nВсего наименований {$summaryTotalItems}, на сумму {$summaryGrandTotal} руб.<br/>\n<span style=\"font-weight: bold\">{$summaryGrandTotalLiteral}</span>\n</p>\n\n{/summary}\n\n{ending}\n    <hr size=\"2\">\n    <p><br></p>\n    <table border=\"0\">\n    <tr>\n	<td>Отпустил  __________ </td><td>Получил  __________ </td>\n    </tr>\n    </table>\n{/ending}',50,0,'P','All'),(3,'Предложение','Quotes','{header}\n\n<p align=\"right\">{$orgLogo}</p>\n<p style=\"font-weight: bold\">\n{$orgName}<br/>\nИНН {$orgInn}<br/>\nКПП {$orgKpp}<br/>\n{$orgBillingAddress}<br/>\nТел.: {$orgPhone}<br/>\nФакс: {$orgFax}<br/>\n{$orgWebsite}\n</p>\n\n<h1>Коммерческое предложение № {$quote_no}</h1>\n<p>Действительно до: {$quote_validtill}</p>\n<hr size=\"2\">\n<p><br></p>\n<p style=\"font-weight: bold\">\n{$account_accountname}<br/>\n{$billingAddress}\n</p>\n{/header}\n\n{table_head}\n<table border=\"1\" style=\"font-size: 8pt\" cellpadding=\"2\">\n    <tr style=\"text-align: center; font-weight: bold\">\n	<td width=\"30\">№</td>\n	<td width=\"260\">Товары (работы, услуги)</td>\n	<td width=\"70\">Ед.</td>\n	<td width=\"30\">Кол-во</td>\n	<td width=\"70\">Цена</td>\n	<td width=\"70\">Сумма</td>\n	</tr>\n{/table_head}\n\n{table_row}\n    <tr>\n	<td width=\"30\">{$productNumber}</td>\n	<td width=\"260\">{$productName}</td>\n	<td width=\"70\">{$productUnits}</td>\n	<td width=\"30\" style=\"text-align: right\">{$productQuantity}</td>\n	<td width=\"70\" style=\"text-align: right\">{$productPrice}</td>\n	<td width=\"70\" style=\"text-align: right\">{$productNetTotal}</td>\n    </tr>\n{/table_row}\n\n{summary}\n</table>\n<p></p>\n<table border=\"0\">\n    <tr>\n	<td width=\"460\" style=\"text-align: right\">Итого:</td>\n	<td width=\"70\" style=\"text-align: right\">{$summaryNetTotal}</td>\n    </tr>\n    <tr>\n	<td width=\"460\" style=\"text-align: right\">Сумма НДС:</td>\n	<td width=\"70\" style=\"text-align: right\">{$summaryTax}</td>\n    </tr>\n</table>\n\n<p style=\"font-weight: bold\">\nВсего: {$summaryGrandTotal} руб. ( {$summaryGrandTotalLiteral} )\n</p>\n\n{/summary}\n\n{ending}\n    <hr size=\"2\">\n    <p>Руководитель предприятия  __________ ( {$orgDirector} ) <br/>\n    </p>\n{/ending}',100,0,'P','All'),(4,'Заказ на закупку','PurchaseOrder','{header}\n<h1 style=\"font-size: 14pt\">Заказ на закупку № {$purchaseorder_no}</h1>\n<hr>\n<p><br></p>\n<table border=\"0\" style=\"font-size: 9pt\">\n<tr>\n<td width=\"80\">Поставщик:</td><td width=\"450\"><span style=\"font-weight: bold\">{$vendor_vendorname}</span></td>\n</tr>\n<tr>\n<td width=\"80\">Покупатель:</td><td width=\"450\"><span style=\"font-weight: bold\">{$orgName}</span></td>\n</tr>\n</table>\n{/header}\n{table_head}\n<table border=\"1\" style=\"font-size: 8pt\" cellpadding=\"2\">\n<tr style=\"text-align: center; font-weight: bold\">\n<td width=\"30\">№</td>\n<td width=\"200\">Товар</td>\n<td width=\"60\" colspan=\"2\">Количество</td>\n<td width=\"60\">Цена</td>\n<td width=\"60\">Сумма</td>\n</tr>\n{/table_head}\n{table_row}\n<tr>\n<td width=\"30\">{$productNumber}</td>\n<td width=\"200\">{$productName}</td>\n<td width=\"30\" style=\"text-align: right\">{$productQuantityInt}</td>\n<td width=\"30\">{$productUnits}</td>\n<td width=\"60\" style=\"text-align: right\">{$productPrice}</td>\n<td width=\"60\" style=\"text-align: right\">{$productNetTotal}</td>\n</tr>\n{/table_row}\n{summary}\n</table>\n<p></p>\n<table border=\"0\" style=\"font-weight: bold\">\n<tr>\n<td width=\"350\" style=\"text-align: right\">Итого:</td>\n<td width=\"60\" style=\"text-align: right\">{$summaryNetTotal}</td>\n</tr>\n<tr>\n<td width=\"350\" style=\"text-align: right\">Сумма НДС:</td>\n<td width=\"60\" style=\"text-align: right\">{$summaryTax}</td>\n</tr>\n</table>\n<p>\nВсего наименований {$summaryTotalItems}, на сумму {$summaryGrandTotal} руб.<br/>\n<span style=\"font-weight: bold\">{$summaryGrandTotalLiteral}</span>\n</p>\n{/summary}\n{ending}\n{/ending}',50,0,'P','All'),(5,'Акт','Act','{header}\n<div style=\"font-weight: bold;text-decoration: underline\">{$orgName}</div>\n<div style=\"font-weight: bold\">Адрес: {$orgBillingAddress}, тел.: {$orgPhone}</div>\n\n\n<h1 style=\"text-align: center\">Акт № {$act_no} от {$act_actdate} г.</h1>\n\n<p>Заказчик: {$account_accountname}</p>\n\n{/header}\n{content}{/content}\n{table_head}\n\n<table border=\"1\" style=\"font-size: 8pt\" cellpadding=\"2\">\n <tr style=\"text-align: center; font-weight: bold\">\n <td width=\"30\">№</td>\n <td width=\"220\">Наименование работы (услуги)</td>\n <td width=\"70\">Ед. изм.</td>\n <td width=\"70\">Количество</td>\n <td width=\"70\">Цена</td>\n <td width=\"70\">Сумма</td>\n </tr>\n\n{/table_head}\n\n{services_row}\n <tr>\n <td width=\"30\">{$serviceNumber}</td>\n <td width=\"220\">{$productName}</td>\n <td width=\"70\" style=\"text-align: center\">{$productUnits}</td>\n <td width=\"70\" style=\"text-align: right\">{$productQuantity}</td>\n <td width=\"70\" style=\"text-align: right\">{$productPrice}</td>\n <td width=\"70\" style=\"text-align: right\">{$productNetTotal}</td>\n </tr>\n{/services_row}\n\n{summary}\n</table>\n<table border=\"0\" style=\"font-weight: bold\">\n <tr>\n <td width=\"457\" style=\"text-align: right\">Итого:</td>\n   <td width=\"76\" style=\"text-align: right\"><table border=\"1\"><tr><td>{$summaryNetTotalServices}</td></tr></table></td>\n </tr>\n <tr>\n <td width=\"457\" style=\"text-align: right\">Без налога (НДС).</td>\n <td width=\"76\" style=\"text-align: center\"><table border=\"1\"><tr><td>-</td></tr></table></td>\n </tr>\n <tr>\n <td width=\"457\" style=\"text-align: right\">Всего (с учетом НДС):</td>\n <td width=\"76\" style=\"text-align: right\"><table border=\"1\"><tr><td>{$summaryGrandTotalServices}</td></tr></table></td>\n </tr>\n</table>\n\n<p style=\"font-style: italic\">\n    Всего оказано услуг на сумму: {$summaryGrandTotalServicesLiteral}\n</p>\n<br/>\n<p>\nВышеперечисленные услуги выполнены полностью и в срок. Заказчик претензий по объему, качеству и срокам оказания услуг не имеет.\n</p>\n\n{/summary}\n\n{ending}\n<table border=\"0\">\n <tr>\n   <td align=\"center\" colspan=\"2\">\n    Исполнитель: _________ ({$orgDirector})<br/>\n   </td>\n   <td align=\"center\" colspan=\"2\">\n    Заказчик: _________ (____________)\n</td>\n  </tr>\n  <tr>\n    <td align=\"right\"><span style=\"font-size: 6pt\">подпись</span></td>\n    <td align=\"left\"><br/><br/>М.П.</td>\n    <td align=\"right\"><span style=\"font-size: 6pt\">подпись</span></td>\n    <td align=\"left\"><br/><br/>М.П.</td>\n  </tr>\n</table>\n{/ending}',50,50,'P','All'),(6,'Акт с НДС','Act','{header}\n<div style=\"font-weight: bold;text-decoration: underline\">{$orgName}</div>\n<div style=\"font-weight: bold\">Адрес: {$orgBillingAddress}, тел.: {$orgPhone}</div>\n\n\n<h1 style=\"text-align: center\">Акт № {$act_no} от {$act_actdate} г.</h1>\n\n<p>Заказчик: {$account_accountname}</p>\n\n{/header}\n{content}{/content}\n{table_head}\n\n<table border=\"1\" style=\"font-size: 8pt\" cellpadding=\"2\">\n <tr style=\"text-align: center; font-weight: bold\">\n <td width=\"30\">№</td>\n <td width=\"220\">Наименование работы (услуги)</td>\n <td width=\"70\">Ед. изм.</td>\n <td width=\"70\">Количество</td>\n <td width=\"70\">Цена</td>\n <td width=\"70\">Сумма</td>\n </tr>\n\n{/table_head}\n\n{services_row}\n <tr>\n <td width=\"30\">{$serviceNumber}</td>\n <td width=\"220\">{$productName}</td>\n <td width=\"70\" style=\"text-align: center\">{$productUnits}</td>\n <td width=\"70\" style=\"text-align: right\">{$productQuantity}</td>\n <td width=\"70\" style=\"text-align: right\">{$productPriceWithTax}</td>\n <td width=\"70\" style=\"text-align: right\">{$productTotal}</td>\n </tr>\n{/services_row}\n\n{summary}\n</table>\n<table border=\"0\" style=\"font-weight: bold\">\n <tr>\n <td width=\"457\" style=\"text-align: right\">Итого:</td>\n   <td width=\"76\" style=\"text-align: right\"><table border=\"1\"><tr><td>{$summaryGrandTotalServices}</td></tr></table></td>\n </tr>\n <tr>\n <td width=\"457\" style=\"text-align: right\">В т.ч. НДС:</td>\n <td width=\"76\" style=\"text-align: right\"><table border=\"1\"><tr><td>{$summaryTaxServices}</td></tr></table></td>\n </tr>\n <tr>\n <td width=\"457\" style=\"text-align: right\">Всего (с учетом НДС):</td>\n <td width=\"76\" style=\"text-align: right\"><table border=\"1\"><tr><td>{$summaryGrandTotalServices}</td></tr></table></td>\n </tr>\n</table>\n\n<p style=\"font-style: italic\">\nВсего оказано услуг на сумму: {$summaryGrandTotalServicesLiteral}\n</p>\n<br/>\n<p>\nВышеперечисленные услуги выполнены полностью и в срок. Заказчик претензий по объему, качеству и срокам оказания услуг не имеет.\n</p>\n\n{/summary}\n\n{ending}\n<table border=\"0\">\n <tr>\n   <td align=\"center\" colspan=\"2\">\n     Исполнитель: _________ ({$orgDirector})<br/>\n   </td>\n   <td align=\"center\" colspan=\"2\">\n     Заказчик: _________ (____________)\n  </td>\n  </tr>\n  <tr>\n    <td align=\"right\"><span style=\"font-size: 6pt\">подпись</span></td>\n    <td align=\"left\"><br/><br/>М.П.</td>\n    <td align=\"right\"><span style=\"font-size: 6pt\">подпись</span></td>\n    <td align=\"left\"><br/><br/>М.П.</td>\n  </tr>\n</table>\n{/ending}',50,50,'P','All'),(7,'Приходный кассовый ордер','SPPayments','{content}\n\n<!-- Таблица, разделяющая ордер, перфорацию и квитанцию -->\n<table border=0>\n  <tr>\n\n    <td style=\"width: 360\">\n      <!--  Таблица, упорядочивающая элементы ордера -->\n      <table border=0>\n\n        <tr style=\"text-align: right; font-size: 4pt;\"><td>\n          <p>Унифицированная форма КО-1<br />Утверждена постановлением Госкомстата России от 18.08.98 № 88<br/></p>\n        </td></tr>\n\n        <tr><td>\n          <!-- Название организации и подразделения, коды по ОКУД и ОКПО -->\n          <table border=\"0\">\n\n            <tr style=\"text-align: center; font-size: 6pt;\">\n              <td></td>\n              <td></td>\n              <td>\n                <table border=\"1\">\n                  <tr><td>Коды</td></tr>\n                </table>\n              </td>\n            </tr>\n\n            <tr style=\"font-size: 8pt;\">\n              <td style=\"text-align: center;\"></td>\n              <td style=\"text-align: right;\">Форма по ОКУД</td>\n              <td rowspan=\"3\" style=\"text-align: center;\">\n                <!-- Таблица, создающая жирную рамку -->\n                <table border=\"2\">\n                  <tr>\n                    <td style=\"text-align: center;\">\n                      <!-- Таблица, создающая внутреннюю разметку -->\n                      <table border=\"1\">\n                        <tr><td>310001</td></tr>\n                        <tr><td>{$orgOKPO}</td></tr>\n                        <tr><td></td></tr>\n                      </table>\n                    </td>\n                  </tr>\n                </table>\n              </td>\n\n            </tr>\n\n            <tr>\n\n              <td>\n                <table>\n                  <tr><td style=\"font-size: 6pt;\">{$orgName}</td></tr>\n                  <tr><td style=\"font-size: 6pt;\">_________________________________</td></tr>\n                  <tr><td style=\"font-size: 4pt;\">организация</td></tr>\n                </table>\n              </td>\n\n              <td style=\"text-align: right; font-size: 8pt;\">по ОКПО</td>\n\n            </tr>\n\n            <tr>\n\n              <td colspan=\"2\">\n                <table>\n                  <tr><td style=\"font-size: 6pt;\"></td></tr>\n                  <tr><td style=\"font-size: 6pt;\">_____________________________________________________</td></tr>\n                  <tr><td style=\"font-size: 4pt;\">подразделение</td></tr>\n                </table>\n              </td>\n\n            </tr>\n\n          </table>\n\n        </td></tr>\n\n        <tr><td>\n          <!-- Номер документа, дата составления -->\n          <table border=\"0\">\n\n            <tr>\n\n              <td align=\"center\" valign=\"middle\" rowspan=\"2\" style=\"font-weight: bold; font-size: 8pt;\">ПРИХОДНЫЙ КАССОВЫЙ ОРДЕР</td>\n\n              <td>\n                <!-- Номер документа, дата составления -->\n                <table border=1 style=\"text-align: center; font-size: 6pt;\">\n                  <tr>\n                    <td>Номер документа</td>\n                    <td>Дата составления</td>\n                  </tr>\n                </table>\n              </td>\n\n            </tr>\n\n            <tr>\n              <!-- Номер документа, дата составления -->\n              <td>\n                <table border=\"2\" style=\"text-align: center; font-size: 6pt;\">\n                  <tr>\n                    <td>{$payment_doc_no}</td>\n                    <td>{$payment_pay_date}</td>\n                  </tr>\n                </table>\n              </td>\n            </tr>\n\n          </table>\n          <br/>\n        </td></tr>\n\n        <tr><td>\n          <table border=\"1\">\n\n            <tr align=\"center\" valign=\"middle\" style=\"font-size: 6pt;\">\n              <td rowspan=\"2\">Дебет</td>\n              <td colspan=\"4\">Кредит</td>\n              <td rowspan=\"2\">Сумма</td>\n              <td rowspan=\"2\">Код целевого назначения</td>\n              <td rowspan=\"2\"></td>\n            </tr>\n\n            <tr align=\"center\" valign=\"middle\" style=\"font-size: 4pt;\">\n              <td></td>\n              <td>код<br />структурного<br />подразделения</td>\n              <td>корреспондирующий<br />счет,<br />субсчет</td>\n              <td>код<br />аналитического<br />учета</td>\n            </tr>\n\n            <tr align=\"center\" valign=\"middle\" style=\"font-size: 6pt;\">\n              <td>{$payment_debit}</td>\n              <td></td>\n              <td></td>\n              <td>{$payment_coracc_subacc}</td>\n              <td>{$payment_analytics_code}</td>\n              <td>{$payment_amount}</td>\n              <td>{$payment_target_code}</td>\n              <td></td>\n            </tr>\n\n          </table>\n\n        </td></tr>\n\n        <tr><td>\n          <p style=\"font-size: 6pt;\"><br />Принято от:<br />{$payment_payer}</p>\n          <p style=\"font-size: 6pt;\">Основание:<br />{$payment_pay_details}</p>\n          <p style=\"font-size: 6pt;\">Сумма:<br />{$payment_amount_literal}</p>\n          <p style=\"font-size: 6pt;\">В том числе: НДС (Без НДС)</p>\n          <p style=\"font-size: 6pt;\">Приложение:</p>\n\n          <table border=\"0\">\n\n            <tr style=\"font-size: 6pt;\">\n              <td rowspan=\"2\" style=\"width: 70;\"><b>Главный бухгалтер</b></td>\n              <td align=\"center\" style=\"width: 70;\">_____________</td>\n              <td align=\"center\" style=\"width: 100;\">{$orgBookkeeper}</td>\n            </tr>\n\n            <tr align=\"center\" style=\"font-size: 4pt;\">\n              <td style=\"width: 70;\">подпись</td>\n              <td style=\"width: 100;\">расшифровка подписи</td>\n            </tr>\n\n            <tr style=\"font-size: 6pt;\">\n              <td rowspan=\"2\" style=\"width: 70;\"><b>Получил кассир</b></td>\n              <td align=\"center\" style=\"width: 70;\">_____________</td>\n              <td align=\"center\" style=\"width: 100;\"></td>\n            </tr>\n\n            <tr align=\"center\" style=\"font-size: 4pt;\">\n              <td style=\"width: 70;\">подпись</td>\n              <td style=\"width: 100;\">расшифровка подписи</td>\n            </tr>\n\n          </table>\n\n        </td></tr>\n      </table> <!-- Таблица ордера -->\n\n    </td>\n\n    <td style=\"width: 20\">\n      <!-- Перфорация -->\n      <img src=\"test/logo/perforation.gif\" />\n    </td>\n\n    <td style=\"width: 200\">\n      <!-- Квитанция -->\n      <!-- Внешняя таблица. Упорядочивает элементы квитанции -->\n      <table border=\"0\">\n\n        <tr><td>\n          <table border=\"0\">\n            <tr><td align=\"left\" style=\"font-size: 6pt;\">{$orgName}</td></tr>\n            <tr><td align=\"left\" style=\"font-size: 6pt;\">_________________</td></tr>\n            <tr><td align=\"left\" style=\"font-size: 4pt;\">организация</td></tr>\n          </table>\n        </td></tr>\n\n        <tr><td>\n          <p align=\"left\" style=\"font-size: 6pt;\"><b><br />КВИТАНЦИЯ</b></p>\n        </td></tr>\n\n        <tr><td>\n          <!-- к ПКО от -->\n          <table border=\"0\" style=\"font-size: 6pt;\">\n\n            <tr>\n              <td align=\"right\" style=\"width: 30\">к ПКО №</td>\n              <td align=\"center\" style=\"width: 120\">{$payment_doc_no}</td>\n            </tr>\n\n            <tr>\n              <td align=\"right\" style=\"width: 30\"></td>\n              <td align=\"center\" style=\"width: 120\">_____________</td>\n            </tr>\n\n            <tr>\n              <td align=\"right\" style=\"width: 30\">от</td>\n              <td align=\"center\" style=\"width: 120\">{$payment_pay_date}</td>\n            </tr>\n\n            <tr>\n              <td align=\"left\" style=\"width: 30\"></td>\n              <td align=\"center\" style=\"width: 120\">_____________</td>\n            </tr>\n\n          </table>\n        </td></tr>\n\n        <tr style=\"font-size: 6pt;\"><td>\n          <p><br />Принято от<br />{$payment_payer}</p>\n          <p><br />Основание<br />{$payment_pay_details}</p>\n        </td></tr>\n\n        <tr><td>\n          <table>\n\n            <tr align=\"left\" style=\"font-size: 6pt;\">\n              <td rowspan=\"3\">Сумма</td>\n              <td><b>{$payment_amount}</b></td>\n            </tr>\n\n            <tr align=\"left\" style=\"font-size: 6pt;\">\n              <td>____________________</td>\n            </tr>\n\n            <tr>\n              <td align=\"left\" style=\"font-size: 4pt;\"><b>цифрами</b></td>\n            </tr>\n\n          </table>\n        </td></tr>\n\n        <tr style=\"font-size: 6pt;\"><td>\n          <p><br />{$payment_amount_literal}</p>\n          <p><br />В том числе<br />НДС (Без НДС)</p>\n        </td></tr>\n\n        <tr align=\"right\" style=\"font-size: 6pt;\"><td style=\"width: 150;\">\n          <table>\n            <tr><td>\n              <b>{$payment_pay_date}</b>\n            </td></tr>\n            <tr><td>\n              <b>_______________</b>\n            </td></tr>\n          </table>\n          <p align=\"left\"><b>М.П. (штампа)<br /></b></p>\n        </td></tr>\n\n        <tr><td>\n\n          <table>\n            <tr align=\"left\" style=\"font-size: 6pt;\"><td colspan=\"2\">\n              <b>Главный бухгалтер</b>\n            </td></tr>\n            <tr align=\"center\" style=\"font-size: 6pt; width: 200;\">\n              <td></td>\n              <td>{$orgBookkeeper}</td>\n            </tr>\n            <tr align=\"center\" style=\"font-size: 6pt;\">\n              <td>_____________</td>\n              <td>_____________</td>\n            </tr>\n            <tr align=\"center\" style=\"font-size: 4pt;\">\n              <td align=\"center\">подпись</td>\n              <td align=\"center\">расшифровка подписи</td>\n            </tr>\n          </table>\n\n          <table>\n            <tr align=\"left\" style=\"font-size: 6pt;\"><td colspan=\"2\">\n              <b>Кассир</b>\n            </td></tr>\n            <tr align=\"center\" style=\"font-size: 6pt; width: 200\">\n              <td></td>\n              <td></td>\n            </tr>\n            <tr align=\"center\" style=\"font-size: 6pt;\">\n              <td>_____________</td>\n              <td>_____________</td>\n            </tr>\n            <tr align=\"center\" style=\"font-size: 4pt;\">\n              <td>подпись</td>\n              <td>расшифровка подписи</td>\n            </tr>\n          </table>\n\n        </td></tr>\n\n      </table>\n    </td>\n\n  </tr>\n</table>\n\n{/content}',0,50,'P','All'),(8,'Счет-фактура','Consignment','{header}\n\n<p style=\"font-size: 6pt; text-align: right; margin: 0; padding: 0\">Приложение №1<br/>\nк постановлению Правительства Российской Федерации<br/>\nот 26 декабря 2011 г. № 1137\n</p>\n<h1 style=\"font-size: 12pt; margin: 0; padding: 0\">Счет-фактура № {$consignment_no} от {$consignment_consignmentdate} </h1>\n<h1 style=\"font-size: 12pt; margin: 0; padding: 0\">Исправление № -- от -- </h1>\n<p style=\"font-size: 8pt; margin: 0; padding: 0\">Продавец: {$orgName} <br/>\nАдрес: {$orgBillingAddress} <br/>\nИНН/КПП продавца: {$orgInn}/{$orgKpp} <br/>\nГрузоотправитель и его адрес: -- <br/>\nГрузополучатель и его адрес: {$account_accountname}, {$billingAddress} <br/>\nК платежно-расчетному документу № {$invoice_invoice_no} от {$invoice_invoicedate} <br/>\nПокупатель: {$account_accountname} <br/>\nАдрес:	{$billingAddress} <br/>\nИНН / КПП покупателя: {$account_inn}/{$account_kpp}<br/>\nВалюта: наименование, код Российский рубль, 643<br/>\nИдентификатор государственного контракта, договора (соглашения) (при наличии)</p>\n{/header}\n\n{table_head}\n<table border=\"1\" style=\"font-size: 6pt\" cellpadding=\"2\">\n    <tr style=\"text-align: center\">\n	<td width=\"130\" valign=\"middle\" rowspan=\"2\">Наименование товара (описание<br/>выполненных работ, оказанных услуг),<br/>имущественного права</td>\n    <td width=\"40\" valign=\"middle\" rowspan=\"2\">Код<br /> вида<br /> товара</td>\n	<td width=\"77\" valign=\"middle\" colspan=\"2\">Единица<br/>измерения</td>\n        <td width=\"45\" valign=\"middle\" rowspan=\"2\">Коли-<br/>чество<br/>(объем)</td>\n	<td width=\"55\" valign=\"middle\" rowspan=\"2\">Цена (тариф)<br/>за единицу<br/>измерения</td>\n	<td width=\"60\" valign=\"middle\" rowspan=\"2\">Стоимость товаров (работ,<br/>услуг),<br/>имущественных<br/>прав, без налога -<br/>всего</td>\n	<td width=\"35\" valign=\"middle\" rowspan=\"2\">В том<br/>числе<br/>сумма<br/>акциза</td>\n	<td width=\"55\" valign=\"middle\" rowspan=\"2\">Налоговая<br/>ставка</td>\n        <td width=\"55\" valign=\"middle\" rowspan=\"2\">Сумма<br/>налога<br/>предъяв-<br/>ляемая<br/>покупателю</td>\n	<td width=\"70\" valign=\"middle\" rowspan=\"2\">Стоимость товаров<br/>(работ, услуг),<br/>имущественных<br/>прав, с налогом -<br/>всего</td>\n	<td width=\"85\" valign=\"middle\" colspan=\"2\">Страна<br/>происхождения товара</td>\n    <td width=\"75\" valign=\"middle\" rowspan=\"2\">Регистрационный<br/> номер<br/>таможенной<br/>декларации</td>\n	</tr>\n        <tr style=\"text-align: center\">\n	  <td width=\"27\" valign=\"middle\">код</td>\n          <td width=\"50\" valign=\"middle\">условное<br/>обозначение<br/>(национальное)</td>\n	  <td width=\"35\" valign=\"middle\">цифровой<br/>код</td>\n	  <td width=\"50\" valign=\"middle\">краткое<br/>наименование</td>\n	</tr>\n    <tr style=\"text-align: center\">\n	<td width=\"130\">1</td>\n    <td width=\"40\">1а</td>\n	<td width=\"27\">2</td>\n	<td width=\"50\">2а</td>\n	<td width=\"45\">3</td>\n	<td width=\"55\">4</td>\n	<td width=\"60\">5</td>\n	<td width=\"35\">6</td>\n	<td width=\"55\">7</td>\n	<td width=\"55\">8</td>\n	<td width=\"70\">9</td>\n	<td width=\"35\">10</td>\n	<td width=\"50\">10а</td>\n	<td width=\"75\">11</td>\n    </tr>\n{/table_head}\n\n{table_row}\n    <tr>\n	<td width=\"130\" style=\"padding: 3px\">{$productName}</td>\n    <td width=\"40\" style=\"text-align: center; padding: 3px;\">{$internatonalCode}</td>  \n	<td width=\"27\" style=\"text-align: center;padding: 3px\">{$productUnitsCode}</td>\n	<td width=\"50\" style=\"text-align: center;padding: 3px\">{$productUnits}</td>\n	<td width=\"45\" style=\"text-align: right;padding: 3px\">{$productQuantity}</td>\n	<td width=\"55\" style=\"text-align: right;padding: 3px\">{$productPrice}</td>\n	<td width=\"60\" style=\"text-align: right;padding: 3px\">{$productNetTotal}</td>\n	<td width=\"35\" style=\"text-align: center;padding: 3px\">--</td>\n	<td width=\"55\" style=\"text-align: center;padding: 3px\">{$productTaxPercent}%</td>\n	<td width=\"55\" style=\"text-align: right;padding: 3px\">{$productTax}</td>\n	<td width=\"70\" style=\"text-align: right;padding: 3px\">{$productTotal}</td>\n	<td width=\"35\" style=\"text-align: center;padding-left: 3px\">{$manufCountryCode}</td>\n	<td width=\"50\" style=\"text-align: center;padding-left: 3px\">{$manufCountry}</td>\n	<td width=\"75\" style=\"text-align: center;padding: 3px\">{$customsId}</td>\n    </tr>\n{/table_row}\n\n{summary}\n    <tr>\n	<td width=\"347\" colspan=\"7\"><span style=\"font-weight: bold\">Всего к оплате</span></td>\n	<td width=\"60\" style=\"text-align: right;padding: 3px\"><span style=\"font-weight: bold\">{$summaryNetTotal}</span></td>\n	<td width=\"90\" colspan=\"2\" style=\"text-align: center\"><span style=\"font-weight: bold\">X</span></td>\n	<td width=\"55\" style=\"text-align: right\"><span style=\"font-weight: bold\">{$summaryTax}</span></td>\n	<td width=\"70\" style=\"text-align: right\"><span style=\"font-weight: bold\">{$summaryGrandTotal}</span></td>\n    </tr>\n</table>\n{/summary}\n\n{ending}\n<p></p>\n<table border=\"0\" style=\"font-size: 8pt\">\n<tr>\n    <td width=\"200\" style=\"text-align: right\">Руководитель организации<br/>или иное уполномоченное лицо</td>\n    <td width=\"80\" style=\"text-align: center\"> __________ </td>\n    <td width=\"80\" style=\"text-align: center\"> <span style=\"text-decoration: underline\">{$orgDirector}</span></td>\n    <td style=\"text-align: right\">Главный бухгалтер<br/>или иное уполномоченное лицо</td>\n    <td width=\"80\" style=\"text-align: center\">  __________ </td>\n    <td width=\"80\" style=\"text-align: center\"> <span style=\"text-decoration: underline\">{$orgBookkeeper}</span></td>\n</tr>\n<tr style=\"font-size: 6pt; text-align: center\">\n    <td width=\"200\"></td><td width=\"80\"> (подпись) </td><td width=\"80\"> (ФИО)</td><td></td><td width=\"80\"> (подпись)</td><td width=\"80\"> (ФИО)</td>\n</tr>\n<tr>\n<td colspan=\"6\"><p></p></td>\n</tr>\n<tr>\n  <td width=\"200\" style=\"text-align: right\">Индивидуальный предприниматель<br/> или иное уполномоченное лицо</td>\n    <td width=\"80\" style=\"text-align: center\"> __________ </td>\n    <td width=\"80\" style=\"text-align: center\"> <span style=\"text-decoration: underline\">{$orgEntrepreneur}</span> </td>\n    <td colspan=\"3\" style=\"text-align: center\"> <span style=\"text-decoration: underline\">{$orgEntrepreneurreg}</span> </td>\n</tr>\n<tr style=\"font-size: 6pt; text-align: center\">\n    <td width=\"200\"></td><td width=\"80\"> (подпись) </td><td width=\"80\"> (ФИО) </td><td colspan=\"3\"> (реквизиты свидетельства о государственной <br/>регистрации индивидуального предпринимателя)</td>\n</tr>\n</table>\n<p></p>\n<p style=\"font-size: 6pt\">Примечание 1. Первый экземпляр счета-фактуры, составленного на бумажном носителе - покупателю, второй экземпляр - продавцу.<br/>\n  2. При составлении организацией счета-фактуры в электронном виде показатель \"Главный бухгалтер (подпись) (ФИО)\" не формируется.\n</p>\n{/ending}',85,50,'L','All'),(9,'ТОРГ-12','Consignment','{header}\n<!-- Table marking up header, goods table and footer -->\n<table>\n<tr><td colspan=\"2\">\n\n  <table>\n    <tr>\n      <td colspan=\"3\" rowspan=\"2\" style=\"width:700px\">\n      </td>\n      <td style=\"text-align:right; font-size:x-small; width:80px\">\n        Унифицированная форма № ТОРГ-12\n        Утверждена постановлением Госкомстата России от 25.12.98 № 132\n      </td>\n    </tr>\n    <tr>\n      <td style=\"width:80px\">\n        <table border=\"1\">\n          <tr><td style=\"text-align:center\">Коды</td></tr>\n        </table>\n      </td>\n    </tr>\n    <tr>\n      <td style=\"font-size:x-small; width:80px\">Грузоотправитель</td>\n      <td style=\"font-size:x-small; font-weight:bold; width:520px\">{$orgName}, {$orgBillingAddress}, тел. : {$orgPhone}, р/с {$orgBankAccount}, {$orgBankName}, БИК {$orgBankId}, к/с {$orgCorrAccount}</td>\n      <td rowspan=\"8\" style=\"width:100px\">\n        <table style=\"text-align:right; font-size:small\">\n          <tr><td>Форма по ОКУД</td></tr>\n          <tr><td>по ОКПО</td></tr>\n          <tr><td></td></tr>\n          <tr><td>Вид деятельности по ОКДП</td></tr>\n          <tr><td>по ОКПО</td></tr>\n          <tr><td>по ОКПО</td></tr>\n          <tr><td>по ОКПО</td></tr>\n          <tr><td rowspan=\"4\">\n            <table border=\"1\">\n              <tr><td>номер</td></tr>\n              <tr><td>дата</td></tr>\n              <tr><td>номер</td></tr>\n              <tr><td>дата</td></tr>\n            </table>\n            <table>\n              <tr><td>Вид операции</td></tr>\n            </table>\n            </td></tr>\n        </table>\n      </td>\n      <td rowspan=\"8\" style=\"width:80px\">\n        <table border=\"2\" style=\"text-align:center; font-size:small\">\n          <tr><td style=\"font-weight:bold\">0330212</td></tr>\n          <tr><td></td></tr>\n          <tr><td></td></tr>\n          <tr><td></td></tr>\n          <tr><td></td></tr>\n          <tr><td></td></tr>\n          <tr><td></td></tr>\n          <tr><td></td></tr>\n          <tr><td></td></tr>\n          <tr><td></td></tr>\n          <tr><td></td></tr>\n          <tr><td></td></tr>\n        </table>\n      </td>\n    </tr>\n    <tr>\n      <td style=\"font-size:x-small; width:80px\">Структурное подразделение</td>\n      <td style=\"font-size:x-small; width:400px\"></td>\n    </tr>\n    <tr>\n      <td style=\"font-size:x-small; width:80px\">Грузополучатель</td>\n      <td style=\"font-size:x-small; width:400px\">{$account_accountname}</td>\n    </tr>\n    <tr>\n      <td style=\"font-size:x-small; width:80px\">Поставщик</td>\n      <td style=\"font-size:x-small; width:400px\">{$orgName}</td>\n    </tr>\n    <tr>\n      <td style=\"font-size:x-small; width:80px\">Плательщик</td>\n      <td style=\"font-size:x-small; width:400px\">{$account_accountname}</td>\n    </tr>\n    <tr>\n      <td style=\"font-size:x-small; width:80px\">Основание</td>\n      <td style=\"font-size:x-small; width:400px\"></td>\n    </tr>\n    <tr>\n      <td style=\"width:80px\"></td>\n      <td style=\"text-align: center; font-size:xx-small; width:400px\">наименование документа (договор, контракт, заказ-наряд)</td>\n    </tr>\n  </table>\n\n</td></tr>\n<tr>\n  <td colspan=\"2\" style=\"text-align:center; width:600px\">\n    <!-- Markup inside heading elements -->\n    <table cellspacing=\"5\" style=\"font-size:x-small\">\n      <tr>\n        <td></td>\n        <td rowspan=\"2\">\n          <table border=\"1\" style=\"text-align:center\">\n            <tr>\n              <td>Номер документа</td>\n              <td>Дата составления</td>\n            </tr>\n            <tr>\n              <td>{$consignment_goods_consignment_no}</td>\n              <td>{$consignment_consignmentdate_short}</td>\n            </tr>\n          </table>\n        </td>\n        <td>Транспортная накладная</td>\n      </tr>\n      <tr>\n        <td style=\"font-weight:bold; text-align:right\">ТОВАРНАЯ НАКЛАДНАЯ</td>\n        <td></td>\n      </tr>\n    </table>\n  </td>\n</tr>\n<tr><td>\n<!-- Whitespace between header and goods table -->\n</td></tr>\n{/header}\n{table_head}\n<tr><td colspan=\"2\">\n\n  <!-- Goods table -->\n  <table border=\"1\" style=\"font-size:x-small; text-align:center; width:780px\">\n    <tr style=\"text-align:center\">\n      <td style=\"width:30px\">Номер<br />по<br />порядку</td>\n      <td colspan=\"2\" style=\"width:210px\">Товар</td>\n      <td colspan=\"2\" style=\"width:80px\">Единица измерения</td>\n      <td style=\"width:40px\">Вид упаковки</td>\n      <td colspan=\"2\" style=\"width:80px\">Количество</td>\n      <td style=\"width:50px\">Масса брутто</td>\n      <td style=\"width:50px\">Количество<br />(масса нетто)</td>\n      <td style=\"width:50px\">Цена, руб. коп.</td>\n      <td style=\"width:50px\">Сумма без учёта НДС, руб. коп.</td>\n      <td colspan=\"2\" style=\"width:60px\">НДС</td>\n      <td style=\"width:80px\">Сумма с учётом НДС, руб. коп.</td>\n    </tr>\n    <tr>\n      <td style=\"width:30px\"></td>\n      <td style=\"width:180px\">наименование, характеристика, сорт, артикул товара</td>\n      <td style=\"width:30px\">код</td>\n      <td style=\"width:50px\">наименование</td>\n      <td style=\"width:30px\">код по ОКЕИ</td>\n      <td style=\"width:40px\"></td>\n      <td style=\"width:40px\">в одном<br />месте</td>\n      <td style=\"width:40px\">мест,<br />штук</td>\n      <td style=\"width:50px\"></td>\n      <td style=\"width:50px\"></td>\n      <td style=\"width:50px\"></td>\n      <td style=\"width:50px\"></td>\n      <td style=\"width:30px\">ставка, %</td>\n      <td style=\"width:30px\">сумма, руб. коп.</td>\n      <td style=\"width:80px\"></td>\n    </tr>\n    <tr>\n      <td style=\"width:30px\">1</td>\n      <td style=\"width:180px\">2</td>\n      <td style=\"width:30px\">3</td>\n      <td style=\"width:50px\">4</td>\n      <td style=\"width:30px\">5</td>\n      <td style=\"width:40px\">6</td>\n      <td style=\"width:40px\">7</td>\n      <td style=\"width:40px\">8</td>\n      <td style=\"width:50px\">9</td>\n      <td style=\"width:50px\">10</td>\n      <td style=\"width:50px\">11</td>\n      <td style=\"width:50px\">12</td>\n      <td style=\"width:30px\">13</td>\n      <td style=\"width:30px\">14</td>\n      <td style=\"width:80px\">15</td>\n    </tr>\n{/table_head}\n{goods_row}\n    <tr>\n      <td style=\"width:30px\">{$goodsNumber}</td>\n      <td style=\"width:180px\">{$productName}</td>\n      <td style=\"width:30px\">{$productCode}</td>\n      <td style=\"width:50px\">{$productUnits}</td>\n      <td style=\"width:30px\">{$productUnitsCode}</td>\n      <td style=\"width:40px\"></td>\n      <td style=\"width:40px\"></td>\n      <td style=\"width:40px\">{$productQuantityInt}</td>\n      <td style=\"width:50px\"></td>\n      <td style=\"width:50px\"></td>\n      <td style=\"width:50px\">{$productPrice}</td>\n      <td style=\"width:50px\">{$productNetTotal}</td>\n      <td style=\"width:30px\">{$productTaxPercent}</td>\n      <td style=\"width:30px\">{$productTax}</td>\n      <td style=\"width:80px\">{$productTotal}</td>\n    </tr>\n{/goods_row}\n{summary}\n  </table>\n\n</td></tr>\n<!-- Total subtable -->\n<tr style=\"font-size:x-small\">\n  <!-- Whitespace in the left -->\n  <td style=\"width:403px\">\n\n    <table>\n      <tr>\n        <td colspan=\"7\" style=\"text-align:right\">Итого:</td>\n      </tr>\n      <tr>\n        <td colspan=\"7\" style=\"text-align:right\">Всего по накладной:</td>\n      </tr>\n    </table>\n\n  </td>\n  <!-- Total subtable itself -->\n  <td>\n\n    <table border=\"1\" style=\"text-align:center\">\n      <tr>\n        <td style=\"width:40px\"></td>\n        <td style=\"width:50px\"></td>\n        <td style=\"width:50px\"></td>\n        <td style=\"width:50px\">X</td>\n        <td style=\"width:50px\">{$summaryNetTotalGoods}</td>\n        <td style=\"width:30px\">X</td>\n        <td style=\"width:30px\">{$summaryTaxGoods}</td>\n        <td style=\"width:80px\">{$summaryGrandTotalGoods}</td>\n      </tr>\n      <tr>\n        <td style=\"width:40px\"></td>\n        <td style=\"width:50px\"></td>\n        <td style=\"width:50px\"></td>\n        <td style=\"width:50px\">X</td>\n        <td style=\"width:50px\">{$summaryNetTotalGoods}</td>\n        <td style=\"width:30px\">X</td>\n        <td style=\"width:30px\">{$summaryTaxGoods}</td>\n        <td style=\"width:80px\">{$summaryGrandTotalGoods}</td>\n      </tr>\n    </table>\n\n  </td>\n</tr>\n<tr style=\"page-break-before: always\"><td>\n<!-- Whitespace -->\n</td></tr>\n<tr><td colspan=\"2\" style=\"width:780px\">\n\n  <table style=\"font-size:x-small\">\n    <tr>\n      <td rowspan=\"2\" style=\"width:250px\">Товарная накладная имеет приложение на </td>\n      <td style=\"text-align: center; width:350px\">______________________________________________________________________</td>\n      <td rowspan=\"2\" style=\"width:80px\"> листах</td>\n    </tr>\n    <tr>\n      <td style=\"text-align:center; width:350px\">прописью</td>\n    </tr>\n    <tr>\n      <td rowspan=\"2\" style=\"width:250px\">и содержит </td>\n      <td style=\"text-align: center; width:350px\">______________________________________________________________________</td>\n      <td rowspan=\"2\" style=\"width:80px\"> порядковых номеров записей</td>\n    </tr>\n    <tr>\n      <td style=\"text-align:center; width:350px\">прописью</td>\n    </tr>\n  </table>\n\n</td></tr>\n<tr><td colspan=\"2\" style=\"text-align:center; width:780px\">\n\n  <table style=\"font-size:x-small\">\n    <tr>\n      <td colspan=\"2\" rowspan=\"2\" style=\"width:200px\"></td>\n      <td rowspan=\"2\" style=\"text-align:right; width:190px\">Масса груза (нетто)</td>\n      <td style=\"text-align:center; width:390px\">______________________________________________________________________</td>\n    </tr>\n    <tr>\n      <td style=\"text-align:center; width:390px\">прописью</td>\n    </tr>\n    <tr>\n      <td rowspan=\"2\" style=\"text-align:right; width:100px\">Всего мест</td>\n      <td rowspan=\"2\" style=\"width:100px\">{$summaryTotalGoods}</td>\n      <td rowspan=\"2\" style=\"text-align:right; width:190px\">Масса груза (брутто)</td>\n      <td style=\"text-align:center; width:390px\">______________________________________________________________________</td>\n    </tr>\n    <tr>\n      <td style=\"text-align:center; width:390px\">прописью</td>\n    </tr>\n    <tr>\n      <td colspan=\"3\" style=\"width:390px\">\n        <table>\n          <tr>\n            <td rowspan=\"2\" style=\"width:170px\">Приложение (паспорта, сертификаты и т.п.) на </td>\n            <td style=\"text-align:center; width:170px\">__________________________________________</td>\n            <td rowspan=\"2\" style=\"width:50px\"> листах</td>\n          </tr>\n          <tr>\n            <td style=\"text-align:center; width:170px\">прописью</td>\n          </tr>\n        </table>\n      </td>\n      <td></td>\n    </tr>\n  </table>\n\n</td></tr>\n<tr><td>\n</td></tr>\n<!-- Footer (sent/received, stamps, etc.) -->\n<tr style=\"font-size:small\">\n  <td style=\"text-align:center; width:390px\">\n    <!-- \"Sent\" part on the left -->\n    <table>\n      <tr><td>\n        Всего отпущено на сумму {$summaryGrandTotalGoodsLiteral}<br />\n      </td></tr>\n{/summary}\n{ending}\n      <tr><td>\n        <table>\n          <tr>\n            <td rowspan=\"2\">Отпуск груза разрешил</td>\n            <td>Директор</td>\n            <td>_____________________</td>\n            <td>{$orgDirector}</td>\n          </tr>\n          <tr style=\"font-size:x-small\">\n            <td>должность</td>\n            <td>подпись</td>\n            <td>расшифровка подписи</td>\n          </tr>\n          <tr>\n            <td colspan=\"2\" rowspan=\"2\" style=\"font-weight:bold\">Главный (старший) бухгалтер</td>\n            <td>_____________________</td>\n            <td>{$orgBookkeeper}</td>\n          </tr>\n          <tr style=\"font-size:x-small\">\n            <td>подпись</td>\n            <td>расшифровка подписи</td>\n          </tr>\n          <tr>\n            <td rowspan=\"2\">Отпуск груза произвёл</td>\n            <td>_____________________</td>\n            <td>_____________________</td>\n            <td>_____________________</td>\n          </tr>\n          <tr style=\"font-size:x-small\">\n            <td>должность</td>\n            <td>подпись</td>\n            <td>расшифровка подписи</td>\n          </tr>\n        </table>\n      </td></tr>\n      <tr><td>\n        М.П. \"   \" _____________ 20   года\n      </td></tr>\n    </table>\n  </td>\n  <!-- \"Received\" part on the right -->\n  <td style=\"text-align:center; width:390px\">\n    <table>\n      <tr><td>\n        По доверенности № _______ от   \"   \" _____________ 20   года\n      </td></tr>\n      <tr><td>\n        выданной ________________________________________________\n      </td></tr>\n      <tr><td style=\"text-align:center; font-size:x-small\">\n        кем, кому (организация, место работы, должность, фамилия, и. о.)\n      </td></tr>\n      <tr><td>\n        <table>\n          <tr>\n            <td rowspan=\"2\">Груз принял</td>\n            <td>_____________________</td>\n            <td>_____________________</td>\n            <td>_____________________</td>\n          </tr>\n          <tr style=\"font-size:x-small\">\n            <td>должность</td>\n            <td>подпись</td>\n            <td>расшифровка подписи</td>\n          </tr>\n          <!-- Whitespace to aline with left-side clauses -->\n          <tr>\n            <td></td>\n          </tr>\n          <tr>\n            <td rowspan=\"2\">Груз получил<br />грузополучатель</td>\n            <td>_____________________</td>\n            <td>_____________________</td>\n            <td>_____________________</td>\n          </tr>\n          <tr style=\"font-size:x-small\">\n            <td>должность</td>\n            <td>подпись</td>\n            <td>расшифровка подписи</td>\n          </tr>\n        </table>\n      </td></tr>\n      <tr><td>\n        М.П. \"   \" _____________ 20   года\n      </td></tr>\n    </table>\n  </td>\n</tr>\n\n</table>\n{/ending}',90,20,'L','All');
/*!40000 ALTER TABLE `sp_templates` ENABLE KEYS */;
UNLOCK TABLES;

--
-- Table structure for table `sp_templates_seq`
--

DROP TABLE IF EXISTS `sp_templates_seq`;
/*!40101 SET @saved_cs_client     = @@character_set_client */;
/*!40101 SET character_set_client = utf8 */;
CREATE TABLE `sp_templates_seq` (
  `id` int(11) NOT NULL
) ENGINE=InnoDB DEFAULT CHARSET=utf8;
/*!40101 SET character_set_client = @saved_cs_client */;

--
-- Dumping data for table `sp_templates_seq`
--

LOCK TABLES `sp_templates_seq` WRITE;
/*!40000 ALTER TABLE `sp_templates_seq` DISABLE KEYS */;
INSERT INTO `sp_templates_seq` VALUES (9);
/*!40000 ALTER TABLE `sp_templates_seq` ENABLE KEYS */;
UNLOCK TABLES;

--
-- Table structure for table `sp_tips_cur_provider`
--

DROP TABLE IF EXISTS `sp_tips_cur_provider`;
/*!40101 SET @saved_cs_client     = @@character_set_client */;
/*!40101 SET character_set_client = utf8 */;
CREATE TABLE `sp_tips_cur_provider` (
  `id` int(11) NOT NULL AUTO_INCREMENT,
  `cur_provider` int(11) DEFAULT NULL,
  PRIMARY KEY (`id`)
) ENGINE=InnoDB AUTO_INCREMENT=2 DEFAULT CHARSET=utf8;
/*!40101 SET character_set_client = @saved_cs_client */;

--
-- Dumping data for table `sp_tips_cur_provider`
--

LOCK TABLES `sp_tips_cur_provider` WRITE;
/*!40000 ALTER TABLE `sp_tips_cur_provider` DISABLE KEYS */;
INSERT INTO `sp_tips_cur_provider` VALUES (1,2);
/*!40000 ALTER TABLE `sp_tips_cur_provider` ENABLE KEYS */;
UNLOCK TABLES;

--
-- Table structure for table `sp_tips_dependent_fields`
--

DROP TABLE IF EXISTS `sp_tips_dependent_fields`;
/*!40101 SET @saved_cs_client     = @@character_set_client */;
/*!40101 SET character_set_client = utf8 */;
CREATE TABLE `sp_tips_dependent_fields` (
  `field_id` int(11) NOT NULL AUTO_INCREMENT,
  `vtiger_fieldname` varchar(127) DEFAULT NULL,
  `provider_fieldname` varchar(127) DEFAULT NULL,
  `rule_id` int(11) DEFAULT NULL,
  PRIMARY KEY (`field_id`),
  KEY `rule` (`rule_id`),
  CONSTRAINT `sp_tips_dependent_fields_ibfk_1` FOREIGN KEY (`rule_id`) REFERENCES `sp_tips_module_rules` (`rule_id`) ON DELETE CASCADE ON UPDATE CASCADE
) ENGINE=InnoDB DEFAULT CHARSET=utf8;
/*!40101 SET character_set_client = @saved_cs_client */;

--
-- Dumping data for table `sp_tips_dependent_fields`
--

LOCK TABLES `sp_tips_dependent_fields` WRITE;
/*!40000 ALTER TABLE `sp_tips_dependent_fields` DISABLE KEYS */;
/*!40000 ALTER TABLE `sp_tips_dependent_fields` ENABLE KEYS */;
UNLOCK TABLES;

--
-- Table structure for table `sp_tips_module_rules`
--

DROP TABLE IF EXISTS `sp_tips_module_rules`;
/*!40101 SET @saved_cs_client     = @@character_set_client */;
/*!40101 SET character_set_client = utf8 */;
CREATE TABLE `sp_tips_module_rules` (
  `rule_id` int(11) NOT NULL AUTO_INCREMENT,
  `module` varchar(127) DEFAULT NULL,
  `field` varchar(127) DEFAULT NULL,
  `provider_field` varchar(127) DEFAULT NULL,
  `provider_id` int(11) DEFAULT NULL,
  PRIMARY KEY (`rule_id`),
  KEY `provider` (`provider_id`),
  CONSTRAINT `sp_tips_module_rules_ibfk_1` FOREIGN KEY (`provider_id`) REFERENCES `sp_tips_providers` (`provider_id`) ON DELETE CASCADE ON UPDATE CASCADE
) ENGINE=InnoDB DEFAULT CHARSET=utf8;
/*!40101 SET character_set_client = @saved_cs_client */;

--
-- Dumping data for table `sp_tips_module_rules`
--

LOCK TABLES `sp_tips_module_rules` WRITE;
/*!40000 ALTER TABLE `sp_tips_module_rules` DISABLE KEYS */;
/*!40000 ALTER TABLE `sp_tips_module_rules` ENABLE KEYS */;
UNLOCK TABLES;

--
-- Table structure for table `sp_tips_providers`
--

DROP TABLE IF EXISTS `sp_tips_providers`;
/*!40101 SET @saved_cs_client     = @@character_set_client */;
/*!40101 SET character_set_client = utf8 */;
CREATE TABLE `sp_tips_providers` (
  `provider_id` int(11) NOT NULL AUTO_INCREMENT,
  `provider_name` varchar(255) DEFAULT NULL,
  `api_key` varchar(255) DEFAULT NULL,
  `token` varchar(255) DEFAULT NULL,
  PRIMARY KEY (`provider_id`)
) ENGINE=InnoDB AUTO_INCREMENT=3 DEFAULT CHARSET=utf8;
/*!40101 SET character_set_client = @saved_cs_client */;

--
-- Dumping data for table `sp_tips_providers`
--

LOCK TABLES `sp_tips_providers` WRITE;
/*!40000 ALTER TABLE `sp_tips_providers` DISABLE KEYS */;
INSERT INTO `sp_tips_providers` VALUES (1,'DaData','',''),(2,'Google','',NULL);
/*!40000 ALTER TABLE `sp_tips_providers` ENABLE KEYS */;
UNLOCK TABLES;

--
-- Table structure for table `sp_units`
--

DROP TABLE IF EXISTS `sp_units`;
/*!40101 SET @saved_cs_client     = @@character_set_client */;
/*!40101 SET character_set_client = utf8 */;
CREATE TABLE `sp_units` (
  `unitid` int(19) NOT NULL DEFAULT '0',
  `unit_no` varchar(100) NOT NULL,
  `unitname` varchar(200) NOT NULL,
  `usageunit` varchar(200) DEFAULT NULL,
  `unit_code` varchar(200) DEFAULT NULL,
  `tags` varchar(1) DEFAULT NULL,
  PRIMARY KEY (`unitid`),
  CONSTRAINT `fk_crmid_sp_units` FOREIGN KEY (`unitid`) REFERENCES `vtiger_crmentity` (`crmid`) ON DELETE CASCADE
) ENGINE=InnoDB DEFAULT CHARSET=utf8;
/*!40101 SET character_set_client = @saved_cs_client */;

--
-- Dumping data for table `sp_units`
--

LOCK TABLES `sp_units` WRITE;
/*!40000 ALTER TABLE `sp_units` DISABLE KEYS */;
/*!40000 ALTER TABLE `sp_units` ENABLE KEYS */;
UNLOCK TABLES;

--
-- Table structure for table `sp_unitscf`
--

DROP TABLE IF EXISTS `sp_unitscf`;
/*!40101 SET @saved_cs_client     = @@character_set_client */;
/*!40101 SET character_set_client = utf8 */;
CREATE TABLE `sp_unitscf` (
  `unitid` int(19) NOT NULL DEFAULT '0',
  PRIMARY KEY (`unitid`),
  CONSTRAINT `fk_unitid_sp_unitscf` FOREIGN KEY (`unitid`) REFERENCES `sp_units` (`unitid`) ON DELETE CASCADE
) ENGINE=InnoDB DEFAULT CHARSET=utf8;
/*!40101 SET character_set_client = @saved_cs_client */;

--
-- Dumping data for table `sp_unitscf`
--

LOCK TABLES `sp_unitscf` WRITE;
/*!40000 ALTER TABLE `sp_unitscf` DISABLE KEYS */;
/*!40000 ALTER TABLE `sp_unitscf` ENABLE KEYS */;
UNLOCK TABLES;

--
-- Table structure for table `vtiger_account`
--

DROP TABLE IF EXISTS `vtiger_account`;
/*!40101 SET @saved_cs_client     = @@character_set_client */;
/*!40101 SET character_set_client = utf8 */;
CREATE TABLE `vtiger_account` (
  `accountid` int(19) NOT NULL DEFAULT '0',
  `account_no` varchar(100) NOT NULL,
  `accountname` varchar(100) NOT NULL,
  `parentid` int(19) DEFAULT '0',
  `account_type` varchar(200) DEFAULT NULL,
  `industry` varchar(200) DEFAULT NULL,
  `annualrevenue` decimal(25,8) DEFAULT NULL,
  `rating` varchar(200) DEFAULT NULL,
  `ownership` varchar(50) DEFAULT NULL,
  `siccode` varchar(50) DEFAULT NULL,
  `tickersymbol` varchar(30) DEFAULT NULL,
  `phone` varchar(30) DEFAULT NULL,
  `otherphone` varchar(30) DEFAULT NULL,
  `email1` varchar(100) DEFAULT NULL,
  `email2` varchar(100) DEFAULT NULL,
  `website` varchar(100) DEFAULT NULL,
  `fax` varchar(30) DEFAULT NULL,
  `employees` int(10) DEFAULT '0',
  `emailoptout` varchar(3) DEFAULT '0',
  `notify_owner` varchar(3) DEFAULT '0',
  `inn` varchar(30) DEFAULT '',
  `kpp` varchar(30) DEFAULT '',
  `splastsms` datetime DEFAULT NULL,
  `one_s_id` varchar(255) DEFAULT NULL,
  `isconvertedfromlead` varchar(3) DEFAULT '0',
  `tags` varchar(1) DEFAULT NULL,
  PRIMARY KEY (`accountid`),
  KEY `account_account_type_idx` (`account_type`),
  KEY `email_idx` (`email1`,`email2`),
  CONSTRAINT `fk_1_vtiger_account` FOREIGN KEY (`accountid`) REFERENCES `vtiger_crmentity` (`crmid`) ON DELETE CASCADE
) ENGINE=InnoDB DEFAULT CHARSET=utf8;
/*!40101 SET character_set_client = @saved_cs_client */;

--
-- Dumping data for table `vtiger_account`
--

LOCK TABLES `vtiger_account` WRITE;
/*!40000 ALTER TABLE `vtiger_account` DISABLE KEYS */;
INSERT INTO `vtiger_account` VALUES (8,'КОНТР_1','one',0,'','',0.00000000,'','','','','+79267094629','+79267094629','','','','+79267094629',0,'0','0','','',NULL,'','0','');
/*!40000 ALTER TABLE `vtiger_account` ENABLE KEYS */;
UNLOCK TABLES;

--
-- Table structure for table `vtiger_accountbillads`
--

DROP TABLE IF EXISTS `vtiger_accountbillads`;
/*!40101 SET @saved_cs_client     = @@character_set_client */;
/*!40101 SET character_set_client = utf8 */;
CREATE TABLE `vtiger_accountbillads` (
  `accountaddressid` int(19) NOT NULL DEFAULT '0',
  `bill_city` varchar(30) DEFAULT NULL,
  `bill_code` varchar(30) DEFAULT NULL,
  `bill_country` varchar(30) DEFAULT NULL,
  `bill_state` varchar(30) DEFAULT NULL,
  `bill_street` varchar(250) DEFAULT NULL,
  `bill_pobox` varchar(30) DEFAULT NULL,
  PRIMARY KEY (`accountaddressid`),
  CONSTRAINT `fk_1_vtiger_accountbillads` FOREIGN KEY (`accountaddressid`) REFERENCES `vtiger_account` (`accountid`) ON DELETE CASCADE
) ENGINE=InnoDB DEFAULT CHARSET=utf8;
/*!40101 SET character_set_client = @saved_cs_client */;

--
-- Dumping data for table `vtiger_accountbillads`
--

LOCK TABLES `vtiger_accountbillads` WRITE;
/*!40000 ALTER TABLE `vtiger_accountbillads` DISABLE KEYS */;
INSERT INTO `vtiger_accountbillads` VALUES (8,'','','','','','');
/*!40000 ALTER TABLE `vtiger_accountbillads` ENABLE KEYS */;
UNLOCK TABLES;

--
-- Table structure for table `vtiger_accountrating`
--

DROP TABLE IF EXISTS `vtiger_accountrating`;
/*!40101 SET @saved_cs_client     = @@character_set_client */;
/*!40101 SET character_set_client = utf8 */;
CREATE TABLE `vtiger_accountrating` (
  `accountratingid` int(19) NOT NULL AUTO_INCREMENT,
  `rating` varchar(200) NOT NULL,
  `sortorderid` int(19) NOT NULL DEFAULT '0',
  `presence` int(1) NOT NULL DEFAULT '1',
  PRIMARY KEY (`accountratingid`),
  UNIQUE KEY `accountrating_rating_idx` (`rating`)
) ENGINE=InnoDB DEFAULT CHARSET=utf8;
/*!40101 SET character_set_client = @saved_cs_client */;

--
-- Dumping data for table `vtiger_accountrating`
--

LOCK TABLES `vtiger_accountrating` WRITE;
/*!40000 ALTER TABLE `vtiger_accountrating` DISABLE KEYS */;
/*!40000 ALTER TABLE `vtiger_accountrating` ENABLE KEYS */;
UNLOCK TABLES;

--
-- Table structure for table `vtiger_accountscf`
--

DROP TABLE IF EXISTS `vtiger_accountscf`;
/*!40101 SET @saved_cs_client     = @@character_set_client */;
/*!40101 SET character_set_client = utf8 */;
CREATE TABLE `vtiger_accountscf` (
  `accountid` int(19) NOT NULL DEFAULT '0',
  `vk_url` varchar(155) DEFAULT NULL,
  `tw_url` varchar(155) DEFAULT NULL,
  PRIMARY KEY (`accountid`),
  CONSTRAINT `fk_1_vtiger_accountscf` FOREIGN KEY (`accountid`) REFERENCES `vtiger_account` (`accountid`) ON DELETE CASCADE
) ENGINE=InnoDB DEFAULT CHARSET=utf8;
/*!40101 SET character_set_client = @saved_cs_client */;

--
-- Dumping data for table `vtiger_accountscf`
--

LOCK TABLES `vtiger_accountscf` WRITE;
/*!40000 ALTER TABLE `vtiger_accountscf` DISABLE KEYS */;
INSERT INTO `vtiger_accountscf` VALUES (8,'','');
/*!40000 ALTER TABLE `vtiger_accountscf` ENABLE KEYS */;
UNLOCK TABLES;

--
-- Table structure for table `vtiger_accountshipads`
--

DROP TABLE IF EXISTS `vtiger_accountshipads`;
/*!40101 SET @saved_cs_client     = @@character_set_client */;
/*!40101 SET character_set_client = utf8 */;
CREATE TABLE `vtiger_accountshipads` (
  `accountaddressid` int(19) NOT NULL DEFAULT '0',
  `ship_city` varchar(30) DEFAULT NULL,
  `ship_code` varchar(30) DEFAULT NULL,
  `ship_country` varchar(30) DEFAULT NULL,
  `ship_state` varchar(30) DEFAULT NULL,
  `ship_pobox` varchar(30) DEFAULT NULL,
  `ship_street` varchar(250) DEFAULT NULL,
  PRIMARY KEY (`accountaddressid`),
  CONSTRAINT `fk_1_vtiger_accountshipads` FOREIGN KEY (`accountaddressid`) REFERENCES `vtiger_account` (`accountid`) ON DELETE CASCADE
) ENGINE=InnoDB DEFAULT CHARSET=utf8;
/*!40101 SET character_set_client = @saved_cs_client */;

--
-- Dumping data for table `vtiger_accountshipads`
--

LOCK TABLES `vtiger_accountshipads` WRITE;
/*!40000 ALTER TABLE `vtiger_accountshipads` DISABLE KEYS */;
INSERT INTO `vtiger_accountshipads` VALUES (8,'','','','','','');
/*!40000 ALTER TABLE `vtiger_accountshipads` ENABLE KEYS */;
UNLOCK TABLES;

--
-- Table structure for table `vtiger_accounttype`
--

DROP TABLE IF EXISTS `vtiger_accounttype`;
/*!40101 SET @saved_cs_client     = @@character_set_client */;
/*!40101 SET character_set_client = utf8 */;
CREATE TABLE `vtiger_accounttype` (
  `accounttypeid` int(19) NOT NULL AUTO_INCREMENT,
  `accounttype` varchar(200) NOT NULL,
  `presence` int(1) NOT NULL DEFAULT '1',
  `picklist_valueid` int(19) NOT NULL DEFAULT '0',
  `sortorderid` int(11) DEFAULT NULL,
  `color` varchar(10) DEFAULT NULL,
  PRIMARY KEY (`accounttypeid`),
  UNIQUE KEY `accounttype_accounttype_idx` (`accounttype`)
) ENGINE=InnoDB AUTO_INCREMENT=12 DEFAULT CHARSET=utf8;
/*!40101 SET character_set_client = @saved_cs_client */;

--
-- Dumping data for table `vtiger_accounttype`
--

LOCK TABLES `vtiger_accounttype` WRITE;
/*!40000 ALTER TABLE `vtiger_accounttype` DISABLE KEYS */;
INSERT INTO `vtiger_accounttype` VALUES (2,'Analyst',1,2,1,NULL),(3,'Competitor',1,3,2,NULL),(4,'Customer',1,4,3,NULL),(5,'Integrator',1,5,4,NULL),(6,'Investor',1,6,5,NULL),(7,'Partner',1,7,6,NULL),(8,'Press',1,8,7,NULL),(9,'Prospect',1,9,8,NULL),(10,'Reseller',1,10,9,NULL),(11,'Other',1,11,10,NULL);
/*!40000 ALTER TABLE `vtiger_accounttype` ENABLE KEYS */;
UNLOCK TABLES;

--
-- Table structure for table `vtiger_accounttype_seq`
--

DROP TABLE IF EXISTS `vtiger_accounttype_seq`;
/*!40101 SET @saved_cs_client     = @@character_set_client */;
/*!40101 SET character_set_client = utf8 */;
CREATE TABLE `vtiger_accounttype_seq` (
  `id` int(11) NOT NULL
) ENGINE=InnoDB DEFAULT CHARSET=utf8;
/*!40101 SET character_set_client = @saved_cs_client */;

--
-- Dumping data for table `vtiger_accounttype_seq`
--

LOCK TABLES `vtiger_accounttype_seq` WRITE;
/*!40000 ALTER TABLE `vtiger_accounttype_seq` DISABLE KEYS */;
INSERT INTO `vtiger_accounttype_seq` VALUES (11);
/*!40000 ALTER TABLE `vtiger_accounttype_seq` ENABLE KEYS */;
UNLOCK TABLES;

--
-- Table structure for table `vtiger_actionmapping`
--

DROP TABLE IF EXISTS `vtiger_actionmapping`;
/*!40101 SET @saved_cs_client     = @@character_set_client */;
/*!40101 SET character_set_client = utf8 */;
CREATE TABLE `vtiger_actionmapping` (
  `actionid` int(19) NOT NULL,
  `actionname` varchar(200) NOT NULL,
  `securitycheck` int(19) DEFAULT NULL,
  PRIMARY KEY (`actionid`,`actionname`)
) ENGINE=InnoDB DEFAULT CHARSET=utf8;
/*!40101 SET character_set_client = @saved_cs_client */;

--
-- Dumping data for table `vtiger_actionmapping`
--

LOCK TABLES `vtiger_actionmapping` WRITE;
/*!40000 ALTER TABLE `vtiger_actionmapping` DISABLE KEYS */;
INSERT INTO `vtiger_actionmapping` VALUES (0,'Save',0),(0,'SavePriceBook',1),(0,'SaveVendor',1),(1,'DetailViewAjax',1),(1,'EditView',0),(1,'PriceBookEditView',1),(1,'QuickCreate',1),(1,'VendorEditView',1),(2,'Delete',0),(2,'DeletePriceBook',1),(2,'DeleteVendor',1),(3,'index',0),(3,'Popup',1),(4,'DetailView',0),(4,'PriceBookDetailView',1),(4,'TagCloud',1),(4,'VendorDetailView',1),(5,'Import',0),(6,'Export',0),(7,'CreateView',0),(8,'Merge',0),(9,'ConvertLead',0),(10,'DuplicatesHandling',0),(11,'ReceiveIncomingCalls',0),(12,'MakeOutgoingCalls',0),(13,'Print',0);
/*!40000 ALTER TABLE `vtiger_actionmapping` ENABLE KEYS */;
UNLOCK TABLES;

--
-- Table structure for table `vtiger_activity`
--

DROP TABLE IF EXISTS `vtiger_activity`;
/*!40101 SET @saved_cs_client     = @@character_set_client */;
/*!40101 SET character_set_client = utf8 */;
CREATE TABLE `vtiger_activity` (
  `activityid` int(19) NOT NULL DEFAULT '0',
  `subject` varchar(255) DEFAULT NULL,
  `semodule` varchar(20) DEFAULT NULL,
  `activitytype` varchar(200) NOT NULL,
  `date_start` date NOT NULL,
  `due_date` date DEFAULT NULL,
  `time_start` varchar(50) DEFAULT NULL,
  `time_end` varchar(50) DEFAULT NULL,
  `sendnotification` varchar(3) NOT NULL DEFAULT '0',
  `duration_hours` varchar(200) DEFAULT NULL,
  `duration_minutes` varchar(200) DEFAULT NULL,
  `status` varchar(200) DEFAULT NULL,
  `eventstatus` varchar(200) DEFAULT NULL,
  `priority` varchar(200) DEFAULT NULL,
  `location` varchar(150) DEFAULT NULL,
  `notime` varchar(3) NOT NULL DEFAULT '0',
  `visibility` varchar(50) NOT NULL DEFAULT 'all',
  `recurringtype` varchar(200) DEFAULT NULL,
  `tags` varchar(1) DEFAULT NULL,
  PRIMARY KEY (`activityid`),
  KEY `activity_activityid_subject_idx` (`activityid`,`subject`),
  KEY `activity_activitytype_date_start_idx` (`activitytype`,`date_start`),
  KEY `activity_date_start_due_date_idx` (`date_start`,`due_date`),
  KEY `activity_date_start_time_start_idx` (`date_start`,`time_start`),
  KEY `activity_eventstatus_idx` (`eventstatus`),
  KEY `activity_status_idx` (`status`),
  CONSTRAINT `fk_1_vtiger_activity` FOREIGN KEY (`activityid`) REFERENCES `vtiger_crmentity` (`crmid`) ON DELETE CASCADE
) ENGINE=InnoDB DEFAULT CHARSET=utf8;
/*!40101 SET character_set_client = @saved_cs_client */;

--
-- Dumping data for table `vtiger_activity`
--

LOCK TABLES `vtiger_activity` WRITE;
/*!40000 ALTER TABLE `vtiger_activity` DISABLE KEYS */;
INSERT INTO `vtiger_activity` VALUES (3,'тест1',NULL,'Call','2020-06-04','2020-06-04','12:01:00','12:06:00','0','0','5',NULL,'Held','','','0','Public','--None--',''),(4,'тест2 задача',NULL,'Task','2020-06-04','2020-06-04','12:01:00','','0','11','59','In Progress','','','','0','Private','',''),(49,'testn1','','Emails','2020-06-11',NULL,'11:59',NULL,'0',NULL,NULL,NULL,NULL,NULL,NULL,'0','all',NULL,''),(53,'Re: testn1','','Emails','2020-06-11',NULL,'12:04',NULL,'0',NULL,NULL,NULL,NULL,NULL,NULL,'0','all',NULL,''),(54,'test user project','','Emails','2020-06-11',NULL,'14:20',NULL,'0',NULL,NULL,NULL,NULL,NULL,NULL,'0','all',NULL,'');
/*!40000 ALTER TABLE `vtiger_activity` ENABLE KEYS */;
UNLOCK TABLES;

--
-- Table structure for table `vtiger_activity_recurring_info`
--

DROP TABLE IF EXISTS `vtiger_activity_recurring_info`;
/*!40101 SET @saved_cs_client     = @@character_set_client */;
/*!40101 SET character_set_client = utf8 */;
CREATE TABLE `vtiger_activity_recurring_info` (
  `activityid` int(19) NOT NULL,
  `recurrenceid` int(19) NOT NULL
) ENGINE=InnoDB DEFAULT CHARSET=utf8;
/*!40101 SET character_set_client = @saved_cs_client */;

--
-- Dumping data for table `vtiger_activity_recurring_info`
--

LOCK TABLES `vtiger_activity_recurring_info` WRITE;
/*!40000 ALTER TABLE `vtiger_activity_recurring_info` DISABLE KEYS */;
/*!40000 ALTER TABLE `vtiger_activity_recurring_info` ENABLE KEYS */;
UNLOCK TABLES;

--
-- Table structure for table `vtiger_activity_reminder`
--

DROP TABLE IF EXISTS `vtiger_activity_reminder`;
/*!40101 SET @saved_cs_client     = @@character_set_client */;
/*!40101 SET character_set_client = utf8 */;
CREATE TABLE `vtiger_activity_reminder` (
  `activity_id` int(11) NOT NULL,
  `reminder_time` int(11) NOT NULL,
  `reminder_sent` int(2) NOT NULL,
  `recurringid` int(19) NOT NULL,
  PRIMARY KEY (`activity_id`,`recurringid`),
  CONSTRAINT `fk_activityid_vtiger_activity_reminder` FOREIGN KEY (`activity_id`) REFERENCES `vtiger_activity` (`activityid`) ON DELETE CASCADE
) ENGINE=InnoDB DEFAULT CHARSET=utf8;
/*!40101 SET character_set_client = @saved_cs_client */;

--
-- Dumping data for table `vtiger_activity_reminder`
--

LOCK TABLES `vtiger_activity_reminder` WRITE;
/*!40000 ALTER TABLE `vtiger_activity_reminder` DISABLE KEYS */;
INSERT INTO `vtiger_activity_reminder` VALUES (4,0,0,0);
/*!40000 ALTER TABLE `vtiger_activity_reminder` ENABLE KEYS */;
UNLOCK TABLES;

--
-- Table structure for table `vtiger_activity_reminder_popup`
--

DROP TABLE IF EXISTS `vtiger_activity_reminder_popup`;
/*!40101 SET @saved_cs_client     = @@character_set_client */;
/*!40101 SET character_set_client = utf8 */;
CREATE TABLE `vtiger_activity_reminder_popup` (
  `reminderid` int(19) NOT NULL AUTO_INCREMENT,
  `semodule` varchar(100) NOT NULL,
  `recordid` int(19) NOT NULL,
  `date_start` date NOT NULL,
  `time_start` varchar(100) NOT NULL,
  `status` int(2) NOT NULL,
  PRIMARY KEY (`reminderid`)
) ENGINE=InnoDB DEFAULT CHARSET=utf8;
/*!40101 SET character_set_client = @saved_cs_client */;

--
-- Dumping data for table `vtiger_activity_reminder_popup`
--

LOCK TABLES `vtiger_activity_reminder_popup` WRITE;
/*!40000 ALTER TABLE `vtiger_activity_reminder_popup` DISABLE KEYS */;
/*!40000 ALTER TABLE `vtiger_activity_reminder_popup` ENABLE KEYS */;
UNLOCK TABLES;

--
-- Table structure for table `vtiger_activity_view`
--

DROP TABLE IF EXISTS `vtiger_activity_view`;
/*!40101 SET @saved_cs_client     = @@character_set_client */;
/*!40101 SET character_set_client = utf8 */;
CREATE TABLE `vtiger_activity_view` (
  `activity_viewid` int(19) NOT NULL AUTO_INCREMENT,
  `activity_view` varchar(200) NOT NULL,
  `sortorderid` int(19) NOT NULL DEFAULT '0',
  `presence` int(1) NOT NULL DEFAULT '1',
  PRIMARY KEY (`activity_viewid`)
) ENGINE=InnoDB AUTO_INCREMENT=6 DEFAULT CHARSET=utf8;
/*!40101 SET character_set_client = @saved_cs_client */;

--
-- Dumping data for table `vtiger_activity_view`
--

LOCK TABLES `vtiger_activity_view` WRITE;
/*!40000 ALTER TABLE `vtiger_activity_view` DISABLE KEYS */;
INSERT INTO `vtiger_activity_view` VALUES (1,'Today',0,1),(2,'This Week',1,1),(3,'This Month',2,1),(4,'This Year',3,1),(5,'Agenda',4,1);
/*!40000 ALTER TABLE `vtiger_activity_view` ENABLE KEYS */;
UNLOCK TABLES;

--
-- Table structure for table `vtiger_activity_view_seq`
--

DROP TABLE IF EXISTS `vtiger_activity_view_seq`;
/*!40101 SET @saved_cs_client     = @@character_set_client */;
/*!40101 SET character_set_client = utf8 */;
CREATE TABLE `vtiger_activity_view_seq` (
  `id` int(11) NOT NULL
) ENGINE=InnoDB DEFAULT CHARSET=utf8;
/*!40101 SET character_set_client = @saved_cs_client */;

--
-- Dumping data for table `vtiger_activity_view_seq`
--

LOCK TABLES `vtiger_activity_view_seq` WRITE;
/*!40000 ALTER TABLE `vtiger_activity_view_seq` DISABLE KEYS */;
INSERT INTO `vtiger_activity_view_seq` VALUES (5);
/*!40000 ALTER TABLE `vtiger_activity_view_seq` ENABLE KEYS */;
UNLOCK TABLES;

--
-- Table structure for table `vtiger_activitycf`
--

DROP TABLE IF EXISTS `vtiger_activitycf`;
/*!40101 SET @saved_cs_client     = @@character_set_client */;
/*!40101 SET character_set_client = utf8 */;
CREATE TABLE `vtiger_activitycf` (
  `activityid` int(19) NOT NULL DEFAULT '0',
  PRIMARY KEY (`activityid`),
  CONSTRAINT `fk_activityid_vtiger_activitycf` FOREIGN KEY (`activityid`) REFERENCES `vtiger_activity` (`activityid`) ON DELETE CASCADE
) ENGINE=InnoDB DEFAULT CHARSET=utf8;
/*!40101 SET character_set_client = @saved_cs_client */;

--
-- Dumping data for table `vtiger_activitycf`
--

LOCK TABLES `vtiger_activitycf` WRITE;
/*!40000 ALTER TABLE `vtiger_activitycf` DISABLE KEYS */;
INSERT INTO `vtiger_activitycf` VALUES (3),(4);
/*!40000 ALTER TABLE `vtiger_activitycf` ENABLE KEYS */;
UNLOCK TABLES;

--
-- Table structure for table `vtiger_activityproductrel`
--

DROP TABLE IF EXISTS `vtiger_activityproductrel`;
/*!40101 SET @saved_cs_client     = @@character_set_client */;
/*!40101 SET character_set_client = utf8 */;
CREATE TABLE `vtiger_activityproductrel` (
  `activityid` int(19) NOT NULL DEFAULT '0',
  `productid` int(19) NOT NULL DEFAULT '0',
  PRIMARY KEY (`activityid`,`productid`),
  KEY `activityproductrel_activityid_idx` (`activityid`),
  KEY `activityproductrel_productid_idx` (`productid`),
  CONSTRAINT `fk_2_vtiger_activityproductrel` FOREIGN KEY (`productid`) REFERENCES `vtiger_products` (`productid`) ON DELETE CASCADE
) ENGINE=InnoDB DEFAULT CHARSET=utf8;
/*!40101 SET character_set_client = @saved_cs_client */;

--
-- Dumping data for table `vtiger_activityproductrel`
--

LOCK TABLES `vtiger_activityproductrel` WRITE;
/*!40000 ALTER TABLE `vtiger_activityproductrel` DISABLE KEYS */;
/*!40000 ALTER TABLE `vtiger_activityproductrel` ENABLE KEYS */;
UNLOCK TABLES;

--
-- Table structure for table `vtiger_activitytype`
--

DROP TABLE IF EXISTS `vtiger_activitytype`;
/*!40101 SET @saved_cs_client     = @@character_set_client */;
/*!40101 SET character_set_client = utf8 */;
CREATE TABLE `vtiger_activitytype` (
  `activitytypeid` int(19) NOT NULL AUTO_INCREMENT,
  `activitytype` varchar(200) NOT NULL,
  `presence` int(1) NOT NULL DEFAULT '1',
  `picklist_valueid` int(19) NOT NULL DEFAULT '0',
  `sortorderid` int(11) DEFAULT NULL,
  `color` varchar(10) DEFAULT NULL,
  PRIMARY KEY (`activitytypeid`),
  UNIQUE KEY `activitytype_activitytype_idx` (`activitytype`)
) ENGINE=InnoDB AUTO_INCREMENT=4 DEFAULT CHARSET=utf8;
/*!40101 SET character_set_client = @saved_cs_client */;

--
-- Dumping data for table `vtiger_activitytype`
--

LOCK TABLES `vtiger_activitytype` WRITE;
/*!40000 ALTER TABLE `vtiger_activitytype` DISABLE KEYS */;
INSERT INTO `vtiger_activitytype` VALUES (1,'Call',0,12,0,NULL),(2,'Meeting',0,13,1,NULL),(3,'Mobile Call',0,313,1,NULL);
/*!40000 ALTER TABLE `vtiger_activitytype` ENABLE KEYS */;
UNLOCK TABLES;

--
-- Table structure for table `vtiger_activitytype_seq`
--

DROP TABLE IF EXISTS `vtiger_activitytype_seq`;
/*!40101 SET @saved_cs_client     = @@character_set_client */;
/*!40101 SET character_set_client = utf8 */;
CREATE TABLE `vtiger_activitytype_seq` (
  `id` int(11) NOT NULL
) ENGINE=InnoDB DEFAULT CHARSET=utf8;
/*!40101 SET character_set_client = @saved_cs_client */;

--
-- Dumping data for table `vtiger_activitytype_seq`
--

LOCK TABLES `vtiger_activitytype_seq` WRITE;
/*!40000 ALTER TABLE `vtiger_activitytype_seq` DISABLE KEYS */;
INSERT INTO `vtiger_activitytype_seq` VALUES (3);
/*!40000 ALTER TABLE `vtiger_activitytype_seq` ENABLE KEYS */;
UNLOCK TABLES;

--
-- Table structure for table `vtiger_announcement`
--

DROP TABLE IF EXISTS `vtiger_announcement`;
/*!40101 SET @saved_cs_client     = @@character_set_client */;
/*!40101 SET character_set_client = utf8 */;
CREATE TABLE `vtiger_announcement` (
  `creatorid` int(19) NOT NULL,
  `announcement` text,
  `title` varchar(255) DEFAULT NULL,
  `time` timestamp NOT NULL DEFAULT CURRENT_TIMESTAMP ON UPDATE CURRENT_TIMESTAMP,
  PRIMARY KEY (`creatorid`),
  KEY `announcement_creatorid_idx` (`creatorid`)
) ENGINE=InnoDB DEFAULT CHARSET=utf8;
/*!40101 SET character_set_client = @saved_cs_client */;

--
-- Dumping data for table `vtiger_announcement`
--

LOCK TABLES `vtiger_announcement` WRITE;
/*!40000 ALTER TABLE `vtiger_announcement` DISABLE KEYS */;
/*!40000 ALTER TABLE `vtiger_announcement` ENABLE KEYS */;
UNLOCK TABLES;

--
-- Table structure for table `vtiger_app2tab`
--

DROP TABLE IF EXISTS `vtiger_app2tab`;
/*!40101 SET @saved_cs_client     = @@character_set_client */;
/*!40101 SET character_set_client = utf8 */;
CREATE TABLE `vtiger_app2tab` (
  `tabid` int(11) DEFAULT NULL,
  `appname` varchar(20) DEFAULT NULL,
  `sequence` int(19) DEFAULT NULL,
  `visible` int(3) DEFAULT '1',
  KEY `vtiger_app2tab_fk_tab` (`tabid`),
  CONSTRAINT `vtiger_app2tab_fk_tab` FOREIGN KEY (`tabid`) REFERENCES `vtiger_tab` (`tabid`) ON DELETE CASCADE
) ENGINE=InnoDB DEFAULT CHARSET=utf8;
/*!40101 SET character_set_client = @saved_cs_client */;

--
-- Dumping data for table `vtiger_app2tab`
--

LOCK TABLES `vtiger_app2tab` WRITE;
/*!40000 ALTER TABLE `vtiger_app2tab` DISABLE KEYS */;
INSERT INTO `vtiger_app2tab` VALUES (31,'INVENTORY',2,1),(35,'TOOLS',6,1),(36,'SUPPORT',3,1),(45,'TOOLS',7,1),(46,'SALES',5,1),(50,'INVENTORY',10,1),(57,'SALES',8,0),(58,'SALES',9,0),(59,'SALES',10,0),(61,'SETTINGS',1,1),(2,'SALES',1,1),(20,'SALES',2,1),(4,'SALES',6,1),(6,'SALES',7,1),(22,'SALES',11,1),(23,'SALES',12,1),(35,'SALES',13,1),(14,'SALES',3,1),(31,'SALES',4,1),(4,'MARKETING',3,1),(6,'MARKETING',4,1),(7,'MARKETING',2,1),(26,'MARKETING',1,1),(46,'MARKETING',5,0),(35,'MARKETING',6,0),(4,'INVENTORY',8,1),(6,'INVENTORY',9,1),(22,'INVENTORY',5,0),(23,'INVENTORY',4,0),(46,'INVENTORY',11,0),(57,'INVENTORY',12,1),(58,'INVENTORY',13,1),(59,'INVENTORY',14,1),(35,'INVENTORY',15,0),(14,'INVENTORY',1,1),(18,'INVENTORY',7,1),(19,'INVENTORY',3,1),(21,'INVENTORY',6,1),(4,'SUPPORT',6,1),(6,'SUPPORT',7,1),(46,'SUPPORT',5,0),(35,'SUPPORT',8,0),(13,'SUPPORT',1,1),(15,'SUPPORT',2,1),(42,'SUPPORT',4,1),(56,'PROJECT',1,1),(55,'PROJECT',2,1),(54,'PROJECT',3,1),(4,'PROJECT',4,1),(6,'PROJECT',5,1),(46,'PROJECT',6,0),(35,'PROJECT',7,0),(30,'TOOLS',2,1),(44,'TOOLS',1,1),(24,'TOOLS',3,1),(27,'TOOLS',4,1),(53,'TOOLS',5,1);
/*!40000 ALTER TABLE `vtiger_app2tab` ENABLE KEYS */;
UNLOCK TABLES;

--
-- Table structure for table `vtiger_assets`
--

DROP TABLE IF EXISTS `vtiger_assets`;
/*!40101 SET @saved_cs_client     = @@character_set_client */;
/*!40101 SET character_set_client = utf8 */;
CREATE TABLE `vtiger_assets` (
  `assetsid` int(11) NOT NULL,
  `asset_no` varchar(30) NOT NULL,
  `account` int(19) DEFAULT NULL,
  `product` int(19) NOT NULL,
  `serialnumber` varchar(200) DEFAULT NULL,
  `datesold` date DEFAULT NULL,
  `dateinservice` date DEFAULT NULL,
  `assetstatus` varchar(200) DEFAULT 'In Service',
  `tagnumber` varchar(300) DEFAULT NULL,
  `invoiceid` int(19) DEFAULT NULL,
  `shippingmethod` varchar(200) DEFAULT NULL,
  `shippingtrackingnumber` varchar(200) DEFAULT NULL,
  `assetname` varchar(100) DEFAULT NULL,
  `contact` int(19) DEFAULT NULL,
  `tags` varchar(1) DEFAULT NULL,
  PRIMARY KEY (`assetsid`),
  CONSTRAINT `fk_1_vtiger_assets` FOREIGN KEY (`assetsid`) REFERENCES `vtiger_crmentity` (`crmid`) ON DELETE CASCADE
) ENGINE=InnoDB DEFAULT CHARSET=utf8;
/*!40101 SET character_set_client = @saved_cs_client */;

--
-- Dumping data for table `vtiger_assets`
--

LOCK TABLES `vtiger_assets` WRITE;
/*!40000 ALTER TABLE `vtiger_assets` DISABLE KEYS */;
/*!40000 ALTER TABLE `vtiger_assets` ENABLE KEYS */;
UNLOCK TABLES;

--
-- Table structure for table `vtiger_assetscf`
--

DROP TABLE IF EXISTS `vtiger_assetscf`;
/*!40101 SET @saved_cs_client     = @@character_set_client */;
/*!40101 SET character_set_client = utf8 */;
CREATE TABLE `vtiger_assetscf` (
  `assetsid` int(19) NOT NULL,
  PRIMARY KEY (`assetsid`),
  CONSTRAINT `fk_assetsid_vtiger_assetscf` FOREIGN KEY (`assetsid`) REFERENCES `vtiger_assets` (`assetsid`) ON DELETE CASCADE
) ENGINE=InnoDB DEFAULT CHARSET=utf8;
/*!40101 SET character_set_client = @saved_cs_client */;

--
-- Dumping data for table `vtiger_assetscf`
--

LOCK TABLES `vtiger_assetscf` WRITE;
/*!40000 ALTER TABLE `vtiger_assetscf` DISABLE KEYS */;
/*!40000 ALTER TABLE `vtiger_assetscf` ENABLE KEYS */;
UNLOCK TABLES;

--
-- Table structure for table `vtiger_assetstatus`
--

DROP TABLE IF EXISTS `vtiger_assetstatus`;
/*!40101 SET @saved_cs_client     = @@character_set_client */;
/*!40101 SET character_set_client = utf8 */;
CREATE TABLE `vtiger_assetstatus` (
  `assetstatusid` int(11) NOT NULL AUTO_INCREMENT,
  `assetstatus` varchar(200) NOT NULL,
  `presence` int(1) NOT NULL DEFAULT '1',
  `picklist_valueid` int(11) NOT NULL DEFAULT '0',
  `sortorderid` int(11) DEFAULT '0',
  `color` varchar(10) DEFAULT NULL,
  PRIMARY KEY (`assetstatusid`)
) ENGINE=InnoDB AUTO_INCREMENT=3 DEFAULT CHARSET=utf8;
/*!40101 SET character_set_client = @saved_cs_client */;

--
-- Dumping data for table `vtiger_assetstatus`
--

LOCK TABLES `vtiger_assetstatus` WRITE;
/*!40000 ALTER TABLE `vtiger_assetstatus` DISABLE KEYS */;
INSERT INTO `vtiger_assetstatus` VALUES (1,'In Service',1,233,1,NULL),(2,'Out-of-service',1,234,2,NULL);
/*!40000 ALTER TABLE `vtiger_assetstatus` ENABLE KEYS */;
UNLOCK TABLES;

--
-- Table structure for table `vtiger_assetstatus_seq`
--

DROP TABLE IF EXISTS `vtiger_assetstatus_seq`;
/*!40101 SET @saved_cs_client     = @@character_set_client */;
/*!40101 SET character_set_client = utf8 */;
CREATE TABLE `vtiger_assetstatus_seq` (
  `id` int(11) NOT NULL
) ENGINE=InnoDB DEFAULT CHARSET=utf8;
/*!40101 SET character_set_client = @saved_cs_client */;

--
-- Dumping data for table `vtiger_assetstatus_seq`
--

LOCK TABLES `vtiger_assetstatus_seq` WRITE;
/*!40000 ALTER TABLE `vtiger_assetstatus_seq` DISABLE KEYS */;
INSERT INTO `vtiger_assetstatus_seq` VALUES (2);
/*!40000 ALTER TABLE `vtiger_assetstatus_seq` ENABLE KEYS */;
UNLOCK TABLES;

--
-- Table structure for table `vtiger_asterisk`
--

DROP TABLE IF EXISTS `vtiger_asterisk`;
/*!40101 SET @saved_cs_client     = @@character_set_client */;
/*!40101 SET character_set_client = utf8 */;
CREATE TABLE `vtiger_asterisk` (
  `server` varchar(30) DEFAULT NULL,
  `port` varchar(30) DEFAULT NULL,
  `username` varchar(50) DEFAULT NULL,
  `password` varchar(50) DEFAULT NULL,
  `version` varchar(50) DEFAULT NULL
) ENGINE=InnoDB DEFAULT CHARSET=utf8;
/*!40101 SET character_set_client = @saved_cs_client */;

--
-- Dumping data for table `vtiger_asterisk`
--

LOCK TABLES `vtiger_asterisk` WRITE;
/*!40000 ALTER TABLE `vtiger_asterisk` DISABLE KEYS */;
/*!40000 ALTER TABLE `vtiger_asterisk` ENABLE KEYS */;
UNLOCK TABLES;

--
-- Table structure for table `vtiger_asteriskextensions`
--

DROP TABLE IF EXISTS `vtiger_asteriskextensions`;
/*!40101 SET @saved_cs_client     = @@character_set_client */;
/*!40101 SET character_set_client = utf8 */;
CREATE TABLE `vtiger_asteriskextensions` (
  `userid` int(11) DEFAULT NULL,
  `asterisk_extension` varchar(50) DEFAULT NULL,
  `use_asterisk` varchar(3) DEFAULT NULL
) ENGINE=InnoDB DEFAULT CHARSET=utf8;
/*!40101 SET character_set_client = @saved_cs_client */;

--
-- Dumping data for table `vtiger_asteriskextensions`
--

LOCK TABLES `vtiger_asteriskextensions` WRITE;
/*!40000 ALTER TABLE `vtiger_asteriskextensions` DISABLE KEYS */;
INSERT INTO `vtiger_asteriskextensions` VALUES (1,NULL,NULL),(6,NULL,NULL),(7,NULL,NULL),(8,NULL,NULL),(9,NULL,NULL),(10,NULL,NULL),(13,NULL,NULL),(14,NULL,NULL);
/*!40000 ALTER TABLE `vtiger_asteriskextensions` ENABLE KEYS */;
UNLOCK TABLES;

--
-- Table structure for table `vtiger_asteriskincomingcalls`
--

DROP TABLE IF EXISTS `vtiger_asteriskincomingcalls`;
/*!40101 SET @saved_cs_client     = @@character_set_client */;
/*!40101 SET character_set_client = utf8 */;
CREATE TABLE `vtiger_asteriskincomingcalls` (
  `from_number` varchar(50) DEFAULT NULL,
  `from_name` varchar(50) DEFAULT NULL,
  `to_number` varchar(50) DEFAULT NULL,
  `callertype` varchar(30) DEFAULT NULL,
  `flag` int(19) DEFAULT NULL,
  `timer` int(19) DEFAULT NULL,
  `refuid` varchar(255) DEFAULT NULL
) ENGINE=InnoDB DEFAULT CHARSET=utf8;
/*!40101 SET character_set_client = @saved_cs_client */;

--
-- Dumping data for table `vtiger_asteriskincomingcalls`
--

LOCK TABLES `vtiger_asteriskincomingcalls` WRITE;
/*!40000 ALTER TABLE `vtiger_asteriskincomingcalls` DISABLE KEYS */;
/*!40000 ALTER TABLE `vtiger_asteriskincomingcalls` ENABLE KEYS */;
UNLOCK TABLES;

--
-- Table structure for table `vtiger_asteriskincomingevents`
--

DROP TABLE IF EXISTS `vtiger_asteriskincomingevents`;
/*!40101 SET @saved_cs_client     = @@character_set_client */;
/*!40101 SET character_set_client = utf8 */;
CREATE TABLE `vtiger_asteriskincomingevents` (
  `uid` varchar(255) NOT NULL,
  `channel` varchar(100) DEFAULT NULL,
  `from_number` bigint(20) DEFAULT NULL,
  `from_name` varchar(100) DEFAULT NULL,
  `to_number` bigint(20) DEFAULT NULL,
  `callertype` varchar(100) DEFAULT NULL,
  `timer` int(20) DEFAULT NULL,
  `flag` varchar(3) DEFAULT NULL,
  `pbxrecordid` int(19) DEFAULT NULL,
  `relcrmid` int(19) DEFAULT NULL,
  PRIMARY KEY (`uid`)
) ENGINE=InnoDB DEFAULT CHARSET=utf8;
/*!40101 SET character_set_client = @saved_cs_client */;

--
-- Dumping data for table `vtiger_asteriskincomingevents`
--

LOCK TABLES `vtiger_asteriskincomingevents` WRITE;
/*!40000 ALTER TABLE `vtiger_asteriskincomingevents` DISABLE KEYS */;
/*!40000 ALTER TABLE `vtiger_asteriskincomingevents` ENABLE KEYS */;
UNLOCK TABLES;

--
-- Table structure for table `vtiger_attachments`
--

DROP TABLE IF EXISTS `vtiger_attachments`;
/*!40101 SET @saved_cs_client     = @@character_set_client */;
/*!40101 SET character_set_client = utf8 */;
CREATE TABLE `vtiger_attachments` (
  `attachmentsid` int(19) NOT NULL,
  `name` varchar(255) NOT NULL,
  `description` text,
  `type` varchar(100) DEFAULT NULL,
  `path` text,
  `subject` varchar(255) DEFAULT NULL,
  PRIMARY KEY (`attachmentsid`),
  KEY `attachments_attachmentsid_idx` (`attachmentsid`),
  CONSTRAINT `fk_1_vtiger_attachments` FOREIGN KEY (`attachmentsid`) REFERENCES `vtiger_crmentity` (`crmid`) ON DELETE CASCADE
) ENGINE=InnoDB DEFAULT CHARSET=utf8;
/*!40101 SET character_set_client = @saved_cs_client */;

--
-- Dumping data for table `vtiger_attachments`
--

LOCK TABLES `vtiger_attachments` WRITE;
/*!40000 ALTER TABLE `vtiger_attachments` DISABLE KEYS */;
INSERT INTO `vtiger_attachments` VALUES (20,'bob.png','','image/png','storage/2020/June/week2/',NULL),(21,'noname','noname','application/octet-stream','storage/2020/June/week2/',NULL),(22,'noname','noname','application/octet-stream','storage/2020/June/week2/',NULL),(23,'noname','noname','application/octet-stream','storage/2020/June/week2/',NULL),(24,'noname','noname','application/octet-stream','storage/2020/June/week2/',NULL),(25,'Счет_№_10007.pdf','Счет_№_10007.pdf','application/pdf','storage/2020/June/week2/',NULL),(26,'Акт_№_000396.pdf','Акт_№_000396.pdf','application/pdf','storage/2020/June/week2/',NULL),(27,'banninnmchglfjcb.png','banninnmchglfjcb.png','image/png','storage/2020/June/week2/',NULL),(28,'banninnmchglfjcb.png','banninnmchglfjcb.png','image/png','storage/2020/June/week2/',NULL),(29,'image001.png','image001.png','image/png','storage/2020/June/week2/',NULL),(30,'noname','noname','application/octet-stream','storage/2020/June/week2/',NULL),(31,'Акт_сверки_взаиморасчетов_по_контрагенту_ПТГ,_Транспортная_компания_Партнер-Транс-Гарант_(г.МСК).pdf','Акт_сверки_взаиморасчетов_по_контрагенту_ПТГ,_Транспортная_компания_Партнер-Транс-Гарант_(г.МСК).pdf','application/pdf','storage/2020/June/week2/',NULL),(32,'1_003.jpg','1_003.jpg','image/jpeg','storage/2020/June/week2/',NULL),(33,'1_002.jpg','1_002.jpg','image/jpeg','storage/2020/June/week2/',NULL),(34,'1_004.jpg','1_004.jpg','image/jpeg','storage/2020/June/week2/',NULL),(35,'1_001.jpg','1_001.jpg','image/jpeg','storage/2020/June/week2/',NULL),(36,'Message01.eml','Message01.eml','application/octet-stream','storage/2020/June/week2/',NULL),(37,'ojfiepbkialehdbp.png','ojfiepbkialehdbp.png','image/png','storage/2020/June/week2/',NULL),(38,'ojfiepbkialehdbp.png','ojfiepbkialehdbp.png','image/png','storage/2020/June/week2/',NULL),(39,'int_1.jpg','int_1.jpg','image/jpeg','storage/2020/June/week2/',NULL),(40,'int_1.jpg','int_1.jpg','image/jpeg','storage/2020/June/week2/',NULL),(41,'4_002.jpg','4_002.jpg','image/jpeg','storage/2020/June/week2/',NULL),(42,'4_001.jpg','4_001.jpg','image/jpeg','storage/2020/June/week2/',NULL),(44,'Transportnaya-Kompaniya3.png',NULL,'image/png','storage/2020/June/week2/',NULL),(45,'noname','noname','application/octet-stream','storage/2020/June/week2/',NULL),(46,'noname','noname','application/octet-stream','storage/2020/June/week2/',NULL),(47,'noname','noname','application/octet-stream','storage/2020/June/week2/',NULL),(48,'noname','noname','application/octet-stream','storage/2020/June/week2/',NULL),(50,'dlogo.png','<html>\r\n<head>\r\n	<title></title>\r\n</head>\r\n<body>testn1</body>\r\n</html>\r\n','image/png','storage/2020/June/week2/',NULL),(51,'dlogo.png','dlogo.png','image/png','storage/2020/June/week2/',NULL),(52,'Transportnaya-Kompaniya3.png','Transportnaya-Kompaniya3.png','image/png','storage/2020/June/week2/',NULL);
/*!40000 ALTER TABLE `vtiger_attachments` ENABLE KEYS */;
UNLOCK TABLES;

--
-- Table structure for table `vtiger_attachmentsfolder`
--

DROP TABLE IF EXISTS `vtiger_attachmentsfolder`;
/*!40101 SET @saved_cs_client     = @@character_set_client */;
/*!40101 SET character_set_client = utf8 */;
CREATE TABLE `vtiger_attachmentsfolder` (
  `folderid` int(19) NOT NULL AUTO_INCREMENT,
  `foldername` varchar(200) NOT NULL,
  `description` varchar(250) DEFAULT NULL,
  `createdby` int(19) NOT NULL,
  `sequence` int(19) DEFAULT NULL,
  PRIMARY KEY (`folderid`)
) ENGINE=InnoDB AUTO_INCREMENT=3 DEFAULT CHARSET=utf8;
/*!40101 SET character_set_client = @saved_cs_client */;

--
-- Dumping data for table `vtiger_attachmentsfolder`
--

LOCK TABLES `vtiger_attachmentsfolder` WRITE;
/*!40000 ALTER TABLE `vtiger_attachmentsfolder` DISABLE KEYS */;
INSERT INTO `vtiger_attachmentsfolder` VALUES (1,'По умолчанию','Это папка по умолчанию',1,1),(2,'Общая','Мусоросборник',1,2);
/*!40000 ALTER TABLE `vtiger_attachmentsfolder` ENABLE KEYS */;
UNLOCK TABLES;

--
-- Table structure for table `vtiger_attachmentsfolder_seq`
--

DROP TABLE IF EXISTS `vtiger_attachmentsfolder_seq`;
/*!40101 SET @saved_cs_client     = @@character_set_client */;
/*!40101 SET character_set_client = utf8 */;
CREATE TABLE `vtiger_attachmentsfolder_seq` (
  `id` int(11) NOT NULL
) ENGINE=InnoDB DEFAULT CHARSET=utf8;
/*!40101 SET character_set_client = @saved_cs_client */;

--
-- Dumping data for table `vtiger_attachmentsfolder_seq`
--

LOCK TABLES `vtiger_attachmentsfolder_seq` WRITE;
/*!40000 ALTER TABLE `vtiger_attachmentsfolder_seq` DISABLE KEYS */;
INSERT INTO `vtiger_attachmentsfolder_seq` VALUES (1);
/*!40000 ALTER TABLE `vtiger_attachmentsfolder_seq` ENABLE KEYS */;
UNLOCK TABLES;

--
-- Table structure for table `vtiger_audit_trial`
--

DROP TABLE IF EXISTS `vtiger_audit_trial`;
/*!40101 SET @saved_cs_client     = @@character_set_client */;
/*!40101 SET character_set_client = utf8 */;
CREATE TABLE `vtiger_audit_trial` (
  `auditid` int(19) NOT NULL,
  `userid` int(19) DEFAULT NULL,
  `module` varchar(255) DEFAULT NULL,
  `action` varchar(255) DEFAULT NULL,
  `recordid` varchar(20) DEFAULT NULL,
  `actiondate` datetime DEFAULT NULL,
  PRIMARY KEY (`auditid`)
) ENGINE=InnoDB DEFAULT CHARSET=utf8;
/*!40101 SET character_set_client = @saved_cs_client */;

--
-- Dumping data for table `vtiger_audit_trial`
--

LOCK TABLES `vtiger_audit_trial` WRITE;
/*!40000 ALTER TABLE `vtiger_audit_trial` DISABLE KEYS */;
/*!40000 ALTER TABLE `vtiger_audit_trial` ENABLE KEYS */;
UNLOCK TABLES;

--
-- Table structure for table `vtiger_blocks`
--

DROP TABLE IF EXISTS `vtiger_blocks`;
/*!40101 SET @saved_cs_client     = @@character_set_client */;
/*!40101 SET character_set_client = utf8 */;
CREATE TABLE `vtiger_blocks` (
  `blockid` int(19) NOT NULL,
  `tabid` int(19) NOT NULL,
  `blocklabel` varchar(100) NOT NULL,
  `sequence` int(10) DEFAULT NULL,
  `show_title` int(2) DEFAULT NULL,
  `visible` int(2) NOT NULL DEFAULT '0',
  `create_view` int(2) NOT NULL DEFAULT '0',
  `edit_view` int(2) NOT NULL DEFAULT '0',
  `detail_view` int(2) NOT NULL DEFAULT '0',
  `display_status` int(1) NOT NULL DEFAULT '1',
  `iscustom` int(1) NOT NULL DEFAULT '0',
  PRIMARY KEY (`blockid`),
  KEY `block_tabid_idx` (`tabid`),
  CONSTRAINT `fk_1_vtiger_blocks` FOREIGN KEY (`tabid`) REFERENCES `vtiger_tab` (`tabid`) ON DELETE CASCADE
) ENGINE=InnoDB DEFAULT CHARSET=utf8;
/*!40101 SET character_set_client = @saved_cs_client */;

--
-- Dumping data for table `vtiger_blocks`
--

LOCK TABLES `vtiger_blocks` WRITE;
/*!40000 ALTER TABLE `vtiger_blocks` DISABLE KEYS */;
INSERT INTO `vtiger_blocks` VALUES (1,2,'LBL_OPPORTUNITY_INFORMATION',1,0,0,0,0,0,1,0),(2,2,'LBL_CUSTOM_INFORMATION',2,0,0,0,0,0,1,0),(3,2,'LBL_DESCRIPTION_INFORMATION',3,0,0,0,0,0,1,0),(4,4,'LBL_CONTACT_INFORMATION',1,0,0,0,0,0,1,0),(5,4,'LBL_CUSTOM_INFORMATION',2,0,0,0,0,0,1,0),(6,4,'LBL_CUSTOMER_PORTAL_INFORMATION',3,0,0,0,0,0,1,0),(7,4,'LBL_ADDRESS_INFORMATION',4,0,0,0,0,0,1,0),(8,4,'LBL_DESCRIPTION_INFORMATION',5,0,0,0,0,0,1,0),(9,6,'LBL_ACCOUNT_INFORMATION',1,0,0,0,0,0,1,0),(10,6,'LBL_CUSTOM_INFORMATION',2,0,0,0,0,0,1,0),(11,6,'LBL_ADDRESS_INFORMATION',3,0,0,0,0,0,1,0),(12,6,'LBL_DESCRIPTION_INFORMATION',4,0,0,0,0,0,1,0),(13,7,'LBL_LEAD_INFORMATION',1,0,0,0,0,0,1,0),(14,7,'LBL_CUSTOM_INFORMATION',2,0,0,0,0,0,1,0),(15,7,'LBL_ADDRESS_INFORMATION',3,0,0,0,0,0,1,0),(16,7,'LBL_DESCRIPTION_INFORMATION',4,0,0,0,0,0,1,0),(17,8,'LBL_NOTE_INFORMATION',1,0,0,0,0,0,1,0),(18,8,'LBL_FILE_INFORMATION',3,1,0,0,0,0,1,0),(19,9,'LBL_TASK_INFORMATION',1,0,0,0,0,0,1,0),(20,9,'LBL_DESCRIPTION_INFORMATION',3,1,0,0,0,0,1,0),(21,10,'LBL_EMAIL_INFORMATION',1,0,0,0,0,0,1,0),(22,10,'Emails_Block1',2,1,0,0,0,0,1,0),(23,10,'Emails_Block2',3,1,0,0,0,0,1,0),(24,10,'Emails_Block3',4,1,0,0,0,0,1,0),(25,13,'LBL_TICKET_INFORMATION',1,0,0,0,0,0,1,0),(26,13,'',2,1,0,0,0,0,1,0),(27,13,'LBL_CUSTOM_INFORMATION',3,0,0,0,0,0,1,0),(28,13,'LBL_DESCRIPTION_INFORMATION',4,0,0,0,0,0,1,0),(29,13,'LBL_TICKET_RESOLUTION',5,0,0,1,0,0,1,0),(30,13,'LBL_COMMENTS',6,0,0,1,0,0,1,0),(31,14,'LBL_PRODUCT_INFORMATION',1,0,0,0,0,0,1,0),(32,14,'LBL_PRICING_INFORMATION',2,0,0,0,0,0,1,0),(33,14,'LBL_STOCK_INFORMATION',3,0,0,0,0,0,1,0),(34,14,'LBL_CUSTOM_INFORMATION',4,0,0,0,0,0,1,0),(35,14,'LBL_IMAGE_INFORMATION',5,0,0,0,0,0,1,0),(36,14,'LBL_DESCRIPTION_INFORMATION',6,0,0,0,0,0,1,0),(37,15,'LBL_FAQ_INFORMATION',1,0,0,0,0,0,1,0),(38,15,'LBL_COMMENT_INFORMATION',4,0,0,1,0,0,1,0),(39,16,'LBL_EVENT_INFORMATION',1,0,0,0,0,0,1,0),(40,16,'LBL_REMINDER_INFORMATION',2,0,0,0,0,0,1,0),(41,16,'LBL_DESCRIPTION_INFORMATION',5,0,0,0,0,0,1,0),(42,18,'LBL_VENDOR_INFORMATION',1,0,0,0,0,0,1,0),(43,18,'LBL_CUSTOM_INFORMATION',2,0,0,0,0,0,1,0),(44,18,'LBL_VENDOR_ADDRESS_INFORMATION',3,0,0,0,0,0,1,0),(45,18,'LBL_DESCRIPTION_INFORMATION',4,0,0,0,0,0,1,0),(46,19,'LBL_PRICEBOOK_INFORMATION',1,0,0,0,0,0,1,0),(47,19,'LBL_CUSTOM_INFORMATION',2,0,0,0,0,0,1,0),(48,19,'LBL_DESCRIPTION_INFORMATION',3,0,0,0,0,0,1,0),(49,20,'LBL_QUOTE_INFORMATION',1,0,0,0,0,0,1,0),(50,20,'LBL_CUSTOM_INFORMATION',2,0,0,0,0,0,1,0),(51,20,'LBL_ADDRESS_INFORMATION',3,0,0,0,0,0,1,0),(52,20,'LBL_RELATED_PRODUCTS',4,0,0,0,0,0,1,0),(53,20,'LBL_TERMS_INFORMATION',5,0,0,0,0,0,1,0),(54,20,'LBL_DESCRIPTION_INFORMATION',6,0,0,0,0,0,1,0),(55,21,'LBL_PO_INFORMATION',1,0,0,0,0,0,1,0),(56,21,'LBL_CUSTOM_INFORMATION',2,0,0,0,0,0,1,0),(57,21,'LBL_ADDRESS_INFORMATION',3,0,0,0,0,0,1,0),(58,21,'LBL_RELATED_PRODUCTS',4,0,0,0,0,0,1,0),(59,21,'LBL_TERMS_INFORMATION',5,0,0,0,0,0,1,0),(60,21,'LBL_DESCRIPTION_INFORMATION',6,0,0,0,0,0,1,0),(61,22,'LBL_SO_INFORMATION',1,0,0,0,0,0,1,0),(62,22,'LBL_CUSTOM_INFORMATION',3,0,0,0,0,0,1,0),(63,22,'LBL_ADDRESS_INFORMATION',4,0,0,0,0,0,1,0),(64,22,'LBL_RELATED_PRODUCTS',5,0,0,0,0,0,1,0),(65,22,'LBL_TERMS_INFORMATION',6,0,0,0,0,0,1,0),(66,22,'LBL_DESCRIPTION_INFORMATION',7,0,0,0,0,0,1,0),(67,23,'LBL_INVOICE_INFORMATION',1,0,0,0,0,0,1,0),(68,23,'LBL_CUSTOM_INFORMATION',2,0,0,0,0,0,1,0),(69,23,'LBL_ADDRESS_INFORMATION',3,0,0,0,0,0,1,0),(70,23,'LBL_RELATED_PRODUCTS',4,0,0,0,0,0,1,0),(71,23,'LBL_TERMS_INFORMATION',5,0,0,0,0,0,1,0),(72,23,'LBL_DESCRIPTION_INFORMATION',6,0,0,0,0,0,1,0),(73,4,'LBL_IMAGE_INFORMATION',6,0,0,0,0,0,1,0),(74,26,'LBL_CAMPAIGN_INFORMATION',1,0,0,0,0,0,1,0),(75,26,'LBL_CUSTOM_INFORMATION',2,0,0,0,0,0,1,0),(76,26,'LBL_EXPECTATIONS_AND_ACTUALS',3,0,0,0,0,0,1,0),(77,29,'LBL_USERLOGIN_ROLE',1,0,0,0,0,0,1,0),(78,29,'LBL_CURRENCY_CONFIGURATION',3,0,0,0,0,0,1,0),(79,29,'LBL_MORE_INFORMATION',4,0,0,0,0,0,1,0),(80,29,'LBL_ADDRESS_INFORMATION',5,0,0,0,0,0,1,0),(81,26,'LBL_DESCRIPTION_INFORMATION',4,0,0,0,0,0,1,0),(82,29,'LBL_USER_IMAGE_INFORMATION',5,0,0,0,0,0,1,0),(83,29,'LBL_USER_ADV_OPTIONS',6,0,0,0,0,0,1,0),(84,8,'LBL_DESCRIPTION',2,0,0,0,0,0,1,0),(85,22,'Recurring Invoice Information',2,0,0,0,0,0,1,0),(86,9,'LBL_CUSTOM_INFORMATION',4,0,0,0,0,0,1,0),(87,16,'LBL_CUSTOM_INFORMATION',6,0,0,0,0,0,1,0),(88,31,'LBL_SERVICE_INFORMATION',1,0,0,0,0,0,1,0),(89,31,'LBL_PRICING_INFORMATION',2,0,0,0,0,0,1,0),(90,31,'LBL_CUSTOM_INFORMATION',3,0,0,0,0,0,1,0),(91,31,'LBL_DESCRIPTION_INFORMATION',4,0,0,0,0,0,1,0),(92,35,'LBL_PBXMANAGER_INFORMATION',1,0,0,0,0,0,1,0),(93,36,'LBL_SERVICE_CONTRACT_INFORMATION',1,0,0,0,0,0,1,0),(94,36,'LBL_CUSTOM_INFORMATION',2,0,0,0,0,0,1,0),(95,40,'LBL_MODCOMMENTS_INFORMATION',1,0,0,0,0,0,1,0),(96,40,'LBL_OTHER_INFORMATION',2,0,0,0,0,0,1,0),(97,40,'LBL_CUSTOM_INFORMATION',3,0,0,0,0,0,1,0),(98,42,'LBL_ASSET_INFORMATION',1,0,0,0,0,0,1,0),(99,42,'LBL_CUSTOM_INFORMATION',2,0,0,0,0,0,1,0),(100,42,'LBL_DESCRIPTION_INFORMATION',3,0,0,0,0,0,1,0),(101,45,'LBL_SPSOCIALCONNECTOR_INFORMATION',1,0,0,0,0,0,1,0),(102,46,'LBL_SMSNOTIFIER_INFORMATION',1,0,0,0,0,0,1,0),(103,46,'LBL_CUSTOM_INFORMATION',2,0,0,0,0,0,1,0),(104,46,'StatusInformation',3,0,0,0,0,0,1,0),(105,50,'LBL_UNITS_DETAILS',1,0,0,0,0,0,1,0),(106,54,'LBL_PROJECT_MILESTONE_INFORMATION',1,0,0,0,0,0,1,0),(107,54,'LBL_CUSTOM_INFORMATION',2,0,0,0,0,0,1,0),(108,54,'LBL_DESCRIPTION_INFORMATION',3,0,0,0,0,0,1,0),(109,55,'LBL_PROJECT_TASK_INFORMATION',1,0,0,0,0,0,1,0),(110,55,'LBL_CUSTOM_INFORMATION',2,0,0,0,0,0,1,0),(111,55,'LBL_DESCRIPTION_INFORMATION',3,0,0,0,0,0,1,0),(112,56,'LBL_PROJECT_INFORMATION',1,0,0,0,0,0,1,0),(113,56,'LBL_CUSTOM_INFORMATION',2,0,0,0,0,0,1,0),(114,56,'LBL_DESCRIPTION_INFORMATION',3,0,0,0,0,0,1,0),(115,57,'LBL_ACT_INFORMATION',1,0,0,0,0,0,1,0),(116,57,'LBL_ADDRESS_INFORMATION',2,0,0,0,0,0,1,0),(117,57,'LBL_RELATED_PRODUCTS',3,0,0,0,0,0,1,0),(118,57,'LBL_DESCRIPTION_INFORMATION',4,0,0,0,0,0,1,0),(119,57,'LBL_RELATED_PRODUCTS',5,0,0,0,0,0,1,0),(120,58,'LBL_PAYMENT_DETAILS',1,0,0,0,0,0,1,0),(121,58,'LBL_CASH_ORDER',2,0,0,0,0,0,1,0),(122,58,'LBL_DESCRIPTION_INFORMATION',3,0,0,0,0,0,1,0),(123,59,'LBL_CONSIGNMENT_INFORMATION',1,0,0,0,0,0,1,0),(124,59,'LBL_GOODS_CONSIGNMENT',2,0,0,0,0,0,1,0),(125,59,'LBL_ADDRESS_INFORMATION',3,0,0,0,0,0,1,0),(126,59,'LBL_RELATED_PRODUCTS',4,0,0,0,0,0,1,0),(127,59,'LBL_DESCRIPTION_INFORMATION',5,0,0,0,0,0,1,0),(128,59,'LBL_RELATED_PRODUCTS',6,0,0,0,0,0,1,0),(129,23,'LBL_ITEM_DETAILS',5,0,0,0,0,0,1,0),(130,22,'LBL_ITEM_DETAILS',5,0,0,0,0,0,1,0),(131,21,'LBL_ITEM_DETAILS',5,0,0,0,0,0,1,0),(132,20,'LBL_ITEM_DETAILS',5,0,0,0,0,0,1,0),(133,57,'LBL_ITEM_DETAILS',5,0,0,0,0,0,1,0),(134,59,'LBL_ITEM_DETAILS',5,0,0,0,0,0,1,0),(135,16,'LBL_RECURRENCE_INFORMATION',3,0,0,0,0,0,1,0),(136,29,'LBL_CALENDAR_SETTINGS',2,0,0,0,0,0,1,0),(137,16,'LBL_RELATED_TO',4,0,0,0,0,0,1,0),(138,9,'LBL_REMINDER_INFORMATION',2,0,0,0,0,0,1,0);
/*!40000 ALTER TABLE `vtiger_blocks` ENABLE KEYS */;
UNLOCK TABLES;

--
-- Table structure for table `vtiger_blocks_seq`
--

DROP TABLE IF EXISTS `vtiger_blocks_seq`;
/*!40101 SET @saved_cs_client     = @@character_set_client */;
/*!40101 SET character_set_client = utf8 */;
CREATE TABLE `vtiger_blocks_seq` (
  `id` int(11) NOT NULL
) ENGINE=InnoDB DEFAULT CHARSET=utf8;
/*!40101 SET character_set_client = @saved_cs_client */;

--
-- Dumping data for table `vtiger_blocks_seq`
--

LOCK TABLES `vtiger_blocks_seq` WRITE;
/*!40000 ALTER TABLE `vtiger_blocks_seq` DISABLE KEYS */;
INSERT INTO `vtiger_blocks_seq` VALUES (138);
/*!40000 ALTER TABLE `vtiger_blocks_seq` ENABLE KEYS */;
UNLOCK TABLES;

--
-- Table structure for table `vtiger_calendar_default_activitytypes`
--

DROP TABLE IF EXISTS `vtiger_calendar_default_activitytypes`;
/*!40101 SET @saved_cs_client     = @@character_set_client */;
/*!40101 SET character_set_client = utf8 */;
CREATE TABLE `vtiger_calendar_default_activitytypes` (
  `id` int(19) NOT NULL,
  `module` varchar(50) DEFAULT NULL,
  `fieldname` varchar(50) DEFAULT NULL,
  `defaultcolor` varchar(50) DEFAULT NULL,
  `isdefault` int(11) DEFAULT '1',
  `conditions` varchar(255) DEFAULT '',
  PRIMARY KEY (`id`)
) ENGINE=InnoDB DEFAULT CHARSET=utf8;
/*!40101 SET character_set_client = @saved_cs_client */;

--
-- Dumping data for table `vtiger_calendar_default_activitytypes`
--

LOCK TABLES `vtiger_calendar_default_activitytypes` WRITE;
/*!40000 ALTER TABLE `vtiger_calendar_default_activitytypes` DISABLE KEYS */;
INSERT INTO `vtiger_calendar_default_activitytypes` VALUES (1,'Events','[\"date_start\",\"due_date\"]','#17309A',1,''),(2,'Calendar','[\"date_start\",\"due_date\"]','#3A87AD',1,''),(3,'Potentials','[\"closingdate\"]','#AA6705',1,''),(4,'Contacts','[\"support_end_date\"]','#953B39',1,''),(5,'Contacts','[\"birthday\"]','#545252',1,''),(6,'Invoice','[\"duedate\"]','#87865D',1,''),(7,'Project','[\"startdate\",\"targetenddate\"]','#C71585',1,''),(8,'ProjectTask','[\"startdate\",\"enddate\"]','#006400',1,'');
/*!40000 ALTER TABLE `vtiger_calendar_default_activitytypes` ENABLE KEYS */;
UNLOCK TABLES;

--
-- Table structure for table `vtiger_calendar_default_activitytypes_seq`
--

DROP TABLE IF EXISTS `vtiger_calendar_default_activitytypes_seq`;
/*!40101 SET @saved_cs_client     = @@character_set_client */;
/*!40101 SET character_set_client = utf8 */;
CREATE TABLE `vtiger_calendar_default_activitytypes_seq` (
  `id` int(11) NOT NULL
) ENGINE=InnoDB DEFAULT CHARSET=utf8;
/*!40101 SET character_set_client = @saved_cs_client */;

--
-- Dumping data for table `vtiger_calendar_default_activitytypes_seq`
--

LOCK TABLES `vtiger_calendar_default_activitytypes_seq` WRITE;
/*!40000 ALTER TABLE `vtiger_calendar_default_activitytypes_seq` DISABLE KEYS */;
INSERT INTO `vtiger_calendar_default_activitytypes_seq` VALUES (8);
/*!40000 ALTER TABLE `vtiger_calendar_default_activitytypes_seq` ENABLE KEYS */;
UNLOCK TABLES;

--
-- Table structure for table `vtiger_calendar_user_activitytypes`
--

DROP TABLE IF EXISTS `vtiger_calendar_user_activitytypes`;
/*!40101 SET @saved_cs_client     = @@character_set_client */;
/*!40101 SET character_set_client = utf8 */;
CREATE TABLE `vtiger_calendar_user_activitytypes` (
  `id` int(19) NOT NULL,
  `defaultid` int(19) DEFAULT NULL,
  `userid` int(19) DEFAULT NULL,
  `color` varchar(50) DEFAULT NULL,
  `visible` int(19) DEFAULT '1',
  PRIMARY KEY (`id`)
) ENGINE=InnoDB DEFAULT CHARSET=utf8;
/*!40101 SET character_set_client = @saved_cs_client */;

--
-- Dumping data for table `vtiger_calendar_user_activitytypes`
--

LOCK TABLES `vtiger_calendar_user_activitytypes` WRITE;
/*!40000 ALTER TABLE `vtiger_calendar_user_activitytypes` DISABLE KEYS */;
INSERT INTO `vtiger_calendar_user_activitytypes` VALUES (1,1,1,'#17309A',1),(2,2,1,'#3A87AD',1),(3,3,1,'#AA6705',1),(4,4,1,'#953B39',1),(5,5,1,'#545252',1),(6,6,1,'#87865D',1),(7,7,1,'#C71585',1),(8,8,1,'#006400',1),(9,1,6,'#17309A',1),(10,2,6,'#3A87AD',1),(11,3,6,'#AA6705',1),(12,4,6,'#953B39',1),(13,5,6,'#545252',1),(14,6,6,'#87865D',1),(15,7,6,'#C71585',1),(16,8,6,'#006400',1),(17,1,7,'#17309A',1),(18,2,7,'#3A87AD',1),(19,3,7,'#AA6705',1),(20,4,7,'#953B39',1),(21,5,7,'#545252',1),(22,6,7,'#87865D',1),(23,7,7,'#C71585',1),(24,8,7,'#006400',1),(25,1,8,'#17309A',1),(26,2,8,'#3A87AD',1),(27,3,8,'#AA6705',1),(28,4,8,'#953B39',1),(29,5,8,'#545252',1),(30,6,8,'#87865D',1),(31,7,8,'#C71585',1),(32,8,8,'#006400',1),(33,1,9,'#17309A',1),(34,2,9,'#3A87AD',1),(35,3,9,'#AA6705',1),(36,4,9,'#953B39',1),(37,5,9,'#545252',1),(38,6,9,'#87865D',1),(39,7,9,'#C71585',1),(40,8,9,'#006400',1),(41,1,10,'#17309A',1),(42,2,10,'#3A87AD',1),(43,3,10,'#AA6705',1),(44,4,10,'#953B39',1),(45,5,10,'#545252',1),(46,6,10,'#87865D',1),(47,7,10,'#C71585',1),(48,8,10,'#006400',1),(49,1,13,'#17309A',1),(50,2,13,'#3A87AD',1),(51,3,13,'#AA6705',1),(52,4,13,'#953B39',1),(53,5,13,'#545252',1),(54,6,13,'#87865D',1),(55,7,13,'#C71585',1),(56,8,13,'#006400',1),(57,1,14,'#17309A',1),(58,2,14,'#3A87AD',1),(59,3,14,'#AA6705',1),(60,4,14,'#953B39',1),(61,5,14,'#545252',1),(62,6,14,'#87865D',1),(63,7,14,'#C71585',1),(64,8,14,'#006400',1);
/*!40000 ALTER TABLE `vtiger_calendar_user_activitytypes` ENABLE KEYS */;
UNLOCK TABLES;

--
-- Table structure for table `vtiger_calendar_user_activitytypes_seq`
--

DROP TABLE IF EXISTS `vtiger_calendar_user_activitytypes_seq`;
/*!40101 SET @saved_cs_client     = @@character_set_client */;
/*!40101 SET character_set_client = utf8 */;
CREATE TABLE `vtiger_calendar_user_activitytypes_seq` (
  `id` int(11) NOT NULL
) ENGINE=InnoDB DEFAULT CHARSET=utf8;
/*!40101 SET character_set_client = @saved_cs_client */;

--
-- Dumping data for table `vtiger_calendar_user_activitytypes_seq`
--

LOCK TABLES `vtiger_calendar_user_activitytypes_seq` WRITE;
/*!40000 ALTER TABLE `vtiger_calendar_user_activitytypes_seq` DISABLE KEYS */;
INSERT INTO `vtiger_calendar_user_activitytypes_seq` VALUES (64);
/*!40000 ALTER TABLE `vtiger_calendar_user_activitytypes_seq` ENABLE KEYS */;
UNLOCK TABLES;

--
-- Table structure for table `vtiger_calendarsharedtype`
--

DROP TABLE IF EXISTS `vtiger_calendarsharedtype`;
/*!40101 SET @saved_cs_client     = @@character_set_client */;
/*!40101 SET character_set_client = utf8 */;
CREATE TABLE `vtiger_calendarsharedtype` (
  `calendarsharedtypeid` int(11) NOT NULL AUTO_INCREMENT,
  `calendarsharedtype` varchar(200) NOT NULL,
  `sortorderid` int(11) DEFAULT NULL,
  `presence` int(11) NOT NULL DEFAULT '1',
  PRIMARY KEY (`calendarsharedtypeid`)
) ENGINE=InnoDB AUTO_INCREMENT=4 DEFAULT CHARSET=utf8;
/*!40101 SET character_set_client = @saved_cs_client */;

--
-- Dumping data for table `vtiger_calendarsharedtype`
--

LOCK TABLES `vtiger_calendarsharedtype` WRITE;
/*!40000 ALTER TABLE `vtiger_calendarsharedtype` DISABLE KEYS */;
INSERT INTO `vtiger_calendarsharedtype` VALUES (1,'public',0,1),(2,'private',1,1),(3,'seletedusers',2,1);
/*!40000 ALTER TABLE `vtiger_calendarsharedtype` ENABLE KEYS */;
UNLOCK TABLES;

--
-- Table structure for table `vtiger_calendarsharedtype_seq`
--

DROP TABLE IF EXISTS `vtiger_calendarsharedtype_seq`;
/*!40101 SET @saved_cs_client     = @@character_set_client */;
/*!40101 SET character_set_client = utf8 */;
CREATE TABLE `vtiger_calendarsharedtype_seq` (
  `id` int(11) NOT NULL
) ENGINE=InnoDB DEFAULT CHARSET=utf8;
/*!40101 SET character_set_client = @saved_cs_client */;

--
-- Dumping data for table `vtiger_calendarsharedtype_seq`
--

LOCK TABLES `vtiger_calendarsharedtype_seq` WRITE;
/*!40000 ALTER TABLE `vtiger_calendarsharedtype_seq` DISABLE KEYS */;
INSERT INTO `vtiger_calendarsharedtype_seq` VALUES (3);
/*!40000 ALTER TABLE `vtiger_calendarsharedtype_seq` ENABLE KEYS */;
UNLOCK TABLES;

--
-- Table structure for table `vtiger_callduration`
--

DROP TABLE IF EXISTS `vtiger_callduration`;
/*!40101 SET @saved_cs_client     = @@character_set_client */;
/*!40101 SET character_set_client = utf8 */;
CREATE TABLE `vtiger_callduration` (
  `calldurationid` int(11) NOT NULL AUTO_INCREMENT,
  `callduration` varchar(200) NOT NULL,
  `sortorderid` int(11) DEFAULT NULL,
  `presence` int(11) NOT NULL DEFAULT '1',
  PRIMARY KEY (`calldurationid`)
) ENGINE=InnoDB AUTO_INCREMENT=6 DEFAULT CHARSET=utf8;
/*!40101 SET character_set_client = @saved_cs_client */;

--
-- Dumping data for table `vtiger_callduration`
--

LOCK TABLES `vtiger_callduration` WRITE;
/*!40000 ALTER TABLE `vtiger_callduration` DISABLE KEYS */;
INSERT INTO `vtiger_callduration` VALUES (1,'5',0,1),(2,'10',1,1),(3,'30',2,1),(4,'60',3,1),(5,'120',4,1);
/*!40000 ALTER TABLE `vtiger_callduration` ENABLE KEYS */;
UNLOCK TABLES;

--
-- Table structure for table `vtiger_callduration_seq`
--

DROP TABLE IF EXISTS `vtiger_callduration_seq`;
/*!40101 SET @saved_cs_client     = @@character_set_client */;
/*!40101 SET character_set_client = utf8 */;
CREATE TABLE `vtiger_callduration_seq` (
  `id` int(11) NOT NULL
) ENGINE=InnoDB DEFAULT CHARSET=utf8;
/*!40101 SET character_set_client = @saved_cs_client */;

--
-- Dumping data for table `vtiger_callduration_seq`
--

LOCK TABLES `vtiger_callduration_seq` WRITE;
/*!40000 ALTER TABLE `vtiger_callduration_seq` DISABLE KEYS */;
INSERT INTO `vtiger_callduration_seq` VALUES (5);
/*!40000 ALTER TABLE `vtiger_callduration_seq` ENABLE KEYS */;
UNLOCK TABLES;

--
-- Table structure for table `vtiger_campaign`
--

DROP TABLE IF EXISTS `vtiger_campaign`;
/*!40101 SET @saved_cs_client     = @@character_set_client */;
/*!40101 SET character_set_client = utf8 */;
CREATE TABLE `vtiger_campaign` (
  `campaign_no` varchar(100) NOT NULL,
  `campaignname` varchar(255) DEFAULT NULL,
  `campaigntype` varchar(200) DEFAULT NULL,
  `campaignstatus` varchar(200) DEFAULT NULL,
  `expectedrevenue` decimal(25,8) DEFAULT NULL,
  `budgetcost` decimal(25,8) DEFAULT NULL,
  `actualcost` decimal(25,8) DEFAULT NULL,
  `expectedresponse` varchar(200) DEFAULT NULL,
  `numsent` decimal(11,0) DEFAULT NULL,
  `product_id` int(19) DEFAULT NULL,
  `sponsor` varchar(255) DEFAULT NULL,
  `targetaudience` varchar(255) DEFAULT NULL,
  `targetsize` int(19) DEFAULT NULL,
  `expectedresponsecount` int(19) DEFAULT NULL,
  `expectedsalescount` int(19) DEFAULT NULL,
  `expectedroi` decimal(25,8) DEFAULT NULL,
  `actualresponsecount` int(19) DEFAULT NULL,
  `actualsalescount` int(19) DEFAULT NULL,
  `actualroi` decimal(25,8) DEFAULT NULL,
  `campaignid` int(19) NOT NULL,
  `closingdate` date DEFAULT NULL,
  `tags` varchar(1) DEFAULT NULL,
  PRIMARY KEY (`campaignid`),
  KEY `campaign_campaignstatus_idx` (`campaignstatus`),
  KEY `campaign_campaignname_idx` (`campaignname`),
  KEY `campaign_campaignid_idx` (`campaignid`),
  CONSTRAINT `fk_crmid_vtiger_campaign` FOREIGN KEY (`campaignid`) REFERENCES `vtiger_crmentity` (`crmid`) ON DELETE CASCADE
) ENGINE=InnoDB DEFAULT CHARSET=utf8;
/*!40101 SET character_set_client = @saved_cs_client */;

--
-- Dumping data for table `vtiger_campaign`
--

LOCK TABLES `vtiger_campaign` WRITE;
/*!40000 ALTER TABLE `vtiger_campaign` DISABLE KEYS */;
/*!40000 ALTER TABLE `vtiger_campaign` ENABLE KEYS */;
UNLOCK TABLES;

--
-- Table structure for table `vtiger_campaignaccountrel`
--

DROP TABLE IF EXISTS `vtiger_campaignaccountrel`;
/*!40101 SET @saved_cs_client     = @@character_set_client */;
/*!40101 SET character_set_client = utf8 */;
CREATE TABLE `vtiger_campaignaccountrel` (
  `campaignid` int(19) DEFAULT NULL,
  `accountid` int(19) DEFAULT NULL,
  `campaignrelstatusid` int(19) DEFAULT NULL
) ENGINE=InnoDB DEFAULT CHARSET=utf8;
/*!40101 SET character_set_client = @saved_cs_client */;

--
-- Dumping data for table `vtiger_campaignaccountrel`
--

LOCK TABLES `vtiger_campaignaccountrel` WRITE;
/*!40000 ALTER TABLE `vtiger_campaignaccountrel` DISABLE KEYS */;
/*!40000 ALTER TABLE `vtiger_campaignaccountrel` ENABLE KEYS */;
UNLOCK TABLES;

--
-- Table structure for table `vtiger_campaigncontrel`
--

DROP TABLE IF EXISTS `vtiger_campaigncontrel`;
/*!40101 SET @saved_cs_client     = @@character_set_client */;
/*!40101 SET character_set_client = utf8 */;
CREATE TABLE `vtiger_campaigncontrel` (
  `campaignid` int(19) NOT NULL DEFAULT '0',
  `contactid` int(19) NOT NULL DEFAULT '0',
  `campaignrelstatusid` int(19) NOT NULL DEFAULT '0',
  PRIMARY KEY (`campaignid`,`contactid`,`campaignrelstatusid`),
  KEY `campaigncontrel_contractid_idx` (`contactid`),
  CONSTRAINT `fk_2_vtiger_campaigncontrel` FOREIGN KEY (`contactid`) REFERENCES `vtiger_contactdetails` (`contactid`) ON DELETE CASCADE
) ENGINE=InnoDB DEFAULT CHARSET=utf8;
/*!40101 SET character_set_client = @saved_cs_client */;

--
-- Dumping data for table `vtiger_campaigncontrel`
--

LOCK TABLES `vtiger_campaigncontrel` WRITE;
/*!40000 ALTER TABLE `vtiger_campaigncontrel` DISABLE KEYS */;
/*!40000 ALTER TABLE `vtiger_campaigncontrel` ENABLE KEYS */;
UNLOCK TABLES;

--
-- Table structure for table `vtiger_campaignleadrel`
--

DROP TABLE IF EXISTS `vtiger_campaignleadrel`;
/*!40101 SET @saved_cs_client     = @@character_set_client */;
/*!40101 SET character_set_client = utf8 */;
CREATE TABLE `vtiger_campaignleadrel` (
  `campaignid` int(19) NOT NULL DEFAULT '0',
  `leadid` int(19) NOT NULL DEFAULT '0',
  `campaignrelstatusid` int(19) NOT NULL DEFAULT '0',
  PRIMARY KEY (`campaignid`,`leadid`,`campaignrelstatusid`),
  KEY `campaignleadrel_leadid_campaignid_idx` (`leadid`,`campaignid`),
  CONSTRAINT `fk_2_vtiger_campaignleadrel` FOREIGN KEY (`leadid`) REFERENCES `vtiger_leaddetails` (`leadid`) ON DELETE CASCADE
) ENGINE=InnoDB DEFAULT CHARSET=utf8;
/*!40101 SET character_set_client = @saved_cs_client */;

--
-- Dumping data for table `vtiger_campaignleadrel`
--

LOCK TABLES `vtiger_campaignleadrel` WRITE;
/*!40000 ALTER TABLE `vtiger_campaignleadrel` DISABLE KEYS */;
/*!40000 ALTER TABLE `vtiger_campaignleadrel` ENABLE KEYS */;
UNLOCK TABLES;

--
-- Table structure for table `vtiger_campaignrelstatus`
--

DROP TABLE IF EXISTS `vtiger_campaignrelstatus`;
/*!40101 SET @saved_cs_client     = @@character_set_client */;
/*!40101 SET character_set_client = utf8 */;
CREATE TABLE `vtiger_campaignrelstatus` (
  `campaignrelstatusid` int(19) DEFAULT NULL,
  `campaignrelstatus` varchar(256) DEFAULT NULL,
  `sortorderid` int(19) DEFAULT NULL,
  `presence` int(19) DEFAULT NULL,
  `color` varchar(10) DEFAULT NULL
) ENGINE=InnoDB DEFAULT CHARSET=utf8;
/*!40101 SET character_set_client = @saved_cs_client */;

--
-- Dumping data for table `vtiger_campaignrelstatus`
--

LOCK TABLES `vtiger_campaignrelstatus` WRITE;
/*!40000 ALTER TABLE `vtiger_campaignrelstatus` DISABLE KEYS */;
INSERT INTO `vtiger_campaignrelstatus` VALUES (2,'Contacted - Successful',1,1,NULL),(3,'Contacted - Unsuccessful',2,1,NULL),(4,'Contacted - Never Contact Again',3,1,NULL);
/*!40000 ALTER TABLE `vtiger_campaignrelstatus` ENABLE KEYS */;
UNLOCK TABLES;

--
-- Table structure for table `vtiger_campaignrelstatus_seq`
--

DROP TABLE IF EXISTS `vtiger_campaignrelstatus_seq`;
/*!40101 SET @saved_cs_client     = @@character_set_client */;
/*!40101 SET character_set_client = utf8 */;
CREATE TABLE `vtiger_campaignrelstatus_seq` (
  `id` int(11) NOT NULL
) ENGINE=InnoDB DEFAULT CHARSET=utf8;
/*!40101 SET character_set_client = @saved_cs_client */;

--
-- Dumping data for table `vtiger_campaignrelstatus_seq`
--

LOCK TABLES `vtiger_campaignrelstatus_seq` WRITE;
/*!40000 ALTER TABLE `vtiger_campaignrelstatus_seq` DISABLE KEYS */;
INSERT INTO `vtiger_campaignrelstatus_seq` VALUES (4);
/*!40000 ALTER TABLE `vtiger_campaignrelstatus_seq` ENABLE KEYS */;
UNLOCK TABLES;

--
-- Table structure for table `vtiger_campaignscf`
--

DROP TABLE IF EXISTS `vtiger_campaignscf`;
/*!40101 SET @saved_cs_client     = @@character_set_client */;
/*!40101 SET character_set_client = utf8 */;
CREATE TABLE `vtiger_campaignscf` (
  `campaignid` int(19) NOT NULL DEFAULT '0',
  PRIMARY KEY (`campaignid`),
  CONSTRAINT `fk_1_vtiger_campaignscf` FOREIGN KEY (`campaignid`) REFERENCES `vtiger_campaign` (`campaignid`) ON DELETE CASCADE
) ENGINE=InnoDB DEFAULT CHARSET=utf8;
/*!40101 SET character_set_client = @saved_cs_client */;

--
-- Dumping data for table `vtiger_campaignscf`
--

LOCK TABLES `vtiger_campaignscf` WRITE;
/*!40000 ALTER TABLE `vtiger_campaignscf` DISABLE KEYS */;
/*!40000 ALTER TABLE `vtiger_campaignscf` ENABLE KEYS */;
UNLOCK TABLES;

--
-- Table structure for table `vtiger_campaignstatus`
--

DROP TABLE IF EXISTS `vtiger_campaignstatus`;
/*!40101 SET @saved_cs_client     = @@character_set_client */;
/*!40101 SET character_set_client = utf8 */;
CREATE TABLE `vtiger_campaignstatus` (
  `campaignstatusid` int(19) NOT NULL AUTO_INCREMENT,
  `campaignstatus` varchar(200) NOT NULL,
  `presence` int(1) NOT NULL DEFAULT '1',
  `picklist_valueid` int(19) NOT NULL DEFAULT '0',
  `sortorderid` int(11) DEFAULT NULL,
  `color` varchar(10) DEFAULT NULL,
  PRIMARY KEY (`campaignstatusid`),
  KEY `campaignstatus_campaignstatus_idx` (`campaignstatus`)
) ENGINE=InnoDB AUTO_INCREMENT=7 DEFAULT CHARSET=utf8;
/*!40101 SET character_set_client = @saved_cs_client */;

--
-- Dumping data for table `vtiger_campaignstatus`
--

LOCK TABLES `vtiger_campaignstatus` WRITE;
/*!40000 ALTER TABLE `vtiger_campaignstatus` DISABLE KEYS */;
INSERT INTO `vtiger_campaignstatus` VALUES (2,'Planning',1,15,1,NULL),(3,'Active',1,16,2,NULL),(4,'Inactive',1,17,3,NULL),(5,'Completed',1,18,4,NULL),(6,'Cancelled',1,19,5,NULL);
/*!40000 ALTER TABLE `vtiger_campaignstatus` ENABLE KEYS */;
UNLOCK TABLES;

--
-- Table structure for table `vtiger_campaignstatus_seq`
--

DROP TABLE IF EXISTS `vtiger_campaignstatus_seq`;
/*!40101 SET @saved_cs_client     = @@character_set_client */;
/*!40101 SET character_set_client = utf8 */;
CREATE TABLE `vtiger_campaignstatus_seq` (
  `id` int(11) NOT NULL
) ENGINE=InnoDB DEFAULT CHARSET=utf8;
/*!40101 SET character_set_client = @saved_cs_client */;

--
-- Dumping data for table `vtiger_campaignstatus_seq`
--

LOCK TABLES `vtiger_campaignstatus_seq` WRITE;
/*!40000 ALTER TABLE `vtiger_campaignstatus_seq` DISABLE KEYS */;
INSERT INTO `vtiger_campaignstatus_seq` VALUES (6);
/*!40000 ALTER TABLE `vtiger_campaignstatus_seq` ENABLE KEYS */;
UNLOCK TABLES;

--
-- Table structure for table `vtiger_campaigntype`
--

DROP TABLE IF EXISTS `vtiger_campaigntype`;
/*!40101 SET @saved_cs_client     = @@character_set_client */;
/*!40101 SET character_set_client = utf8 */;
CREATE TABLE `vtiger_campaigntype` (
  `campaigntypeid` int(19) NOT NULL AUTO_INCREMENT,
  `campaigntype` varchar(200) NOT NULL,
  `presence` int(1) NOT NULL DEFAULT '1',
  `picklist_valueid` int(19) NOT NULL DEFAULT '0',
  `sortorderid` int(11) DEFAULT NULL,
  `color` varchar(10) DEFAULT NULL,
  PRIMARY KEY (`campaigntypeid`),
  UNIQUE KEY `campaigntype_campaigntype_idx` (`campaigntype`)
) ENGINE=InnoDB AUTO_INCREMENT=14 DEFAULT CHARSET=utf8;
/*!40101 SET character_set_client = @saved_cs_client */;

--
-- Dumping data for table `vtiger_campaigntype`
--

LOCK TABLES `vtiger_campaigntype` WRITE;
/*!40000 ALTER TABLE `vtiger_campaigntype` DISABLE KEYS */;
INSERT INTO `vtiger_campaigntype` VALUES (2,'Conference',1,21,1,NULL),(3,'Webinar',1,22,2,NULL),(4,'Trade Show',1,23,3,NULL),(5,'Public Relations',1,24,4,NULL),(6,'Partners',1,25,5,NULL),(7,'Referral Program',1,26,6,NULL),(8,'Advertisement',1,27,7,NULL),(9,'Banner Ads',1,28,8,NULL),(10,'Direct Mail',1,29,9,NULL),(11,'Email',1,30,10,NULL),(12,'Telemarketing',1,31,11,NULL),(13,'Others',1,32,12,NULL);
/*!40000 ALTER TABLE `vtiger_campaigntype` ENABLE KEYS */;
UNLOCK TABLES;

--
-- Table structure for table `vtiger_campaigntype_seq`
--

DROP TABLE IF EXISTS `vtiger_campaigntype_seq`;
/*!40101 SET @saved_cs_client     = @@character_set_client */;
/*!40101 SET character_set_client = utf8 */;
CREATE TABLE `vtiger_campaigntype_seq` (
  `id` int(11) NOT NULL
) ENGINE=InnoDB DEFAULT CHARSET=utf8;
/*!40101 SET character_set_client = @saved_cs_client */;

--
-- Dumping data for table `vtiger_campaigntype_seq`
--

LOCK TABLES `vtiger_campaigntype_seq` WRITE;
/*!40000 ALTER TABLE `vtiger_campaigntype_seq` DISABLE KEYS */;
INSERT INTO `vtiger_campaigntype_seq` VALUES (13);
/*!40000 ALTER TABLE `vtiger_campaigntype_seq` ENABLE KEYS */;
UNLOCK TABLES;

--
-- Table structure for table `vtiger_carrier`
--

DROP TABLE IF EXISTS `vtiger_carrier`;
/*!40101 SET @saved_cs_client     = @@character_set_client */;
/*!40101 SET character_set_client = utf8 */;
CREATE TABLE `vtiger_carrier` (
  `carrierid` int(19) NOT NULL AUTO_INCREMENT,
  `carrier` varchar(200) NOT NULL,
  `presence` int(1) NOT NULL DEFAULT '1',
  `picklist_valueid` int(19) NOT NULL DEFAULT '0',
  `sortorderid` int(11) DEFAULT NULL,
  `color` varchar(10) DEFAULT NULL,
  PRIMARY KEY (`carrierid`),
  UNIQUE KEY `carrier_carrier_idx` (`carrier`)
) ENGINE=InnoDB AUTO_INCREMENT=6 DEFAULT CHARSET=utf8;
/*!40101 SET character_set_client = @saved_cs_client */;

--
-- Dumping data for table `vtiger_carrier`
--

LOCK TABLES `vtiger_carrier` WRITE;
/*!40000 ALTER TABLE `vtiger_carrier` DISABLE KEYS */;
INSERT INTO `vtiger_carrier` VALUES (1,'FedEx',1,33,0,NULL),(2,'UPS',1,34,1,NULL),(3,'USPS',1,35,2,NULL),(4,'DHL',1,36,3,NULL),(5,'BlueDart',1,37,4,NULL);
/*!40000 ALTER TABLE `vtiger_carrier` ENABLE KEYS */;
UNLOCK TABLES;

--
-- Table structure for table `vtiger_carrier_seq`
--

DROP TABLE IF EXISTS `vtiger_carrier_seq`;
/*!40101 SET @saved_cs_client     = @@character_set_client */;
/*!40101 SET character_set_client = utf8 */;
CREATE TABLE `vtiger_carrier_seq` (
  `id` int(11) NOT NULL
) ENGINE=InnoDB DEFAULT CHARSET=utf8;
/*!40101 SET character_set_client = @saved_cs_client */;

--
-- Dumping data for table `vtiger_carrier_seq`
--

LOCK TABLES `vtiger_carrier_seq` WRITE;
/*!40000 ALTER TABLE `vtiger_carrier_seq` DISABLE KEYS */;
INSERT INTO `vtiger_carrier_seq` VALUES (5);
/*!40000 ALTER TABLE `vtiger_carrier_seq` ENABLE KEYS */;
UNLOCK TABLES;

--
-- Table structure for table `vtiger_cntactivityrel`
--

DROP TABLE IF EXISTS `vtiger_cntactivityrel`;
/*!40101 SET @saved_cs_client     = @@character_set_client */;
/*!40101 SET character_set_client = utf8 */;
CREATE TABLE `vtiger_cntactivityrel` (
  `contactid` int(19) NOT NULL DEFAULT '0',
  `activityid` int(19) NOT NULL DEFAULT '0',
  PRIMARY KEY (`contactid`,`activityid`),
  KEY `cntactivityrel_contactid_idx` (`contactid`),
  KEY `cntactivityrel_activityid_idx` (`activityid`),
  CONSTRAINT `fk_2_vtiger_cntactivityrel` FOREIGN KEY (`contactid`) REFERENCES `vtiger_contactdetails` (`contactid`) ON DELETE CASCADE
) ENGINE=InnoDB DEFAULT CHARSET=utf8;
/*!40101 SET character_set_client = @saved_cs_client */;

--
-- Dumping data for table `vtiger_cntactivityrel`
--

LOCK TABLES `vtiger_cntactivityrel` WRITE;
/*!40000 ALTER TABLE `vtiger_cntactivityrel` DISABLE KEYS */;
INSERT INTO `vtiger_cntactivityrel` VALUES (2,3),(2,4);
/*!40000 ALTER TABLE `vtiger_cntactivityrel` ENABLE KEYS */;
UNLOCK TABLES;

--
-- Table structure for table `vtiger_contactaddress`
--

DROP TABLE IF EXISTS `vtiger_contactaddress`;
/*!40101 SET @saved_cs_client     = @@character_set_client */;
/*!40101 SET character_set_client = utf8 */;
CREATE TABLE `vtiger_contactaddress` (
  `contactaddressid` int(19) NOT NULL DEFAULT '0',
  `mailingcity` varchar(40) DEFAULT NULL,
  `mailingstreet` varchar(250) DEFAULT NULL,
  `mailingcountry` varchar(40) DEFAULT NULL,
  `othercountry` varchar(30) DEFAULT NULL,
  `mailingstate` varchar(30) DEFAULT NULL,
  `mailingpobox` varchar(30) DEFAULT NULL,
  `othercity` varchar(40) DEFAULT NULL,
  `otherstate` varchar(50) DEFAULT NULL,
  `mailingzip` varchar(30) DEFAULT NULL,
  `otherzip` varchar(30) DEFAULT NULL,
  `otherstreet` varchar(250) DEFAULT NULL,
  `otherpobox` varchar(30) DEFAULT NULL,
  PRIMARY KEY (`contactaddressid`),
  CONSTRAINT `fk_1_vtiger_contactaddress` FOREIGN KEY (`contactaddressid`) REFERENCES `vtiger_contactdetails` (`contactid`) ON DELETE CASCADE
) ENGINE=InnoDB DEFAULT CHARSET=utf8;
/*!40101 SET character_set_client = @saved_cs_client */;

--
-- Dumping data for table `vtiger_contactaddress`
--

LOCK TABLES `vtiger_contactaddress` WRITE;
/*!40000 ALTER TABLE `vtiger_contactaddress` DISABLE KEYS */;
INSERT INTO `vtiger_contactaddress` VALUES (2,'','','','','','','','','','','','');
/*!40000 ALTER TABLE `vtiger_contactaddress` ENABLE KEYS */;
UNLOCK TABLES;

--
-- Table structure for table `vtiger_contactdetails`
--

DROP TABLE IF EXISTS `vtiger_contactdetails`;
/*!40101 SET @saved_cs_client     = @@character_set_client */;
/*!40101 SET character_set_client = utf8 */;
CREATE TABLE `vtiger_contactdetails` (
  `contactid` int(19) NOT NULL DEFAULT '0',
  `contact_no` varchar(100) NOT NULL,
  `accountid` int(19) DEFAULT NULL,
  `salutation` varchar(200) DEFAULT NULL,
  `firstname` varchar(40) DEFAULT NULL,
  `lastname` varchar(80) NOT NULL,
  `email` varchar(100) DEFAULT NULL,
  `phone` varchar(50) DEFAULT NULL,
  `mobile` varchar(50) DEFAULT NULL,
  `title` varchar(50) DEFAULT NULL,
  `department` varchar(30) DEFAULT NULL,
  `fax` varchar(50) DEFAULT NULL,
  `reportsto` varchar(30) DEFAULT NULL,
  `training` varchar(50) DEFAULT NULL,
  `usertype` varchar(50) DEFAULT NULL,
  `contacttype` varchar(50) DEFAULT NULL,
  `otheremail` varchar(100) DEFAULT NULL,
  `secondaryemail` varchar(100) DEFAULT NULL,
  `donotcall` varchar(3) DEFAULT NULL,
  `emailoptout` varchar(3) DEFAULT '0',
  `imagename` varchar(150) DEFAULT NULL,
  `reference` varchar(3) DEFAULT NULL,
  `notify_owner` varchar(3) DEFAULT '0',
  `splastsms` datetime DEFAULT NULL,
  `isconvertedfromlead` varchar(3) DEFAULT '0',
  `tags` varchar(1) DEFAULT NULL,
  PRIMARY KEY (`contactid`),
  KEY `contactdetails_accountid_idx` (`accountid`),
  KEY `email_idx` (`email`),
  CONSTRAINT `fk_1_vtiger_contactdetails` FOREIGN KEY (`contactid`) REFERENCES `vtiger_crmentity` (`crmid`) ON DELETE CASCADE
) ENGINE=InnoDB DEFAULT CHARSET=utf8;
/*!40101 SET character_set_client = @saved_cs_client */;

--
-- Dumping data for table `vtiger_contactdetails`
--

LOCK TABLES `vtiger_contactdetails` WRITE;
/*!40000 ALTER TABLE `vtiger_contactdetails` DISABLE KEYS */;
INSERT INTO `vtiger_contactdetails` VALUES (2,'КОНТАКТ_1',8,'Mr.','Иван','Иванов','','','+79267094629','','','','0',NULL,NULL,NULL,NULL,'','0','0','','0','0',NULL,'0','');
/*!40000 ALTER TABLE `vtiger_contactdetails` ENABLE KEYS */;
UNLOCK TABLES;

--
-- Table structure for table `vtiger_contactscf`
--

DROP TABLE IF EXISTS `vtiger_contactscf`;
/*!40101 SET @saved_cs_client     = @@character_set_client */;
/*!40101 SET character_set_client = utf8 */;
CREATE TABLE `vtiger_contactscf` (
  `contactid` int(19) NOT NULL DEFAULT '0',
  `vk_url` varchar(155) DEFAULT NULL,
  `tw_url` varchar(155) DEFAULT NULL,
  PRIMARY KEY (`contactid`),
  CONSTRAINT `fk_1_vtiger_contactscf` FOREIGN KEY (`contactid`) REFERENCES `vtiger_contactdetails` (`contactid`) ON DELETE CASCADE
) ENGINE=InnoDB DEFAULT CHARSET=utf8;
/*!40101 SET character_set_client = @saved_cs_client */;

--
-- Dumping data for table `vtiger_contactscf`
--

LOCK TABLES `vtiger_contactscf` WRITE;
/*!40000 ALTER TABLE `vtiger_contactscf` DISABLE KEYS */;
INSERT INTO `vtiger_contactscf` VALUES (2,'','');
/*!40000 ALTER TABLE `vtiger_contactscf` ENABLE KEYS */;
UNLOCK TABLES;

--
-- Table structure for table `vtiger_contactsubdetails`
--

DROP TABLE IF EXISTS `vtiger_contactsubdetails`;
/*!40101 SET @saved_cs_client     = @@character_set_client */;
/*!40101 SET character_set_client = utf8 */;
CREATE TABLE `vtiger_contactsubdetails` (
  `contactsubscriptionid` int(19) NOT NULL DEFAULT '0',
  `homephone` varchar(50) DEFAULT NULL,
  `otherphone` varchar(50) DEFAULT NULL,
  `assistant` varchar(30) DEFAULT NULL,
  `assistantphone` varchar(50) DEFAULT NULL,
  `birthday` date DEFAULT NULL,
  `laststayintouchrequest` int(30) DEFAULT '0',
  `laststayintouchsavedate` int(19) DEFAULT '0',
  `leadsource` varchar(200) DEFAULT NULL,
  PRIMARY KEY (`contactsubscriptionid`),
  CONSTRAINT `fk_1_vtiger_contactsubdetails` FOREIGN KEY (`contactsubscriptionid`) REFERENCES `vtiger_contactdetails` (`contactid`) ON DELETE CASCADE
) ENGINE=InnoDB DEFAULT CHARSET=utf8;
/*!40101 SET character_set_client = @saved_cs_client */;

--
-- Dumping data for table `vtiger_contactsubdetails`
--

LOCK TABLES `vtiger_contactsubdetails` WRITE;
/*!40000 ALTER TABLE `vtiger_contactsubdetails` DISABLE KEYS */;
INSERT INTO `vtiger_contactsubdetails` VALUES (2,'','','','',NULL,0,0,'');
/*!40000 ALTER TABLE `vtiger_contactsubdetails` ENABLE KEYS */;
UNLOCK TABLES;

--
-- Table structure for table `vtiger_contpotentialrel`
--

DROP TABLE IF EXISTS `vtiger_contpotentialrel`;
/*!40101 SET @saved_cs_client     = @@character_set_client */;
/*!40101 SET character_set_client = utf8 */;
CREATE TABLE `vtiger_contpotentialrel` (
  `contactid` int(19) NOT NULL DEFAULT '0',
  `potentialid` int(19) NOT NULL DEFAULT '0',
  PRIMARY KEY (`contactid`,`potentialid`),
  KEY `contpotentialrel_potentialid_idx` (`potentialid`),
  KEY `contpotentialrel_contactid_idx` (`contactid`),
  CONSTRAINT `fk_2_vtiger_contpotentialrel` FOREIGN KEY (`potentialid`) REFERENCES `vtiger_potential` (`potentialid`) ON DELETE CASCADE
) ENGINE=InnoDB DEFAULT CHARSET=utf8;
/*!40101 SET character_set_client = @saved_cs_client */;

--
-- Dumping data for table `vtiger_contpotentialrel`
--

LOCK TABLES `vtiger_contpotentialrel` WRITE;
/*!40000 ALTER TABLE `vtiger_contpotentialrel` DISABLE KEYS */;
/*!40000 ALTER TABLE `vtiger_contpotentialrel` ENABLE KEYS */;
UNLOCK TABLES;

--
-- Table structure for table `vtiger_contract_priority`
--

DROP TABLE IF EXISTS `vtiger_contract_priority`;
/*!40101 SET @saved_cs_client     = @@character_set_client */;
/*!40101 SET character_set_client = utf8 */;
CREATE TABLE `vtiger_contract_priority` (
  `contract_priorityid` int(11) NOT NULL AUTO_INCREMENT,
  `contract_priority` varchar(200) NOT NULL,
  `presence` int(1) NOT NULL DEFAULT '1',
  `picklist_valueid` int(11) NOT NULL DEFAULT '0',
  `sortorderid` int(11) DEFAULT '0',
  `color` varchar(10) DEFAULT NULL,
  PRIMARY KEY (`contract_priorityid`)
) ENGINE=InnoDB AUTO_INCREMENT=4 DEFAULT CHARSET=utf8;
/*!40101 SET character_set_client = @saved_cs_client */;

--
-- Dumping data for table `vtiger_contract_priority`
--

LOCK TABLES `vtiger_contract_priority` WRITE;
/*!40000 ALTER TABLE `vtiger_contract_priority` DISABLE KEYS */;
INSERT INTO `vtiger_contract_priority` VALUES (1,'Low',1,227,1,NULL),(2,'Normal',1,228,2,NULL),(3,'High',1,229,3,NULL);
/*!40000 ALTER TABLE `vtiger_contract_priority` ENABLE KEYS */;
UNLOCK TABLES;

--
-- Table structure for table `vtiger_contract_priority_seq`
--

DROP TABLE IF EXISTS `vtiger_contract_priority_seq`;
/*!40101 SET @saved_cs_client     = @@character_set_client */;
/*!40101 SET character_set_client = utf8 */;
CREATE TABLE `vtiger_contract_priority_seq` (
  `id` int(11) NOT NULL
) ENGINE=InnoDB DEFAULT CHARSET=utf8;
/*!40101 SET character_set_client = @saved_cs_client */;

--
-- Dumping data for table `vtiger_contract_priority_seq`
--

LOCK TABLES `vtiger_contract_priority_seq` WRITE;
/*!40000 ALTER TABLE `vtiger_contract_priority_seq` DISABLE KEYS */;
INSERT INTO `vtiger_contract_priority_seq` VALUES (3);
/*!40000 ALTER TABLE `vtiger_contract_priority_seq` ENABLE KEYS */;
UNLOCK TABLES;

--
-- Table structure for table `vtiger_contract_status`
--

DROP TABLE IF EXISTS `vtiger_contract_status`;
/*!40101 SET @saved_cs_client     = @@character_set_client */;
/*!40101 SET character_set_client = utf8 */;
CREATE TABLE `vtiger_contract_status` (
  `contract_statusid` int(11) NOT NULL AUTO_INCREMENT,
  `contract_status` varchar(200) NOT NULL,
  `presence` int(1) NOT NULL DEFAULT '1',
  `picklist_valueid` int(11) NOT NULL DEFAULT '0',
  `sortorderid` int(11) DEFAULT '0',
  `color` varchar(10) DEFAULT NULL,
  PRIMARY KEY (`contract_statusid`)
) ENGINE=InnoDB AUTO_INCREMENT=7 DEFAULT CHARSET=utf8;
/*!40101 SET character_set_client = @saved_cs_client */;

--
-- Dumping data for table `vtiger_contract_status`
--

LOCK TABLES `vtiger_contract_status` WRITE;
/*!40000 ALTER TABLE `vtiger_contract_status` DISABLE KEYS */;
INSERT INTO `vtiger_contract_status` VALUES (1,'Undefined',1,221,1,NULL),(2,'In Planning',1,222,2,NULL),(3,'In Progress',1,223,3,NULL),(4,'On Hold',1,224,4,NULL),(5,'Complete',0,225,5,NULL),(6,'Archived',1,226,6,NULL);
/*!40000 ALTER TABLE `vtiger_contract_status` ENABLE KEYS */;
UNLOCK TABLES;

--
-- Table structure for table `vtiger_contract_status_seq`
--

DROP TABLE IF EXISTS `vtiger_contract_status_seq`;
/*!40101 SET @saved_cs_client     = @@character_set_client */;
/*!40101 SET character_set_client = utf8 */;
CREATE TABLE `vtiger_contract_status_seq` (
  `id` int(11) NOT NULL
) ENGINE=InnoDB DEFAULT CHARSET=utf8;
/*!40101 SET character_set_client = @saved_cs_client */;

--
-- Dumping data for table `vtiger_contract_status_seq`
--

LOCK TABLES `vtiger_contract_status_seq` WRITE;
/*!40000 ALTER TABLE `vtiger_contract_status_seq` DISABLE KEYS */;
INSERT INTO `vtiger_contract_status_seq` VALUES (6);
/*!40000 ALTER TABLE `vtiger_contract_status_seq` ENABLE KEYS */;
UNLOCK TABLES;

--
-- Table structure for table `vtiger_contract_type`
--

DROP TABLE IF EXISTS `vtiger_contract_type`;
/*!40101 SET @saved_cs_client     = @@character_set_client */;
/*!40101 SET character_set_client = utf8 */;
CREATE TABLE `vtiger_contract_type` (
  `contract_typeid` int(11) NOT NULL AUTO_INCREMENT,
  `contract_type` varchar(200) NOT NULL,
  `presence` int(1) NOT NULL DEFAULT '1',
  `picklist_valueid` int(11) NOT NULL DEFAULT '0',
  `sortorderid` int(11) DEFAULT '0',
  `color` varchar(10) DEFAULT NULL,
  PRIMARY KEY (`contract_typeid`)
) ENGINE=InnoDB AUTO_INCREMENT=4 DEFAULT CHARSET=utf8;
/*!40101 SET character_set_client = @saved_cs_client */;

--
-- Dumping data for table `vtiger_contract_type`
--

LOCK TABLES `vtiger_contract_type` WRITE;
/*!40000 ALTER TABLE `vtiger_contract_type` DISABLE KEYS */;
INSERT INTO `vtiger_contract_type` VALUES (1,'Support',1,230,1,NULL),(2,'Services',1,231,2,NULL),(3,'Administrative',1,232,3,NULL);
/*!40000 ALTER TABLE `vtiger_contract_type` ENABLE KEYS */;
UNLOCK TABLES;

--
-- Table structure for table `vtiger_contract_type_seq`
--

DROP TABLE IF EXISTS `vtiger_contract_type_seq`;
/*!40101 SET @saved_cs_client     = @@character_set_client */;
/*!40101 SET character_set_client = utf8 */;
CREATE TABLE `vtiger_contract_type_seq` (
  `id` int(11) NOT NULL
) ENGINE=InnoDB DEFAULT CHARSET=utf8;
/*!40101 SET character_set_client = @saved_cs_client */;

--
-- Dumping data for table `vtiger_contract_type_seq`
--

LOCK TABLES `vtiger_contract_type_seq` WRITE;
/*!40000 ALTER TABLE `vtiger_contract_type_seq` DISABLE KEYS */;
INSERT INTO `vtiger_contract_type_seq` VALUES (3);
/*!40000 ALTER TABLE `vtiger_contract_type_seq` ENABLE KEYS */;
UNLOCK TABLES;

--
-- Table structure for table `vtiger_convertleadmapping`
--

DROP TABLE IF EXISTS `vtiger_convertleadmapping`;
/*!40101 SET @saved_cs_client     = @@character_set_client */;
/*!40101 SET character_set_client = utf8 */;
CREATE TABLE `vtiger_convertleadmapping` (
  `cfmid` int(19) NOT NULL AUTO_INCREMENT,
  `leadfid` int(19) NOT NULL,
  `accountfid` int(19) DEFAULT NULL,
  `contactfid` int(19) DEFAULT NULL,
  `potentialfid` int(19) DEFAULT NULL,
  `editable` int(19) DEFAULT '1',
  PRIMARY KEY (`cfmid`)
) ENGINE=InnoDB AUTO_INCREMENT=31 DEFAULT CHARSET=utf8;
/*!40101 SET character_set_client = @saved_cs_client */;

--
-- Dumping data for table `vtiger_convertleadmapping`
--

LOCK TABLES `vtiger_convertleadmapping` WRITE;
/*!40000 ALTER TABLE `vtiger_convertleadmapping` DISABLE KEYS */;
INSERT INTO `vtiger_convertleadmapping` VALUES (1,46,1,0,115,0),(2,52,14,0,0,1),(3,43,3,73,0,1),(4,47,5,81,0,1),(5,55,13,0,0,1),(6,49,9,84,0,0),(7,51,4,0,0,1),(8,65,29,103,0,1),(9,64,33,0,0,1),(10,66,35,109,0,1),(11,67,31,105,0,1),(12,63,27,101,0,1),(13,68,37,111,0,1),(14,65,30,0,0,1),(15,64,34,0,0,1),(16,66,36,0,0,1),(17,67,32,0,0,1),(18,63,28,0,0,1),(19,68,38,0,0,1),(20,69,39,114,130,1),(21,40,0,70,0,1),(22,41,0,71,0,0),(23,44,0,74,0,0),(24,45,0,75,0,1),(25,48,0,80,0,1),(26,58,0,87,0,1),(27,50,0,78,122,1),(28,53,0,0,0,1),(29,56,10,0,0,1),(30,54,17,0,0,1);
/*!40000 ALTER TABLE `vtiger_convertleadmapping` ENABLE KEYS */;
UNLOCK TABLES;

--
-- Table structure for table `vtiger_convertpotentialmapping`
--

DROP TABLE IF EXISTS `vtiger_convertpotentialmapping`;
/*!40101 SET @saved_cs_client     = @@character_set_client */;
/*!40101 SET character_set_client = utf8 */;
CREATE TABLE `vtiger_convertpotentialmapping` (
  `cfmid` int(19) NOT NULL AUTO_INCREMENT,
  `potentialfid` int(19) NOT NULL,
  `projectfid` int(19) DEFAULT NULL,
  `editable` int(11) DEFAULT '1',
  PRIMARY KEY (`cfmid`)
) ENGINE=InnoDB AUTO_INCREMENT=3 DEFAULT CHARSET=utf8;
/*!40101 SET character_set_client = @saved_cs_client */;

--
-- Dumping data for table `vtiger_convertpotentialmapping`
--

LOCK TABLES `vtiger_convertpotentialmapping` WRITE;
/*!40000 ALTER TABLE `vtiger_convertpotentialmapping` DISABLE KEYS */;
INSERT INTO `vtiger_convertpotentialmapping` VALUES (1,115,737,NULL),(2,130,753,NULL);
/*!40000 ALTER TABLE `vtiger_convertpotentialmapping` ENABLE KEYS */;
UNLOCK TABLES;

--
-- Table structure for table `vtiger_crmentity`
--

DROP TABLE IF EXISTS `vtiger_crmentity`;
/*!40101 SET @saved_cs_client     = @@character_set_client */;
/*!40101 SET character_set_client = utf8 */;
CREATE TABLE `vtiger_crmentity` (
  `crmid` int(19) NOT NULL,
  `smcreatorid` int(19) NOT NULL DEFAULT '0',
  `smownerid` int(19) NOT NULL DEFAULT '0',
  `modifiedby` int(19) NOT NULL DEFAULT '0',
  `setype` varchar(100) DEFAULT NULL,
  `description` mediumtext,
  `createdtime` datetime NOT NULL,
  `modifiedtime` datetime NOT NULL,
  `viewedtime` datetime DEFAULT NULL,
  `status` varchar(50) DEFAULT NULL,
  `version` int(19) NOT NULL DEFAULT '0',
  `presence` int(1) DEFAULT '1',
  `deleted` int(1) NOT NULL DEFAULT '0',
  `smgroupid` int(19) DEFAULT NULL,
  `source` varchar(100) DEFAULT NULL,
  `label` varchar(255) DEFAULT NULL,
  PRIMARY KEY (`crmid`),
  KEY `crmentity_smcreatorid_idx` (`smcreatorid`),
  KEY `crmentity_modifiedby_idx` (`modifiedby`),
  KEY `crmentity_deleted_idx` (`deleted`),
  KEY `crm_ownerid_del_setype_idx` (`smownerid`,`deleted`,`setype`),
  KEY `vtiger_crmentity_labelidx` (`label`)
) ENGINE=InnoDB DEFAULT CHARSET=utf8;
/*!40101 SET character_set_client = @saved_cs_client */;

--
-- Dumping data for table `vtiger_crmentity`
--

LOCK TABLES `vtiger_crmentity` WRITE;
/*!40000 ALTER TABLE `vtiger_crmentity` DISABLE KEYS */;
INSERT INTO `vtiger_crmentity` VALUES (2,7,7,9,'Contacts','','2020-06-04 11:59:19','2020-06-06 01:29:12',NULL,NULL,0,1,0,0,'CRM','Иван Иванов'),(3,7,7,1,'Calendar','','2020-06-04 12:01:19','2020-06-07 10:28:59',NULL,NULL,0,1,0,0,'CRM','тест1'),(4,7,7,7,'Calendar','','2020-06-04 12:02:02','2020-06-04 12:02:02',NULL,NULL,0,1,0,0,'CRM','тест2 задача'),(5,7,7,1,'Project','тест','2020-06-04 12:04:54','2020-06-09 09:57:25',NULL,NULL,0,1,0,0,'CRM','тест проект1'),(6,7,7,7,'ModComments',NULL,'2020-06-04 12:06:03','2020-06-04 12:06:03',NULL,NULL,0,1,0,0,'CRM','1223432'),(7,7,7,7,'ModComments',NULL,'2020-06-04 12:06:18','2020-06-04 12:06:18',NULL,NULL,0,1,0,0,'CRM','длорлорлорд'),(8,9,9,9,'Accounts','','2020-06-06 01:28:45','2020-06-06 01:46:15',NULL,NULL,0,1,0,0,'CRM','one'),(9,1,1,1,'PBXManager',NULL,'2020-06-06 01:30:53','2020-06-06 01:31:08',NULL,NULL,0,1,0,0,'CRM','79267094629'),(10,1,1,1,'PBXManager',NULL,'2020-06-06 01:34:15','2020-06-06 01:34:29',NULL,NULL,0,1,0,0,'CRM','79267094629'),(11,1,1,1,'PBXManager',NULL,'2020-06-06 01:41:48','2020-06-06 01:42:22',NULL,NULL,0,1,0,0,'CRM','79267094629'),(12,1,1,1,'PBXManager',NULL,'2020-06-06 01:58:08','2020-06-06 01:58:26',NULL,NULL,0,1,0,0,'CRM','79267094629'),(13,1,1,1,'PBXManager',NULL,'2020-06-06 02:06:18','2020-06-06 02:06:18',NULL,NULL,0,1,0,0,'CRM','79267094629'),(14,1,1,1,'PBXManager',NULL,'2020-06-06 02:07:15','2020-06-06 02:08:17',NULL,NULL,0,1,0,0,'CRM','79267094629'),(15,1,1,1,'PBXManager',NULL,'2020-06-07 10:20:28','2020-06-07 10:20:28',NULL,NULL,0,1,0,0,'CRM','88002502525'),(16,1,1,1,'PBXManager',NULL,'2020-06-07 10:20:57','2020-06-07 10:20:58',NULL,NULL,0,1,0,0,'CRM','88002502525'),(17,1,1,1,'ProjectTask','тест задача проект 1','2020-06-09 13:41:59','2020-06-09 13:42:20',NULL,NULL,0,1,0,0,'CRM','пр-зад1'),(18,1,1,1,'PBXManager',NULL,'2020-06-10 20:26:25','2020-06-10 20:26:25',NULL,NULL,0,1,0,0,'CRM','+79876757777'),(19,1,1,1,'PBXManager',NULL,'2020-06-10 22:45:08','2020-06-10 22:45:11',NULL,NULL,0,1,0,0,'CRM','79267094629'),(20,6,6,0,'Users Image','','2020-06-10 23:00:03','2020-06-10 23:00:03',NULL,NULL,0,1,0,NULL,NULL,NULL),(21,1,1,1,'MailManager Attachment','noname','2020-06-11 11:44:06','2020-06-11 11:44:06',NULL,NULL,0,1,0,NULL,NULL,NULL),(22,1,1,1,'MailManager Attachment','noname','2020-06-11 11:44:06','2020-06-11 11:44:06',NULL,NULL,0,1,0,NULL,NULL,NULL),(23,1,1,1,'MailManager Attachment','noname','2020-06-11 11:44:06','2020-06-11 11:44:06',NULL,NULL,0,1,0,NULL,NULL,NULL),(24,1,1,1,'MailManager Attachment','noname','2020-06-11 11:44:06','2020-06-11 11:44:06',NULL,NULL,0,1,0,NULL,NULL,NULL),(25,1,1,1,'MailManager Attachment','Счет_№_10007.pdf','2020-06-11 11:47:50','2020-06-11 11:47:50',NULL,NULL,0,1,0,NULL,NULL,NULL),(26,1,1,1,'MailManager Attachment','Акт_№_000396.pdf','2020-06-11 11:47:51','2020-06-11 11:47:51',NULL,NULL,0,1,0,NULL,NULL,NULL),(27,1,1,1,'MailManager Attachment','banninnmchglfjcb.png','2020-06-11 11:47:51','2020-06-11 11:47:51',NULL,NULL,0,1,0,NULL,NULL,NULL),(28,1,1,1,'MailManager Attachment','banninnmchglfjcb.png','2020-06-11 11:47:52','2020-06-11 11:47:52',NULL,NULL,0,1,0,NULL,NULL,NULL),(29,1,1,1,'MailManager Attachment','image001.png','2020-06-11 11:47:52','2020-06-11 11:47:52',NULL,NULL,0,1,0,NULL,NULL,NULL),(30,1,1,1,'MailManager Attachment','noname','2020-06-11 11:47:52','2020-06-11 11:47:52',NULL,NULL,0,1,0,NULL,NULL,NULL),(31,1,1,1,'MailManager Attachment','Акт_сверки_взаиморасчетов_по_контрагенту_ПТГ,_Транспортная_компания_Партнер-Транс-Гарант_(г.МСК).pdf','2020-06-11 11:47:53','2020-06-11 11:47:53',NULL,NULL,0,1,0,NULL,NULL,NULL),(32,1,1,1,'MailManager Attachment','1_003.jpg','2020-06-11 11:47:55','2020-06-11 11:47:55',NULL,NULL,0,1,0,NULL,NULL,NULL),(33,1,1,1,'MailManager Attachment','1_002.jpg','2020-06-11 11:47:55','2020-06-11 11:47:55',NULL,NULL,0,1,0,NULL,NULL,NULL),(34,1,1,1,'MailManager Attachment','1_004.jpg','2020-06-11 11:47:55','2020-06-11 11:47:55',NULL,NULL,0,1,0,NULL,NULL,NULL),(35,1,1,1,'MailManager Attachment','1_001.jpg','2020-06-11 11:47:55','2020-06-11 11:47:55',NULL,NULL,0,1,0,NULL,NULL,NULL),(36,1,1,1,'MailManager Attachment','Message01.eml','2020-06-11 11:47:55','2020-06-11 11:47:55',NULL,NULL,0,1,0,NULL,NULL,NULL),(37,1,1,1,'MailManager Attachment','ojfiepbkialehdbp.png','2020-06-11 11:47:55','2020-06-11 11:47:55',NULL,NULL,0,1,0,NULL,NULL,NULL),(38,1,1,1,'MailManager Attachment','ojfiepbkialehdbp.png','2020-06-11 11:47:55','2020-06-11 11:47:55',NULL,NULL,0,1,0,NULL,NULL,NULL),(39,1,1,1,'MailManager Attachment','int_1.jpg','2020-06-11 11:47:56','2020-06-11 11:47:56',NULL,NULL,0,1,0,NULL,NULL,NULL),(40,1,1,1,'MailManager Attachment','int_1.jpg','2020-06-11 11:47:56','2020-06-11 11:47:56',NULL,NULL,0,1,0,NULL,NULL,NULL),(41,1,1,1,'MailManager Attachment','4_002.jpg','2020-06-11 11:47:56','2020-06-11 11:47:56',NULL,NULL,0,1,0,NULL,NULL,NULL),(42,1,1,1,'MailManager Attachment','4_001.jpg','2020-06-11 11:47:56','2020-06-11 11:47:56',NULL,NULL,0,1,0,NULL,NULL,NULL),(43,1,2,1,'Documents',NULL,'2020-06-11 11:50:22','2020-06-11 11:50:22',NULL,NULL,0,1,0,0,'CRM','Transportnaya-Kompaniya3'),(44,1,2,0,'Documents Attachment',NULL,'2020-06-11 11:50:23','2020-06-11 11:50:23',NULL,NULL,0,1,0,NULL,NULL,NULL),(45,6,6,6,'MailManager Attachment','noname','2020-06-11 11:51:48','2020-06-11 11:51:48',NULL,NULL,0,1,0,NULL,NULL,NULL),(46,6,6,6,'MailManager Attachment','noname','2020-06-11 11:51:48','2020-06-11 11:51:48',NULL,NULL,0,1,0,NULL,NULL,NULL),(47,6,6,6,'MailManager Attachment','noname','2020-06-11 11:51:48','2020-06-11 11:51:48',NULL,NULL,0,1,0,NULL,NULL,NULL),(48,6,6,6,'MailManager Attachment','noname','2020-06-11 11:51:48','2020-06-11 11:51:48',NULL,NULL,0,1,0,NULL,NULL,NULL),(49,6,6,6,'Emails','<html>\r\n<head>\r\n	<title></title>\r\n</head>\r\n<body></body>\r\n</html>\r\n','2020-06-11 11:53:01','2020-06-11 11:59:42',NULL,NULL,0,1,0,0,'CRM','testn1'),(50,6,6,0,'Emails Attachment','<html>\r\n<head>\r\n	<title></title>\r\n</head>\r\n<body>testn1</body>\r\n</html>\r\n','2020-06-11 11:53:01','2020-06-11 11:53:01',NULL,NULL,0,1,0,NULL,NULL,NULL),(51,6,6,6,'MailManager Attachment','dlogo.png','2020-06-11 12:02:26','2020-06-11 12:02:26',NULL,NULL,0,1,0,NULL,NULL,NULL),(52,6,6,6,'MailManager Attachment','Transportnaya-Kompaniya3.png','2020-06-11 12:02:26','2020-06-11 12:02:26',NULL,NULL,0,1,0,NULL,NULL,NULL),(53,6,6,6,'Emails','<html>\r\n<head>\r\n</head>\r\n<body>\r\n<p>куку<br />\r\nkuku<br />\r\n&nbsp;</p>\r\n\r\n<p style=\"margin:0;padding:0;\">On 11-06-2020 12:03:29, skype.hello@gmail.com wrote :</p>\r\n\r\n<blockquote style=\"border:0;margin:0;border-left:1px solid gray;padding:0 0 0 2px;\"></blockquote>\r\n</body>\r\n</html>\r\n<title></title>\r\nuytriuyti<br />\r\n<br />\r\n11.06.2020 11:59, Bob Kelso пишет:<br />\r\n&nbsp;','2020-06-11 12:04:02','2020-06-11 12:04:02',NULL,NULL,0,1,0,0,'CRM','Re: testn1'),(54,6,6,6,'Emails','<html>\r\n<head>\r\n	<title></title>\r\n</head>\r\n<body>тест проджект</body>\r\n</html>\r\n','2020-06-11 14:20:13','2020-06-11 14:20:13',NULL,NULL,0,1,0,0,'CRM','test user project');
/*!40000 ALTER TABLE `vtiger_crmentity` ENABLE KEYS */;
UNLOCK TABLES;

--
-- Table structure for table `vtiger_crmentity_seq`
--

DROP TABLE IF EXISTS `vtiger_crmentity_seq`;
/*!40101 SET @saved_cs_client     = @@character_set_client */;
/*!40101 SET character_set_client = utf8 */;
CREATE TABLE `vtiger_crmentity_seq` (
  `id` int(11) NOT NULL
) ENGINE=InnoDB DEFAULT CHARSET=utf8;
/*!40101 SET character_set_client = @saved_cs_client */;

--
-- Dumping data for table `vtiger_crmentity_seq`
--

LOCK TABLES `vtiger_crmentity_seq` WRITE;
/*!40000 ALTER TABLE `vtiger_crmentity_seq` DISABLE KEYS */;
INSERT INTO `vtiger_crmentity_seq` VALUES (54);
/*!40000 ALTER TABLE `vtiger_crmentity_seq` ENABLE KEYS */;
UNLOCK TABLES;

--
-- Table structure for table `vtiger_crmentity_user_field`
--

DROP TABLE IF EXISTS `vtiger_crmentity_user_field`;
/*!40101 SET @saved_cs_client     = @@character_set_client */;
/*!40101 SET character_set_client = utf8 */;
CREATE TABLE `vtiger_crmentity_user_field` (
  `recordid` int(19) NOT NULL,
  `userid` int(19) NOT NULL,
  `starred` varchar(100) DEFAULT NULL,
  KEY `record_user_idx` (`recordid`,`userid`),
  CONSTRAINT `fk_vtiger_crmentity_user_field_recordid` FOREIGN KEY (`recordid`) REFERENCES `vtiger_crmentity` (`crmid`) ON DELETE CASCADE
) ENGINE=InnoDB DEFAULT CHARSET=utf8;
/*!40101 SET character_set_client = @saved_cs_client */;

--
-- Dumping data for table `vtiger_crmentity_user_field`
--

LOCK TABLES `vtiger_crmentity_user_field` WRITE;
/*!40000 ALTER TABLE `vtiger_crmentity_user_field` DISABLE KEYS */;
INSERT INTO `vtiger_crmentity_user_field` VALUES (2,7,'0'),(3,7,'0'),(4,7,'0'),(5,7,'0'),(2,9,'0'),(8,9,'0'),(9,1,'0'),(10,1,'0'),(11,1,'0'),(12,1,'0'),(13,1,'0'),(14,1,'0'),(15,1,'0'),(16,1,'0'),(3,1,'0'),(5,1,'0'),(17,1,'0'),(18,1,'0'),(19,1,'0'),(43,1,'0'),(49,6,'0'),(53,6,'0'),(54,6,'0');
/*!40000 ALTER TABLE `vtiger_crmentity_user_field` ENABLE KEYS */;
UNLOCK TABLES;

--
-- Table structure for table `vtiger_crmentityrel`
--

DROP TABLE IF EXISTS `vtiger_crmentityrel`;
/*!40101 SET @saved_cs_client     = @@character_set_client */;
/*!40101 SET character_set_client = utf8 */;
CREATE TABLE `vtiger_crmentityrel` (
  `crmid` int(11) NOT NULL,
  `module` varchar(100) NOT NULL,
  `relcrmid` int(11) NOT NULL,
  `relmodule` varchar(100) NOT NULL,
  KEY `idx_crmentityrel_crmid` (`crmid`),
  KEY `idx_crmentityrel_relcrmid` (`relcrmid`),
  KEY `crmid_idx` (`crmid`),
  KEY `relcrmid_idx` (`relcrmid`)
) ENGINE=InnoDB DEFAULT CHARSET=utf8;
/*!40101 SET character_set_client = @saved_cs_client */;

--
-- Dumping data for table `vtiger_crmentityrel`
--

LOCK TABLES `vtiger_crmentityrel` WRITE;
/*!40000 ALTER TABLE `vtiger_crmentityrel` DISABLE KEYS */;
INSERT INTO `vtiger_crmentityrel` VALUES (2,'Contacts',3,'Calendar'),(2,'Contacts',4,'Calendar');
/*!40000 ALTER TABLE `vtiger_crmentityrel` ENABLE KEYS */;
UNLOCK TABLES;

--
-- Table structure for table `vtiger_crmsetup`
--

DROP TABLE IF EXISTS `vtiger_crmsetup`;
/*!40101 SET @saved_cs_client     = @@character_set_client */;
/*!40101 SET character_set_client = utf8 */;
CREATE TABLE `vtiger_crmsetup` (
  `userid` int(11) DEFAULT NULL,
  `setup_status` int(2) DEFAULT NULL
) ENGINE=InnoDB DEFAULT CHARSET=utf8;
/*!40101 SET character_set_client = @saved_cs_client */;

--
-- Dumping data for table `vtiger_crmsetup`
--

LOCK TABLES `vtiger_crmsetup` WRITE;
/*!40000 ALTER TABLE `vtiger_crmsetup` DISABLE KEYS */;
INSERT INTO `vtiger_crmsetup` VALUES (1,1),(7,1),(8,1),(6,1),(9,1),(13,1);
/*!40000 ALTER TABLE `vtiger_crmsetup` ENABLE KEYS */;
UNLOCK TABLES;

--
-- Table structure for table `vtiger_cron_task`
--

DROP TABLE IF EXISTS `vtiger_cron_task`;
/*!40101 SET @saved_cs_client     = @@character_set_client */;
/*!40101 SET character_set_client = utf8 */;
CREATE TABLE `vtiger_cron_task` (
  `id` int(11) NOT NULL AUTO_INCREMENT,
  `name` varchar(100) DEFAULT NULL,
  `handler_file` varchar(100) DEFAULT NULL,
  `frequency` int(11) DEFAULT NULL,
  `laststart` int(11) unsigned DEFAULT NULL,
  `lastend` int(11) unsigned DEFAULT NULL,
  `status` int(11) DEFAULT NULL,
  `module` varchar(100) DEFAULT NULL,
  `sequence` int(11) DEFAULT NULL,
  `description` text,
  PRIMARY KEY (`id`),
  UNIQUE KEY `name` (`name`),
  UNIQUE KEY `handler_file` (`handler_file`)
) ENGINE=InnoDB AUTO_INCREMENT=10 DEFAULT CHARSET=utf8;
/*!40101 SET character_set_client = @saved_cs_client */;

--
-- Dumping data for table `vtiger_cron_task`
--

LOCK TABLES `vtiger_cron_task` WRITE;
/*!40000 ALTER TABLE `vtiger_cron_task` DISABLE KEYS */;
INSERT INTO `vtiger_cron_task` VALUES (1,'Workflow','cron/modules/com_vtiger_workflow/com_vtiger_workflow.service',900,1591973702,1591973702,1,'com_vtiger_workflow',1,'Рекомендуемая частота обновления для Обработчиков - 15 минут'),(2,'RecurringInvoice','cron/modules/SalesOrder/RecurringInvoice.service',43200,1591969801,0,2,'SalesOrder',2,'Рекомендуемая частота обновления для RecurringInvoice - 12 часов'),(3,'SendReminder','cron/SendReminder.service',900,1591973702,1591973702,1,'Calendar',3,'Рекомендуемая частота обновления для SendReminder - 15 минут'),(5,'MailScanner','cron/MailScanner.service',900,1591973702,1591973702,1,'Settings',5,'Рекомендуемая частота обновления для MailScanner - 15 минут'),(6,'Scheduled Import','cron/modules/Import/ScheduledImport.service',900,0,0,0,'Import',6,'Recommended frequency for MailScanner is 15 mins'),(7,'Products upload','cron/modules/SPCMLConnector/ProductsUpload.service',900,0,0,0,'SPCMLConnector',8,''),(8,'SalesOrder exchange','cron/modules/SPCMLConnector/SalesOrderExchange.service',900,0,0,0,'SPCMLConnector',9,''),(9,'ScheduleReports','cron/modules/Reports/ScheduleReports.service',900,1591973702,1591973702,1,'Reports',10,'Recommended frequency for ScheduleReports is 15 mins');
/*!40000 ALTER TABLE `vtiger_cron_task` ENABLE KEYS */;
UNLOCK TABLES;

--
-- Table structure for table `vtiger_currencies`
--

DROP TABLE IF EXISTS `vtiger_currencies`;
/*!40101 SET @saved_cs_client     = @@character_set_client */;
/*!40101 SET character_set_client = utf8 */;
CREATE TABLE `vtiger_currencies` (
  `currencyid` int(19) NOT NULL AUTO_INCREMENT,
  `currency_name` varchar(200) DEFAULT NULL,
  `currency_code` varchar(50) DEFAULT NULL,
  `currency_symbol` varchar(11) DEFAULT NULL,
  PRIMARY KEY (`currencyid`)
) ENGINE=InnoDB AUTO_INCREMENT=139 DEFAULT CHARSET=utf8;
/*!40101 SET character_set_client = @saved_cs_client */;

--
-- Dumping data for table `vtiger_currencies`
--

LOCK TABLES `vtiger_currencies` WRITE;
/*!40000 ALTER TABLE `vtiger_currencies` DISABLE KEYS */;
INSERT INTO `vtiger_currencies` VALUES (1,'Albania, Leke','ALL','Lek'),(2,'Argentina, Pesos','ARS','$'),(3,'Aruba, Guilders','AWG','ƒ'),(4,'Australia, Dollars','AUD','$'),(5,'Azerbaijan, New Manats','AZN','ман'),(6,'Bahamas, Dollars','BSD','$'),(7,'Bahrain, Dinar','BHD','BD'),(8,'Barbados, Dollars','BBD','$'),(9,'Belarus, Rubles','BYR','p.'),(10,'Belize, Dollars','BZD','BZ$'),(11,'Bermuda, Dollars','BMD','$'),(12,'Bolivia, Bolivianos','BOB','$b'),(13,'China, Yuan Renminbi','CNY','¥'),(14,'Convertible Marka','BAM','KM'),(15,'Botswana, Pulas','BWP','P'),(16,'Bulgaria, Leva','BGN','лв'),(17,'Brazil, Reais','BRL','R$'),(18,'Great Britain Pounds','GBP','£'),(19,'Brunei Darussalam, Dollars','BND','$'),(20,'Canada, Dollars','CAD','$'),(21,'Cayman Islands, Dollars','KYD','$'),(22,'Chile, Pesos','CLP','$'),(23,'Colombia, Pesos','COP','$'),(24,'Costa Rica, Colón','CRC','₡'),(25,'Croatia, Kuna','HRK','kn'),(26,'Cuba, Pesos','CUP','₱'),(27,'Czech Republic, Koruny','CZK','Kč'),(28,'Cyprus, Pounds','CYP','£'),(29,'Denmark, Kroner','DKK','kr'),(30,'Dominican Republic, Pesos','DOP','RD$'),(31,'East Caribbean, Dollars','XCD','$'),(32,'Egypt, Pounds','EGP','E£'),(33,'El Salvador, Colón','SVC','₡'),(34,'England, Pounds','GBP','£'),(35,'Estonia, Krooni','EEK','kr'),(36,'Euro','EUR','€'),(37,'Falkland Islands, Pounds','FKP','£'),(38,'Fiji, Dollars','FJD','$'),(39,'Ghana, Cedis','GHC','¢'),(40,'Gibraltar, Pounds','GIP','£'),(41,'Guatemala, Quetzales','GTQ','Q'),(42,'Guernsey, Pounds','GGP','£'),(43,'Guyana, Dollars','GYD','$'),(44,'Honduras, Lempiras','HNL','L'),(45,'Hong Kong, Dollars','HKD','HK$'),(46,'Hungary, Forint','HUF','Ft'),(47,'Iceland, Krona','ISK','kr'),(48,'India, Rupees','INR','₹'),(49,'Indonesia, Rupiahs','IDR','Rp'),(50,'Iran, Rials','IRR','﷼'),(51,'Isle of Man, Pounds','IMP','£'),(52,'Israel, New Shekels','ILS','₪'),(53,'Jamaica, Dollars','JMD','J$'),(54,'Japan, Yen','JPY','¥'),(55,'Jersey, Pounds','JEP','£'),(56,'Jordan, Dinar','JOD','JOD'),(57,'Kazakhstan, Tenge','KZT','〒'),(58,'Kenya, Shilling','KES','KES'),(59,'Korea (North), Won','KPW','₩'),(60,'Korea (South), Won','KRW','₩'),(61,'Kuwait, Dinar','KWD','KWD'),(62,'Kyrgyzstan, Soms','KGS','лв'),(63,'Laos, Kips','LAK','₭'),(64,'Latvia, Lati','LVL','Ls'),(65,'Lebanon, Pounds','LBP','£'),(66,'Liberia, Dollars','LRD','$'),(67,'Switzerland Francs','CHF','CHF'),(68,'Lithuania, Litai','LTL','Lt'),(69,'MADAGASCAR, Malagasy Ariary','MGA','MGA'),(70,'Macedonia, Denars','MKD','ден'),(71,'Malaysia, Ringgits','MYR','RM'),(72,'Malta, Liri','MTL','₤'),(73,'Mauritius, Rupees','MUR','₨'),(74,'Mexico, Pesos','MXN','$'),(75,'Mongolia, Tugriks','MNT','₮'),(76,'Mozambique, Meticais','MZN','MT'),(77,'Namibia, Dollars','NAD','$'),(78,'Nepal, Rupees','NPR','₨'),(79,'Netherlands Antilles, Guilders','ANG','ƒ'),(80,'New Zealand, Dollars','NZD','$'),(81,'Nicaragua, Cordobas','NIO','C$'),(82,'Nigeria, Nairas','NGN','₦'),(83,'North Korea, Won','KPW','₩'),(84,'Norway, Krone','NOK','kr'),(85,'Oman, Rials','OMR','﷼'),(86,'Pakistan, Rupees','PKR','₨'),(87,'Panama, Balboa','PAB','B/.'),(88,'Paraguay, Guarani','PYG','Gs'),(89,'Peru, Nuevos Soles','PEN','S/.'),(90,'Philippines, Pesos','PHP','Php'),(91,'Poland, Zlotych','PLN','zł'),(92,'Qatar, Rials','QAR','﷼'),(93,'Romania, New Lei','RON','lei'),(94,'Russia, Rubles','RUB','руб'),(95,'Saint Helena, Pounds','SHP','£'),(96,'Saudi Arabia, Riyals','SAR','﷼'),(97,'Serbia, Dinars','RSD','Дин.'),(98,'Seychelles, Rupees','SCR','₨'),(99,'Singapore, Dollars','SGD','$'),(100,'Solomon Islands, Dollars','SBD','$'),(101,'Somalia, Shillings','SOS','S'),(102,'South Africa, Rand','ZAR','R'),(103,'South Korea, Won','KRW','₩'),(104,'Sri Lanka, Rupees','LKR','₨'),(105,'Sweden, Kronor','SEK','kr'),(106,'Switzerland, Francs','CHF','CHF'),(107,'Suriname, Dollars','SRD','$'),(108,'Syria, Pounds','SYP','£'),(109,'Taiwan, New Dollars','TWD','NT$'),(110,'Thailand, Baht','THB','฿'),(111,'Trinidad and Tobago, Dollars','TTD','TT$'),(112,'Turkey, New Lira','TRY','YTL'),(113,'Turkey, Liras','TRL','₤'),(114,'Tuvalu, Dollars','TVD','$'),(115,'Ukraine, Hryvnia','UAH','₴'),(116,'United Arab Emirates, Dirham','AED','AED'),(117,'United Kingdom, Pounds','GBP','£'),(118,'United Republic of Tanzania, Shilling','TZS','TZS'),(119,'USA, Dollars','USD','$'),(120,'Uruguay, Pesos','UYU','$U'),(121,'Uzbekistan, Sums','UZS','лв'),(122,'Venezuela, Bolivares Fuertes','VEF','Bs'),(123,'Vietnam, Dong','VND','₫'),(124,'Zambia, Kwacha','ZMK','ZMK'),(125,'Yemen, Rials','YER','﷼'),(126,'Zimbabwe Dollars','ZWD','Z$'),(127,'Malawi, Kwacha','MWK','MK'),(128,'Tunisian, Dinar','TD','TD'),(129,'Moroccan, Dirham','MAD','DH'),(130,'Iraqi Dinar','IQD','ID'),(131,'Maldivian Ruffiya','MVR','MVR'),(132,'Ugandan Shilling','UGX','Sh'),(133,'Sudanese Pound','SDG','£'),(134,'CFA Franc BCEAO','XOF','CFA'),(135,'CFA Franc BEAC','XAF','CFA'),(136,'Haiti, Gourde','HTG','G'),(137,'Libya, Dinar','LYD','LYD'),(138,'CFP Franc','XPF','F');
/*!40000 ALTER TABLE `vtiger_currencies` ENABLE KEYS */;
UNLOCK TABLES;

--
-- Table structure for table `vtiger_currencies_seq`
--

DROP TABLE IF EXISTS `vtiger_currencies_seq`;
/*!40101 SET @saved_cs_client     = @@character_set_client */;
/*!40101 SET character_set_client = utf8 */;
CREATE TABLE `vtiger_currencies_seq` (
  `id` int(11) NOT NULL
) ENGINE=InnoDB DEFAULT CHARSET=utf8;
/*!40101 SET character_set_client = @saved_cs_client */;

--
-- Dumping data for table `vtiger_currencies_seq`
--

LOCK TABLES `vtiger_currencies_seq` WRITE;
/*!40000 ALTER TABLE `vtiger_currencies_seq` DISABLE KEYS */;
INSERT INTO `vtiger_currencies_seq` VALUES (138);
/*!40000 ALTER TABLE `vtiger_currencies_seq` ENABLE KEYS */;
UNLOCK TABLES;

--
-- Table structure for table `vtiger_currency`
--

DROP TABLE IF EXISTS `vtiger_currency`;
/*!40101 SET @saved_cs_client     = @@character_set_client */;
/*!40101 SET character_set_client = utf8 */;
CREATE TABLE `vtiger_currency` (
  `currencyid` int(19) NOT NULL AUTO_INCREMENT,
  `currency` varchar(200) NOT NULL,
  `sortorderid` int(19) NOT NULL DEFAULT '0',
  `presence` int(1) NOT NULL DEFAULT '1',
  PRIMARY KEY (`currencyid`),
  UNIQUE KEY `currency_currency_idx` (`currency`)
) ENGINE=InnoDB DEFAULT CHARSET=utf8;
/*!40101 SET character_set_client = @saved_cs_client */;

--
-- Dumping data for table `vtiger_currency`
--

LOCK TABLES `vtiger_currency` WRITE;
/*!40000 ALTER TABLE `vtiger_currency` DISABLE KEYS */;
/*!40000 ALTER TABLE `vtiger_currency` ENABLE KEYS */;
UNLOCK TABLES;

--
-- Table structure for table `vtiger_currency_decimal_separator`
--

DROP TABLE IF EXISTS `vtiger_currency_decimal_separator`;
/*!40101 SET @saved_cs_client     = @@character_set_client */;
/*!40101 SET character_set_client = utf8 */;
CREATE TABLE `vtiger_currency_decimal_separator` (
  `currency_decimal_separatorid` int(19) NOT NULL AUTO_INCREMENT,
  `currency_decimal_separator` varchar(2) NOT NULL,
  `sortorderid` int(19) NOT NULL DEFAULT '0',
  `presence` int(1) NOT NULL DEFAULT '1',
  PRIMARY KEY (`currency_decimal_separatorid`)
) ENGINE=InnoDB AUTO_INCREMENT=6 DEFAULT CHARSET=utf8;
/*!40101 SET character_set_client = @saved_cs_client */;

--
-- Dumping data for table `vtiger_currency_decimal_separator`
--

LOCK TABLES `vtiger_currency_decimal_separator` WRITE;
/*!40000 ALTER TABLE `vtiger_currency_decimal_separator` DISABLE KEYS */;
INSERT INTO `vtiger_currency_decimal_separator` VALUES (1,'.',0,1),(2,',',1,1),(3,'\'',2,1),(4,' ',3,1),(5,'$',4,1);
/*!40000 ALTER TABLE `vtiger_currency_decimal_separator` ENABLE KEYS */;
UNLOCK TABLES;

--
-- Table structure for table `vtiger_currency_decimal_separator_seq`
--

DROP TABLE IF EXISTS `vtiger_currency_decimal_separator_seq`;
/*!40101 SET @saved_cs_client     = @@character_set_client */;
/*!40101 SET character_set_client = utf8 */;
CREATE TABLE `vtiger_currency_decimal_separator_seq` (
  `id` int(11) NOT NULL
) ENGINE=InnoDB DEFAULT CHARSET=utf8;
/*!40101 SET character_set_client = @saved_cs_client */;

--
-- Dumping data for table `vtiger_currency_decimal_separator_seq`
--

LOCK TABLES `vtiger_currency_decimal_separator_seq` WRITE;
/*!40000 ALTER TABLE `vtiger_currency_decimal_separator_seq` DISABLE KEYS */;
INSERT INTO `vtiger_currency_decimal_separator_seq` VALUES (5);
/*!40000 ALTER TABLE `vtiger_currency_decimal_separator_seq` ENABLE KEYS */;
UNLOCK TABLES;

--
-- Table structure for table `vtiger_currency_grouping_pattern`
--

DROP TABLE IF EXISTS `vtiger_currency_grouping_pattern`;
/*!40101 SET @saved_cs_client     = @@character_set_client */;
/*!40101 SET character_set_client = utf8 */;
CREATE TABLE `vtiger_currency_grouping_pattern` (
  `currency_grouping_patternid` int(19) NOT NULL AUTO_INCREMENT,
  `currency_grouping_pattern` varchar(200) NOT NULL,
  `sortorderid` int(19) NOT NULL DEFAULT '0',
  `presence` int(1) NOT NULL DEFAULT '1',
  PRIMARY KEY (`currency_grouping_patternid`)
) ENGINE=InnoDB AUTO_INCREMENT=5 DEFAULT CHARSET=utf8;
/*!40101 SET character_set_client = @saved_cs_client */;

--
-- Dumping data for table `vtiger_currency_grouping_pattern`
--

LOCK TABLES `vtiger_currency_grouping_pattern` WRITE;
/*!40000 ALTER TABLE `vtiger_currency_grouping_pattern` DISABLE KEYS */;
INSERT INTO `vtiger_currency_grouping_pattern` VALUES (1,'123,456,789',0,1),(2,'123456789',1,1),(3,'123456,789',2,1),(4,'12,34,56,789',3,1);
/*!40000 ALTER TABLE `vtiger_currency_grouping_pattern` ENABLE KEYS */;
UNLOCK TABLES;

--
-- Table structure for table `vtiger_currency_grouping_pattern_seq`
--

DROP TABLE IF EXISTS `vtiger_currency_grouping_pattern_seq`;
/*!40101 SET @saved_cs_client     = @@character_set_client */;
/*!40101 SET character_set_client = utf8 */;
CREATE TABLE `vtiger_currency_grouping_pattern_seq` (
  `id` int(11) NOT NULL
) ENGINE=InnoDB DEFAULT CHARSET=utf8;
/*!40101 SET character_set_client = @saved_cs_client */;

--
-- Dumping data for table `vtiger_currency_grouping_pattern_seq`
--

LOCK TABLES `vtiger_currency_grouping_pattern_seq` WRITE;
/*!40000 ALTER TABLE `vtiger_currency_grouping_pattern_seq` DISABLE KEYS */;
INSERT INTO `vtiger_currency_grouping_pattern_seq` VALUES (4);
/*!40000 ALTER TABLE `vtiger_currency_grouping_pattern_seq` ENABLE KEYS */;
UNLOCK TABLES;

--
-- Table structure for table `vtiger_currency_grouping_separator`
--

DROP TABLE IF EXISTS `vtiger_currency_grouping_separator`;
/*!40101 SET @saved_cs_client     = @@character_set_client */;
/*!40101 SET character_set_client = utf8 */;
CREATE TABLE `vtiger_currency_grouping_separator` (
  `currency_grouping_separatorid` int(19) NOT NULL AUTO_INCREMENT,
  `currency_grouping_separator` varchar(2) NOT NULL,
  `sortorderid` int(19) NOT NULL DEFAULT '0',
  `presence` int(1) NOT NULL DEFAULT '1',
  PRIMARY KEY (`currency_grouping_separatorid`)
) ENGINE=InnoDB AUTO_INCREMENT=6 DEFAULT CHARSET=utf8;
/*!40101 SET character_set_client = @saved_cs_client */;

--
-- Dumping data for table `vtiger_currency_grouping_separator`
--

LOCK TABLES `vtiger_currency_grouping_separator` WRITE;
/*!40000 ALTER TABLE `vtiger_currency_grouping_separator` DISABLE KEYS */;
INSERT INTO `vtiger_currency_grouping_separator` VALUES (1,',',0,1),(2,'.',1,1),(3,'\'',2,1),(4,' ',3,1),(5,'$',4,1);
/*!40000 ALTER TABLE `vtiger_currency_grouping_separator` ENABLE KEYS */;
UNLOCK TABLES;

--
-- Table structure for table `vtiger_currency_grouping_separator_seq`
--

DROP TABLE IF EXISTS `vtiger_currency_grouping_separator_seq`;
/*!40101 SET @saved_cs_client     = @@character_set_client */;
/*!40101 SET character_set_client = utf8 */;
CREATE TABLE `vtiger_currency_grouping_separator_seq` (
  `id` int(11) NOT NULL
) ENGINE=InnoDB DEFAULT CHARSET=utf8;
/*!40101 SET character_set_client = @saved_cs_client */;

--
-- Dumping data for table `vtiger_currency_grouping_separator_seq`
--

LOCK TABLES `vtiger_currency_grouping_separator_seq` WRITE;
/*!40000 ALTER TABLE `vtiger_currency_grouping_separator_seq` DISABLE KEYS */;
INSERT INTO `vtiger_currency_grouping_separator_seq` VALUES (5);
/*!40000 ALTER TABLE `vtiger_currency_grouping_separator_seq` ENABLE KEYS */;
UNLOCK TABLES;

--
-- Table structure for table `vtiger_currency_info`
--

DROP TABLE IF EXISTS `vtiger_currency_info`;
/*!40101 SET @saved_cs_client     = @@character_set_client */;
/*!40101 SET character_set_client = utf8 */;
CREATE TABLE `vtiger_currency_info` (
  `id` int(11) NOT NULL AUTO_INCREMENT,
  `currency_name` varchar(100) DEFAULT NULL,
  `currency_code` varchar(100) DEFAULT NULL,
  `currency_symbol` varchar(30) DEFAULT NULL,
  `conversion_rate` decimal(12,5) DEFAULT NULL,
  `currency_status` varchar(25) DEFAULT NULL,
  `defaultid` varchar(10) NOT NULL DEFAULT '0',
  `deleted` int(1) NOT NULL DEFAULT '0',
  PRIMARY KEY (`id`)
) ENGINE=InnoDB AUTO_INCREMENT=2 DEFAULT CHARSET=utf8;
/*!40101 SET character_set_client = @saved_cs_client */;

--
-- Dumping data for table `vtiger_currency_info`
--

LOCK TABLES `vtiger_currency_info` WRITE;
/*!40000 ALTER TABLE `vtiger_currency_info` DISABLE KEYS */;
INSERT INTO `vtiger_currency_info` VALUES (1,'Russia, Rubles','RUB','руб',1.00000,'Active','-11',0);
/*!40000 ALTER TABLE `vtiger_currency_info` ENABLE KEYS */;
UNLOCK TABLES;

--
-- Table structure for table `vtiger_currency_info_seq`
--

DROP TABLE IF EXISTS `vtiger_currency_info_seq`;
/*!40101 SET @saved_cs_client     = @@character_set_client */;
/*!40101 SET character_set_client = utf8 */;
CREATE TABLE `vtiger_currency_info_seq` (
  `id` int(11) NOT NULL
) ENGINE=InnoDB DEFAULT CHARSET=utf8;
/*!40101 SET character_set_client = @saved_cs_client */;

--
-- Dumping data for table `vtiger_currency_info_seq`
--

LOCK TABLES `vtiger_currency_info_seq` WRITE;
/*!40000 ALTER TABLE `vtiger_currency_info_seq` DISABLE KEYS */;
INSERT INTO `vtiger_currency_info_seq` VALUES (1);
/*!40000 ALTER TABLE `vtiger_currency_info_seq` ENABLE KEYS */;
UNLOCK TABLES;

--
-- Table structure for table `vtiger_currency_symbol_placement`
--

DROP TABLE IF EXISTS `vtiger_currency_symbol_placement`;
/*!40101 SET @saved_cs_client     = @@character_set_client */;
/*!40101 SET character_set_client = utf8 */;
CREATE TABLE `vtiger_currency_symbol_placement` (
  `currency_symbol_placementid` int(19) NOT NULL AUTO_INCREMENT,
  `currency_symbol_placement` varchar(30) NOT NULL,
  `sortorderid` int(19) NOT NULL DEFAULT '0',
  `presence` int(1) NOT NULL DEFAULT '1',
  PRIMARY KEY (`currency_symbol_placementid`)
) ENGINE=InnoDB AUTO_INCREMENT=3 DEFAULT CHARSET=utf8;
/*!40101 SET character_set_client = @saved_cs_client */;

--
-- Dumping data for table `vtiger_currency_symbol_placement`
--

LOCK TABLES `vtiger_currency_symbol_placement` WRITE;
/*!40000 ALTER TABLE `vtiger_currency_symbol_placement` DISABLE KEYS */;
INSERT INTO `vtiger_currency_symbol_placement` VALUES (1,'$1.0',0,1),(2,'1.0$',1,1);
/*!40000 ALTER TABLE `vtiger_currency_symbol_placement` ENABLE KEYS */;
UNLOCK TABLES;

--
-- Table structure for table `vtiger_currency_symbol_placement_seq`
--

DROP TABLE IF EXISTS `vtiger_currency_symbol_placement_seq`;
/*!40101 SET @saved_cs_client     = @@character_set_client */;
/*!40101 SET character_set_client = utf8 */;
CREATE TABLE `vtiger_currency_symbol_placement_seq` (
  `id` int(11) NOT NULL
) ENGINE=InnoDB DEFAULT CHARSET=utf8;
/*!40101 SET character_set_client = @saved_cs_client */;

--
-- Dumping data for table `vtiger_currency_symbol_placement_seq`
--

LOCK TABLES `vtiger_currency_symbol_placement_seq` WRITE;
/*!40000 ALTER TABLE `vtiger_currency_symbol_placement_seq` DISABLE KEYS */;
INSERT INTO `vtiger_currency_symbol_placement_seq` VALUES (2);
/*!40000 ALTER TABLE `vtiger_currency_symbol_placement_seq` ENABLE KEYS */;
UNLOCK TABLES;

--
-- Table structure for table `vtiger_customaction`
--

DROP TABLE IF EXISTS `vtiger_customaction`;
/*!40101 SET @saved_cs_client     = @@character_set_client */;
/*!40101 SET character_set_client = utf8 */;
CREATE TABLE `vtiger_customaction` (
  `cvid` int(19) NOT NULL,
  `subject` varchar(250) NOT NULL,
  `module` varchar(50) NOT NULL,
  `content` text,
  KEY `customaction_cvid_idx` (`cvid`),
  CONSTRAINT `fk_1_vtiger_customaction` FOREIGN KEY (`cvid`) REFERENCES `vtiger_customview` (`cvid`) ON DELETE CASCADE
) ENGINE=InnoDB DEFAULT CHARSET=utf8;
/*!40101 SET character_set_client = @saved_cs_client */;

--
-- Dumping data for table `vtiger_customaction`
--

LOCK TABLES `vtiger_customaction` WRITE;
/*!40000 ALTER TABLE `vtiger_customaction` DISABLE KEYS */;
/*!40000 ALTER TABLE `vtiger_customaction` ENABLE KEYS */;
UNLOCK TABLES;

--
-- Table structure for table `vtiger_customerdetails`
--

DROP TABLE IF EXISTS `vtiger_customerdetails`;
/*!40101 SET @saved_cs_client     = @@character_set_client */;
/*!40101 SET character_set_client = utf8 */;
CREATE TABLE `vtiger_customerdetails` (
  `customerid` int(19) NOT NULL,
  `portal` varchar(3) DEFAULT NULL,
  `support_start_date` date DEFAULT NULL,
  `support_end_date` date DEFAULT NULL,
  PRIMARY KEY (`customerid`),
  CONSTRAINT `fk_1_vtiger_customerdetails` FOREIGN KEY (`customerid`) REFERENCES `vtiger_contactdetails` (`contactid`) ON DELETE CASCADE
) ENGINE=InnoDB DEFAULT CHARSET=utf8;
/*!40101 SET character_set_client = @saved_cs_client */;

--
-- Dumping data for table `vtiger_customerdetails`
--

LOCK TABLES `vtiger_customerdetails` WRITE;
/*!40000 ALTER TABLE `vtiger_customerdetails` DISABLE KEYS */;
INSERT INTO `vtiger_customerdetails` VALUES (2,'0','2020-06-04','2021-06-04');
/*!40000 ALTER TABLE `vtiger_customerdetails` ENABLE KEYS */;
UNLOCK TABLES;

--
-- Table structure for table `vtiger_customerportal_fields`
--

DROP TABLE IF EXISTS `vtiger_customerportal_fields`;
/*!40101 SET @saved_cs_client     = @@character_set_client */;
/*!40101 SET character_set_client = utf8 */;
CREATE TABLE `vtiger_customerportal_fields` (
  `tabid` int(19) NOT NULL,
  `fieldinfo` text,
  `records_visible` int(1) DEFAULT NULL,
  PRIMARY KEY (`tabid`)
) ENGINE=InnoDB DEFAULT CHARSET=utf8;
/*!40101 SET character_set_client = @saved_cs_client */;

--
-- Dumping data for table `vtiger_customerportal_fields`
--

LOCK TABLES `vtiger_customerportal_fields` WRITE;
/*!40000 ALTER TABLE `vtiger_customerportal_fields` DISABLE KEYS */;
INSERT INTO `vtiger_customerportal_fields` VALUES (4,'{\"lastname\":1,\"assigned_user_id\":1}',1),(6,'{\"accountname\":1,\"assigned_user_id\":1}',1),(8,'{\"notes_title\":1,\"assigned_user_id\":1,\"filename\":0}',1),(13,'{\"ticket_title\":1,\"assigned_user_id\":1,\"ticketpriorities\":1,\"ticketstatus\":1,\"description\":1,\"product_id\":1,\"ticketseverities\":1,\"ticketcategories\":1}',1),(14,'{\"productname\":1,\"assigned_user_id\":1}',1),(15,'{\"faqstatus\":1,\"question\":1,\"faq_answer\":1}',1),(20,'{\"subject\":1,\"quotestage\":1,\"account_id\":1,\"assigned_user_id\":1,\"bill_street\":1,\"ship_street\":1}',1),(23,'{\"subject\":1,\"account_id\":1,\"assigned_user_id\":1,\"bill_street\":1,\"ship_street\":1}',1),(31,'{\"servicename\":1}',1),(36,'{\"subject\":1,\"assigned_user_id\":1}',NULL),(42,'{\"product\":1,\"serialnumber\":1,\"assigned_user_id\":1,\"datesold\":1,\"dateinservice\":1,\"assetstatus\":1,\"assetname\":1,\"account\":1}',1),(54,'{\"projectmilestonename\":1,\"projectid\":1,\"assigned_user_id\":1}',1),(55,'{\"projecttaskname\":1,\"projectid\":1,\"assigned_user_id\":1}',1),(56,'{\"projectname\":1,\"assigned_user_id\":1}',1);
/*!40000 ALTER TABLE `vtiger_customerportal_fields` ENABLE KEYS */;
UNLOCK TABLES;

--
-- Table structure for table `vtiger_customerportal_prefs`
--

DROP TABLE IF EXISTS `vtiger_customerportal_prefs`;
/*!40101 SET @saved_cs_client     = @@character_set_client */;
/*!40101 SET character_set_client = utf8 */;
CREATE TABLE `vtiger_customerportal_prefs` (
  `tabid` int(19) NOT NULL,
  `prefkey` varchar(100) NOT NULL,
  `prefvalue` int(20) DEFAULT NULL,
  PRIMARY KEY (`tabid`,`prefkey`)
) ENGINE=InnoDB DEFAULT CHARSET=utf8;
/*!40101 SET character_set_client = @saved_cs_client */;

--
-- Dumping data for table `vtiger_customerportal_prefs`
--

LOCK TABLES `vtiger_customerportal_prefs` WRITE;
/*!40000 ALTER TABLE `vtiger_customerportal_prefs` DISABLE KEYS */;
INSERT INTO `vtiger_customerportal_prefs` VALUES (0,'defaultassignee',1),(0,'userid',1),(4,'showrelatedinfo',1),(6,'showrelatedinfo',1),(8,'showrelatedinfo',1),(13,'showrelatedinfo',1),(14,'showrelatedinfo',1),(15,'showrelatedinfo',1),(20,'showrelatedinfo',1),(23,'showrelatedinfo',1),(31,'showrelatedinfo',1),(42,'showrelatedinfo',1),(54,'showrelatedinfo',1),(55,'showrelatedinfo',1),(56,'showrelatedinfo',1);
/*!40000 ALTER TABLE `vtiger_customerportal_prefs` ENABLE KEYS */;
UNLOCK TABLES;

--
-- Table structure for table `vtiger_customerportal_relatedmoduleinfo`
--

DROP TABLE IF EXISTS `vtiger_customerportal_relatedmoduleinfo`;
/*!40101 SET @saved_cs_client     = @@character_set_client */;
/*!40101 SET character_set_client = utf8 */;
CREATE TABLE `vtiger_customerportal_relatedmoduleinfo` (
  `tabid` int(19) NOT NULL,
  `relatedmodules` text,
  PRIMARY KEY (`tabid`)
) ENGINE=InnoDB DEFAULT CHARSET=utf8;
/*!40101 SET character_set_client = @saved_cs_client */;

--
-- Dumping data for table `vtiger_customerportal_relatedmoduleinfo`
--

LOCK TABLES `vtiger_customerportal_relatedmoduleinfo` WRITE;
/*!40000 ALTER TABLE `vtiger_customerportal_relatedmoduleinfo` DISABLE KEYS */;
INSERT INTO `vtiger_customerportal_relatedmoduleinfo` VALUES (8,'[{\"name\":\"History\",\"value\":1}]'),(13,'[{\"name\":\"History\",\"value\":1},{\"name\":\"ModComments\",\"value\":1},{\"name\":\"Documents\",\"value\":1}]'),(14,'[{\"name\":\"History\",\"value\":1}]'),(20,'[{\"name\":\"History\",\"value\":1}]'),(23,'[{\"name\":\"History\",\"value\":1}]'),(31,'[{\"name\":\"History\",\"value\":1}]'),(36,'[{\"name\":\"History\",\"value\":1}]'),(42,'[{\"name\":\"History\",\"value\":1}]'),(54,'[{\"name\":\"History\",\"value\":1}]'),(55,'[{\"name\":\"History\",\"value\":1},{\"name\":\"ModComments\",\"value\":1}]'),(56,'[{\"name\":\"History\",\"value\":1},{\"name\":\"ModComments\",\"value\":1},{\"name\":\"ProjectTask\",\"value\":1},{\"name\":\"ProjectMilestone\",\"value\":1},{\"name\":\"Documents\",\"value\":1}]');
/*!40000 ALTER TABLE `vtiger_customerportal_relatedmoduleinfo` ENABLE KEYS */;
UNLOCK TABLES;

--
-- Table structure for table `vtiger_customerportal_settings`
--

DROP TABLE IF EXISTS `vtiger_customerportal_settings`;
/*!40101 SET @saved_cs_client     = @@character_set_client */;
/*!40101 SET character_set_client = utf8 */;
CREATE TABLE `vtiger_customerportal_settings` (
  `id` int(11) DEFAULT NULL,
  `url` varchar(250) DEFAULT NULL,
  `default_assignee` int(11) DEFAULT NULL,
  `support_notification` int(11) DEFAULT NULL,
  `announcement` text,
  `shortcuts` text,
  `widgets` text,
  `charts` text
) ENGINE=InnoDB DEFAULT CHARSET=utf8;
/*!40101 SET character_set_client = @saved_cs_client */;

--
-- Dumping data for table `vtiger_customerportal_settings`
--

LOCK TABLES `vtiger_customerportal_settings` WRITE;
/*!40000 ALTER TABLE `vtiger_customerportal_settings` DISABLE KEYS */;
INSERT INTO `vtiger_customerportal_settings` VALUES (1,NULL,1,NULL,NULL,'{\"Documents\":{\"LBL_ADD_DOCUMENT\":1},\"HelpDesk\":{\"LBL_CREATE_TICKET\":1,\"LBL_OPEN_TICKETS\":1}}','{\"widgets\":{\"HelpDesk\":1,\"Documents\":1,\"Faq\":1}}','{\"charts\":{\"OpenTicketsByPriority\":1,\"TicketsClosureTimeByPriority\":1}}');
/*!40000 ALTER TABLE `vtiger_customerportal_settings` ENABLE KEYS */;
UNLOCK TABLES;

--
-- Table structure for table `vtiger_customerportal_tabs`
--

DROP TABLE IF EXISTS `vtiger_customerportal_tabs`;
/*!40101 SET @saved_cs_client     = @@character_set_client */;
/*!40101 SET character_set_client = utf8 */;
CREATE TABLE `vtiger_customerportal_tabs` (
  `tabid` int(19) NOT NULL,
  `visible` int(1) DEFAULT '1',
  `sequence` int(1) DEFAULT NULL,
  `createrecord` tinyint(1) NOT NULL DEFAULT '0',
  `editrecord` tinyint(1) NOT NULL DEFAULT '0',
  PRIMARY KEY (`tabid`)
) ENGINE=InnoDB DEFAULT CHARSET=utf8;
/*!40101 SET character_set_client = @saved_cs_client */;

--
-- Dumping data for table `vtiger_customerportal_tabs`
--

LOCK TABLES `vtiger_customerportal_tabs` WRITE;
/*!40000 ALTER TABLE `vtiger_customerportal_tabs` DISABLE KEYS */;
INSERT INTO `vtiger_customerportal_tabs` VALUES (4,0,11,0,1),(6,0,12,0,1),(8,1,10,1,0),(13,1,4,1,1),(14,1,8,0,0),(15,1,5,0,0),(20,1,7,0,0),(23,1,6,0,0),(31,1,9,0,0),(36,1,27,0,0),(42,1,16,0,1),(54,1,15,0,0),(55,1,14,0,0),(56,1,13,0,0);
/*!40000 ALTER TABLE `vtiger_customerportal_tabs` ENABLE KEYS */;
UNLOCK TABLES;

--
-- Table structure for table `vtiger_customview`
--

DROP TABLE IF EXISTS `vtiger_customview`;
/*!40101 SET @saved_cs_client     = @@character_set_client */;
/*!40101 SET character_set_client = utf8 */;
CREATE TABLE `vtiger_customview` (
  `cvid` int(19) NOT NULL,
  `viewname` varchar(100) NOT NULL,
  `setdefault` int(1) DEFAULT '0',
  `setmetrics` int(1) DEFAULT '0',
  `entitytype` varchar(25) NOT NULL,
  `status` int(1) DEFAULT '1',
  `userid` int(19) DEFAULT '1',
  PRIMARY KEY (`cvid`),
  KEY `customview_entitytype_idx` (`entitytype`),
  CONSTRAINT `fk_1_vtiger_customview` FOREIGN KEY (`entitytype`) REFERENCES `vtiger_tab` (`name`) ON DELETE CASCADE
) ENGINE=InnoDB DEFAULT CHARSET=utf8;
/*!40101 SET character_set_client = @saved_cs_client */;

--
-- Dumping data for table `vtiger_customview`
--

LOCK TABLES `vtiger_customview` WRITE;
/*!40000 ALTER TABLE `vtiger_customview` DISABLE KEYS */;
INSERT INTO `vtiger_customview` VALUES (1,'All',1,0,'Leads',0,1),(2,'Горячие Обращения',0,1,'Leads',3,1),(3,'Обращения этого месяца',0,0,'Leads',3,1),(4,'All',1,0,'Accounts',0,1),(5,'Перспективные Контрагенты',0,1,'Accounts',3,1),(6,'Новые за неделю',0,0,'Accounts',3,1),(7,'All',1,0,'Contacts',0,1),(8,'Показать адреса',0,0,'Contacts',3,1),(9,'Сегодня день рождения',0,0,'Contacts',3,1),(10,'All',1,0,'Potentials',0,1),(11,'Удачные Сделки',0,1,'Potentials',3,1),(12,'Перспективные',0,0,'Potentials',3,1),(13,'All',1,0,'HelpDesk',0,1),(14,'Открытые заявки',0,1,'HelpDesk',3,1),(15,'Приоритетные Заявки',0,0,'HelpDesk',3,1),(16,'All',1,0,'Quotes',0,1),(17,'Открытые Предложения',0,1,'Quotes',3,1),(18,'Отклоненные Предложения',0,0,'Quotes',3,1),(19,'All',1,0,'Calendar',0,1),(20,'All',1,0,'Emails',0,1),(21,'All',1,0,'Invoice',0,1),(22,'All',1,0,'Documents',0,1),(23,'All',1,0,'PriceBooks',0,1),(24,'All',1,0,'Products',0,1),(25,'All',1,0,'PurchaseOrder',0,1),(26,'All',1,0,'SalesOrder',0,1),(27,'All',1,0,'Vendors',0,1),(28,'All',1,0,'Faq',0,1),(29,'All',1,0,'Campaigns',0,1),(30,'All',1,0,'Webmails',0,1),(31,'Черновики БЗ',0,0,'Faq',3,1),(32,'Опубликованные БЗ',0,0,'Faq',3,1),(33,'Открытые Закупки',0,0,'PurchaseOrder',3,1),(34,'Полученные Закупки',0,0,'PurchaseOrder',3,1),(35,'Открытые Счета',0,0,'Invoice',3,1),(36,'Оплаченные Счета',0,0,'Invoice',3,1),(37,'Текущие Заказы',0,0,'SalesOrder',3,1),(38,'All',1,0,'Services',0,1),(39,'All',1,0,'PBXManager',0,1),(40,'All',1,0,'ServiceContracts',0,1),(41,'All',0,0,'ModComments',0,1),(42,'All',1,0,'Assets',0,1),(43,'All',1,0,'SPSocialConnector',0,1),(44,'All',0,0,'SMSNotifier',0,1),(45,'All',1,0,'SPUnits',0,1),(49,'All',1,0,'Act',0,1),(50,'All',1,0,'SPPayments',0,1),(51,'All',1,0,'Consignment',0,1),(52,'All',1,0,'ProjectMilestone',0,1),(53,'All',1,0,'ProjectTask',0,1),(54,'All',1,0,'Project',0,1);
/*!40000 ALTER TABLE `vtiger_customview` ENABLE KEYS */;
UNLOCK TABLES;

--
-- Table structure for table `vtiger_customview_seq`
--

DROP TABLE IF EXISTS `vtiger_customview_seq`;
/*!40101 SET @saved_cs_client     = @@character_set_client */;
/*!40101 SET character_set_client = utf8 */;
CREATE TABLE `vtiger_customview_seq` (
  `id` int(11) NOT NULL
) ENGINE=InnoDB DEFAULT CHARSET=utf8;
/*!40101 SET character_set_client = @saved_cs_client */;

--
-- Dumping data for table `vtiger_customview_seq`
--

LOCK TABLES `vtiger_customview_seq` WRITE;
/*!40000 ALTER TABLE `vtiger_customview_seq` DISABLE KEYS */;
INSERT INTO `vtiger_customview_seq` VALUES (54);
/*!40000 ALTER TABLE `vtiger_customview_seq` ENABLE KEYS */;
UNLOCK TABLES;

--
-- Table structure for table `vtiger_cv2group`
--

DROP TABLE IF EXISTS `vtiger_cv2group`;
/*!40101 SET @saved_cs_client     = @@character_set_client */;
/*!40101 SET character_set_client = utf8 */;
CREATE TABLE `vtiger_cv2group` (
  `cvid` int(25) NOT NULL,
  `groupid` int(25) NOT NULL,
  KEY `vtiger_cv2group_ibfk_1` (`cvid`),
  KEY `vtiger_groups_ibfk_1` (`groupid`),
  CONSTRAINT `vtiger_customview_ibfk_2` FOREIGN KEY (`cvid`) REFERENCES `vtiger_customview` (`cvid`) ON DELETE CASCADE,
  CONSTRAINT `vtiger_groups_ibfk_1` FOREIGN KEY (`groupid`) REFERENCES `vtiger_groups` (`groupid`) ON DELETE CASCADE
) ENGINE=InnoDB DEFAULT CHARSET=utf8;
/*!40101 SET character_set_client = @saved_cs_client */;

--
-- Dumping data for table `vtiger_cv2group`
--

LOCK TABLES `vtiger_cv2group` WRITE;
/*!40000 ALTER TABLE `vtiger_cv2group` DISABLE KEYS */;
/*!40000 ALTER TABLE `vtiger_cv2group` ENABLE KEYS */;
UNLOCK TABLES;

--
-- Table structure for table `vtiger_cv2role`
--

DROP TABLE IF EXISTS `vtiger_cv2role`;
/*!40101 SET @saved_cs_client     = @@character_set_client */;
/*!40101 SET character_set_client = utf8 */;
CREATE TABLE `vtiger_cv2role` (
  `cvid` int(25) NOT NULL,
  `roleid` varchar(255) NOT NULL,
  KEY `vtiger_cv2role_ibfk_1` (`cvid`),
  KEY `vtiger_role_ibfk_1` (`roleid`),
  CONSTRAINT `vtiger_customview_ibfk_3` FOREIGN KEY (`cvid`) REFERENCES `vtiger_customview` (`cvid`) ON DELETE CASCADE,
  CONSTRAINT `vtiger_role_ibfk_1` FOREIGN KEY (`roleid`) REFERENCES `vtiger_role` (`roleid`) ON DELETE CASCADE
) ENGINE=InnoDB DEFAULT CHARSET=utf8;
/*!40101 SET character_set_client = @saved_cs_client */;

--
-- Dumping data for table `vtiger_cv2role`
--

LOCK TABLES `vtiger_cv2role` WRITE;
/*!40000 ALTER TABLE `vtiger_cv2role` DISABLE KEYS */;
/*!40000 ALTER TABLE `vtiger_cv2role` ENABLE KEYS */;
UNLOCK TABLES;

--
-- Table structure for table `vtiger_cv2rs`
--

DROP TABLE IF EXISTS `vtiger_cv2rs`;
/*!40101 SET @saved_cs_client     = @@character_set_client */;
/*!40101 SET character_set_client = utf8 */;
CREATE TABLE `vtiger_cv2rs` (
  `cvid` int(25) NOT NULL,
  `rsid` varchar(255) NOT NULL,
  KEY `vtiger_cv2role_ibfk_1` (`cvid`),
  KEY `vtiger_rolesd_ibfk_1` (`rsid`),
  CONSTRAINT `vtiger_customview_ibfk_4` FOREIGN KEY (`cvid`) REFERENCES `vtiger_customview` (`cvid`) ON DELETE CASCADE,
  CONSTRAINT `vtiger_rolesd_ibfk_1` FOREIGN KEY (`rsid`) REFERENCES `vtiger_role` (`roleid`) ON DELETE CASCADE
) ENGINE=InnoDB DEFAULT CHARSET=utf8;
/*!40101 SET character_set_client = @saved_cs_client */;

--
-- Dumping data for table `vtiger_cv2rs`
--

LOCK TABLES `vtiger_cv2rs` WRITE;
/*!40000 ALTER TABLE `vtiger_cv2rs` DISABLE KEYS */;
/*!40000 ALTER TABLE `vtiger_cv2rs` ENABLE KEYS */;
UNLOCK TABLES;

--
-- Table structure for table `vtiger_cv2users`
--

DROP TABLE IF EXISTS `vtiger_cv2users`;
/*!40101 SET @saved_cs_client     = @@character_set_client */;
/*!40101 SET character_set_client = utf8 */;
CREATE TABLE `vtiger_cv2users` (
  `cvid` int(25) NOT NULL,
  `userid` int(25) NOT NULL,
  KEY `vtiger_cv2users_ibfk_1` (`cvid`),
  KEY `vtiger_users_ibfk_1` (`userid`),
  CONSTRAINT `vtiger_customview_ibfk_1` FOREIGN KEY (`cvid`) REFERENCES `vtiger_customview` (`cvid`) ON DELETE CASCADE,
  CONSTRAINT `vtiger_users_ibfk_1` FOREIGN KEY (`userid`) REFERENCES `vtiger_users` (`id`) ON DELETE CASCADE
) ENGINE=InnoDB DEFAULT CHARSET=utf8;
/*!40101 SET character_set_client = @saved_cs_client */;

--
-- Dumping data for table `vtiger_cv2users`
--

LOCK TABLES `vtiger_cv2users` WRITE;
/*!40000 ALTER TABLE `vtiger_cv2users` DISABLE KEYS */;
/*!40000 ALTER TABLE `vtiger_cv2users` ENABLE KEYS */;
UNLOCK TABLES;

--
-- Table structure for table `vtiger_cvadvfilter`
--

DROP TABLE IF EXISTS `vtiger_cvadvfilter`;
/*!40101 SET @saved_cs_client     = @@character_set_client */;
/*!40101 SET character_set_client = utf8 */;
CREATE TABLE `vtiger_cvadvfilter` (
  `cvid` int(19) NOT NULL,
  `columnindex` int(11) NOT NULL,
  `columnname` varchar(250) DEFAULT '',
  `comparator` varchar(20) DEFAULT NULL,
  `value` varchar(512) DEFAULT NULL,
  `groupid` int(11) DEFAULT '1',
  `column_condition` varchar(255) DEFAULT 'and',
  PRIMARY KEY (`cvid`,`columnindex`),
  KEY `cvadvfilter_cvid_idx` (`cvid`),
  CONSTRAINT `fk_1_vtiger_cvadvfilter` FOREIGN KEY (`cvid`) REFERENCES `vtiger_customview` (`cvid`) ON DELETE CASCADE
) ENGINE=InnoDB DEFAULT CHARSET=utf8;
/*!40101 SET character_set_client = @saved_cs_client */;

--
-- Dumping data for table `vtiger_cvadvfilter`
--

LOCK TABLES `vtiger_cvadvfilter` WRITE;
/*!40000 ALTER TABLE `vtiger_cvadvfilter` DISABLE KEYS */;
INSERT INTO `vtiger_cvadvfilter` VALUES (2,0,'vtiger_leaddetails:leadstatus:leadstatus:Leads_Lead_Status:V','e','Hot',1,'and'),(5,0,'vtiger_account:account_type:accounttype:Accounts_Type:V','e','Prospect',1,'and'),(11,0,'vtiger_potential:sales_stage:sales_stage:Potentials_Sales_Stage:V','e','Closed Won',1,'and'),(12,0,'vtiger_potential:sales_stage:sales_stage:Potentials_Sales_Stage:V','e','Prospecting',1,'and'),(14,0,'vtiger_troubletickets:status:ticketstatus:HelpDesk_Status:V','n','Closed',1,'and'),(15,0,'vtiger_troubletickets:priority:ticketpriorities:HelpDesk_Priority:V','e','High',1,'and'),(17,0,'vtiger_quotes:quotestage:quotestage:Quotes_Quote_Stage:V','n','Accepted',1,'and'),(17,1,'vtiger_quotes:quotestage:quotestage:Quotes_Quote_Stage:V','n','Rejected',1,'and'),(18,0,'vtiger_quotes:quotestage:quotestage:Quotes_Quote_Stage:V','e','Rejected',1,'and'),(31,0,'vtiger_faq:status:faqstatus:Faq_Status:V','e','Draft',1,'and'),(32,0,'vtiger_faq:status:faqstatus:Faq_Status:V','e','Published',1,'and'),(33,0,'vtiger_purchaseorder:postatus:postatus:PurchaseOrder_Status:V','e','Created, Approved, Delivered',1,'and'),(34,0,'vtiger_purchaseorder:postatus:postatus:PurchaseOrder_Status:V','e','Received Shipment',1,'and'),(35,0,'vtiger_invoice:invoicestatus:invoicestatus:Invoice_Status:V','e','Created, Approved, Sent',1,'and'),(36,0,'vtiger_invoice:invoicestatus:invoicestatus:Invoice_Status:V','e','Paid',1,'and'),(37,0,'vtiger_salesorder:sostatus:sostatus:SalesOrder_Status:V','e','Created, Approved',1,'and');
/*!40000 ALTER TABLE `vtiger_cvadvfilter` ENABLE KEYS */;
UNLOCK TABLES;

--
-- Table structure for table `vtiger_cvadvfilter_grouping`
--

DROP TABLE IF EXISTS `vtiger_cvadvfilter_grouping`;
/*!40101 SET @saved_cs_client     = @@character_set_client */;
/*!40101 SET character_set_client = utf8 */;
CREATE TABLE `vtiger_cvadvfilter_grouping` (
  `groupid` int(11) NOT NULL,
  `cvid` int(19) NOT NULL,
  `group_condition` varchar(255) DEFAULT NULL,
  `condition_expression` text,
  PRIMARY KEY (`groupid`,`cvid`)
) ENGINE=InnoDB DEFAULT CHARSET=utf8;
/*!40101 SET character_set_client = @saved_cs_client */;

--
-- Dumping data for table `vtiger_cvadvfilter_grouping`
--

LOCK TABLES `vtiger_cvadvfilter_grouping` WRITE;
/*!40000 ALTER TABLE `vtiger_cvadvfilter_grouping` DISABLE KEYS */;
INSERT INTO `vtiger_cvadvfilter_grouping` VALUES (1,2,'',''),(1,5,'',''),(1,11,'',''),(1,12,'',''),(1,14,'',''),(1,15,'',''),(1,17,'',''),(1,18,'',''),(1,31,'',''),(1,32,'',''),(1,33,'',''),(1,34,'',''),(1,35,'',''),(1,36,'',''),(1,37,'','');
/*!40000 ALTER TABLE `vtiger_cvadvfilter_grouping` ENABLE KEYS */;
UNLOCK TABLES;

--
-- Table structure for table `vtiger_cvcolumnlist`
--

DROP TABLE IF EXISTS `vtiger_cvcolumnlist`;
/*!40101 SET @saved_cs_client     = @@character_set_client */;
/*!40101 SET character_set_client = utf8 */;
CREATE TABLE `vtiger_cvcolumnlist` (
  `cvid` int(19) NOT NULL,
  `columnindex` int(11) NOT NULL,
  `columnname` varchar(250) DEFAULT '',
  PRIMARY KEY (`cvid`,`columnindex`),
  KEY `cvcolumnlist_columnindex_idx` (`columnindex`),
  KEY `cvcolumnlist_cvid_idx` (`cvid`),
  CONSTRAINT `fk_1_vtiger_cvcolumnlist` FOREIGN KEY (`cvid`) REFERENCES `vtiger_customview` (`cvid`) ON DELETE CASCADE
) ENGINE=InnoDB DEFAULT CHARSET=utf8;
/*!40101 SET character_set_client = @saved_cs_client */;

--
-- Dumping data for table `vtiger_cvcolumnlist`
--

LOCK TABLES `vtiger_cvcolumnlist` WRITE;
/*!40000 ALTER TABLE `vtiger_cvcolumnlist` DISABLE KEYS */;
INSERT INTO `vtiger_cvcolumnlist` VALUES (1,1,'vtiger_leaddetails:firstname:firstname:Leads_First_Name:V'),(1,2,'vtiger_leaddetails:lastname:lastname:Leads_Last_Name:V'),(1,3,'vtiger_leaddetails:company:company:Leads_Company:V'),(1,4,'vtiger_leadaddress:phone:phone:Leads_Phone:V'),(1,5,'vtiger_leadsubdetails:website:website:Leads_Website:V'),(1,6,'vtiger_leaddetails:email:email:Leads_Email:V'),(1,7,'vtiger_crmentity:smownerid:assigned_user_id:Leads_Assigned_To:V'),(2,0,'vtiger_leaddetails:firstname:firstname:Leads_First_Name:V'),(2,1,'vtiger_leaddetails:lastname:lastname:Leads_Last_Name:V'),(2,2,'vtiger_leaddetails:company:company:Leads_Company:V'),(2,3,'vtiger_leaddetails:leadsource:leadsource:Leads_Lead_Source:V'),(2,4,'vtiger_leadsubdetails:website:website:Leads_Website:V'),(2,5,'vtiger_leaddetails:email:email:Leads_Email:E'),(3,0,'vtiger_leaddetails:firstname:firstname:Leads_First_Name:V'),(3,1,'vtiger_leaddetails:lastname:lastname:Leads_Last_Name:V'),(3,2,'vtiger_leaddetails:company:company:Leads_Company:V'),(3,3,'vtiger_leaddetails:leadsource:leadsource:Leads_Lead_Source:V'),(3,4,'vtiger_leadsubdetails:website:website:Leads_Website:V'),(3,5,'vtiger_leaddetails:email:email:Leads_Email:E'),(4,0,'vtiger_account:account_no:account_no:Accounts_Account_No:V'),(4,1,'vtiger_account:accountname:accountname:Accounts_Account_Name:V'),(4,2,'vtiger_accountbillads:bill_city:bill_city:Accounts_Billing_City:V'),(4,3,'vtiger_account:website:website:Accounts_Website:V'),(4,4,'vtiger_account:phone:phone:Accounts_Phone:V'),(4,5,'vtiger_crmentity:smownerid:assigned_user_id:Accounts_Assigned_To:V'),(5,0,'vtiger_account:accountname:accountname:Accounts_Account_Name:V'),(5,1,'vtiger_account:phone:phone:Accounts_Phone:V'),(5,2,'vtiger_account:website:website:Accounts_Website:V'),(5,3,'vtiger_account:rating:rating:Accounts_Rating:V'),(5,4,'vtiger_crmentity:smownerid:assigned_user_id:Accounts_Assigned_To:V'),(6,0,'vtiger_account:accountname:accountname:Accounts_Account_Name:V'),(6,1,'vtiger_account:phone:phone:Accounts_Phone:V'),(6,2,'vtiger_account:website:website:Accounts_Website:V'),(6,3,'vtiger_accountbillads:bill_city:bill_city:Accounts_City:V'),(6,4,'vtiger_crmentity:smownerid:assigned_user_id:Accounts_Assigned_To:V'),(7,1,'vtiger_contactdetails:firstname:firstname:Contacts_First_Name:V'),(7,2,'vtiger_contactdetails:lastname:lastname:Contacts_Last_Name:V'),(7,3,'vtiger_contactdetails:title:title:Contacts_Title:V'),(7,4,'vtiger_contactdetails:accountid:account_id:Contacts_Account_Name:V'),(7,5,'vtiger_contactdetails:email:email:Contacts_Email:V'),(7,6,'vtiger_contactdetails:phone:phone:Contacts_Office_Phone:V'),(7,7,'vtiger_crmentity:smownerid:assigned_user_id:Contacts_Assigned_To:V'),(8,0,'vtiger_contactdetails:firstname:firstname:Contacts_First_Name:V'),(8,1,'vtiger_contactdetails:lastname:lastname:Contacts_Last_Name:V'),(8,2,'vtiger_contactaddress:mailingstreet:mailingstreet:Contacts_Mailing_Street:V'),(8,3,'vtiger_contactaddress:mailingcity:mailingcity:Contacts_Mailing_City:V'),(8,4,'vtiger_contactaddress:mailingstate:mailingstate:Contacts_Mailing_State:V'),(8,5,'vtiger_contactaddress:mailingzip:mailingzip:Contacts_Mailing_Zip:V'),(8,6,'vtiger_contactaddress:mailingcountry:mailingcountry:Contacts_Mailing_Country:V'),(9,0,'vtiger_contactdetails:firstname:firstname:Contacts_First_Name:V'),(9,1,'vtiger_contactdetails:lastname:lastname:Contacts_Last_Name:V'),(9,2,'vtiger_contactdetails:title:title:Contacts_Title:V'),(9,3,'vtiger_contactdetails:accountid:account_id:Contacts_Account_Name:I'),(9,4,'vtiger_contactdetails:email:email:Contacts_Email:E'),(9,5,'vtiger_contactsubdetails:otherphone:otherphone:Contacts_Phone:V'),(9,6,'vtiger_crmentity:smownerid:assigned_user_id:Contacts_Assigned_To:V'),(10,1,'vtiger_potential:potentialname:potentialname:Potentials_Potential_Name:V'),(10,2,'vtiger_potential:related_to:related_to:Potentials_Related_To:V'),(10,3,'vtiger_potential:sales_stage:sales_stage:Potentials_Sales_Stage:V'),(10,4,'vtiger_potential:leadsource:leadsource:Potentials_Lead_Source:V'),(10,5,'vtiger_potential:closingdate:closingdate:Potentials_Expected_Close_Date:D'),(10,6,'vtiger_potential:amount:amount:Potentials_Amount:N'),(10,7,'vtiger_crmentity:smownerid:assigned_user_id:Potentials_Assigned_To:V'),(10,8,'vtiger_potential:contact_id:contact_id:Potentials_Contact_Name:V'),(11,0,'vtiger_potential:potentialname:potentialname:Potentials_Potential_Name:V'),(11,1,'vtiger_potential:related_to:related_to:Potentials_Related_To:V'),(11,2,'vtiger_potential:amount:amount:Potentials_Amount:N'),(11,3,'vtiger_potential:closingdate:closingdate:Potentials_Expected_Close_Date:D'),(11,4,'vtiger_crmentity:smownerid:assigned_user_id:Potentials_Assigned_To:V'),(11,5,'vtiger_potential:contact_id:contact_id:Potentials_Contact_Name:V'),(12,0,'vtiger_potential:potentialname:potentialname:Potentials_Potential_Name:V'),(12,1,'vtiger_potential:related_to:related_to:Potentials_Related_To:V'),(12,2,'vtiger_potential:amount:amount:Potentials_Amount:N'),(12,3,'vtiger_potential:leadsource:leadsource:Potentials_Lead_Source:V'),(12,4,'vtiger_potential:closingdate:closingdate:Potentials_Expected_Close_Date:D'),(12,5,'vtiger_crmentity:smownerid:assigned_user_id:Potentials_Assigned_To:V'),(12,6,'vtiger_potential:contact_id:contact_id:Potentials_Contact_Name:V'),(13,1,'vtiger_troubletickets:title:ticket_title:HelpDesk_Title:V'),(13,2,'vtiger_troubletickets:parent_id:parent_id:HelpDesk_Related_To:V'),(13,3,'vtiger_troubletickets:status:ticketstatus:HelpDesk_Status:V'),(13,4,'vtiger_troubletickets:priority:ticketpriorities:HelpDesk_Priority:V'),(13,5,'vtiger_crmentity:smownerid:assigned_user_id:HelpDesk_Assigned_To:V'),(13,6,'vtiger_troubletickets:contact_id:contact_id:HelpDesk_Contact_Name:V'),(14,0,'vtiger_troubletickets:title:ticket_title:HelpDesk_Title:V'),(14,1,'vtiger_troubletickets:parent_id:parent_id:HelpDesk_Related_To:I'),(14,2,'vtiger_troubletickets:priority:ticketpriorities:HelpDesk_Priority:V'),(14,3,'vtiger_troubletickets:product_id:product_id:HelpDesk_Product_Name:I'),(14,4,'vtiger_crmentity:smownerid:assigned_user_id:HelpDesk_Assigned_To:V'),(14,5,'vtiger_troubletickets:contact_id:contact_id:HelpDesk_Contact_Name:V'),(15,0,'vtiger_troubletickets:title:ticket_title:HelpDesk_Title:V'),(15,1,'vtiger_troubletickets:parent_id:parent_id:HelpDesk_Related_To:I'),(15,2,'vtiger_troubletickets:status:ticketstatus:HelpDesk_Status:V'),(15,3,'vtiger_troubletickets:product_id:product_id:HelpDesk_Product_Name:I'),(15,4,'vtiger_crmentity:smownerid:assigned_user_id:HelpDesk_Assigned_To:V'),(15,5,'vtiger_troubletickets:contact_id:contact_id:HelpDesk_Contact_Name:V'),(16,1,'vtiger_quotes:subject:subject:Quotes_Subject:V'),(16,2,'vtiger_quotes:quotestage:quotestage:Quotes_Quote_Stage:V'),(16,3,'vtiger_quotes:potentialid:potential_id:Quotes_Potential_Name:V'),(16,4,'vtiger_quotes:accountid:account_id:Quotes_Account_Name:V'),(16,5,'vtiger_quotes:total:hdnGrandTotal:Quotes_Total:N'),(16,6,'vtiger_crmentity:smownerid:assigned_user_id:Quotes_Assigned_To:V'),(17,0,'vtiger_quotes:subject:subject:Quotes_Subject:V'),(17,1,'vtiger_quotes:quotestage:quotestage:Quotes_Quote_Stage:V'),(17,2,'vtiger_quotes:potentialid:potential_id:Quotes_Potential_Name:I'),(17,3,'vtiger_quotes:accountid:account_id:Quotes_Account_Name:I'),(17,4,'vtiger_quotes:validtill:validtill:Quotes_Valid_Till:D'),(17,5,'vtiger_crmentity:smownerid:assigned_user_id:Quotes_Assigned_To:V'),(18,0,'vtiger_quotes:subject:subject:Quotes_Subject:V'),(18,1,'vtiger_quotes:potentialid:potential_id:Quotes_Potential_Name:I'),(18,2,'vtiger_quotes:accountid:account_id:Quotes_Account_Name:I'),(18,3,'vtiger_quotes:validtill:validtill:Quotes_Valid_Till:D'),(18,4,'vtiger_crmentity:smownerid:assigned_user_id:Quotes_Assigned_To:V'),(19,0,'vtiger_activity:status:taskstatus:Calendar_Status:V'),(19,1,'vtiger_activity:activitytype:activitytype:Calendar_Activity_Type:V'),(19,2,'vtiger_activity:subject:subject:Calendar_Subject:V'),(19,3,'vtiger_seactivityrel:crmid:parent_id:Calendar_Related_To:V'),(19,4,'vtiger_activity:date_start:date_start:Calendar_Start_Date_&_Time:DT'),(19,5,'vtiger_activity:due_date:due_date:Calendar_Due_Date:D'),(19,6,'vtiger_crmentity:smownerid:assigned_user_id:Calendar_Assigned_To:V'),(20,0,'vtiger_activity:subject:subject:Emails_Subject:V'),(20,1,'vtiger_emaildetails:to_email:saved_toid:Emails_To:V'),(20,2,'vtiger_activity:date_start:date_start:Emails_Start_Date:DT'),(20,3,'vtiger_activity:time_start:time_start:Emails_Time_Start:T'),(21,1,'vtiger_invoice:subject:subject:Invoice_Subject:V'),(21,2,'vtiger_invoice:salesorderid:salesorder_id:Invoice_Sales_Order:V'),(21,3,'vtiger_invoice:invoicestatus:invoicestatus:Invoice_Status:V'),(21,4,'vtiger_invoice:total:hdnGrandTotal:Invoice_Total:N'),(21,5,'vtiger_crmentity:smownerid:assigned_user_id:Invoice_Assigned_To:V'),(22,1,'vtiger_notes:title:notes_title:Documents_Title:V'),(22,2,'vtiger_notes:filename:filename:Documents_File_Name:V'),(22,3,'vtiger_crmentity:modifiedtime:modifiedtime:Documents_Modified_Time:DT'),(22,4,'vtiger_crmentity:smownerid:assigned_user_id:Documents_Assigned_To:V'),(23,1,'vtiger_pricebook:bookname:bookname:PriceBooks_Price_Book_Name:V'),(23,2,'vtiger_pricebook:active:active:PriceBooks_Active:C'),(23,3,'vtiger_pricebook:currency_id:currency_id:PriceBooks_Currency:V'),(24,1,'vtiger_products:productname:productname:Products_Product_Name:V'),(24,2,'vtiger_products:productcode:productcode:Products_Part_Number:V'),(24,3,'vtiger_products:commissionrate:commissionrate:Products_Commission_Rate:N'),(24,4,'vtiger_products:qtyinstock:qtyinstock:Products_Qty_In_Stock:NN'),(24,5,'vtiger_products:qty_per_unit:qty_per_unit:Products_Qty/Unit:N'),(24,6,'vtiger_products:unit_price:unit_price:Products_Unit_Price:N'),(25,1,'vtiger_purchaseorder:subject:subject:PurchaseOrder_Subject:V'),(25,2,'vtiger_purchaseorder:vendorid:vendor_id:PurchaseOrder_Vendor_Name:V'),(25,3,'vtiger_purchaseorder:tracking_no:tracking_no:PurchaseOrder_Tracking_Number:V'),(25,4,'vtiger_purchaseorder:total:hdnGrandTotal:PurchaseOrder_Total:N'),(25,5,'vtiger_crmentity:smownerid:assigned_user_id:PurchaseOrder_Assigned_To:V'),(26,1,'vtiger_salesorder:subject:subject:SalesOrder_Subject:V'),(26,2,'vtiger_salesorder:accountid:account_id:SalesOrder_Account_Name:V'),(26,3,'vtiger_salesorder:quoteid:quote_id:SalesOrder_Quote_Name:V'),(26,4,'vtiger_salesorder:total:hdnGrandTotal:SalesOrder_Total:N'),(26,5,'vtiger_crmentity:smownerid:assigned_user_id:SalesOrder_Assigned_To:V'),(27,1,'vtiger_vendor:vendorname:vendorname:Vendors_Vendor_Name:V'),(27,2,'vtiger_vendor:phone:phone:Vendors_Phone:V'),(27,3,'vtiger_vendor:email:email:Vendors_Email:V'),(27,4,'vtiger_vendor:category:category:Vendors_Category:V'),(28,1,'vtiger_faq:question:question:Faq_Question:V'),(28,2,'vtiger_faq:category:faqcategories:Faq_Category:V'),(28,3,'vtiger_faq:product_id:product_id:Faq_Product_Name:V'),(28,4,'vtiger_crmentity:createdtime:createdtime:Faq_Created_Time:DT'),(28,5,'vtiger_crmentity:modifiedtime:modifiedtime:Faq_Modified_Time:DT'),(29,1,'vtiger_campaign:campaignname:campaignname:Campaigns_Campaign_Name:V'),(29,2,'vtiger_campaign:campaigntype:campaigntype:Campaigns_Campaign_Type:V'),(29,3,'vtiger_campaign:campaignstatus:campaignstatus:Campaigns_Campaign_Status:V'),(29,4,'vtiger_campaign:expectedrevenue:expectedrevenue:Campaigns_Expected_Revenue:N'),(29,5,'vtiger_campaign:closingdate:closingdate:Campaigns_Expected_Close_Date:D'),(29,6,'vtiger_crmentity:smownerid:assigned_user_id:Campaigns_Assigned_To:V'),(30,0,'subject:subject:subject:Subject:V'),(30,1,'from:fromname:fromname:From:N'),(30,2,'to:tpname:toname:To:N'),(30,3,'body:body:body:Body:V'),(31,0,'vtiger_faq:question:question:Faq_Question:V'),(31,1,'vtiger_faq:status:faqstatus:Faq_Status:V'),(31,2,'vtiger_faq:product_id:product_id:Faq_Product_Name:I'),(31,3,'vtiger_faq:category:faqcategories:Faq_Category:V'),(31,4,'vtiger_crmentity:createdtime:createdtime:Faq_Created_Time:DT'),(32,0,'vtiger_faq:question:question:Faq_Question:V'),(32,1,'vtiger_faq:answer:faq_answer:Faq_Answer:V'),(32,2,'vtiger_faq:status:faqstatus:Faq_Status:V'),(32,3,'vtiger_faq:product_id:product_id:Faq_Product_Name:I'),(32,4,'vtiger_faq:category:faqcategories:Faq_Category:V'),(32,5,'vtiger_crmentity:createdtime:createdtime:Faq_Created_Time:DT'),(33,0,'vtiger_purchaseorder:subject:subject:PurchaseOrder_Subject:V'),(33,1,'vtiger_purchaseorder:postatus:postatus:PurchaseOrder_Status:V'),(33,2,'vtiger_purchaseorder:vendorid:vendor_id:PurchaseOrder_Vendor_Name:I'),(33,3,'vtiger_crmentity:smownerid:assigned_user_id:PurchaseOrder_Assigned_To:V'),(33,4,'vtiger_purchaseorder:duedate:duedate:PurchaseOrder_Due_Date:V'),(34,0,'vtiger_purchaseorder:subject:subject:PurchaseOrder_Subject:V'),(34,1,'vtiger_purchaseorder:vendorid:vendor_id:PurchaseOrder_Vendor_Name:I'),(34,2,'vtiger_crmentity:smownerid:assigned_user_id:PurchaseOrder_Assigned_To:V'),(34,3,'vtiger_purchaseorder:postatus:postatus:PurchaseOrder_Status:V'),(34,4,'vtiger_purchaseorder:carrier:carrier:PurchaseOrder_Carrier:V'),(34,5,'vtiger_poshipads:ship_street:ship_street:PurchaseOrder_Shipping_Address:V'),(35,0,'vtiger_invoice:invoice_no:invoice_no:Invoice_Invoice_No:V'),(35,1,'vtiger_invoice:subject:subject:Invoice_Subject:V'),(35,2,'vtiger_invoice:accountid:account_id:Invoice_Account_Name:I'),(35,3,'vtiger_invoice:salesorderid:salesorder_id:Invoice_Sales_Order:I'),(35,4,'vtiger_invoice:invoicestatus:invoicestatus:Invoice_Status:V'),(35,5,'vtiger_crmentity:smownerid:assigned_user_id:Invoice_Assigned_To:V'),(35,6,'vtiger_crmentity:createdtime:createdtime:Invoice_Created_Time:DT'),(36,0,'vtiger_invoice:invoice_no:invoice_no:Invoice_Invoice_No:V'),(36,1,'vtiger_invoice:subject:subject:Invoice_Subject:V'),(36,2,'vtiger_invoice:accountid:account_id:Invoice_Account_Name:I'),(36,3,'vtiger_invoice:salesorderid:salesorder_id:Invoice_Sales_Order:I'),(36,4,'vtiger_invoice:invoicestatus:invoicestatus:Invoice_Status:V'),(36,5,'vtiger_invoiceshipads:ship_street:ship_street:Invoice_Shipping_Address:V'),(36,6,'vtiger_crmentity:smownerid:assigned_user_id:Invoice_Assigned_To:V'),(37,0,'vtiger_salesorder:subject:subject:SalesOrder_Subject:V'),(37,1,'vtiger_salesorder:accountid:account_id:SalesOrder_Account_Name:I'),(37,2,'vtiger_salesorder:sostatus:sostatus:SalesOrder_Status:V'),(37,3,'vtiger_crmentity:smownerid:assigned_user_id:SalesOrder_Assigned_To:V'),(37,4,'vtiger_soshipads:ship_street:ship_street:SalesOrder_Shipping_Address:V'),(37,5,'vtiger_salesorder:carrier:carrier:SalesOrder_Carrier:V'),(38,1,'vtiger_service:servicename:servicename:Services_Service_Name:V'),(38,2,'vtiger_service:service_usageunit:service_usageunit:Services_Usage_Unit:V'),(38,3,'vtiger_service:unit_price:unit_price:Services_Price:N'),(38,4,'vtiger_service:qty_per_unit:qty_per_unit:Services_No_of_Units:N'),(38,5,'vtiger_service:servicecategory:servicecategory:Services_Service_Category:V'),(38,6,'vtiger_crmentity:smownerid:assigned_user_id:Services_Owner:I'),(39,0,'vtiger_pbxmanager:callstatus:callstatus:PBXManager_Call_Status:V'),(39,1,'vtiger_pbxmanager:customernumber:customernumber:PBXManager_Customer_Number:V'),(39,2,'vtiger_pbxmanager:customer:customer:PBXManager_Customer:V'),(39,3,'vtiger_pbxmanager:user:user:PBXManager_User:V'),(39,4,'vtiger_pbxmanager:recordingurl:recordingurl:PBXManager_Recording_URL:V'),(39,5,'vtiger_pbxmanager:totalduration:totalduration:PBXManager_Total_Duration:I'),(39,6,'vtiger_pbxmanager:starttime:starttime:PBXManager_Start_Time:DT'),(40,1,'vtiger_servicecontracts:subject:subject:ServiceContracts_Subject:V'),(40,2,'vtiger_servicecontracts:sc_related_to:sc_related_to:ServiceContracts_Related_to:V'),(40,3,'vtiger_crmentity:smownerid:assigned_user_id:ServiceContracts_Assigned_To:V'),(40,4,'vtiger_servicecontracts:start_date:start_date:ServiceContracts_Start_Date:D'),(40,5,'vtiger_servicecontracts:due_date:due_date:ServiceContracts_Due_date:D'),(40,7,'vtiger_servicecontracts:progress:progress:ServiceContracts_Progress:N'),(40,8,'vtiger_servicecontracts:contract_status:contract_status:ServiceContracts_Status:V'),(41,0,'vtiger_modcomments:commentcontent:commentcontent:ModComments_Comment:V'),(41,1,'vtiger_modcomments:related_to:related_to:ModComments_Related_To:V'),(41,2,'vtiger_crmentity:modifiedtime:modifiedtime:ModComments_Modified_Time:DT'),(41,3,'vtiger_crmentity:smownerid:assigned_user_id:ModComments_Assigned_To:V'),(42,1,'vtiger_assets:assetname:assetname:Assets_Asset_Name:V'),(42,2,'vtiger_assets:account:account:Assets_Customer_Name:V'),(42,3,'vtiger_assets:product:product:Assets_Product_Name:V'),(43,1,'vtiger_sp_socialconnector:message:message:SPSocialConnector_message:V'),(43,2,'vtiger_sp_socialconnector:type:type:SPSocialConnector_Type:V'),(43,3,'vtiger_sp_socialconnector:message_datetime:message_datetime:SPSocialConnector_Date_Time:DT'),(43,4,'vtiger_crmentity:smownerid:assigned_user_id:SPSocialConnector_Assigned_To:V'),(44,0,'vtiger_smsnotifier:message:message:SMSNotifier_message:V'),(44,2,'vtiger_crmentity:smownerid:assigned_user_id:SMSNotifier_Assigned_To:V'),(44,3,'vtiger_crmentity:createdtime:createdtime:SMSNotifier_Created_Time:DT'),(44,4,'vtiger_crmentity:modifiedtime:modifiedtime:SMSNotifier_Modified_Time:DT'),(45,1,'sp_units:unitname:unitname:SPUnits_Unit_Name:V'),(45,2,'sp_units:usageunit:usageunit:SPUnits_Usage_Unit:V'),(45,3,'sp_units:unit_code:unit_code:SPUnits_Unit_Code:V'),(45,4,'vtiger_crmentity:smownerid:assigned_user_id:SPUnits_Assigned_To:V'),(49,0,'vtiger_sp_act:act_no:act_no:Act_Act_No:V'),(49,1,'vtiger_sp_act:accountid:account_id:Act_Account_Name:V'),(49,2,'vtiger_sp_act:sp_actstatus:sp_actstatus:Act_Status:V'),(49,3,'vtiger_sp_act:total:hdnGrandTotal:Act_Total:N'),(49,4,'vtiger_crmentity:smownerid:assigned_user_id:Act_Assigned_To:V'),(50,1,'sp_payments:pay_type:pay_type:SPPayments_Pay_type:V'),(50,2,'sp_payments:payer:payer:SPPayments_Payer:V'),(50,3,'sp_payments:related_to:related_to:SPPayments_Invoice_To:V'),(50,4,'sp_payments:amount:amount:SPPayments_Amount:N'),(50,5,'sp_payments:type_payment:type_payment:SPPayments_Type_payment:V'),(50,6,'vtiger_crmentity:smownerid:assigned_user_id:SPPayments_Assigned_To:V'),(51,0,'vtiger_sp_consignment:consignment_no:consignment_no:Consignment_Consignment_No:V'),(51,1,'vtiger_sp_consignment:invoiceid:invoice_id:Consignment_Invoice_Name:V'),(51,2,'vtiger_sp_consignment:accountid:account_id:Consignment_Account_Name:V'),(51,3,'vtiger_sp_consignment:sp_consignmentstatus:sp_consignmentstatus:Consignment_Status:V'),(51,4,'vtiger_sp_consignment:total:hdnGrandTotal:Consignment_Total:N'),(51,5,'vtiger_crmentity:smownerid:assigned_user_id:Consignment_Assigned_To:V'),(52,0,'vtiger_projectmilestone:projectmilestonename:projectmilestonename:ProjectMilestone_Project_Milestone_Name:V'),(52,1,'vtiger_projectmilestone:projectmilestonedate:projectmilestonedate:ProjectMilestone_Milestone_Date:D'),(52,3,'vtiger_crmentity:description:description:ProjectMilestone_description:V'),(52,4,'vtiger_crmentity:createdtime:createdtime:ProjectMilestone_Created_Time:DT'),(52,5,'vtiger_crmentity:modifiedtime:modifiedtime:ProjectMilestone_Modified_Time:DT'),(53,2,'vtiger_projecttask:projecttaskname:projecttaskname:ProjectTask_Project_Task_Name:V'),(53,3,'vtiger_projecttask:projectid:projectid:ProjectTask_Related_to:V'),(53,4,'vtiger_projecttask:projecttaskpriority:projecttaskpriority:ProjectTask_Priority:V'),(53,5,'vtiger_projecttask:projecttaskprogress:projecttaskprogress:ProjectTask_Progress:V'),(53,6,'vtiger_projecttask:projecttaskhours:projecttaskhours:ProjectTask_Worked_Hours:V'),(53,7,'vtiger_projecttask:startdate:startdate:ProjectTask_Start_Date:D'),(53,8,'vtiger_projecttask:enddate:enddate:ProjectTask_End_Date:D'),(53,9,'vtiger_crmentity:smownerid:assigned_user_id:ProjectTask_Assigned_To:V'),(54,0,'vtiger_project:projectname:projectname:Project_Project_Name:V'),(54,1,'vtiger_project:linktoaccountscontacts:linktoaccountscontacts:Project_Related_to:V'),(54,2,'vtiger_project:startdate:startdate:Project_Start_Date:D'),(54,3,'vtiger_project:targetenddate:targetenddate:Project_Target_End_Date:D'),(54,4,'vtiger_project:actualenddate:actualenddate:Project_Actual_End_Date:D'),(54,5,'vtiger_project:targetbudget:targetbudget:Project_Target_Budget:V'),(54,6,'vtiger_project:progress:progress:Project_Progress:V'),(54,7,'vtiger_project:projectstatus:projectstatus:Project_Status:V'),(54,8,'vtiger_crmentity:smownerid:assigned_user_id:Project_Assigned_To:V'),(54,19,'vtiger_project:contactid:contactid:Project_Contact_Name:V');
/*!40000 ALTER TABLE `vtiger_cvcolumnlist` ENABLE KEYS */;
UNLOCK TABLES;

--
-- Table structure for table `vtiger_cvstdfilter`
--

DROP TABLE IF EXISTS `vtiger_cvstdfilter`;
/*!40101 SET @saved_cs_client     = @@character_set_client */;
/*!40101 SET character_set_client = utf8 */;
CREATE TABLE `vtiger_cvstdfilter` (
  `cvid` int(19) NOT NULL,
  `columnname` varchar(250) DEFAULT '',
  `stdfilter` varchar(250) DEFAULT '',
  `startdate` date DEFAULT NULL,
  `enddate` date DEFAULT NULL,
  KEY `cvstdfilter_cvid_idx` (`cvid`),
  CONSTRAINT `fk_1_vtiger_cvstdfilter` FOREIGN KEY (`cvid`) REFERENCES `vtiger_customview` (`cvid`) ON DELETE CASCADE
) ENGINE=InnoDB DEFAULT CHARSET=utf8;
/*!40101 SET character_set_client = @saved_cs_client */;

--
-- Dumping data for table `vtiger_cvstdfilter`
--

LOCK TABLES `vtiger_cvstdfilter` WRITE;
/*!40000 ALTER TABLE `vtiger_cvstdfilter` DISABLE KEYS */;
INSERT INTO `vtiger_cvstdfilter` VALUES (3,'vtiger_crmentity:modifiedtime:modifiedtime:Leads_Modified_Time','thismonth','2005-06-01','2005-06-30'),(6,'vtiger_crmentity:createdtime:createdtime:Accounts_Created_Time','thisweek','2005-06-19','2005-06-25'),(9,'vtiger_contactsubdetails:birthday:birthday:Contacts_Birthdate','today','2005-06-25','2005-06-25');
/*!40000 ALTER TABLE `vtiger_cvstdfilter` ENABLE KEYS */;
UNLOCK TABLES;

--
-- Table structure for table `vtiger_dashboard_tabs`
--

DROP TABLE IF EXISTS `vtiger_dashboard_tabs`;
/*!40101 SET @saved_cs_client     = @@character_set_client */;
/*!40101 SET character_set_client = utf8 */;
CREATE TABLE `vtiger_dashboard_tabs` (
  `id` int(19) NOT NULL AUTO_INCREMENT,
  `tabname` varchar(50) DEFAULT NULL,
  `isdefault` int(1) DEFAULT '0',
  `sequence` int(5) DEFAULT '2',
  `appname` varchar(20) DEFAULT NULL,
  `modulename` varchar(50) DEFAULT NULL,
  `userid` int(11) DEFAULT NULL,
  PRIMARY KEY (`id`),
  UNIQUE KEY `tabname` (`tabname`,`userid`),
  KEY `vtiger_dashboard_tabs_ibfk_1` (`userid`),
  CONSTRAINT `vtiger_dashboard_tabs_ibfk_1` FOREIGN KEY (`userid`) REFERENCES `vtiger_users` (`id`) ON DELETE CASCADE
) ENGINE=InnoDB AUTO_INCREMENT=22 DEFAULT CHARSET=utf8;
/*!40101 SET character_set_client = @saved_cs_client */;

--
-- Dumping data for table `vtiger_dashboard_tabs`
--

LOCK TABLES `vtiger_dashboard_tabs` WRITE;
/*!40000 ALTER TABLE `vtiger_dashboard_tabs` DISABLE KEYS */;
INSERT INTO `vtiger_dashboard_tabs` VALUES (1,'Default',0,2,NULL,NULL,1),(2,'My Dashboard',1,1,'','',1),(3,'My Dashboard',1,1,'','',6),(4,'My Dashboard',1,1,'','',7),(6,'My Dashboard',1,1,'','',8),(11,'My Dashboard',1,1,'','',9),(14,'My Dashboard',1,1,'','',10),(18,'My Dashboard',1,1,'','',13),(20,'My Dashboard',1,1,'','',14);
/*!40000 ALTER TABLE `vtiger_dashboard_tabs` ENABLE KEYS */;
UNLOCK TABLES;

--
-- Table structure for table `vtiger_datashare_grp2grp`
--

DROP TABLE IF EXISTS `vtiger_datashare_grp2grp`;
/*!40101 SET @saved_cs_client     = @@character_set_client */;
/*!40101 SET character_set_client = utf8 */;
CREATE TABLE `vtiger_datashare_grp2grp` (
  `shareid` int(19) NOT NULL,
  `share_groupid` int(19) DEFAULT NULL,
  `to_groupid` int(19) DEFAULT NULL,
  `permission` int(19) DEFAULT NULL,
  PRIMARY KEY (`shareid`),
  KEY `datashare_grp2grp_share_groupid_idx` (`share_groupid`),
  KEY `datashare_grp2grp_to_groupid_idx` (`to_groupid`),
  CONSTRAINT `fk_3_vtiger_datashare_grp2grp` FOREIGN KEY (`to_groupid`) REFERENCES `vtiger_groups` (`groupid`) ON DELETE CASCADE
) ENGINE=InnoDB DEFAULT CHARSET=utf8;
/*!40101 SET character_set_client = @saved_cs_client */;

--
-- Dumping data for table `vtiger_datashare_grp2grp`
--

LOCK TABLES `vtiger_datashare_grp2grp` WRITE;
/*!40000 ALTER TABLE `vtiger_datashare_grp2grp` DISABLE KEYS */;
/*!40000 ALTER TABLE `vtiger_datashare_grp2grp` ENABLE KEYS */;
UNLOCK TABLES;

--
-- Table structure for table `vtiger_datashare_grp2role`
--

DROP TABLE IF EXISTS `vtiger_datashare_grp2role`;
/*!40101 SET @saved_cs_client     = @@character_set_client */;
/*!40101 SET character_set_client = utf8 */;
CREATE TABLE `vtiger_datashare_grp2role` (
  `shareid` int(19) NOT NULL,
  `share_groupid` int(19) DEFAULT NULL,
  `to_roleid` varchar(255) DEFAULT NULL,
  `permission` int(19) DEFAULT NULL,
  PRIMARY KEY (`shareid`),
  KEY `idx_datashare_grp2role_share_groupid` (`share_groupid`),
  KEY `idx_datashare_grp2role_to_roleid` (`to_roleid`),
  CONSTRAINT `fk_3_vtiger_datashare_grp2role` FOREIGN KEY (`to_roleid`) REFERENCES `vtiger_role` (`roleid`) ON DELETE CASCADE
) ENGINE=InnoDB DEFAULT CHARSET=utf8;
/*!40101 SET character_set_client = @saved_cs_client */;

--
-- Dumping data for table `vtiger_datashare_grp2role`
--

LOCK TABLES `vtiger_datashare_grp2role` WRITE;
/*!40000 ALTER TABLE `vtiger_datashare_grp2role` DISABLE KEYS */;
/*!40000 ALTER TABLE `vtiger_datashare_grp2role` ENABLE KEYS */;
UNLOCK TABLES;

--
-- Table structure for table `vtiger_datashare_grp2rs`
--

DROP TABLE IF EXISTS `vtiger_datashare_grp2rs`;
/*!40101 SET @saved_cs_client     = @@character_set_client */;
/*!40101 SET character_set_client = utf8 */;
CREATE TABLE `vtiger_datashare_grp2rs` (
  `shareid` int(19) NOT NULL,
  `share_groupid` int(19) DEFAULT NULL,
  `to_roleandsubid` varchar(255) DEFAULT NULL,
  `permission` int(19) DEFAULT NULL,
  PRIMARY KEY (`shareid`),
  KEY `datashare_grp2rs_share_groupid_idx` (`share_groupid`),
  KEY `datashare_grp2rs_to_roleandsubid_idx` (`to_roleandsubid`),
  CONSTRAINT `fk_3_vtiger_datashare_grp2rs` FOREIGN KEY (`to_roleandsubid`) REFERENCES `vtiger_role` (`roleid`) ON DELETE CASCADE
) ENGINE=InnoDB DEFAULT CHARSET=utf8;
/*!40101 SET character_set_client = @saved_cs_client */;

--
-- Dumping data for table `vtiger_datashare_grp2rs`
--

LOCK TABLES `vtiger_datashare_grp2rs` WRITE;
/*!40000 ALTER TABLE `vtiger_datashare_grp2rs` DISABLE KEYS */;
/*!40000 ALTER TABLE `vtiger_datashare_grp2rs` ENABLE KEYS */;
UNLOCK TABLES;

--
-- Table structure for table `vtiger_datashare_module_rel`
--

DROP TABLE IF EXISTS `vtiger_datashare_module_rel`;
/*!40101 SET @saved_cs_client     = @@character_set_client */;
/*!40101 SET character_set_client = utf8 */;
CREATE TABLE `vtiger_datashare_module_rel` (
  `shareid` int(19) NOT NULL,
  `tabid` int(19) NOT NULL,
  `relationtype` varchar(200) DEFAULT NULL,
  PRIMARY KEY (`shareid`),
  KEY `idx_datashare_module_rel_tabid` (`tabid`),
  CONSTRAINT `fk_1_vtiger_datashare_module_rel` FOREIGN KEY (`tabid`) REFERENCES `vtiger_tab` (`tabid`) ON DELETE CASCADE
) ENGINE=InnoDB DEFAULT CHARSET=utf8;
/*!40101 SET character_set_client = @saved_cs_client */;

--
-- Dumping data for table `vtiger_datashare_module_rel`
--

LOCK TABLES `vtiger_datashare_module_rel` WRITE;
/*!40000 ALTER TABLE `vtiger_datashare_module_rel` DISABLE KEYS */;
/*!40000 ALTER TABLE `vtiger_datashare_module_rel` ENABLE KEYS */;
UNLOCK TABLES;

--
-- Table structure for table `vtiger_datashare_relatedmodule_permission`
--

DROP TABLE IF EXISTS `vtiger_datashare_relatedmodule_permission`;
/*!40101 SET @saved_cs_client     = @@character_set_client */;
/*!40101 SET character_set_client = utf8 */;
CREATE TABLE `vtiger_datashare_relatedmodule_permission` (
  `shareid` int(19) NOT NULL,
  `datashare_relatedmodule_id` int(19) NOT NULL,
  `permission` int(19) DEFAULT NULL,
  PRIMARY KEY (`shareid`,`datashare_relatedmodule_id`),
  KEY `datashare_relatedmodule_permission_shareid_permissions_idx` (`shareid`,`permission`)
) ENGINE=InnoDB DEFAULT CHARSET=utf8;
/*!40101 SET character_set_client = @saved_cs_client */;

--
-- Dumping data for table `vtiger_datashare_relatedmodule_permission`
--

LOCK TABLES `vtiger_datashare_relatedmodule_permission` WRITE;
/*!40000 ALTER TABLE `vtiger_datashare_relatedmodule_permission` DISABLE KEYS */;
/*!40000 ALTER TABLE `vtiger_datashare_relatedmodule_permission` ENABLE KEYS */;
UNLOCK TABLES;

--
-- Table structure for table `vtiger_datashare_relatedmodules`
--

DROP TABLE IF EXISTS `vtiger_datashare_relatedmodules`;
/*!40101 SET @saved_cs_client     = @@character_set_client */;
/*!40101 SET character_set_client = utf8 */;
CREATE TABLE `vtiger_datashare_relatedmodules` (
  `datashare_relatedmodule_id` int(19) NOT NULL,
  `tabid` int(19) DEFAULT NULL,
  `relatedto_tabid` int(19) DEFAULT NULL,
  PRIMARY KEY (`datashare_relatedmodule_id`),
  KEY `datashare_relatedmodules_tabid_idx` (`tabid`),
  KEY `datashare_relatedmodules_relatedto_tabid_idx` (`relatedto_tabid`),
  CONSTRAINT `fk_2_vtiger_datashare_relatedmodules` FOREIGN KEY (`tabid`) REFERENCES `vtiger_tab` (`tabid`) ON DELETE CASCADE
) ENGINE=InnoDB DEFAULT CHARSET=utf8;
/*!40101 SET character_set_client = @saved_cs_client */;

--
-- Dumping data for table `vtiger_datashare_relatedmodules`
--

LOCK TABLES `vtiger_datashare_relatedmodules` WRITE;
/*!40000 ALTER TABLE `vtiger_datashare_relatedmodules` DISABLE KEYS */;
INSERT INTO `vtiger_datashare_relatedmodules` VALUES (1,6,2),(2,6,13),(3,6,20),(4,6,22),(5,6,23),(6,2,20),(7,2,22),(8,20,22),(9,22,23);
/*!40000 ALTER TABLE `vtiger_datashare_relatedmodules` ENABLE KEYS */;
UNLOCK TABLES;

--
-- Table structure for table `vtiger_datashare_relatedmodules_seq`
--

DROP TABLE IF EXISTS `vtiger_datashare_relatedmodules_seq`;
/*!40101 SET @saved_cs_client     = @@character_set_client */;
/*!40101 SET character_set_client = utf8 */;
CREATE TABLE `vtiger_datashare_relatedmodules_seq` (
  `id` int(11) NOT NULL
) ENGINE=InnoDB DEFAULT CHARSET=utf8;
/*!40101 SET character_set_client = @saved_cs_client */;

--
-- Dumping data for table `vtiger_datashare_relatedmodules_seq`
--

LOCK TABLES `vtiger_datashare_relatedmodules_seq` WRITE;
/*!40000 ALTER TABLE `vtiger_datashare_relatedmodules_seq` DISABLE KEYS */;
INSERT INTO `vtiger_datashare_relatedmodules_seq` VALUES (9);
/*!40000 ALTER TABLE `vtiger_datashare_relatedmodules_seq` ENABLE KEYS */;
UNLOCK TABLES;

--
-- Table structure for table `vtiger_datashare_role2group`
--

DROP TABLE IF EXISTS `vtiger_datashare_role2group`;
/*!40101 SET @saved_cs_client     = @@character_set_client */;
/*!40101 SET character_set_client = utf8 */;
CREATE TABLE `vtiger_datashare_role2group` (
  `shareid` int(19) NOT NULL,
  `share_roleid` varchar(255) DEFAULT NULL,
  `to_groupid` int(19) DEFAULT NULL,
  `permission` int(19) DEFAULT NULL,
  PRIMARY KEY (`shareid`),
  KEY `idx_datashare_role2group_share_roleid` (`share_roleid`),
  KEY `idx_datashare_role2group_to_groupid` (`to_groupid`),
  CONSTRAINT `fk_3_vtiger_datashare_role2group` FOREIGN KEY (`share_roleid`) REFERENCES `vtiger_role` (`roleid`) ON DELETE CASCADE
) ENGINE=InnoDB DEFAULT CHARSET=utf8;
/*!40101 SET character_set_client = @saved_cs_client */;

--
-- Dumping data for table `vtiger_datashare_role2group`
--

LOCK TABLES `vtiger_datashare_role2group` WRITE;
/*!40000 ALTER TABLE `vtiger_datashare_role2group` DISABLE KEYS */;
/*!40000 ALTER TABLE `vtiger_datashare_role2group` ENABLE KEYS */;
UNLOCK TABLES;

--
-- Table structure for table `vtiger_datashare_role2role`
--

DROP TABLE IF EXISTS `vtiger_datashare_role2role`;
/*!40101 SET @saved_cs_client     = @@character_set_client */;
/*!40101 SET character_set_client = utf8 */;
CREATE TABLE `vtiger_datashare_role2role` (
  `shareid` int(19) NOT NULL,
  `share_roleid` varchar(255) DEFAULT NULL,
  `to_roleid` varchar(255) DEFAULT NULL,
  `permission` int(19) DEFAULT NULL,
  PRIMARY KEY (`shareid`),
  KEY `datashare_role2role_share_roleid_idx` (`share_roleid`),
  KEY `datashare_role2role_to_roleid_idx` (`to_roleid`),
  CONSTRAINT `fk_3_vtiger_datashare_role2role` FOREIGN KEY (`to_roleid`) REFERENCES `vtiger_role` (`roleid`) ON DELETE CASCADE
) ENGINE=InnoDB DEFAULT CHARSET=utf8;
/*!40101 SET character_set_client = @saved_cs_client */;

--
-- Dumping data for table `vtiger_datashare_role2role`
--

LOCK TABLES `vtiger_datashare_role2role` WRITE;
/*!40000 ALTER TABLE `vtiger_datashare_role2role` DISABLE KEYS */;
/*!40000 ALTER TABLE `vtiger_datashare_role2role` ENABLE KEYS */;
UNLOCK TABLES;

--
-- Table structure for table `vtiger_datashare_role2rs`
--

DROP TABLE IF EXISTS `vtiger_datashare_role2rs`;
/*!40101 SET @saved_cs_client     = @@character_set_client */;
/*!40101 SET character_set_client = utf8 */;
CREATE TABLE `vtiger_datashare_role2rs` (
  `shareid` int(19) NOT NULL,
  `share_roleid` varchar(255) DEFAULT NULL,
  `to_roleandsubid` varchar(255) DEFAULT NULL,
  `permission` int(19) DEFAULT NULL,
  PRIMARY KEY (`shareid`),
  KEY `datashare_role2s_share_roleid_idx` (`share_roleid`),
  KEY `datashare_role2s_to_roleandsubid_idx` (`to_roleandsubid`),
  CONSTRAINT `fk_3_vtiger_datashare_role2rs` FOREIGN KEY (`to_roleandsubid`) REFERENCES `vtiger_role` (`roleid`) ON DELETE CASCADE
) ENGINE=InnoDB DEFAULT CHARSET=utf8;
/*!40101 SET character_set_client = @saved_cs_client */;

--
-- Dumping data for table `vtiger_datashare_role2rs`
--

LOCK TABLES `vtiger_datashare_role2rs` WRITE;
/*!40000 ALTER TABLE `vtiger_datashare_role2rs` DISABLE KEYS */;
/*!40000 ALTER TABLE `vtiger_datashare_role2rs` ENABLE KEYS */;
UNLOCK TABLES;

--
-- Table structure for table `vtiger_datashare_rs2grp`
--

DROP TABLE IF EXISTS `vtiger_datashare_rs2grp`;
/*!40101 SET @saved_cs_client     = @@character_set_client */;
/*!40101 SET character_set_client = utf8 */;
CREATE TABLE `vtiger_datashare_rs2grp` (
  `shareid` int(19) NOT NULL,
  `share_roleandsubid` varchar(255) DEFAULT NULL,
  `to_groupid` int(19) DEFAULT NULL,
  `permission` int(19) DEFAULT NULL,
  PRIMARY KEY (`shareid`),
  KEY `datashare_rs2grp_share_roleandsubid_idx` (`share_roleandsubid`),
  KEY `datashare_rs2grp_to_groupid_idx` (`to_groupid`),
  CONSTRAINT `fk_3_vtiger_datashare_rs2grp` FOREIGN KEY (`share_roleandsubid`) REFERENCES `vtiger_role` (`roleid`) ON DELETE CASCADE
) ENGINE=InnoDB DEFAULT CHARSET=utf8;
/*!40101 SET character_set_client = @saved_cs_client */;

--
-- Dumping data for table `vtiger_datashare_rs2grp`
--

LOCK TABLES `vtiger_datashare_rs2grp` WRITE;
/*!40000 ALTER TABLE `vtiger_datashare_rs2grp` DISABLE KEYS */;
/*!40000 ALTER TABLE `vtiger_datashare_rs2grp` ENABLE KEYS */;
UNLOCK TABLES;

--
-- Table structure for table `vtiger_datashare_rs2role`
--

DROP TABLE IF EXISTS `vtiger_datashare_rs2role`;
/*!40101 SET @saved_cs_client     = @@character_set_client */;
/*!40101 SET character_set_client = utf8 */;
CREATE TABLE `vtiger_datashare_rs2role` (
  `shareid` int(19) NOT NULL,
  `share_roleandsubid` varchar(255) DEFAULT NULL,
  `to_roleid` varchar(255) DEFAULT NULL,
  `permission` int(19) DEFAULT NULL,
  PRIMARY KEY (`shareid`),
  KEY `datashare_rs2role_share_roleandsubid_idx` (`share_roleandsubid`),
  KEY `datashare_rs2role_to_roleid_idx` (`to_roleid`),
  CONSTRAINT `fk_3_vtiger_datashare_rs2role` FOREIGN KEY (`to_roleid`) REFERENCES `vtiger_role` (`roleid`) ON DELETE CASCADE
) ENGINE=InnoDB DEFAULT CHARSET=utf8;
/*!40101 SET character_set_client = @saved_cs_client */;

--
-- Dumping data for table `vtiger_datashare_rs2role`
--

LOCK TABLES `vtiger_datashare_rs2role` WRITE;
/*!40000 ALTER TABLE `vtiger_datashare_rs2role` DISABLE KEYS */;
/*!40000 ALTER TABLE `vtiger_datashare_rs2role` ENABLE KEYS */;
UNLOCK TABLES;

--
-- Table structure for table `vtiger_datashare_rs2rs`
--

DROP TABLE IF EXISTS `vtiger_datashare_rs2rs`;
/*!40101 SET @saved_cs_client     = @@character_set_client */;
/*!40101 SET character_set_client = utf8 */;
CREATE TABLE `vtiger_datashare_rs2rs` (
  `shareid` int(19) NOT NULL,
  `share_roleandsubid` varchar(255) DEFAULT NULL,
  `to_roleandsubid` varchar(255) DEFAULT NULL,
  `permission` int(19) DEFAULT NULL,
  PRIMARY KEY (`shareid`),
  KEY `datashare_rs2rs_share_roleandsubid_idx` (`share_roleandsubid`),
  KEY `idx_datashare_rs2rs_to_roleandsubid_idx` (`to_roleandsubid`),
  CONSTRAINT `fk_3_vtiger_datashare_rs2rs` FOREIGN KEY (`to_roleandsubid`) REFERENCES `vtiger_role` (`roleid`) ON DELETE CASCADE
) ENGINE=InnoDB DEFAULT CHARSET=utf8;
/*!40101 SET character_set_client = @saved_cs_client */;

--
-- Dumping data for table `vtiger_datashare_rs2rs`
--

LOCK TABLES `vtiger_datashare_rs2rs` WRITE;
/*!40000 ALTER TABLE `vtiger_datashare_rs2rs` DISABLE KEYS */;
/*!40000 ALTER TABLE `vtiger_datashare_rs2rs` ENABLE KEYS */;
UNLOCK TABLES;

--
-- Table structure for table `vtiger_date_format`
--

DROP TABLE IF EXISTS `vtiger_date_format`;
/*!40101 SET @saved_cs_client     = @@character_set_client */;
/*!40101 SET character_set_client = utf8 */;
CREATE TABLE `vtiger_date_format` (
  `date_formatid` int(19) NOT NULL AUTO_INCREMENT,
  `date_format` varchar(200) NOT NULL,
  `sortorderid` int(19) NOT NULL DEFAULT '0',
  `presence` int(1) NOT NULL DEFAULT '1',
  PRIMARY KEY (`date_formatid`)
) ENGINE=InnoDB AUTO_INCREMENT=4 DEFAULT CHARSET=utf8;
/*!40101 SET character_set_client = @saved_cs_client */;

--
-- Dumping data for table `vtiger_date_format`
--

LOCK TABLES `vtiger_date_format` WRITE;
/*!40000 ALTER TABLE `vtiger_date_format` DISABLE KEYS */;
INSERT INTO `vtiger_date_format` VALUES (1,'dd-mm-yyyy',0,1),(2,'mm-dd-yyyy',1,1),(3,'yyyy-mm-dd',2,1);
/*!40000 ALTER TABLE `vtiger_date_format` ENABLE KEYS */;
UNLOCK TABLES;

--
-- Table structure for table `vtiger_date_format_seq`
--

DROP TABLE IF EXISTS `vtiger_date_format_seq`;
/*!40101 SET @saved_cs_client     = @@character_set_client */;
/*!40101 SET character_set_client = utf8 */;
CREATE TABLE `vtiger_date_format_seq` (
  `id` int(11) NOT NULL
) ENGINE=InnoDB DEFAULT CHARSET=utf8;
/*!40101 SET character_set_client = @saved_cs_client */;

--
-- Dumping data for table `vtiger_date_format_seq`
--

LOCK TABLES `vtiger_date_format_seq` WRITE;
/*!40000 ALTER TABLE `vtiger_date_format_seq` DISABLE KEYS */;
INSERT INTO `vtiger_date_format_seq` VALUES (3);
/*!40000 ALTER TABLE `vtiger_date_format_seq` ENABLE KEYS */;
UNLOCK TABLES;

--
-- Table structure for table `vtiger_dayoftheweek`
--

DROP TABLE IF EXISTS `vtiger_dayoftheweek`;
/*!40101 SET @saved_cs_client     = @@character_set_client */;
/*!40101 SET character_set_client = utf8 */;
CREATE TABLE `vtiger_dayoftheweek` (
  `dayoftheweekid` int(11) NOT NULL AUTO_INCREMENT,
  `dayoftheweek` varchar(200) NOT NULL,
  `sortorderid` int(11) DEFAULT NULL,
  `presence` int(11) NOT NULL DEFAULT '1',
  PRIMARY KEY (`dayoftheweekid`)
) ENGINE=InnoDB AUTO_INCREMENT=8 DEFAULT CHARSET=utf8;
/*!40101 SET character_set_client = @saved_cs_client */;

--
-- Dumping data for table `vtiger_dayoftheweek`
--

LOCK TABLES `vtiger_dayoftheweek` WRITE;
/*!40000 ALTER TABLE `vtiger_dayoftheweek` DISABLE KEYS */;
INSERT INTO `vtiger_dayoftheweek` VALUES (1,'Sunday',0,1),(2,'Monday',1,1),(3,'Tuesday',2,1),(4,'Wednesday',3,1),(5,'Thursday',4,1),(6,'Friday',5,1),(7,'Saturday',6,1);
/*!40000 ALTER TABLE `vtiger_dayoftheweek` ENABLE KEYS */;
UNLOCK TABLES;

--
-- Table structure for table `vtiger_dayoftheweek_seq`
--

DROP TABLE IF EXISTS `vtiger_dayoftheweek_seq`;
/*!40101 SET @saved_cs_client     = @@character_set_client */;
/*!40101 SET character_set_client = utf8 */;
CREATE TABLE `vtiger_dayoftheweek_seq` (
  `id` int(11) NOT NULL
) ENGINE=InnoDB DEFAULT CHARSET=utf8;
/*!40101 SET character_set_client = @saved_cs_client */;

--
-- Dumping data for table `vtiger_dayoftheweek_seq`
--

LOCK TABLES `vtiger_dayoftheweek_seq` WRITE;
/*!40000 ALTER TABLE `vtiger_dayoftheweek_seq` DISABLE KEYS */;
INSERT INTO `vtiger_dayoftheweek_seq` VALUES (7);
/*!40000 ALTER TABLE `vtiger_dayoftheweek_seq` ENABLE KEYS */;
UNLOCK TABLES;

--
-- Table structure for table `vtiger_def_org_field`
--

DROP TABLE IF EXISTS `vtiger_def_org_field`;
/*!40101 SET @saved_cs_client     = @@character_set_client */;
/*!40101 SET character_set_client = utf8 */;
CREATE TABLE `vtiger_def_org_field` (
  `tabid` int(10) DEFAULT NULL,
  `fieldid` int(19) NOT NULL,
  `visible` int(19) DEFAULT NULL,
  `readonly` int(19) DEFAULT NULL,
  PRIMARY KEY (`fieldid`),
  KEY `def_org_field_tabid_fieldid_idx` (`tabid`,`fieldid`),
  KEY `def_org_field_tabid_idx` (`tabid`),
  KEY `def_org_field_visible_fieldid_idx` (`visible`,`fieldid`)
) ENGINE=InnoDB DEFAULT CHARSET=utf8;
/*!40101 SET character_set_client = @saved_cs_client */;

--
-- Dumping data for table `vtiger_def_org_field`
--

LOCK TABLES `vtiger_def_org_field` WRITE;
/*!40000 ALTER TABLE `vtiger_def_org_field` DISABLE KEYS */;
INSERT INTO `vtiger_def_org_field` VALUES (6,1,0,0),(6,2,0,0),(6,3,0,0),(6,4,0,0),(6,5,0,0),(6,6,0,0),(6,7,0,0),(6,8,0,0),(6,9,0,0),(6,10,0,0),(6,11,0,0),(6,12,0,0),(6,13,0,0),(6,14,0,0),(6,15,0,0),(6,16,0,0),(6,17,0,0),(6,18,0,0),(6,19,0,0),(6,20,0,0),(6,21,0,0),(6,22,0,0),(6,23,0,0),(6,24,0,0),(6,25,0,0),(6,26,0,0),(6,27,0,0),(6,28,0,0),(6,29,0,0),(6,30,0,0),(6,31,0,0),(6,32,0,0),(6,33,0,0),(6,34,0,0),(6,35,0,0),(6,36,0,0),(6,37,0,0),(6,38,0,0),(6,39,0,0),(7,40,0,0),(7,41,0,0),(7,42,0,0),(7,43,0,0),(7,44,0,0),(7,45,0,0),(7,46,0,0),(7,47,0,0),(7,48,0,0),(7,49,0,0),(7,50,0,0),(7,51,0,0),(7,52,0,0),(7,53,0,0),(7,54,0,0),(7,55,0,0),(7,56,0,0),(7,57,0,0),(7,58,0,0),(7,59,0,0),(7,60,0,0),(7,61,0,0),(7,62,0,0),(7,63,0,0),(7,64,0,0),(7,65,0,0),(7,66,0,0),(7,67,0,0),(7,68,0,0),(7,69,0,0),(4,70,0,0),(4,71,0,0),(4,72,0,0),(4,73,0,0),(4,74,0,0),(4,75,0,0),(4,76,0,0),(4,77,0,0),(4,78,0,0),(4,79,0,0),(4,80,0,0),(4,81,0,0),(4,82,0,0),(4,83,0,0),(4,84,0,0),(4,85,0,0),(4,86,0,0),(4,87,0,0),(4,88,0,0),(4,89,0,0),(4,90,0,0),(4,91,0,0),(4,92,0,0),(4,93,0,0),(4,94,0,0),(4,95,0,0),(4,96,0,0),(4,97,0,0),(4,98,0,0),(4,99,0,0),(4,100,0,0),(4,101,0,0),(4,102,0,0),(4,103,0,0),(4,104,0,0),(4,105,0,0),(4,106,0,0),(4,107,0,0),(4,108,0,0),(4,109,0,0),(4,110,0,0),(4,111,0,0),(4,112,0,0),(4,113,0,0),(4,114,0,0),(2,115,0,0),(2,116,0,0),(2,117,0,0),(2,118,0,0),(2,119,0,0),(2,120,0,0),(2,121,0,0),(2,122,0,0),(2,123,0,0),(2,124,0,0),(2,125,0,0),(2,126,0,0),(2,127,0,0),(2,128,0,0),(2,129,0,0),(2,130,0,0),(26,131,0,0),(26,132,0,0),(26,133,0,0),(26,134,0,0),(26,135,0,0),(26,136,0,0),(26,137,0,0),(26,138,0,0),(26,139,0,0),(26,140,0,0),(26,141,0,0),(26,142,0,0),(26,143,0,0),(26,144,0,0),(26,145,0,0),(26,146,0,0),(26,147,0,0),(26,148,0,0),(26,149,0,0),(26,150,0,0),(26,151,0,0),(26,152,0,0),(26,153,0,0),(26,154,0,0),(26,155,0,0),(4,156,0,0),(6,157,0,0),(7,158,0,0),(26,159,0,0),(13,160,0,0),(13,161,0,0),(13,162,0,0),(13,163,0,0),(13,164,0,0),(13,165,0,0),(13,166,0,0),(13,167,0,0),(13,168,0,0),(13,169,0,0),(13,170,0,0),(13,171,0,0),(13,172,0,0),(13,173,0,0),(13,174,0,0),(13,175,0,0),(13,176,0,0),(13,177,0,0),(13,178,0,0),(14,179,0,0),(14,180,0,0),(14,181,0,0),(14,182,0,0),(14,183,0,0),(14,184,0,0),(14,185,0,0),(14,186,0,0),(14,187,0,0),(14,188,0,0),(14,189,0,0),(14,190,0,0),(14,191,0,0),(14,192,0,0),(14,193,0,0),(14,194,0,0),(14,195,0,0),(14,196,0,0),(14,197,0,0),(14,198,0,0),(14,199,0,0),(14,200,0,0),(14,201,0,0),(14,202,0,0),(14,203,0,0),(14,204,0,0),(14,205,0,0),(14,206,0,0),(14,207,0,0),(14,208,0,0),(14,209,0,0),(14,210,0,0),(14,211,0,0),(14,212,0,0),(8,213,0,0),(8,214,0,0),(8,215,0,0),(8,216,0,0),(8,217,0,0),(8,218,0,0),(8,219,0,0),(8,220,0,0),(8,221,0,0),(8,222,0,0),(8,223,0,0),(8,224,0,0),(8,225,0,0),(8,226,0,0),(8,227,0,0),(10,228,0,0),(10,229,0,0),(10,230,0,0),(10,231,0,0),(10,232,0,0),(10,233,0,0),(10,234,0,0),(10,235,0,0),(10,236,0,0),(10,237,0,0),(10,238,0,0),(10,239,0,0),(9,240,0,0),(9,241,0,0),(9,242,0,0),(9,243,0,0),(9,244,0,0),(9,245,0,0),(9,246,0,0),(9,247,0,0),(9,248,0,0),(9,249,0,0),(9,250,0,0),(9,251,0,0),(9,252,0,0),(9,253,0,0),(9,254,0,0),(9,255,0,0),(9,256,0,0),(9,257,0,0),(9,258,0,0),(9,259,0,0),(9,260,0,0),(9,261,0,0),(9,262,0,0),(9,263,0,0),(16,264,0,0),(16,265,0,0),(16,266,0,0),(16,267,0,0),(16,268,0,0),(16,269,0,0),(16,270,0,0),(16,271,0,0),(16,272,0,0),(16,273,0,0),(16,274,0,0),(16,275,0,0),(16,276,0,0),(16,277,0,0),(16,278,0,0),(16,279,0,0),(16,280,0,0),(16,281,0,0),(16,282,0,0),(16,283,0,0),(16,284,0,0),(16,285,0,0),(16,286,0,0),(15,287,0,0),(15,288,0,0),(15,289,0,0),(15,290,0,0),(15,291,0,0),(15,292,0,0),(15,293,0,0),(15,294,0,0),(15,295,0,0),(15,296,0,0),(18,297,0,0),(18,298,0,0),(18,299,0,0),(18,300,0,0),(18,301,0,0),(18,302,0,0),(18,303,0,0),(18,304,0,0),(18,305,0,0),(18,306,0,0),(18,307,0,0),(18,308,0,0),(18,309,0,0),(18,310,0,0),(18,311,0,0),(18,312,0,0),(18,313,0,0),(18,314,0,0),(19,315,0,0),(19,316,0,0),(19,317,0,0),(19,318,0,0),(19,319,0,0),(19,320,0,0),(19,321,0,0),(19,322,0,0),(20,323,0,0),(20,324,0,0),(20,325,0,0),(20,326,0,0),(20,327,0,0),(20,328,0,0),(20,329,0,0),(20,330,0,0),(20,331,0,0),(20,332,0,0),(20,333,0,0),(20,334,0,0),(20,335,0,0),(20,336,0,0),(20,337,0,0),(20,338,0,0),(20,339,0,0),(20,340,0,0),(20,341,0,0),(20,342,0,0),(20,343,0,0),(20,344,0,0),(20,345,0,0),(20,346,0,0),(20,347,0,0),(20,348,0,0),(20,349,0,0),(20,350,0,0),(20,351,0,0),(20,352,0,0),(20,353,0,0),(20,354,0,0),(20,355,0,0),(20,356,0,0),(20,357,0,0),(20,358,0,0),(20,359,0,0),(21,360,0,0),(21,361,0,0),(21,362,0,0),(21,363,0,0),(21,364,0,0),(21,365,0,0),(21,366,0,0),(21,367,0,0),(21,368,0,0),(21,369,0,0),(21,370,0,0),(21,371,0,0),(21,372,0,0),(21,373,0,0),(21,374,0,0),(21,375,0,0),(21,376,0,0),(21,377,0,0),(21,378,0,0),(21,379,0,0),(21,380,0,0),(21,381,0,0),(21,382,0,0),(21,383,0,0),(21,384,0,0),(21,385,0,0),(21,386,0,0),(21,387,0,0),(21,388,0,0),(21,389,0,0),(21,390,0,0),(21,391,0,0),(21,392,0,0),(21,393,0,0),(21,394,0,0),(21,395,0,0),(21,396,0,0),(21,397,0,0),(22,398,0,0),(22,399,0,0),(22,400,0,0),(22,401,0,0),(22,402,0,0),(22,403,0,0),(22,404,0,0),(22,405,0,0),(22,406,0,0),(22,407,0,0),(22,408,0,0),(22,409,0,0),(22,410,0,0),(22,411,0,0),(22,412,0,0),(22,413,0,0),(22,414,0,0),(22,415,0,0),(22,416,0,0),(22,417,0,0),(22,418,0,0),(22,419,0,0),(22,420,0,0),(22,421,0,0),(22,422,0,0),(22,423,0,0),(22,424,0,0),(22,425,0,0),(22,426,0,0),(22,427,0,0),(22,428,0,0),(22,429,0,0),(22,430,0,0),(22,431,0,0),(22,432,0,0),(22,433,0,0),(22,434,0,0),(22,435,0,0),(22,436,0,0),(22,437,0,0),(22,438,0,0),(22,439,0,0),(22,440,0,0),(22,441,0,0),(22,442,0,0),(22,443,0,0),(22,444,0,0),(23,445,0,0),(23,446,0,0),(23,447,0,0),(23,448,0,0),(23,449,0,0),(23,450,0,0),(23,451,0,0),(23,452,0,0),(23,453,0,0),(23,454,0,0),(23,455,0,0),(23,456,0,0),(23,457,0,0),(23,458,0,0),(23,459,0,0),(23,460,0,0),(23,461,0,0),(23,462,0,0),(23,463,0,0),(23,464,0,0),(23,465,0,0),(23,466,0,0),(23,467,0,0),(23,468,0,0),(23,469,0,0),(23,470,0,0),(23,471,0,0),(23,472,0,0),(23,473,0,0),(23,474,0,0),(23,475,0,0),(23,476,0,0),(23,477,0,0),(23,478,0,0),(23,479,0,0),(23,480,0,0),(23,481,0,0),(23,482,0,0),(23,483,0,0),(29,484,0,0),(29,488,0,0),(29,489,0,0),(29,490,0,0),(29,491,0,0),(29,498,0,0),(29,499,0,0),(29,500,0,0),(29,501,0,0),(29,502,0,0),(29,503,0,0),(29,504,0,0),(29,505,0,0),(29,506,0,0),(29,507,0,0),(29,508,0,0),(29,513,0,0),(29,514,0,0),(29,515,0,0),(29,516,0,0),(29,519,0,0),(29,524,0,0),(10,529,0,0),(10,530,0,0),(10,531,0,0),(10,532,0,0),(10,533,0,0),(10,534,0,0),(31,535,0,0),(31,536,0,0),(31,537,0,0),(31,538,0,0),(31,539,0,0),(31,540,0,0),(31,541,0,0),(31,542,0,0),(31,543,0,0),(31,544,0,0),(31,545,0,0),(31,546,0,0),(31,547,0,0),(31,548,0,0),(31,549,0,0),(31,550,0,0),(31,551,0,0),(31,552,0,0),(31,553,0,0),(31,554,0,0),(31,555,0,0),(31,556,0,0),(31,557,0,0),(31,558,0,0),(35,559,0,0),(35,560,0,0),(35,561,0,0),(35,562,0,0),(35,563,0,0),(35,564,0,0),(35,565,0,0),(35,566,0,0),(35,567,0,0),(35,568,0,0),(35,569,0,0),(35,570,0,0),(35,571,0,0),(35,572,0,0),(35,573,0,0),(35,574,0,0),(35,575,0,0),(35,576,0,0),(35,577,0,0),(29,578,0,0),(36,579,0,0),(36,580,0,0),(36,581,0,0),(36,582,0,0),(36,583,0,0),(36,584,0,0),(36,585,0,0),(36,586,0,0),(36,587,0,0),(36,588,0,0),(36,589,0,0),(36,590,0,0),(36,591,0,0),(36,592,0,0),(36,593,0,0),(36,594,0,0),(36,595,0,0),(36,596,0,0),(36,597,0,0),(36,598,0,0),(36,599,0,0),(36,600,0,0),(36,601,0,0),(40,602,0,0),(40,603,0,0),(40,604,0,0),(40,605,0,0),(40,606,0,0),(40,607,0,0),(40,608,0,0),(40,609,0,0),(40,610,0,0),(40,611,0,0),(40,612,0,0),(40,613,0,0),(42,614,0,0),(42,615,0,0),(42,616,0,0),(42,617,0,0),(42,618,0,0),(42,619,0,0),(42,620,0,0),(42,621,0,0),(42,622,0,0),(42,623,0,0),(42,624,0,0),(42,625,0,0),(42,626,0,0),(42,627,0,0),(42,628,0,0),(42,629,0,0),(42,630,0,0),(42,631,0,0),(42,632,0,0),(42,633,0,0),(42,634,0,0),(42,635,0,0),(6,636,0,0),(19,637,0,0),(14,638,0,0),(22,639,0,0),(22,640,0,0),(31,641,0,0),(45,642,0,0),(45,643,0,0),(45,644,0,0),(45,645,0,0),(45,646,0,0),(45,647,0,0),(45,648,0,0),(45,649,0,0),(45,650,0,0),(45,651,0,0),(45,652,0,0),(45,653,0,0),(4,654,0,0),(4,655,0,0),(7,656,0,0),(7,657,0,0),(6,658,0,0),(6,659,0,0),(46,660,0,0),(46,661,0,0),(46,662,0,0),(46,663,0,0),(46,664,0,0),(46,665,0,0),(46,666,0,0),(35,667,0,0),(35,668,0,0),(35,669,0,0),(35,670,0,0),(35,671,0,0),(35,672,0,0),(35,673,0,0),(35,674,0,0),(29,675,0,0),(29,676,0,0),(29,677,0,0),(29,678,0,0),(29,679,0,0),(29,680,0,0),(29,681,0,0),(29,682,0,0),(29,683,0,0),(29,684,0,0),(29,685,0,0),(29,686,0,0),(29,687,0,0),(29,688,0,0),(29,689,0,0),(29,690,0,0),(29,691,0,0),(50,692,0,0),(50,693,0,0),(50,694,0,0),(50,695,0,0),(50,696,0,0),(50,697,0,0),(50,698,0,0),(50,699,0,0),(50,700,0,0),(50,701,0,0),(50,702,0,0),(50,703,0,0),(14,704,0,0),(31,705,0,0),(54,706,0,0),(54,707,0,0),(54,708,0,0),(54,709,0,0),(54,710,0,0),(54,711,0,0),(54,712,0,0),(54,713,0,0),(54,714,0,0),(54,715,0,0),(54,716,0,0),(54,717,0,0),(54,718,0,0),(55,719,0,0),(55,720,0,0),(55,721,0,0),(55,722,0,0),(55,723,0,0),(55,724,0,0),(55,725,0,0),(55,726,0,0),(55,727,0,0),(55,728,0,0),(55,729,0,0),(55,730,0,0),(55,731,0,0),(55,732,0,0),(55,733,0,0),(55,734,0,0),(55,735,0,0),(55,736,0,0),(56,737,0,0),(56,738,0,0),(56,739,0,0),(56,740,0,0),(56,741,0,0),(56,742,0,0),(56,743,0,0),(56,744,0,0),(56,745,0,0),(56,746,0,0),(56,747,0,0),(56,748,0,0),(56,749,0,0),(56,750,0,0),(56,751,0,0),(56,752,0,0),(56,753,0,0),(56,754,0,0),(56,755,0,0),(56,756,0,0),(57,757,0,0),(57,758,0,0),(57,759,0,0),(57,760,0,0),(57,761,0,0),(57,762,0,0),(57,763,0,0),(57,764,0,0),(57,765,0,0),(57,766,0,0),(57,767,0,0),(57,768,0,0),(57,769,0,0),(57,770,0,0),(57,771,0,0),(57,772,0,0),(57,773,0,0),(57,774,0,0),(57,775,0,0),(57,776,0,0),(57,777,0,0),(57,778,0,0),(57,779,0,0),(57,780,0,0),(57,781,0,0),(57,782,0,0),(57,783,0,0),(57,784,0,0),(57,785,0,0),(57,786,0,0),(57,787,0,0),(57,788,0,0),(57,789,0,0),(57,790,0,0),(57,791,0,0),(57,792,0,0),(23,793,0,0),(58,794,0,0),(58,795,0,0),(58,796,0,0),(58,797,0,0),(58,798,0,0),(58,799,0,0),(58,800,0,0),(58,801,0,0),(58,802,0,0),(58,803,0,0),(58,804,0,0),(58,805,0,0),(58,806,0,0),(58,807,0,0),(58,808,0,0),(58,809,0,0),(58,810,0,0),(58,811,0,0),(58,812,0,0),(58,813,0,0),(58,814,0,0),(58,815,0,0),(58,816,0,0),(59,817,0,0),(59,818,0,0),(59,819,0,0),(59,820,0,0),(59,821,0,0),(59,822,0,0),(59,823,0,0),(59,824,0,0),(59,825,0,0),(59,826,0,0),(59,827,0,0),(59,828,0,0),(59,829,0,0),(59,830,0,0),(59,831,0,0),(59,832,0,0),(59,833,0,0),(59,834,0,0),(59,835,0,0),(59,836,0,0),(59,837,0,0),(59,838,0,0),(59,839,0,0),(59,840,0,0),(59,841,0,0),(59,842,0,0),(59,843,0,0),(59,844,0,0),(59,845,0,0),(59,846,0,0),(59,847,0,0),(59,848,0,0),(59,849,0,0),(59,850,0,0),(59,851,0,0),(59,852,0,0),(59,853,0,0),(59,854,0,0),(59,855,0,0),(2,856,0,0),(29,857,0,0),(23,858,0,0),(23,859,0,0),(23,860,0,0),(23,861,0,0),(23,862,0,0),(23,863,0,0),(23,864,0,0),(23,865,0,0),(23,866,0,0),(22,867,0,0),(22,868,0,0),(22,869,0,0),(22,870,0,0),(22,871,0,0),(22,872,0,0),(22,873,0,0),(22,874,0,0),(22,875,0,0),(21,876,0,0),(21,877,0,0),(21,878,0,0),(21,879,0,0),(21,880,0,0),(21,881,0,0),(21,882,0,0),(21,883,0,0),(21,884,0,0),(20,885,0,0),(20,886,0,0),(20,887,0,0),(20,888,0,0),(20,889,0,0),(20,890,0,0),(20,891,0,0),(20,892,0,0),(20,893,0,0),(57,894,0,0),(57,895,0,0),(57,896,0,0),(57,897,0,0),(57,898,0,0),(57,899,0,0),(57,900,0,0),(57,901,0,0),(57,902,0,0),(59,903,0,0),(59,904,0,0),(59,905,0,0),(59,906,0,0),(59,907,0,0),(59,908,0,0),(59,909,0,0),(59,910,0,0),(59,911,0,0),(29,912,0,0),(55,913,0,0),(29,914,0,0),(29,915,0,0),(29,916,0,0),(23,917,0,0),(22,918,0,0),(21,919,0,0),(20,920,0,0),(57,921,0,0),(59,922,0,0),(29,923,0,0),(6,924,0,0),(4,925,0,0),(2,926,0,0),(29,927,0,0),(23,928,0,0),(23,929,0,0),(21,930,0,0),(21,931,0,0),(7,932,0,0),(23,933,0,0),(20,934,0,0),(21,935,0,0),(22,936,0,0),(57,937,0,0),(59,938,0,0),(29,939,0,0),(2,940,0,0),(13,941,0,0),(29,942,0,0),(29,943,0,0),(29,944,0,0),(29,945,0,0),(23,977,0,1),(20,978,0,1),(22,979,0,1),(57,980,0,1),(59,981,0,1),(2,982,0,1),(21,983,0,1),(58,984,0,1),(2,985,0,0),(4,986,0,0),(6,987,0,0),(7,988,0,0),(8,989,0,0),(9,990,0,0),(13,991,0,0),(14,992,0,0),(15,993,0,0),(16,994,0,0),(18,995,0,0),(19,996,0,0),(20,997,0,0),(21,998,0,0),(22,999,0,0),(23,1000,0,0),(26,1001,0,0),(31,1002,0,0),(35,1003,0,0),(36,1004,0,0),(40,1005,0,0),(42,1006,0,0),(45,1007,0,0),(46,1008,0,0),(50,1009,0,0),(54,1010,0,0),(55,1011,0,0),(56,1012,0,0),(57,1013,0,0),(58,1014,0,0),(59,1015,0,0),(14,1016,0,0),(31,1017,0,0),(23,1018,0,0),(29,1019,0,0),(23,1020,0,0),(23,1021,0,0),(23,1022,0,0),(20,1023,0,0),(20,1024,0,0),(20,1025,0,0),(21,1026,0,0),(22,1027,0,0),(22,1028,0,0),(22,1029,0,0),(57,1030,0,0),(57,1031,0,0),(57,1032,0,0),(59,1033,0,0),(59,1034,0,0),(59,1035,0,0),(40,1036,0,0),(40,1037,0,0),(40,1038,0,0),(2,1039,0,0),(4,1040,0,0),(6,1041,0,0),(7,1042,0,0),(8,1043,0,0),(9,1044,0,0),(13,1045,0,0),(14,1046,0,0),(15,1047,0,0),(16,1048,0,0),(18,1049,0,0),(19,1050,0,0),(20,1051,0,0),(21,1052,0,0),(22,1053,0,0),(23,1054,0,0),(26,1055,0,0),(10,1056,0,0),(10,1057,0,0),(2,1058,0,0),(4,1059,0,0),(6,1060,0,0),(7,1061,0,0),(8,1062,0,0),(9,1063,0,0),(10,1064,0,0),(13,1065,0,0),(14,1066,0,0),(15,1067,0,0),(16,1068,0,0),(18,1069,0,0),(19,1070,0,0),(20,1071,0,0),(21,1072,0,0),(22,1073,0,0),(23,1074,0,0),(26,1075,0,0),(35,1076,0,0),(2,1077,0,0),(4,1078,0,0),(6,1079,0,0),(7,1080,0,0),(8,1081,0,0),(9,1082,0,0),(10,1083,0,0),(13,1084,0,0),(14,1085,0,0),(15,1086,0,0),(16,1087,0,0),(18,1088,0,0),(19,1089,0,0),(20,1090,0,0),(21,1091,0,0),(22,1092,0,0),(23,1093,0,0),(26,1094,0,0),(35,1095,0,0),(20,1096,0,0),(21,1097,0,0),(22,1098,0,0),(23,1099,0,0),(57,1100,0,0),(59,1101,0,0),(56,1102,0,0),(56,1103,0,0),(14,1104,0,0),(57,1105,0,0),(59,1106,0,0);
/*!40000 ALTER TABLE `vtiger_def_org_field` ENABLE KEYS */;
UNLOCK TABLES;

--
-- Table structure for table `vtiger_def_org_share`
--

DROP TABLE IF EXISTS `vtiger_def_org_share`;
/*!40101 SET @saved_cs_client     = @@character_set_client */;
/*!40101 SET character_set_client = utf8 */;
CREATE TABLE `vtiger_def_org_share` (
  `ruleid` int(11) NOT NULL AUTO_INCREMENT,
  `tabid` int(11) NOT NULL,
  `permission` int(19) DEFAULT NULL,
  `editstatus` int(19) DEFAULT NULL,
  PRIMARY KEY (`ruleid`),
  KEY `fk_1_vtiger_def_org_share` (`permission`),
  CONSTRAINT `fk_1_vtiger_def_org_share` FOREIGN KEY (`permission`) REFERENCES `vtiger_org_share_action_mapping` (`share_action_id`) ON DELETE CASCADE
) ENGINE=InnoDB AUTO_INCREMENT=31 DEFAULT CHARSET=utf8;
/*!40101 SET character_set_client = @saved_cs_client */;

--
-- Dumping data for table `vtiger_def_org_share`
--

LOCK TABLES `vtiger_def_org_share` WRITE;
/*!40000 ALTER TABLE `vtiger_def_org_share` DISABLE KEYS */;
INSERT INTO `vtiger_def_org_share` VALUES (1,2,2,0),(2,4,2,0),(3,6,2,0),(4,7,2,0),(5,9,3,1),(6,13,2,0),(7,16,3,2),(8,20,2,0),(9,21,2,0),(10,22,2,0),(11,23,2,0),(12,26,2,0),(13,8,2,0),(14,14,2,0),(15,10,3,0),(16,18,2,0),(17,31,2,0),(18,35,3,0),(19,36,2,0),(20,40,2,0),(21,42,2,0),(22,45,2,0),(23,46,2,0),(24,50,2,0),(25,54,2,0),(26,55,2,0),(27,56,2,0),(28,57,2,0),(29,58,2,0),(30,59,2,0);
/*!40000 ALTER TABLE `vtiger_def_org_share` ENABLE KEYS */;
UNLOCK TABLES;

--
-- Table structure for table `vtiger_def_org_share_seq`
--

DROP TABLE IF EXISTS `vtiger_def_org_share_seq`;
/*!40101 SET @saved_cs_client     = @@character_set_client */;
/*!40101 SET character_set_client = utf8 */;
CREATE TABLE `vtiger_def_org_share_seq` (
  `id` int(11) NOT NULL
) ENGINE=InnoDB DEFAULT CHARSET=utf8;
/*!40101 SET character_set_client = @saved_cs_client */;

--
-- Dumping data for table `vtiger_def_org_share_seq`
--

LOCK TABLES `vtiger_def_org_share_seq` WRITE;
/*!40000 ALTER TABLE `vtiger_def_org_share_seq` DISABLE KEYS */;
INSERT INTO `vtiger_def_org_share_seq` VALUES (30);
/*!40000 ALTER TABLE `vtiger_def_org_share_seq` ENABLE KEYS */;
UNLOCK TABLES;

--
-- Table structure for table `vtiger_default_record_view`
--

DROP TABLE IF EXISTS `vtiger_default_record_view`;
/*!40101 SET @saved_cs_client     = @@character_set_client */;
/*!40101 SET character_set_client = utf8 */;
CREATE TABLE `vtiger_default_record_view` (
  `default_record_viewid` int(11) NOT NULL AUTO_INCREMENT,
  `default_record_view` varchar(200) NOT NULL,
  `sortorderid` int(11) DEFAULT NULL,
  `presence` int(11) NOT NULL DEFAULT '1',
  PRIMARY KEY (`default_record_viewid`)
) ENGINE=InnoDB AUTO_INCREMENT=3 DEFAULT CHARSET=utf8;
/*!40101 SET character_set_client = @saved_cs_client */;

--
-- Dumping data for table `vtiger_default_record_view`
--

LOCK TABLES `vtiger_default_record_view` WRITE;
/*!40000 ALTER TABLE `vtiger_default_record_view` DISABLE KEYS */;
INSERT INTO `vtiger_default_record_view` VALUES (1,'Summary',0,1),(2,'Detail',1,1);
/*!40000 ALTER TABLE `vtiger_default_record_view` ENABLE KEYS */;
UNLOCK TABLES;

--
-- Table structure for table `vtiger_default_record_view_seq`
--

DROP TABLE IF EXISTS `vtiger_default_record_view_seq`;
/*!40101 SET @saved_cs_client     = @@character_set_client */;
/*!40101 SET character_set_client = utf8 */;
CREATE TABLE `vtiger_default_record_view_seq` (
  `id` int(11) NOT NULL
) ENGINE=InnoDB DEFAULT CHARSET=utf8;
/*!40101 SET character_set_client = @saved_cs_client */;

--
-- Dumping data for table `vtiger_default_record_view_seq`
--

LOCK TABLES `vtiger_default_record_view_seq` WRITE;
/*!40000 ALTER TABLE `vtiger_default_record_view_seq` DISABLE KEYS */;
INSERT INTO `vtiger_default_record_view_seq` VALUES (2);
/*!40000 ALTER TABLE `vtiger_default_record_view_seq` ENABLE KEYS */;
UNLOCK TABLES;

--
-- Table structure for table `vtiger_defaultactivitytype`
--

DROP TABLE IF EXISTS `vtiger_defaultactivitytype`;
/*!40101 SET @saved_cs_client     = @@character_set_client */;
/*!40101 SET character_set_client = utf8 */;
CREATE TABLE `vtiger_defaultactivitytype` (
  `defaultactivitytypeid` int(11) NOT NULL AUTO_INCREMENT,
  `defaultactivitytype` varchar(200) NOT NULL,
  `presence` int(1) NOT NULL DEFAULT '1',
  `picklist_valueid` int(11) NOT NULL DEFAULT '0',
  `sortorderid` int(11) DEFAULT '0',
  PRIMARY KEY (`defaultactivitytypeid`)
) ENGINE=InnoDB AUTO_INCREMENT=3 DEFAULT CHARSET=utf8;
/*!40101 SET character_set_client = @saved_cs_client */;

--
-- Dumping data for table `vtiger_defaultactivitytype`
--

LOCK TABLES `vtiger_defaultactivitytype` WRITE;
/*!40000 ALTER TABLE `vtiger_defaultactivitytype` DISABLE KEYS */;
INSERT INTO `vtiger_defaultactivitytype` VALUES (1,'Call',1,317,1),(2,'Meeting',1,318,2);
/*!40000 ALTER TABLE `vtiger_defaultactivitytype` ENABLE KEYS */;
UNLOCK TABLES;

--
-- Table structure for table `vtiger_defaultactivitytype_seq`
--

DROP TABLE IF EXISTS `vtiger_defaultactivitytype_seq`;
/*!40101 SET @saved_cs_client     = @@character_set_client */;
/*!40101 SET character_set_client = utf8 */;
CREATE TABLE `vtiger_defaultactivitytype_seq` (
  `id` int(11) NOT NULL
) ENGINE=InnoDB DEFAULT CHARSET=utf8;
/*!40101 SET character_set_client = @saved_cs_client */;

--
-- Dumping data for table `vtiger_defaultactivitytype_seq`
--

LOCK TABLES `vtiger_defaultactivitytype_seq` WRITE;
/*!40000 ALTER TABLE `vtiger_defaultactivitytype_seq` DISABLE KEYS */;
INSERT INTO `vtiger_defaultactivitytype_seq` VALUES (2);
/*!40000 ALTER TABLE `vtiger_defaultactivitytype_seq` ENABLE KEYS */;
UNLOCK TABLES;

--
-- Table structure for table `vtiger_defaultcalendarview`
--

DROP TABLE IF EXISTS `vtiger_defaultcalendarview`;
/*!40101 SET @saved_cs_client     = @@character_set_client */;
/*!40101 SET character_set_client = utf8 */;
CREATE TABLE `vtiger_defaultcalendarview` (
  `defaultcalendarviewid` int(11) NOT NULL AUTO_INCREMENT,
  `defaultcalendarview` varchar(200) NOT NULL,
  `sortorderid` int(11) DEFAULT NULL,
  `presence` int(11) NOT NULL DEFAULT '1',
  PRIMARY KEY (`defaultcalendarviewid`)
) ENGINE=InnoDB AUTO_INCREMENT=4 DEFAULT CHARSET=utf8;
/*!40101 SET character_set_client = @saved_cs_client */;

--
-- Dumping data for table `vtiger_defaultcalendarview`
--

LOCK TABLES `vtiger_defaultcalendarview` WRITE;
/*!40000 ALTER TABLE `vtiger_defaultcalendarview` DISABLE KEYS */;
INSERT INTO `vtiger_defaultcalendarview` VALUES (1,'ListView',0,1),(2,'MyCalendar',1,1),(3,'SharedCalendar',2,1);
/*!40000 ALTER TABLE `vtiger_defaultcalendarview` ENABLE KEYS */;
UNLOCK TABLES;

--
-- Table structure for table `vtiger_defaultcalendarview_seq`
--

DROP TABLE IF EXISTS `vtiger_defaultcalendarview_seq`;
/*!40101 SET @saved_cs_client     = @@character_set_client */;
/*!40101 SET character_set_client = utf8 */;
CREATE TABLE `vtiger_defaultcalendarview_seq` (
  `id` int(11) NOT NULL
) ENGINE=InnoDB DEFAULT CHARSET=utf8;
/*!40101 SET character_set_client = @saved_cs_client */;

--
-- Dumping data for table `vtiger_defaultcalendarview_seq`
--

LOCK TABLES `vtiger_defaultcalendarview_seq` WRITE;
/*!40000 ALTER TABLE `vtiger_defaultcalendarview_seq` DISABLE KEYS */;
INSERT INTO `vtiger_defaultcalendarview_seq` VALUES (3);
/*!40000 ALTER TABLE `vtiger_defaultcalendarview_seq` ENABLE KEYS */;
UNLOCK TABLES;

--
-- Table structure for table `vtiger_defaultcv`
--

DROP TABLE IF EXISTS `vtiger_defaultcv`;
/*!40101 SET @saved_cs_client     = @@character_set_client */;
/*!40101 SET character_set_client = utf8 */;
CREATE TABLE `vtiger_defaultcv` (
  `tabid` int(19) NOT NULL,
  `defaultviewname` varchar(50) NOT NULL,
  `query` text,
  PRIMARY KEY (`tabid`),
  CONSTRAINT `fk_1_vtiger_defaultcv` FOREIGN KEY (`tabid`) REFERENCES `vtiger_tab` (`tabid`) ON DELETE CASCADE
) ENGINE=InnoDB DEFAULT CHARSET=utf8;
/*!40101 SET character_set_client = @saved_cs_client */;

--
-- Dumping data for table `vtiger_defaultcv`
--

LOCK TABLES `vtiger_defaultcv` WRITE;
/*!40000 ALTER TABLE `vtiger_defaultcv` DISABLE KEYS */;
/*!40000 ALTER TABLE `vtiger_defaultcv` ENABLE KEYS */;
UNLOCK TABLES;

--
-- Table structure for table `vtiger_defaulteventstatus`
--

DROP TABLE IF EXISTS `vtiger_defaulteventstatus`;
/*!40101 SET @saved_cs_client     = @@character_set_client */;
/*!40101 SET character_set_client = utf8 */;
CREATE TABLE `vtiger_defaulteventstatus` (
  `defaulteventstatusid` int(11) NOT NULL AUTO_INCREMENT,
  `defaulteventstatus` varchar(200) NOT NULL,
  `presence` int(1) NOT NULL DEFAULT '1',
  `picklist_valueid` int(11) NOT NULL DEFAULT '0',
  `sortorderid` int(11) DEFAULT '0',
  PRIMARY KEY (`defaulteventstatusid`)
) ENGINE=InnoDB AUTO_INCREMENT=4 DEFAULT CHARSET=utf8;
/*!40101 SET character_set_client = @saved_cs_client */;

--
-- Dumping data for table `vtiger_defaulteventstatus`
--

LOCK TABLES `vtiger_defaulteventstatus` WRITE;
/*!40000 ALTER TABLE `vtiger_defaulteventstatus` DISABLE KEYS */;
INSERT INTO `vtiger_defaulteventstatus` VALUES (1,'Planned',1,314,1),(2,'Held',1,315,2),(3,'Not Held',1,316,3);
/*!40000 ALTER TABLE `vtiger_defaulteventstatus` ENABLE KEYS */;
UNLOCK TABLES;

--
-- Table structure for table `vtiger_defaulteventstatus_seq`
--

DROP TABLE IF EXISTS `vtiger_defaulteventstatus_seq`;
/*!40101 SET @saved_cs_client     = @@character_set_client */;
/*!40101 SET character_set_client = utf8 */;
CREATE TABLE `vtiger_defaulteventstatus_seq` (
  `id` int(11) NOT NULL
) ENGINE=InnoDB DEFAULT CHARSET=utf8;
/*!40101 SET character_set_client = @saved_cs_client */;

--
-- Dumping data for table `vtiger_defaulteventstatus_seq`
--

LOCK TABLES `vtiger_defaulteventstatus_seq` WRITE;
/*!40000 ALTER TABLE `vtiger_defaulteventstatus_seq` DISABLE KEYS */;
INSERT INTO `vtiger_defaulteventstatus_seq` VALUES (3);
/*!40000 ALTER TABLE `vtiger_defaulteventstatus_seq` ENABLE KEYS */;
UNLOCK TABLES;

--
-- Table structure for table `vtiger_duration_minutes`
--

DROP TABLE IF EXISTS `vtiger_duration_minutes`;
/*!40101 SET @saved_cs_client     = @@character_set_client */;
/*!40101 SET character_set_client = utf8 */;
CREATE TABLE `vtiger_duration_minutes` (
  `minutesid` int(19) NOT NULL AUTO_INCREMENT,
  `duration_minutes` varchar(200) NOT NULL,
  `sortorderid` int(19) NOT NULL DEFAULT '0',
  `presence` int(1) NOT NULL DEFAULT '1',
  `color` varchar(10) DEFAULT NULL,
  PRIMARY KEY (`minutesid`)
) ENGINE=InnoDB AUTO_INCREMENT=5 DEFAULT CHARSET=utf8;
/*!40101 SET character_set_client = @saved_cs_client */;

--
-- Dumping data for table `vtiger_duration_minutes`
--

LOCK TABLES `vtiger_duration_minutes` WRITE;
/*!40000 ALTER TABLE `vtiger_duration_minutes` DISABLE KEYS */;
INSERT INTO `vtiger_duration_minutes` VALUES (1,'00',0,1,NULL),(2,'15',1,1,NULL),(3,'30',2,1,NULL),(4,'45',3,1,NULL);
/*!40000 ALTER TABLE `vtiger_duration_minutes` ENABLE KEYS */;
UNLOCK TABLES;

--
-- Table structure for table `vtiger_duration_minutes_seq`
--

DROP TABLE IF EXISTS `vtiger_duration_minutes_seq`;
/*!40101 SET @saved_cs_client     = @@character_set_client */;
/*!40101 SET character_set_client = utf8 */;
CREATE TABLE `vtiger_duration_minutes_seq` (
  `id` int(11) NOT NULL
) ENGINE=InnoDB DEFAULT CHARSET=utf8;
/*!40101 SET character_set_client = @saved_cs_client */;

--
-- Dumping data for table `vtiger_duration_minutes_seq`
--

LOCK TABLES `vtiger_duration_minutes_seq` WRITE;
/*!40000 ALTER TABLE `vtiger_duration_minutes_seq` DISABLE KEYS */;
INSERT INTO `vtiger_duration_minutes_seq` VALUES (4);
/*!40000 ALTER TABLE `vtiger_duration_minutes_seq` ENABLE KEYS */;
UNLOCK TABLES;

--
-- Table structure for table `vtiger_durationhrs`
--

DROP TABLE IF EXISTS `vtiger_durationhrs`;
/*!40101 SET @saved_cs_client     = @@character_set_client */;
/*!40101 SET character_set_client = utf8 */;
CREATE TABLE `vtiger_durationhrs` (
  `hrsid` int(19) NOT NULL AUTO_INCREMENT,
  `hrs` varchar(50) DEFAULT NULL,
  `sortorderid` int(19) NOT NULL DEFAULT '0',
  `presence` int(1) NOT NULL DEFAULT '1',
  PRIMARY KEY (`hrsid`)
) ENGINE=InnoDB DEFAULT CHARSET=utf8;
/*!40101 SET character_set_client = @saved_cs_client */;

--
-- Dumping data for table `vtiger_durationhrs`
--

LOCK TABLES `vtiger_durationhrs` WRITE;
/*!40000 ALTER TABLE `vtiger_durationhrs` DISABLE KEYS */;
/*!40000 ALTER TABLE `vtiger_durationhrs` ENABLE KEYS */;
UNLOCK TABLES;

--
-- Table structure for table `vtiger_durationmins`
--

DROP TABLE IF EXISTS `vtiger_durationmins`;
/*!40101 SET @saved_cs_client     = @@character_set_client */;
/*!40101 SET character_set_client = utf8 */;
CREATE TABLE `vtiger_durationmins` (
  `minsid` int(19) NOT NULL AUTO_INCREMENT,
  `mins` varchar(50) DEFAULT NULL,
  `sortorderid` int(19) NOT NULL DEFAULT '0',
  `presence` int(1) NOT NULL DEFAULT '1',
  PRIMARY KEY (`minsid`)
) ENGINE=InnoDB DEFAULT CHARSET=utf8;
/*!40101 SET character_set_client = @saved_cs_client */;

--
-- Dumping data for table `vtiger_durationmins`
--

LOCK TABLES `vtiger_durationmins` WRITE;
/*!40000 ALTER TABLE `vtiger_durationmins` DISABLE KEYS */;
/*!40000 ALTER TABLE `vtiger_durationmins` ENABLE KEYS */;
UNLOCK TABLES;

--
-- Table structure for table `vtiger_email_access`
--

DROP TABLE IF EXISTS `vtiger_email_access`;
/*!40101 SET @saved_cs_client     = @@character_set_client */;
/*!40101 SET character_set_client = utf8 */;
CREATE TABLE `vtiger_email_access` (
  `crmid` int(11) DEFAULT NULL,
  `mailid` int(11) DEFAULT NULL,
  `accessdate` date DEFAULT NULL,
  `accesstime` datetime DEFAULT NULL
) ENGINE=InnoDB DEFAULT CHARSET=utf8;
/*!40101 SET character_set_client = @saved_cs_client */;

--
-- Dumping data for table `vtiger_email_access`
--

LOCK TABLES `vtiger_email_access` WRITE;
/*!40000 ALTER TABLE `vtiger_email_access` DISABLE KEYS */;
/*!40000 ALTER TABLE `vtiger_email_access` ENABLE KEYS */;
UNLOCK TABLES;

--
-- Table structure for table `vtiger_email_track`
--

DROP TABLE IF EXISTS `vtiger_email_track`;
/*!40101 SET @saved_cs_client     = @@character_set_client */;
/*!40101 SET character_set_client = utf8 */;
CREATE TABLE `vtiger_email_track` (
  `crmid` int(11) DEFAULT NULL,
  `mailid` int(11) DEFAULT NULL,
  `access_count` int(11) DEFAULT NULL,
  `click_count` int(11) NOT NULL DEFAULT '0',
  UNIQUE KEY `link_tabidtype_idx` (`crmid`,`mailid`)
) ENGINE=InnoDB DEFAULT CHARSET=utf8;
/*!40101 SET character_set_client = @saved_cs_client */;

--
-- Dumping data for table `vtiger_email_track`
--

LOCK TABLES `vtiger_email_track` WRITE;
/*!40000 ALTER TABLE `vtiger_email_track` DISABLE KEYS */;
/*!40000 ALTER TABLE `vtiger_email_track` ENABLE KEYS */;
UNLOCK TABLES;

--
-- Table structure for table `vtiger_emaildetails`
--

DROP TABLE IF EXISTS `vtiger_emaildetails`;
/*!40101 SET @saved_cs_client     = @@character_set_client */;
/*!40101 SET character_set_client = utf8 */;
CREATE TABLE `vtiger_emaildetails` (
  `emailid` int(19) NOT NULL,
  `from_email` varchar(50) NOT NULL DEFAULT '',
  `to_email` text,
  `cc_email` text,
  `bcc_email` text,
  `assigned_user_email` varchar(50) NOT NULL DEFAULT '',
  `idlists` text,
  `email_flag` varchar(50) NOT NULL DEFAULT '',
  PRIMARY KEY (`emailid`)
) ENGINE=InnoDB DEFAULT CHARSET=utf8;
/*!40101 SET character_set_client = @saved_cs_client */;

--
-- Dumping data for table `vtiger_emaildetails`
--

LOCK TABLES `vtiger_emaildetails` WRITE;
/*!40000 ALTER TABLE `vtiger_emaildetails` DISABLE KEYS */;
INSERT INTO `vtiger_emaildetails` VALUES (49,'vit@itilus.com','[\"skype.hello@gmail.com\"]','[\"\"]','[\"\"]','','','SENT'),(53,'vit@itilus.com','[\"skype.hello@gmail.com\"]','[\"\"]','[\"\"]','','','SENT'),(54,'vit@itilus.com','[\"skype.hello@gmail.com\"]','[\"\"]','[\"\"]','','','SENT');
/*!40000 ALTER TABLE `vtiger_emaildetails` ENABLE KEYS */;
UNLOCK TABLES;

--
-- Table structure for table `vtiger_emails_recipientprefs`
--

DROP TABLE IF EXISTS `vtiger_emails_recipientprefs`;
/*!40101 SET @saved_cs_client     = @@character_set_client */;
/*!40101 SET character_set_client = utf8 */;
CREATE TABLE `vtiger_emails_recipientprefs` (
  `id` int(11) NOT NULL AUTO_INCREMENT,
  `tabid` int(11) NOT NULL,
  `prefs` varchar(255) DEFAULT NULL,
  `userid` int(11) DEFAULT NULL,
  PRIMARY KEY (`id`)
) ENGINE=InnoDB DEFAULT CHARSET=utf8;
/*!40101 SET character_set_client = @saved_cs_client */;

--
-- Dumping data for table `vtiger_emails_recipientprefs`
--

LOCK TABLES `vtiger_emails_recipientprefs` WRITE;
/*!40000 ALTER TABLE `vtiger_emails_recipientprefs` DISABLE KEYS */;
/*!40000 ALTER TABLE `vtiger_emails_recipientprefs` ENABLE KEYS */;
UNLOCK TABLES;

--
-- Table structure for table `vtiger_emailslookup`
--

DROP TABLE IF EXISTS `vtiger_emailslookup`;
/*!40101 SET @saved_cs_client     = @@character_set_client */;
/*!40101 SET character_set_client = utf8 */;
CREATE TABLE `vtiger_emailslookup` (
  `crmid` int(20) DEFAULT NULL,
  `setype` varchar(100) DEFAULT NULL,
  `value` varchar(100) DEFAULT NULL,
  `fieldid` int(20) DEFAULT NULL,
  UNIQUE KEY `emailslookup_crmid_setype_fieldname_uk` (`crmid`,`setype`,`fieldid`),
  KEY `emailslookup_fieldid_setype_idx` (`fieldid`,`setype`),
  CONSTRAINT `emailslookup_crmid_fk` FOREIGN KEY (`crmid`) REFERENCES `vtiger_crmentity` (`crmid`) ON DELETE CASCADE
) ENGINE=InnoDB DEFAULT CHARSET=utf8;
/*!40101 SET character_set_client = @saved_cs_client */;

--
-- Dumping data for table `vtiger_emailslookup`
--

LOCK TABLES `vtiger_emailslookup` WRITE;
/*!40000 ALTER TABLE `vtiger_emailslookup` DISABLE KEYS */;
/*!40000 ALTER TABLE `vtiger_emailslookup` ENABLE KEYS */;
UNLOCK TABLES;

--
-- Table structure for table `vtiger_emailtemplates`
--

DROP TABLE IF EXISTS `vtiger_emailtemplates`;
/*!40101 SET @saved_cs_client     = @@character_set_client */;
/*!40101 SET character_set_client = utf8 */;
CREATE TABLE `vtiger_emailtemplates` (
  `foldername` varchar(100) DEFAULT NULL,
  `templatename` varchar(100) DEFAULT NULL,
  `templatepath` varchar(100) DEFAULT NULL,
  `subject` varchar(255) DEFAULT NULL,
  `description` text,
  `body` text,
  `deleted` int(1) NOT NULL DEFAULT '0',
  `templateid` int(19) NOT NULL AUTO_INCREMENT,
  `systemtemplate` int(1) NOT NULL DEFAULT '0',
  `module` varchar(100) DEFAULT NULL,
  PRIMARY KEY (`templateid`),
  KEY `emailtemplates_foldernamd_templatename_subject_idx` (`foldername`,`templatename`,`subject`)
) ENGINE=InnoDB AUTO_INCREMENT=17 DEFAULT CHARSET=utf8;
/*!40101 SET character_set_client = @saved_cs_client */;

--
-- Dumping data for table `vtiger_emailtemplates`
--

LOCK TABLES `vtiger_emailtemplates` WRITE;
/*!40000 ALTER TABLE `vtiger_emailtemplates` DISABLE KEYS */;
INSERT INTO `vtiger_emailtemplates` VALUES ('Public','Announcement for Release','','Announcement for Release','Announcement of a release','Hello!   <br />\n	<br />\n	On behalf of the vtiger team,  I am pleased to announce the release of vtiger crm4.2 . This is a feature packed release including the mass email template handling, custom view feature, vtiger_reports feature and a host of other utilities. vtiger runs on all platforms.    <br />\n        <br />\n	Notable Features of vtiger are :   <br />\n	<br />\n	-Email Client Integration    <br />\n	-Trouble Ticket Integration   <br />\n	-Invoice Management Integration   <br />\n	-Reports Integration   <br />\n	-Portal Integration   <br />\n	-Enhanced Word Plugin Support   <br />\n	-Custom View Integration   <br />\n	<br />\n	Known Issues:   <br />\n	-ABCD   <br />\n	-EFGH   <br />\n	-IJKL   <br />\n	-MNOP   <br />\n	-QRST',0,1,0,''),('Public','Pending Invoices','','Invoices Pending','Payment Due','name <br />\nstreet, <br />\ncity, <br />\nstate, <br />\n zip) <br />\n  <br />\n Dear <br />\n <br />\n Please check the following invoices that are yet to be paid by you: <br />\n <br />\n No. Date      Amount <br />\n 1   1/1/01    $4000 <br />\n 2   2/2//01   $5000 <br />\n 3   3/3/01    $10000 <br />\n 4   7/4/01    $23560 <br />\n <br />\n Kindly let us know if there are any issues that you feel are pending to be discussed. <br />\n We will be more than happy to give you a call. <br />\n We would like to continue our business with you.',0,2,0,''),('Public','Acceptance Proposal','','Acceptance Proposal','Acceptance of Proposal',' Dear <br />\n <br />\nYour proposal on the project XYZW has been reviewed by us <br />\nand is acceptable in its entirety. <br />\n <br />\nWe are eagerly looking forward to this project <br />\nand are pleased about having the opportunity to work <br />\ntogether. We look forward to a long standing relationship <br />\nwith your esteemed firm. <br />\n<br />\nI would like to take this opportunity to invite you <br />\nto a game of golf on Wednesday morning 9am at the <br />\nCuff Links Ground. We will be waiting for you in the <br />\nExecutive Lounge. <br />\n<br />\nLooking forward to seeing you there.',0,3,0,''),('Public','Goods received acknowledgement','','Goods received acknowledgement','Acknowledged Receipt of Goods',' The undersigned hereby acknowledges receipt and delivery of the goods. <br />\nThe undersigned will release the payment subject to the goods being discovered not satisfactory. <br />\n<br />\nSigned under seal this <date>',0,4,0,''),('Public','Accept Order','','Accept Order','Acknowledgement/Acceptance of Order',' Dear <br />\n         We are in receipt of your order as contained in the <br />\n   purchase order form.We consider this to be final and binding on both sides. <br />\nIf there be any exceptions noted, we shall consider them <br />\nonly if the objection is received within ten days of receipt of <br />\nthis notice. <br />\n <br />\nThank you for your patronage.',0,5,0,''),('Public','Address Change','','Change of Address','Address Change','Dear <br />\n <br />\nWe are relocating our office to <br />\n11111,XYZDEF Cross, <br />\nUVWWX Circle <br />\nThe telephone number for this new location is (101) 1212-1328. <br />\n<br />\nOur Manufacturing Division will continue operations <br />\nat 3250 Lovedale Square Avenue, in Frankfurt. <br />\n<br />\nWe hope to keep in touch with you all. <br />\nPlease update your addressbooks.',0,6,0,''),('Public','Follow Up','','Follow Up','Follow Up of meeting','Dear <br />\n<br />\nThank you for extending us the opportunity to meet with <br />\nyou and members of your staff. <br />\n<br />\nI know that John Doe serviced your account <br />\nfor many years and made many friends at your firm. He has personally <br />\ndiscussed with me the deep relationship that he had with your firm. <br />\nWhile his presence will be missed, I can promise that we will <br />\ncontinue to provide the fine service that was accorded by <br />\nJohn to your firm. <br />\n<br />\nI was genuinely touched to receive such fine hospitality. <br />\n<br />\nThank you once again.',0,7,0,''),('Public','Target Crossed!','','Target Crossed!','Fantastic Sales Spree!','Congratulations! <br />\n<br />\nThe numbers are in and I am proud to inform you that our <br />\ntotal sales for the previous quarter <br />\namounts to $100,000,00.00!. This is the first time <br />\nwe have exceeded the target by almost 30%. <br />\nWe have also beat the previous quarter record by a <br />\nwhopping 75%! <br />\n<br />\nLet us meet at Smoking Joe for a drink in the evening! <br />\n\nC you all there guys!',0,8,0,''),('Public','Thanks Note','','Thanks Note','Note of thanks','Dear <br />\n<br />\nThank you for your confidence in our ability to serve you. <br />\nWe are glad to be given the chance to serve you.I look <br />\nforward to establishing a long term partnership with you. <br />\nConsider me as a friend. <br />\nShould any need arise,please do give us a call.',0,9,0,''),('Public','Регистрационная информация клиента',NULL,'Регистрационная информация клиентского портала','Посылает регистрационную информацию портала клиенту','<table width=\"700\" cellspacing=\"0\" cellpadding=\"0\" border=\"0\" align=\"center\" style=\"font-family: Arial,Helvetica,sans-serif; font-size: 12px; font-weight: normal; text-decoration: none; background-color: rgb(122, 122, 254);\">\n                    <tr>\n                        <td> </td>\n                        <td> </td>\n                        <td> </td>\n                    </tr>\n                    <tr>\n                        <td> </td>\n                        <td> </td>\n                        <td> </td>\n                    </tr>\n                    <tr>\n                        <td> </td>\n                        <td> </td>\n                        <td> </td>\n                    </tr>\n                    <tr>\n                        <td width=\"50\"> </td>\n                        <td>\n                        <table width=\"100%\" cellspacing=\"0\" cellpadding=\"0\" border=\"0\">\n                                <tr>\n                                    <td>\n                                    <table width=\"100%\" cellspacing=\"0\" cellpadding=\"0\" border=\"0\" style=\"background-color: rgb(27, 77, 140); font-family: Arial,Helvetica,sans-serif; font-size: 14px; color: rgb(255, 255, 255); font-weight: normal; line-height: 25px;\">\n                                            <tr>\n                                                <td align=\"center\" rowspan=\"4\">$logo$</td>\n                                                <td align=\"center\"> </td>\n                                            </tr>\n                                            <tr>\n                                                <td align=\"left\" style=\"background-color: rgb(27, 77, 140); font-family: Arial,Helvetica,sans-serif; font-size: 24px; color: rgb(255, 255, 255); font-weight: bolder; line-height: 35px;\">vtiger CRM<br /> </td>\n                                            </tr>\n                                            <tr>\n                                                <td align=\"right\" style=\"padding-right: 100px;\">The honest Open Source CRM </td>\n                                            </tr>\n                                            <tr>\n                                                <td> </td>\n                                            </tr>\n                                    </table>\n                                    </td>\n                                </tr>\n                                <tr>\n                                    <td>\n                                    <table width=\"100%\" cellspacing=\"0\" cellpadding=\"0\" border=\"0\" style=\"font-family: Arial,Helvetica,sans-serif; font-size: 12px; font-weight: normal; color: rgb(0, 0, 0); background-color: rgb(255, 255, 255);\">\n                                            <tr>\n                                                <td valign=\"top\">\n                                                <table width=\"100%\" cellspacing=\"0\" cellpadding=\"5\" border=\"0\">\n                                                        <tr>\n                                                            <td align=\"right\" style=\"font-family: Arial,Helvetica,sans-serif; font-size: 12px; font-weight: bolder; text-decoration: none; color: rgb(66, 66, 253);\"> </td>\n                                                        </tr>\n                                                        <tr>\n                                                            <td> </td>\n                                                        </tr>\n                                                        <tr>\n                                                            <td style=\"font-family: Arial,Helvetica,sans-serif; font-size: 14px; color: rgb(22, 72, 134); font-weight: bolder; line-height: 15px;\">Уважаемый(ая) $contact_name$, </td>\n                                                        </tr>\n                                                        <tr>\n                                                            <td style=\"font-family: Arial,Helvetica,sans-serif; font-size: 12px; color: rgb(0, 0, 0); font-weight: normal; text-align: justify; line-height: 20px;\"> Выражаем вам благодарность за подключение услуги ежегодного сервисного обслуживания Vtiger CRM.<br />Далее приведена информация для регистрации на портале самообслуживания:</td>                                            \n                                                        </tr>\n                                                        <tr>\n                                                            <td align=\"center\">\n                                                            <table width=\"75%\" cellspacing=\"0\" cellpadding=\"10\" border=\"0\" style=\"border: 2px solid rgb(180, 180, 179); background-color: rgb(226, 226, 225); font-family: Arial,Helvetica,sans-serif; font-size: 12px; color: rgb(0, 0, 0); font-weight: normal;\">\n                                                                    <tr>\n                                                                        <td><br />ID Пользователя     : <font color=\"#990000\"><strong> $login_name$</strong></font> </td>\n                                                                    </tr>\n                                                                    <tr>\n                                                                        <td>Пароль: <font color=\"#990000\"><strong> $password$</strong></font> </td>\n                                                                    </tr>\n                                                                    <tr>\n                                                                        <td align=\"center\"> <strong>  $URL$<br /> </strong> </td>\n                                                                    </tr>\n                                                            </table>\n                                                            </td>\n                                                        </tr>\n                                                        <tr>\n                                                            <td style=\"font-family: Arial,Helvetica,sans-serif; font-size: 12px; color: rgb(0, 0, 0); font-weight: normal; text-align: justify; line-height: 20px;\"><strong>Примечание:</strong> Мы предлагаем вам изменить пароль после первой авторизации. <br /><br /> <strong><u>Справочная информация</u></strong><br />  <br /> После первой авторизации на портале самообслуживания вы можете воспользоваться документацией Vtiger CRM, расположенной во вкладке <strong>Документация(Documents)</strong>. Для ознакомления доступны следующие документы:<br />\n                                                            <ul>\n                                                                <li>Руководство по установке (Windows и Linux ОС)<br /> </li>\n                                                                <li>Руководство пользователя и администратора<br /> </li>\n                                                                <li>Клиентский портал Vtiger CRM - Руководство пользователя<br /> </li>\n                                                                <li>Vtiger CRM плагин для Outlook - Руководство пользователя<br /> </li>\n                                                                <li>Vtiger CRM Office плагин - Руководство пользователя<br /> </li>\n                                                                <li>Vtiger CRM дополнение Thunderbird - Руководство пользователя<br /> </li>\n                                                                <li>Vtiger CRM Веб формы - Руководство пользователя<br /> </li>\n                                                                <li>Vtiger CRM панель инструментов Firefox - Руководство пользователя<br /> </li>\n                                                            </ul>\n                                                            <br />  <br /> <strong><u>Базовые знания</u></strong><br /> <br /> Мы периодически обновляем часто задаваемые вопросы, основываясь на опыте наших клиентов. Вы можете получить доступ к последним статьям через вкладку <strong>База знаний(FAQ)</strong>.<br /> <br /> <strong><u>Vtiger CRM - Информация</u></strong><br /> <br /> Пожалуйста, предоставьте информацию о вашей текущей версии vtiger CRM и о особенностях вашей системы, чтобы мы могли дать вам рекомендации по увеличению производительности работы Vtiger CRM. Основываясь на особенностях вашей системы, мы сообщим вам о последних обновлениях Vtiger CRM.<br />  <br />			 Еще раз благодарим вас и желаем приятной работы с системой Vtiger CRM.<br /> </td>\n                                                        </tr>\n                                                        <tr>\n                                                            <td align=\"right\"><strong style=\"padding: 2px; font-family: Arial,Helvetica,sans-serif; font-size: 12px; color: rgb(0, 0, 0); font-weight: bold;\"><br /><br />С уважением,</strong></td>                               \n                                                        </tr>\n                                                        <tr>\n                                                            <td align=\"right\" style=\"font-family: Arial,Helvetica,sans-serif; font-size: 12px; color: rgb(0, 0, 0); font-weight: normal; line-height: 20px;\">$support_team$ </td>\n                                                        </tr>\n                                                        <tr>\n                                                            <td align=\"right\"><a style=\"font-family: Arial,Helvetica,sans-serif; font-size: 12px; font-weight: bolder; text-decoration: none; color: rgb(66, 66, 253);\" href=\"http://www.salesplatform.ru\">www.salesplatform.ru</a></td>\n                                                        </tr>\n                                                        <tr>\n                                                            <td> </td>\n                                                        </tr>\n                                                </table>\n                                                </td>\n                                                <td width=\"1%\" valign=\"top\"> </td>\n                                            </tr>\n                                    </table>\n                                    </td>\n                                </tr>\n                                <tr>\n                                    <td align=\"left\" style=\"background-color: rgb(27, 77, 140);\"><br /> </td>\n                                </tr>\n                        </table>\n                        </td>\n                        <td width=\"50\"> </td>\n                    </tr>\n                    <tr>\n                        <td> </td>\n                        <td> </td>\n                        <td> </td>\n                    </tr>\n                    <tr>\n                        <td> </td>\n                        <td> </td>\n                        <td> </td>\n                    </tr>\n                    <tr>\n                        <td> </td>\n                        <td> </td>\n                        <td> </td>\n                    </tr>\n            </table>',0,10,0,'Contacts'),('Public','Support end notification before a week','','VtigerCRM Support Notification','Send Notification mail to customer before a week of support end date','<table width=\"700\" cellspacing=\"0\" cellpadding=\"0\" border=\"0\" align=\"center\" style=\"font-family: Arial,Helvetica,sans-serif; font-size: 12px; font-weight: normal; text-decoration: none; background-color: rgb(122, 122, 254);\">\n        <tr>\n            <td> </td>\n            <td> </td>\n            <td> </td>\n        </tr>\n        <tr>\n            <td> </td>\n            <td> </td>\n            <td> </td>\n        </tr>\n        <tr>\n            <td> </td>\n            <td> </td>\n            <td> </td>\n        </tr>\n        <tr>\n            <td width=\"50\"> </td>\n            <td>\n            <table width=\"100%\" cellspacing=\"0\" cellpadding=\"0\" border=\"0\">\n                    <tr>\n                        <td>\n                        <table width=\"100%\" cellspacing=\"0\" cellpadding=\"0\" border=\"0\" style=\"background-color: rgb(27, 77, 140); font-family: Arial,Helvetica,sans-serif; font-size: 14px; color: rgb(255, 255, 255); font-weight: normal; line-height: 25px;\">\n                                <tr>\n                                    <td align=\"center\" rowspan=\"4\">$logo$</td>\n                                    <td align=\"center\"> </td>\n                                </tr>\n                                <tr>\n                                    <td align=\"left\" style=\"background-color: rgb(27, 77, 140); font-family: Arial,Helvetica,sans-serif; font-size: 24px; color: rgb(255, 255, 255); font-weight: bolder; line-height: 35px;\">vtiger CRM </td>\n                                </tr>\n                                <tr>\n                                    <td align=\"right\" style=\"padding-right: 100px;\">The honest Open Source CRM </td>\n                                </tr>\n                                <tr>\n                                    <td> </td>\n                                </tr>\n                        </table>\n                        </td>\n                    </tr>\n                    <tr>\n                        <td>\n                        <table width=\"100%\" cellspacing=\"0\" cellpadding=\"0\" border=\"0\" style=\"font-family: Arial,Helvetica,sans-serif; font-size: 12px; font-weight: normal; color: rgb(0, 0, 0); background-color: rgb(255, 255, 255);\">\n                                <tr>\n                                    <td valign=\"top\">\n                                    <table width=\"100%\" cellspacing=\"0\" cellpadding=\"5\" border=\"0\">\n                                            <tr>\n                                                <td align=\"right\" style=\"font-family: Arial,Helvetica,sans-serif; font-size: 12px; font-weight: bolder; text-decoration: none; color: rgb(66, 66, 253);\"> </td>\n                                            </tr>\n                                            <tr>\n                                                <td> </td>\n                                            </tr>\n                                            <tr>\n                                                <td style=\"font-family: Arial,Helvetica,sans-serif; font-size: 14px; color: rgb(22, 72, 134); font-weight: bolder; line-height: 15px;\">Dear $contacts-lastname$, </td>\n                                            </tr>\n                                            <tr>\n                                                <td style=\"font-family: Arial,Helvetica,sans-serif; font-size: 12px; color: rgb(0, 0, 0); font-weight: normal; text-align: justify; line-height: 20px;\">This is just a notification mail regarding your support end.<br /><span style=\"font-weight: bold;\">Priority:</span> Urgent<br />Your Support is going to expire on next week<br />Please contact support@vtiger.com.<br /><br /><br /></td>\n                                            </tr>\n                                            <tr>\n                                                <td align=\"center\"><br /></td>\n                                            </tr>\n                                            <tr>\n                                                <td align=\"right\"><strong style=\"padding: 2px; font-family: Arial,Helvetica,sans-serif; font-size: 12px; color: rgb(0, 0, 0); font-weight: bold;\"><br /><br />Sincerly</strong></td>\n                                            </tr>\n                                            <tr>\n                                                <td align=\"right\" style=\"font-family: Arial,Helvetica,sans-serif; font-size: 12px; color: rgb(0, 0, 0); font-weight: normal; line-height: 20px;\">Support Team </td>\n                                            </tr>\n                                            <tr>\n                                                <td align=\"right\"><a style=\"font-family: Arial,Helvetica,sans-serif; font-size: 12px; font-weight: bolder; text-decoration: none; color: rgb(66, 66, 253);\" href=\"http://www.vtiger.com\">www.vtiger.com</a></td>\n                                            </tr>\n                                            <tr>\n                                                <td> </td>\n                                            </tr>\n                                    </table>\n                                    </td>\n                                    <td width=\"1%\" valign=\"top\"> </td>\n                                </tr>\n                        </table>\n                        </td>\n                    </tr>\n                    <tr>\n                        <td>\n                        <table width=\"100%\" cellspacing=\"0\" cellpadding=\"5\" border=\"0\" style=\"font-family: Arial,Helvetica,sans-serif; font-size: 12px; color: rgb(255, 255, 255); font-weight: normal; line-height: 15px; background-color: rgb(51, 51, 51);\">\n                                <tr>\n                                    <td align=\"center\">Shree Narayana Complex, No 11 Sarathy Nagar, Vijaya Nagar , Velachery, Chennai - 600 042 India </td>\n                                </tr>\n                                <tr>\n                                    <td align=\"center\">Telephone No: +91 - 44 - 4202 - 1990     Toll Free No: +1 877 788 4437</td>\n                                </tr>\n                                <tr>\n                                    <td align=\"center\">Email Id: <a style=\"font-family: Arial,Helvetica,sans-serif; font-size: 12px; font-weight: bolder; text-decoration: none; color: rgb(255, 255, 255);\" href=\"mailto:info@vtiger.com\">info@vtiger.com</a></td>\n                                </tr>\n                        </table>\n                        </td>\n                    </tr>\n            </table>\n            </td>\n            <td width=\"50\"> </td>\n        </tr>\n        <tr>\n            <td> </td>\n            <td> </td>\n            <td> </td>\n        </tr>\n        <tr>\n            <td> </td>\n            <td> </td>\n            <td> </td>\n        </tr>\n        <tr>\n            <td> </td>\n            <td> </td>\n            <td> </td>\n        </tr>\n</table>',0,11,0,''),('Public','Support end notification before a month','','VtigerCRM Support Notification','Send Notification mail to customer before a month of support end date','<table width=\"700\" cellspacing=\"0\" cellpadding=\"0\" border=\"0\" align=\"center\" style=\"font-family: Arial,Helvetica,sans-serif; font-size: 12px; font-weight: normal; text-decoration: none; background-color: rgb(122, 122, 254);\">\n        <tr>\n            <td> </td>\n            <td> </td>\n            <td> </td>\n        </tr>\n        <tr>\n            <td> </td>\n            <td> </td>\n            <td> </td>\n        </tr>\n        <tr>\n            <td> </td>\n            <td> </td>\n            <td> </td>\n        </tr>\n        <tr>\n            <td width=\"50\"> </td>\n            <td>\n            <table width=\"100%\" cellspacing=\"0\" cellpadding=\"0\" border=\"0\">\n                    <tr>\n                        <td>\n                        <table width=\"100%\" cellspacing=\"0\" cellpadding=\"0\" border=\"0\" style=\"background-color: rgb(27, 77, 140); font-family: Arial,Helvetica,sans-serif; font-size: 14px; color: rgb(255, 255, 255); font-weight: normal; line-height: 25px;\">\n                                <tr>\n                                    <td align=\"center\" rowspan=\"4\">$logo$</td>\n                                    <td align=\"center\"> </td>\n                                </tr>\n                                <tr>\n                                    <td align=\"left\" style=\"background-color: rgb(27, 77, 140); font-family: Arial,Helvetica,sans-serif; font-size: 24px; color: rgb(255, 255, 255); font-weight: bolder; line-height: 35px;\">vtiger CRM </td>\n                                </tr>\n                                <tr>\n                                    <td align=\"right\" style=\"padding-right: 100px;\">The honest Open Source CRM </td>\n                                </tr>\n                                <tr>\n                                    <td> </td>\n                                </tr>\n                        </table>\n                        </td>\n                    </tr>\n                    <tr>\n                        <td>\n                        <table width=\"100%\" cellspacing=\"0\" cellpadding=\"0\" border=\"0\" style=\"font-family: Arial,Helvetica,sans-serif; font-size: 12px; font-weight: normal; color: rgb(0, 0, 0); background-color: rgb(255, 255, 255);\">\n                                <tr>\n                                    <td valign=\"top\">\n                                    <table width=\"100%\" cellspacing=\"0\" cellpadding=\"5\" border=\"0\">\n                                            <tr>\n                                                <td align=\"right\" style=\"font-family: Arial,Helvetica,sans-serif; font-size: 12px; font-weight: bolder; text-decoration: none; color: rgb(66, 66, 253);\"> </td>\n                                            </tr>\n                                            <tr>\n                                                <td> </td>\n                                            </tr>\n                                            <tr>\n                                                <td style=\"font-family: Arial,Helvetica,sans-serif; font-size: 14px; color: rgb(22, 72, 134); font-weight: bolder; line-height: 15px;\">Dear $contacts-lastname$, </td>\n                                            </tr>\n                                            <tr>\n                                                <td style=\"font-family: Arial,Helvetica,sans-serif; font-size: 12px; color: rgb(0, 0, 0); font-weight: normal; text-align: justify; line-height: 20px;\">This is just a notification mail regarding your support end.<br /><span style=\"font-weight: bold;\">Priority:</span> Normal<br />Your Support is going to expire on next month.<br />Please contact support@vtiger.com<br /><br /><br /></td>\n                                            </tr>\n                                            <tr>\n                                                <td align=\"center\"><br /></td>\n                                            </tr>\n                                            <tr>\n                                                <td align=\"right\"><strong style=\"padding: 2px; font-family: Arial,Helvetica,sans-serif; font-size: 12px; color: rgb(0, 0, 0); font-weight: bold;\"><br /><br />Sincerly</strong></td>\n                                            </tr>\n                                            <tr>\n                                                <td align=\"right\" style=\"font-family: Arial,Helvetica,sans-serif; font-size: 12px; color: rgb(0, 0, 0); font-weight: normal; line-height: 20px;\">Support Team </td>\n                                            </tr>\n                                            <tr>\n                                                <td align=\"right\"><a href=\"http://www.vtiger.com\" style=\"font-family: Arial,Helvetica,sans-serif; font-size: 12px; font-weight: bolder; text-decoration: none; color: rgb(66, 66, 253);\">www.vtiger.com</a></td>\n                                            </tr>\n                                            <tr>\n                                                <td> </td>\n                                            </tr>\n                                    </table>\n                                    </td>\n                                    <td width=\"1%\" valign=\"top\"> </td>\n                                </tr>\n                        </table>\n                        </td>\n                    </tr>\n                    <tr>\n                        <td>\n                        <table width=\"100%\" cellspacing=\"0\" cellpadding=\"5\" border=\"0\" style=\"font-family: Arial,Helvetica,sans-serif; font-size: 12px; color: rgb(255, 255, 255); font-weight: normal; line-height: 15px; background-color: rgb(51, 51, 51);\">\n                                <tr>\n                                    <td align=\"center\">Shree Narayana Complex, No 11 Sarathy Nagar, Vijaya Nagar , Velachery, Chennai - 600 042 India </td>\n                                </tr>\n                                <tr>\n                                    <td align=\"center\">Telephone No: +91 - 44 - 4202 - 1990     Toll Free No: +1 877 788 4437</td>\n                                </tr>\n                                <tr>\n                                    <td align=\"center\">Email Id: <a href=\"mailto:info@vtiger.com\" style=\"font-family: Arial,Helvetica,sans-serif; font-size: 12px; font-weight: bolder; text-decoration: none; color: rgb(255, 255, 255);\">info@vtiger.com</a></td>\n                                </tr>\n                        </table>\n                        </td>\n                    </tr>\n            </table>\n            </td>\n            <td width=\"50\"> </td>\n        </tr>\n        <tr>\n            <td> </td>\n            <td> </td>\n            <td> </td>\n        </tr>\n        <tr>\n            <td> </td>\n            <td> </td>\n            <td> </td>\n        </tr>\n        <tr>\n            <td> </td>\n            <td> </td>\n            <td> </td>\n        </tr>\n</table>',0,12,0,''),('Public','Activity Reminder',NULL,'Reminder','Reminder','<p>Это напоминание для мероприятия<br/>С подробностями :<br/> \n                            &nbsp; Тема : $events-subject$<br/> \n                            &nbsp; Дата и время начала : $events-date_start$<br/>\n                            &nbsp; Дата и время завершения : $events-due_date$<br/> \n                            &nbsp; Статус : $events-eventstatus$<br/> \n                            &nbsp; Место проведения : $events-location$<br/> \n                            &nbsp; Описание : $events-description$<br/><br/> \n                            <p/>',0,14,1,NULL),('Public','ToDo Reminder',NULL,'Activity Reminder','Reminder','<p>Это напоминание для мероприятия<br/>С подробностями :<br/>\n                                &nbsp; Тема : $calendar-subject$<br/>\n                                &nbsp; Дата и время начала : $calendar-date_start$<br/>\n                                &nbsp; Дата выполнения : $calendar-due_date$<br/>\n                                &nbsp; Статус : $calendar-status$<br/>\n                                &nbsp; Место проведения : $calendar-location$<br/>\n                                &nbsp; Описание : $calendar-description$<br/><br/>\n                                <p/>',0,15,1,NULL),('Public','Invite Users',NULL,'Invitation','Invite Users','<p>$invitee_name$,<br/><br/>Вы были приглашены для деятельности<br/><br/>С подробностями :<br/>\n                                &nbsp; Тема : $events-subject$<br/>\n                                &nbsp; Дата и время начала : $events-date_start$<br/> \n                                &nbsp; Дата и время завершения : $events-due_date$<br/>\n                                &nbsp; Статус : $events-eventstatus$<br/>\n                                &nbsp; Приоритет : $events-priority$<br/>\n                                &nbsp; В связи с : $events-crmid$<br/>\n                                &nbsp; Список контактов : $events-contactid$<br/>\n                                &nbsp; Место проведения : $events-location$<br/>\n                                &nbsp; Описание : $events-description$<br/><br/>\n                                Благодаря & С уважением,<br/>\n                                $current_user_name$\n                                <p/>',0,16,1,NULL);
/*!40000 ALTER TABLE `vtiger_emailtemplates` ENABLE KEYS */;
UNLOCK TABLES;

--
-- Table structure for table `vtiger_emailtemplates_seq`
--

DROP TABLE IF EXISTS `vtiger_emailtemplates_seq`;
/*!40101 SET @saved_cs_client     = @@character_set_client */;
/*!40101 SET character_set_client = utf8 */;
CREATE TABLE `vtiger_emailtemplates_seq` (
  `id` int(11) NOT NULL
) ENGINE=InnoDB DEFAULT CHARSET=utf8;
/*!40101 SET character_set_client = @saved_cs_client */;

--
-- Dumping data for table `vtiger_emailtemplates_seq`
--

LOCK TABLES `vtiger_emailtemplates_seq` WRITE;
/*!40000 ALTER TABLE `vtiger_emailtemplates_seq` DISABLE KEYS */;
INSERT INTO `vtiger_emailtemplates_seq` VALUES (16);
/*!40000 ALTER TABLE `vtiger_emailtemplates_seq` ENABLE KEYS */;
UNLOCK TABLES;

--
-- Table structure for table `vtiger_entityname`
--

DROP TABLE IF EXISTS `vtiger_entityname`;
/*!40101 SET @saved_cs_client     = @@character_set_client */;
/*!40101 SET character_set_client = utf8 */;
CREATE TABLE `vtiger_entityname` (
  `tabid` int(19) NOT NULL DEFAULT '0',
  `modulename` varchar(100) DEFAULT NULL,
  `tablename` varchar(100) NOT NULL,
  `fieldname` varchar(150) NOT NULL,
  `entityidfield` varchar(150) NOT NULL,
  `entityidcolumn` varchar(150) NOT NULL,
  PRIMARY KEY (`tabid`),
  KEY `entityname_tabid_idx` (`tabid`),
  CONSTRAINT `fk_1_vtiger_entityname` FOREIGN KEY (`tabid`) REFERENCES `vtiger_tab` (`tabid`) ON DELETE CASCADE
) ENGINE=InnoDB DEFAULT CHARSET=utf8;
/*!40101 SET character_set_client = @saved_cs_client */;

--
-- Dumping data for table `vtiger_entityname`
--

LOCK TABLES `vtiger_entityname` WRITE;
/*!40000 ALTER TABLE `vtiger_entityname` DISABLE KEYS */;
INSERT INTO `vtiger_entityname` VALUES (2,'Potentials','vtiger_potential','potentialname','potentialid','potential_id'),(4,'Contacts','vtiger_contactdetails','firstname,lastname','contactid','contact_id'),(6,'Accounts','vtiger_account','accountname','accountid','account_id'),(7,'Leads','vtiger_leaddetails','firstname,lastname','leadid','leadid'),(8,'Documents','vtiger_notes','title','notesid','notesid'),(9,'Calendar','vtiger_activity','subject','activityid','activityid'),(10,'Emails','vtiger_activity','subject','activityid','activityid'),(13,'HelpDesk','vtiger_troubletickets','title','ticketid','ticketid'),(14,'Products','vtiger_products','productname','productid','product_id'),(15,'Faq','vtiger_faq','question','id','id'),(18,'Vendors','vtiger_vendor','vendorname','vendorid','vendor_id'),(19,'PriceBooks','vtiger_pricebook','bookname','pricebookid','pricebookid'),(20,'Quotes','vtiger_quotes','subject','quoteid','quote_id'),(21,'PurchaseOrder','vtiger_purchaseorder','subject','purchaseorderid','purchaseorderid'),(22,'SalesOrder','vtiger_salesorder','subject','salesorderid','salesorder_id'),(23,'Invoice','vtiger_invoice','subject','invoiceid','invoiceid'),(26,'Campaigns','vtiger_campaign','campaignname','campaignid','campaignid'),(29,'Users','vtiger_users','first_name,last_name','id','id'),(31,'Services','vtiger_service','servicename','serviceid','serviceid'),(35,'PBXManager','vtiger_pbxmanager','customernumber','pbxmanagerid','pbxmanagerid'),(36,'ServiceContracts','vtiger_servicecontracts','subject','servicecontractsid','servicecontractsid'),(40,'ModComments','vtiger_modcomments','commentcontent','modcommentsid','modcommentsid'),(42,'Assets','vtiger_assets','assetname','assetsid','assetsid'),(45,'SPSocialConnector','vtiger_sp_socialconnector','message','socialconnectorid','socialconnectorid'),(46,'SMSNotifier','vtiger_smsnotifier','message','smsnotifierid','smsnotifierid'),(50,'SPUnits','sp_units','unit_no','unitid','unitid'),(54,'ProjectMilestone','vtiger_projectmilestone','projectmilestonename','projectmilestoneid','projectmilestoneid'),(55,'ProjectTask','vtiger_projecttask','projecttaskname','projecttaskid','projecttaskid'),(56,'Project','vtiger_project','projectname','projectid','projectid'),(57,'Act','vtiger_sp_act','act_no','actid','actid'),(58,'SPPayments','sp_payments','pay_no','payid','payid'),(59,'Consignment','vtiger_sp_consignment','consignment_no','consignmentid','consignmentid');
/*!40000 ALTER TABLE `vtiger_entityname` ENABLE KEYS */;
UNLOCK TABLES;

--
-- Table structure for table `vtiger_eventhandler_module`
--

DROP TABLE IF EXISTS `vtiger_eventhandler_module`;
/*!40101 SET @saved_cs_client     = @@character_set_client */;
/*!40101 SET character_set_client = utf8 */;
CREATE TABLE `vtiger_eventhandler_module` (
  `eventhandler_module_id` int(11) NOT NULL AUTO_INCREMENT,
  `module_name` varchar(100) DEFAULT NULL,
  `handler_class` varchar(100) DEFAULT NULL,
  PRIMARY KEY (`eventhandler_module_id`)
) ENGINE=InnoDB AUTO_INCREMENT=7 DEFAULT CHARSET=utf8;
/*!40101 SET character_set_client = @saved_cs_client */;

--
-- Dumping data for table `vtiger_eventhandler_module`
--

LOCK TABLES `vtiger_eventhandler_module` WRITE;
/*!40000 ALTER TABLE `vtiger_eventhandler_module` DISABLE KEYS */;
INSERT INTO `vtiger_eventhandler_module` VALUES (1,'ModTracker','ModTrackerHandler'),(2,'ServiceContracts','ServiceContractsHandler'),(3,'Search','Settings_Search_RecordSearchLabelUpdater_Handler'),(4,'Home','Vtiger_RecordLabelUpdater_Handler'),(5,'Invoice','InvoiceHandler'),(6,'PurchaseOrder','PurchaseOrderHandler');
/*!40000 ALTER TABLE `vtiger_eventhandler_module` ENABLE KEYS */;
UNLOCK TABLES;

--
-- Table structure for table `vtiger_eventhandler_module_seq`
--

DROP TABLE IF EXISTS `vtiger_eventhandler_module_seq`;
/*!40101 SET @saved_cs_client     = @@character_set_client */;
/*!40101 SET character_set_client = utf8 */;
CREATE TABLE `vtiger_eventhandler_module_seq` (
  `id` int(11) NOT NULL
) ENGINE=InnoDB DEFAULT CHARSET=utf8;
/*!40101 SET character_set_client = @saved_cs_client */;

--
-- Dumping data for table `vtiger_eventhandler_module_seq`
--

LOCK TABLES `vtiger_eventhandler_module_seq` WRITE;
/*!40000 ALTER TABLE `vtiger_eventhandler_module_seq` DISABLE KEYS */;
INSERT INTO `vtiger_eventhandler_module_seq` VALUES (6);
/*!40000 ALTER TABLE `vtiger_eventhandler_module_seq` ENABLE KEYS */;
UNLOCK TABLES;

--
-- Table structure for table `vtiger_eventhandlers`
--

DROP TABLE IF EXISTS `vtiger_eventhandlers`;
/*!40101 SET @saved_cs_client     = @@character_set_client */;
/*!40101 SET character_set_client = utf8 */;
CREATE TABLE `vtiger_eventhandlers` (
  `eventhandler_id` int(11) NOT NULL AUTO_INCREMENT,
  `event_name` varchar(100) NOT NULL,
  `handler_path` varchar(400) NOT NULL,
  `handler_class` varchar(100) NOT NULL,
  `cond` text,
  `is_active` int(1) NOT NULL,
  `dependent_on` varchar(255) DEFAULT '[]',
  PRIMARY KEY (`eventhandler_id`,`event_name`,`handler_class`),
  UNIQUE KEY `eventhandler_idx` (`eventhandler_id`)
) ENGINE=InnoDB AUTO_INCREMENT=34 DEFAULT CHARSET=utf8;
/*!40101 SET character_set_client = @saved_cs_client */;

--
-- Dumping data for table `vtiger_eventhandlers`
--

LOCK TABLES `vtiger_eventhandlers` WRITE;
/*!40000 ALTER TABLE `vtiger_eventhandlers` DISABLE KEYS */;
INSERT INTO `vtiger_eventhandlers` VALUES (1,'vtiger.entity.aftersave','modules/SalesOrder/RecurringInvoiceHandler.php','RecurringInvoiceHandler','',1,'[]'),(2,'vtiger.entity.beforesave','data/VTEntityDelta.php','VTEntityDelta','',1,'[]'),(3,'vtiger.entity.aftersave','data/VTEntityDelta.php','VTEntityDelta','',1,'[]'),(4,'vtiger.entity.aftersave','modules/com_vtiger_workflow/VTEventHandler.inc','VTWorkflowEventHandler','',1,'[\"VTEntityDelta\"]'),(5,'vtiger.entity.afterrestore','modules/com_vtiger_workflow/VTEventHandler.inc','VTWorkflowEventHandler','',1,'[]'),(6,'vtiger.entity.aftersave.final','modules/HelpDesk/HelpDeskHandler.php','HelpDeskHandler','',1,'[]'),(7,'vtiger.entity.aftersave','modules/WSAPP/WorkFlowHandlers/WSAPPAssignToTracker.php','WSAPPAssignToTracker','',1,'[\"VTEntityDelta\"]'),(8,'vtiger.entity.aftersave.final','modules/ModTracker/ModTrackerHandler.php','ModTrackerHandler','',1,'[]'),(9,'vtiger.entity.beforedelete','modules/ModTracker/ModTrackerHandler.php','ModTrackerHandler','',1,'[]'),(10,'vtiger.entity.afterrestore','modules/ModTracker/ModTrackerHandler.php','ModTrackerHandler','',1,'[]'),(11,'vtiger.entity.aftersave','modules/PBXManager/PBXManagerHandler.php','PBXManagerHandler','',1,'[\"VTEntityDelta\"]'),(12,'vtiger.entity.afterdelete','modules/PBXManager/PBXManagerHandler.php','PBXManagerHandler','',1,'[]'),(13,'vtiger.entity.afterrestore','modules/PBXManager/PBXManagerHandler.php','PBXManagerHandler','',1,'[]'),(14,'vtiger.batchevent.save','modules/PBXManager/PBXManagerHandler.php','PBXManagerBatchHandler','',1,'[]'),(15,'vtiger.batchevent.delete','modules/PBXManager/PBXManagerHandler.php','PBXManagerBatchHandler','',1,'[]'),(16,'vtiger.lead.convertlead','modules/PBXManager/PBXManagerHandler.php','PBXManagerHandler','',1,'[]'),(17,'vtiger.entity.beforesave','modules/ServiceContracts/ServiceContractsHandler.php','ServiceContractsHandler','',1,'[]'),(18,'vtiger.entity.aftersave','modules/ServiceContracts/ServiceContractsHandler.php','ServiceContractsHandler','',1,'[]'),(19,'vtiger.entity.aftersave','modules/Search/handlers/RecordSearchLabelUpdater.php','Settings_Search_RecordSearchLabelUpdater_Handler','',1,'[]'),(20,'vtiger.entity.aftersave','modules/Vtiger/handlers/RecordLabelUpdater.php','Vtiger_RecordLabelUpdater_Handler','',1,'[]'),(21,'vtiger.entity.aftersave','modules/Invoice/InvoiceHandler.php','InvoiceHandler','',1,'[]'),(22,'vtiger.entity.aftersave','modules/PurchaseOrder/PurchaseOrderHandler.php','PurchaseOrderHandler','',1,'[]'),(23,'vtiger.entity.aftersave','modules/ModComments/ModCommentsHandler.php','ModCommentsHandler','',1,'[]'),(24,'vtiger.picklist.afterrename','modules/Settings/Picklist/handlers/PickListHandler.php','PickListHandler','',1,'[]'),(25,'vtiger.picklist.afterdelete','modules/Settings/Picklist/handlers/PickListHandler.php','PickListHandler','',1,'[]'),(26,'vtiger.entity.aftersave','modules/Vtiger/handlers/EmailLookupHandler.php','EmailLookupHandler','',1,'[\"VTEntityDelta\"]'),(27,'vtiger.entity.afterdelete','modules/Vtiger/handlers/EmailLookupHandler.php','EmailLookupHandler','',1,'[]'),(28,'vtiger.entity.afterrestore','modules/Vtiger/handlers/EmailLookupHandler.php','EmailLookupHandler','',1,'[]'),(29,'vtiger.batchevent.save','modules/Vtiger/handlers/EmailLookupHandler.php','EmailLookupBatchHandler','',1,'[]'),(30,'vtiger.lead.convertlead','modules/Leads/handlers/LeadHandler.php','LeadHandler','',1,'[]'),(31,'vtiger.entity.beforesave','modules/Vtiger/handlers/CheckDuplicateHandler.php','CheckDuplicateHandler','',1,'[]'),(32,'vtiger.entity.beforerestore','modules/Vtiger/handlers/CheckDuplicateHandler.php','CheckDuplicateHandler','',1,'[]'),(33,'vtiger.entity.aftersave','modules/Vtiger/handlers/FollowRecordHandler.php','FollowRecordHandler','',1,'[]');
/*!40000 ALTER TABLE `vtiger_eventhandlers` ENABLE KEYS */;
UNLOCK TABLES;

--
-- Table structure for table `vtiger_eventhandlers_seq`
--

DROP TABLE IF EXISTS `vtiger_eventhandlers_seq`;
/*!40101 SET @saved_cs_client     = @@character_set_client */;
/*!40101 SET character_set_client = utf8 */;
CREATE TABLE `vtiger_eventhandlers_seq` (
  `id` int(11) NOT NULL
) ENGINE=InnoDB DEFAULT CHARSET=utf8;
/*!40101 SET character_set_client = @saved_cs_client */;

--
-- Dumping data for table `vtiger_eventhandlers_seq`
--

LOCK TABLES `vtiger_eventhandlers_seq` WRITE;
/*!40000 ALTER TABLE `vtiger_eventhandlers_seq` DISABLE KEYS */;
INSERT INTO `vtiger_eventhandlers_seq` VALUES (33);
/*!40000 ALTER TABLE `vtiger_eventhandlers_seq` ENABLE KEYS */;
UNLOCK TABLES;

--
-- Table structure for table `vtiger_eventstatus`
--

DROP TABLE IF EXISTS `vtiger_eventstatus`;
/*!40101 SET @saved_cs_client     = @@character_set_client */;
/*!40101 SET character_set_client = utf8 */;
CREATE TABLE `vtiger_eventstatus` (
  `eventstatusid` int(19) NOT NULL AUTO_INCREMENT,
  `eventstatus` varchar(200) NOT NULL,
  `presence` int(1) NOT NULL DEFAULT '1',
  `picklist_valueid` int(19) NOT NULL DEFAULT '0',
  `sortorderid` int(11) DEFAULT NULL,
  `color` varchar(10) DEFAULT NULL,
  PRIMARY KEY (`eventstatusid`)
) ENGINE=InnoDB AUTO_INCREMENT=4 DEFAULT CHARSET=utf8;
/*!40101 SET character_set_client = @saved_cs_client */;

--
-- Dumping data for table `vtiger_eventstatus`
--

LOCK TABLES `vtiger_eventstatus` WRITE;
/*!40000 ALTER TABLE `vtiger_eventstatus` DISABLE KEYS */;
INSERT INTO `vtiger_eventstatus` VALUES (1,'Planned',0,38,0,NULL),(2,'Held',0,39,1,NULL),(3,'Not Held',0,40,2,NULL);
/*!40000 ALTER TABLE `vtiger_eventstatus` ENABLE KEYS */;
UNLOCK TABLES;

--
-- Table structure for table `vtiger_eventstatus_seq`
--

DROP TABLE IF EXISTS `vtiger_eventstatus_seq`;
/*!40101 SET @saved_cs_client     = @@character_set_client */;
/*!40101 SET character_set_client = utf8 */;
CREATE TABLE `vtiger_eventstatus_seq` (
  `id` int(11) NOT NULL
) ENGINE=InnoDB DEFAULT CHARSET=utf8;
/*!40101 SET character_set_client = @saved_cs_client */;

--
-- Dumping data for table `vtiger_eventstatus_seq`
--

LOCK TABLES `vtiger_eventstatus_seq` WRITE;
/*!40000 ALTER TABLE `vtiger_eventstatus_seq` DISABLE KEYS */;
INSERT INTO `vtiger_eventstatus_seq` VALUES (3);
/*!40000 ALTER TABLE `vtiger_eventstatus_seq` ENABLE KEYS */;
UNLOCK TABLES;

--
-- Table structure for table `vtiger_expectedresponse`
--

DROP TABLE IF EXISTS `vtiger_expectedresponse`;
/*!40101 SET @saved_cs_client     = @@character_set_client */;
/*!40101 SET character_set_client = utf8 */;
CREATE TABLE `vtiger_expectedresponse` (
  `expectedresponseid` int(19) NOT NULL AUTO_INCREMENT,
  `expectedresponse` varchar(200) NOT NULL,
  `presence` int(1) NOT NULL DEFAULT '1',
  `picklist_valueid` int(19) NOT NULL DEFAULT '0',
  `sortorderid` int(11) DEFAULT NULL,
  `color` varchar(10) DEFAULT NULL,
  PRIMARY KEY (`expectedresponseid`),
  UNIQUE KEY `CampaignExpRes_UK01` (`expectedresponse`)
) ENGINE=InnoDB AUTO_INCREMENT=6 DEFAULT CHARSET=utf8;
/*!40101 SET character_set_client = @saved_cs_client */;

--
-- Dumping data for table `vtiger_expectedresponse`
--

LOCK TABLES `vtiger_expectedresponse` WRITE;
/*!40000 ALTER TABLE `vtiger_expectedresponse` DISABLE KEYS */;
INSERT INTO `vtiger_expectedresponse` VALUES (2,'Excellent',1,42,1,NULL),(3,'Good',1,43,2,NULL),(4,'Average',1,44,3,NULL),(5,'Poor',1,45,4,NULL);
/*!40000 ALTER TABLE `vtiger_expectedresponse` ENABLE KEYS */;
UNLOCK TABLES;

--
-- Table structure for table `vtiger_expectedresponse_seq`
--

DROP TABLE IF EXISTS `vtiger_expectedresponse_seq`;
/*!40101 SET @saved_cs_client     = @@character_set_client */;
/*!40101 SET character_set_client = utf8 */;
CREATE TABLE `vtiger_expectedresponse_seq` (
  `id` int(11) NOT NULL
) ENGINE=InnoDB DEFAULT CHARSET=utf8;
/*!40101 SET character_set_client = @saved_cs_client */;

--
-- Dumping data for table `vtiger_expectedresponse_seq`
--

LOCK TABLES `vtiger_expectedresponse_seq` WRITE;
/*!40000 ALTER TABLE `vtiger_expectedresponse_seq` DISABLE KEYS */;
INSERT INTO `vtiger_expectedresponse_seq` VALUES (5);
/*!40000 ALTER TABLE `vtiger_expectedresponse_seq` ENABLE KEYS */;
UNLOCK TABLES;

--
-- Table structure for table `vtiger_extnstore_users`
--

DROP TABLE IF EXISTS `vtiger_extnstore_users`;
/*!40101 SET @saved_cs_client     = @@character_set_client */;
/*!40101 SET character_set_client = utf8 */;
CREATE TABLE `vtiger_extnstore_users` (
  `id` int(11) NOT NULL AUTO_INCREMENT,
  `username` varchar(50) DEFAULT NULL,
  `password` varchar(75) DEFAULT NULL,
  `instanceurl` varchar(255) DEFAULT NULL,
  `createdon` datetime DEFAULT NULL,
  `deleted` int(1) NOT NULL DEFAULT '0',
  PRIMARY KEY (`id`)
) ENGINE=InnoDB DEFAULT CHARSET=utf8;
/*!40101 SET character_set_client = @saved_cs_client */;

--
-- Dumping data for table `vtiger_extnstore_users`
--

LOCK TABLES `vtiger_extnstore_users` WRITE;
/*!40000 ALTER TABLE `vtiger_extnstore_users` DISABLE KEYS */;
/*!40000 ALTER TABLE `vtiger_extnstore_users` ENABLE KEYS */;
UNLOCK TABLES;

--
-- Table structure for table `vtiger_faq`
--

DROP TABLE IF EXISTS `vtiger_faq`;
/*!40101 SET @saved_cs_client     = @@character_set_client */;
/*!40101 SET character_set_client = utf8 */;
CREATE TABLE `vtiger_faq` (
  `id` int(11) NOT NULL AUTO_INCREMENT,
  `faq_no` varchar(100) NOT NULL,
  `product_id` varchar(100) DEFAULT NULL,
  `question` text,
  `answer` text,
  `category` varchar(200) NOT NULL,
  `status` varchar(200) NOT NULL,
  `tags` varchar(1) DEFAULT NULL,
  PRIMARY KEY (`id`),
  KEY `faq_id_idx` (`id`),
  CONSTRAINT `fk_1_vtiger_faq` FOREIGN KEY (`id`) REFERENCES `vtiger_crmentity` (`crmid`) ON DELETE CASCADE
) ENGINE=InnoDB DEFAULT CHARSET=utf8;
/*!40101 SET character_set_client = @saved_cs_client */;

--
-- Dumping data for table `vtiger_faq`
--

LOCK TABLES `vtiger_faq` WRITE;
/*!40000 ALTER TABLE `vtiger_faq` DISABLE KEYS */;
/*!40000 ALTER TABLE `vtiger_faq` ENABLE KEYS */;
UNLOCK TABLES;

--
-- Table structure for table `vtiger_faqcategories`
--

DROP TABLE IF EXISTS `vtiger_faqcategories`;
/*!40101 SET @saved_cs_client     = @@character_set_client */;
/*!40101 SET character_set_client = utf8 */;
CREATE TABLE `vtiger_faqcategories` (
  `faqcategories_id` int(19) NOT NULL AUTO_INCREMENT,
  `faqcategories` varchar(200) DEFAULT NULL,
  `presence` int(1) NOT NULL DEFAULT '1',
  `picklist_valueid` int(19) NOT NULL DEFAULT '0',
  `sortorderid` int(11) DEFAULT NULL,
  `color` varchar(10) DEFAULT NULL,
  PRIMARY KEY (`faqcategories_id`)
) ENGINE=InnoDB AUTO_INCREMENT=2 DEFAULT CHARSET=utf8;
/*!40101 SET character_set_client = @saved_cs_client */;

--
-- Dumping data for table `vtiger_faqcategories`
--

LOCK TABLES `vtiger_faqcategories` WRITE;
/*!40000 ALTER TABLE `vtiger_faqcategories` DISABLE KEYS */;
INSERT INTO `vtiger_faqcategories` VALUES (1,'General',1,46,0,NULL);
/*!40000 ALTER TABLE `vtiger_faqcategories` ENABLE KEYS */;
UNLOCK TABLES;

--
-- Table structure for table `vtiger_faqcategories_seq`
--

DROP TABLE IF EXISTS `vtiger_faqcategories_seq`;
/*!40101 SET @saved_cs_client     = @@character_set_client */;
/*!40101 SET character_set_client = utf8 */;
CREATE TABLE `vtiger_faqcategories_seq` (
  `id` int(11) NOT NULL
) ENGINE=InnoDB DEFAULT CHARSET=utf8;
/*!40101 SET character_set_client = @saved_cs_client */;

--
-- Dumping data for table `vtiger_faqcategories_seq`
--

LOCK TABLES `vtiger_faqcategories_seq` WRITE;
/*!40000 ALTER TABLE `vtiger_faqcategories_seq` DISABLE KEYS */;
INSERT INTO `vtiger_faqcategories_seq` VALUES (1);
/*!40000 ALTER TABLE `vtiger_faqcategories_seq` ENABLE KEYS */;
UNLOCK TABLES;

--
-- Table structure for table `vtiger_faqcf`
--

DROP TABLE IF EXISTS `vtiger_faqcf`;
/*!40101 SET @saved_cs_client     = @@character_set_client */;
/*!40101 SET character_set_client = utf8 */;
CREATE TABLE `vtiger_faqcf` (
  `faqid` int(19) NOT NULL DEFAULT '0',
  PRIMARY KEY (`faqid`),
  CONSTRAINT `fk_1_vtiger_faqcf` FOREIGN KEY (`faqid`) REFERENCES `vtiger_faq` (`id`) ON DELETE CASCADE
) ENGINE=InnoDB DEFAULT CHARSET=utf8;
/*!40101 SET character_set_client = @saved_cs_client */;

--
-- Dumping data for table `vtiger_faqcf`
--

LOCK TABLES `vtiger_faqcf` WRITE;
/*!40000 ALTER TABLE `vtiger_faqcf` DISABLE KEYS */;
/*!40000 ALTER TABLE `vtiger_faqcf` ENABLE KEYS */;
UNLOCK TABLES;

--
-- Table structure for table `vtiger_faqcomments`
--

DROP TABLE IF EXISTS `vtiger_faqcomments`;
/*!40101 SET @saved_cs_client     = @@character_set_client */;
/*!40101 SET character_set_client = utf8 */;
CREATE TABLE `vtiger_faqcomments` (
  `commentid` int(19) NOT NULL AUTO_INCREMENT,
  `faqid` int(19) DEFAULT NULL,
  `comments` text,
  `createdtime` datetime NOT NULL,
  PRIMARY KEY (`commentid`),
  KEY `faqcomments_faqid_idx` (`faqid`),
  CONSTRAINT `fk_1_vtiger_faqcomments` FOREIGN KEY (`faqid`) REFERENCES `vtiger_faq` (`id`) ON DELETE CASCADE
) ENGINE=InnoDB DEFAULT CHARSET=utf8;
/*!40101 SET character_set_client = @saved_cs_client */;

--
-- Dumping data for table `vtiger_faqcomments`
--

LOCK TABLES `vtiger_faqcomments` WRITE;
/*!40000 ALTER TABLE `vtiger_faqcomments` DISABLE KEYS */;
/*!40000 ALTER TABLE `vtiger_faqcomments` ENABLE KEYS */;
UNLOCK TABLES;

--
-- Table structure for table `vtiger_faqstatus`
--

DROP TABLE IF EXISTS `vtiger_faqstatus`;
/*!40101 SET @saved_cs_client     = @@character_set_client */;
/*!40101 SET character_set_client = utf8 */;
CREATE TABLE `vtiger_faqstatus` (
  `faqstatus_id` int(19) NOT NULL AUTO_INCREMENT,
  `faqstatus` varchar(200) DEFAULT NULL,
  `presence` int(1) NOT NULL DEFAULT '1',
  `picklist_valueid` int(19) NOT NULL DEFAULT '0',
  `sortorderid` int(11) DEFAULT NULL,
  `color` varchar(10) DEFAULT NULL,
  PRIMARY KEY (`faqstatus_id`)
) ENGINE=InnoDB AUTO_INCREMENT=5 DEFAULT CHARSET=utf8;
/*!40101 SET character_set_client = @saved_cs_client */;

--
-- Dumping data for table `vtiger_faqstatus`
--

LOCK TABLES `vtiger_faqstatus` WRITE;
/*!40000 ALTER TABLE `vtiger_faqstatus` DISABLE KEYS */;
INSERT INTO `vtiger_faqstatus` VALUES (1,'Draft',0,47,0,NULL),(2,'Reviewed',0,48,1,NULL),(3,'Published',0,49,2,NULL),(4,'Obsolete',0,50,3,NULL);
/*!40000 ALTER TABLE `vtiger_faqstatus` ENABLE KEYS */;
UNLOCK TABLES;

--
-- Table structure for table `vtiger_faqstatus_seq`
--

DROP TABLE IF EXISTS `vtiger_faqstatus_seq`;
/*!40101 SET @saved_cs_client     = @@character_set_client */;
/*!40101 SET character_set_client = utf8 */;
CREATE TABLE `vtiger_faqstatus_seq` (
  `id` int(11) NOT NULL
) ENGINE=InnoDB DEFAULT CHARSET=utf8;
/*!40101 SET character_set_client = @saved_cs_client */;

--
-- Dumping data for table `vtiger_faqstatus_seq`
--

LOCK TABLES `vtiger_faqstatus_seq` WRITE;
/*!40000 ALTER TABLE `vtiger_faqstatus_seq` DISABLE KEYS */;
INSERT INTO `vtiger_faqstatus_seq` VALUES (4);
/*!40000 ALTER TABLE `vtiger_faqstatus_seq` ENABLE KEYS */;
UNLOCK TABLES;

--
-- Table structure for table `vtiger_feedback`
--

DROP TABLE IF EXISTS `vtiger_feedback`;
/*!40101 SET @saved_cs_client     = @@character_set_client */;
/*!40101 SET character_set_client = utf8 */;
CREATE TABLE `vtiger_feedback` (
  `userid` int(19) DEFAULT NULL,
  `dontshow` varchar(19) DEFAULT 'false'
) ENGINE=InnoDB DEFAULT CHARSET=utf8;
/*!40101 SET character_set_client = @saved_cs_client */;

--
-- Dumping data for table `vtiger_feedback`
--

LOCK TABLES `vtiger_feedback` WRITE;
/*!40000 ALTER TABLE `vtiger_feedback` DISABLE KEYS */;
/*!40000 ALTER TABLE `vtiger_feedback` ENABLE KEYS */;
UNLOCK TABLES;

--
-- Table structure for table `vtiger_field`
--

DROP TABLE IF EXISTS `vtiger_field`;
/*!40101 SET @saved_cs_client     = @@character_set_client */;
/*!40101 SET character_set_client = utf8 */;
CREATE TABLE `vtiger_field` (
  `tabid` int(19) NOT NULL,
  `fieldid` int(19) NOT NULL AUTO_INCREMENT,
  `columnname` varchar(63) DEFAULT NULL,
  `tablename` varchar(100) DEFAULT NULL,
  `generatedtype` int(19) NOT NULL DEFAULT '0',
  `uitype` varchar(30) NOT NULL,
  `fieldname` varchar(50) NOT NULL,
  `fieldlabel` varchar(50) NOT NULL,
  `readonly` int(1) NOT NULL,
  `presence` int(19) NOT NULL DEFAULT '1',
  `defaultvalue` text,
  `maximumlength` int(19) DEFAULT NULL,
  `sequence` int(19) DEFAULT NULL,
  `block` int(19) DEFAULT NULL,
  `displaytype` int(19) DEFAULT NULL,
  `typeofdata` varchar(100) DEFAULT NULL,
  `quickcreate` int(10) NOT NULL DEFAULT '1',
  `quickcreatesequence` int(19) DEFAULT NULL,
  `info_type` varchar(20) DEFAULT NULL,
  `masseditable` int(10) NOT NULL DEFAULT '1',
  `helpinfo` text,
  `summaryfield` int(10) NOT NULL DEFAULT '0',
  `headerfield` int(1) DEFAULT '0',
  `isunique` tinyint(1) DEFAULT '0',
  PRIMARY KEY (`fieldid`),
  KEY `field_tabid_idx` (`tabid`),
  KEY `field_fieldname_idx` (`fieldname`),
  KEY `field_block_idx` (`block`),
  KEY `field_displaytype_idx` (`displaytype`),
  CONSTRAINT `fk_1_vtiger_field` FOREIGN KEY (`tabid`) REFERENCES `vtiger_tab` (`tabid`) ON DELETE CASCADE
) ENGINE=InnoDB AUTO_INCREMENT=1107 DEFAULT CHARSET=utf8;
/*!40101 SET character_set_client = @saved_cs_client */;

--
-- Dumping data for table `vtiger_field`
--

LOCK TABLES `vtiger_field` WRITE;
/*!40000 ALTER TABLE `vtiger_field` DISABLE KEYS */;
INSERT INTO `vtiger_field` VALUES (6,1,'accountname','vtiger_account',1,'2','accountname','Account Name',1,0,'',100,1,9,1,'V~M',0,1,'BAS',1,NULL,1,0,1),(6,2,'account_no','vtiger_account',1,'4','account_no','Account No',1,0,'',100,2,9,1,'V~O',3,NULL,'BAS',0,NULL,0,0,0),(6,3,'phone','vtiger_account',1,'11','phone','Phone',1,2,'',100,4,9,1,'V~O',2,2,'BAS',1,NULL,0,1,0),(6,4,'website','vtiger_account',1,'17','website','Website',1,2,'',100,3,9,1,'V~O',2,3,'BAS',1,NULL,0,1,0),(6,5,'fax','vtiger_account',1,'11','fax','Fax',1,2,'',100,6,9,1,'V~O',1,NULL,'BAS',1,NULL,0,0,0),(6,6,'tickersymbol','vtiger_account',1,'1','tickersymbol','Ticker Symbol',1,2,'',100,5,9,1,'V~O',1,NULL,'BAS',1,NULL,0,0,0),(6,7,'otherphone','vtiger_account',1,'11','otherphone','Other Phone',1,2,'',100,8,9,1,'V~O',1,NULL,'ADV',1,NULL,0,0,0),(6,8,'parentid','vtiger_account',1,'51','account_id','Member Of',1,2,'',100,7,9,1,'I~O',1,NULL,'BAS',0,NULL,0,0,0),(6,9,'email1','vtiger_account',1,'13','email1','Email',1,2,'',100,10,9,1,'E~O',1,NULL,'BAS',1,NULL,0,1,0),(6,10,'employees','vtiger_account',1,'7','employees','Employees',1,2,'',100,9,9,1,'I~O',1,NULL,'ADV',1,NULL,0,0,0),(6,11,'email2','vtiger_account',1,'13','email2','Other Email',1,2,'',100,11,9,1,'E~O',1,NULL,'ADV',1,NULL,0,0,0),(6,12,'ownership','vtiger_account',1,'1','ownership','Ownership',1,2,'',100,12,9,1,'V~O',1,NULL,'ADV',1,NULL,0,0,0),(6,13,'rating','vtiger_account',1,'15','rating','Rating',1,2,'',100,14,9,1,'V~O',1,NULL,'ADV',1,NULL,0,0,0),(6,14,'industry','vtiger_account',1,'15','industry','industry',1,2,'',100,13,9,1,'V~O',1,NULL,'ADV',1,NULL,0,0,0),(6,15,'siccode','vtiger_account',1,'1','siccode','SIC Code',1,2,'',100,16,9,1,'V~O',1,NULL,'ADV',1,NULL,0,0,0),(6,16,'account_type','vtiger_account',1,'15','accounttype','Type',1,2,'',100,15,9,1,'V~O',1,NULL,'ADV',1,NULL,0,0,0),(6,17,'annualrevenue','vtiger_account',1,'71','annual_revenue','Annual Revenue',1,2,'',100,18,9,1,'N~O',1,NULL,'ADV',1,NULL,0,0,0),(6,18,'emailoptout','vtiger_account',1,'56','emailoptout','Email Opt Out',1,0,'',100,17,9,1,'C~O',1,NULL,'ADV',1,NULL,0,0,0),(6,19,'notify_owner','vtiger_account',1,'56','notify_owner','Notify Owner',1,2,'',10,20,9,1,'C~O',1,NULL,'ADV',1,NULL,0,0,0),(6,20,'smownerid','vtiger_crmentity',1,'53','assigned_user_id','Assigned To',1,0,'',100,19,9,1,'V~M',0,4,'BAS',1,NULL,1,0,0),(6,21,'createdtime','vtiger_crmentity',1,'70','createdtime','Created Time',1,0,'',100,22,9,2,'DT~O',3,NULL,'BAS',0,NULL,0,0,0),(6,22,'modifiedtime','vtiger_crmentity',1,'70','modifiedtime','Modified Time',1,0,'',100,21,9,2,'DT~O',3,NULL,'BAS',0,NULL,0,0,0),(6,23,'modifiedby','vtiger_crmentity',1,'52','modifiedby','Last Modified By',1,0,'',100,23,9,3,'V~O',3,NULL,'BAS',0,NULL,0,0,0),(6,24,'inn','vtiger_account',1,'1','inn','INN',1,2,'',30,24,9,1,'V~O',3,NULL,'BAS',0,NULL,0,0,0),(6,25,'kpp','vtiger_account',1,'1','kpp','KPP',1,2,'',30,25,9,1,'V~O',3,NULL,'BAS',0,NULL,0,0,0),(6,26,'splastsms','vtiger_account',1,'70','splastsms','Last SMS Date',1,0,'',100,26,9,2,'DT~O',3,NULL,'BAS',0,NULL,0,0,0),(6,27,'bill_street','vtiger_accountbillads',1,'21','bill_street','Billing Address',1,2,'',100,1,11,1,'V~O',1,NULL,'BAS',1,NULL,0,0,0),(6,28,'ship_street','vtiger_accountshipads',1,'21','ship_street','Shipping Address',1,2,'',100,2,11,1,'V~O',1,NULL,'BAS',1,NULL,0,0,0),(6,29,'bill_city','vtiger_accountbillads',1,'1','bill_city','Billing City',1,2,'',100,5,11,1,'V~O',1,NULL,'BAS',1,NULL,1,0,0),(6,30,'ship_city','vtiger_accountshipads',1,'1','ship_city','Shipping City',1,2,'',100,6,11,1,'V~O',1,NULL,'BAS',1,NULL,0,0,0),(6,31,'bill_state','vtiger_accountbillads',1,'1','bill_state','Billing State',1,2,'',100,7,11,1,'V~O',1,NULL,'BAS',1,NULL,0,0,0),(6,32,'ship_state','vtiger_accountshipads',1,'1','ship_state','Shipping State',1,2,'',100,8,11,1,'V~O',1,NULL,'BAS',1,NULL,0,0,0),(6,33,'bill_code','vtiger_accountbillads',1,'1','bill_code','Billing Code',1,2,'',100,9,11,1,'V~O',1,NULL,'BAS',1,NULL,0,0,0),(6,34,'ship_code','vtiger_accountshipads',1,'1','ship_code','Shipping Code',1,2,'',100,10,11,1,'V~O',1,NULL,'BAS',1,NULL,0,0,0),(6,35,'bill_country','vtiger_accountbillads',1,'1','bill_country','Billing Country',1,2,'',100,11,11,1,'V~O',1,NULL,'BAS',1,NULL,1,0,0),(6,36,'ship_country','vtiger_accountshipads',1,'1','ship_country','Shipping Country',1,2,'',100,12,11,1,'V~O',1,NULL,'BAS',1,NULL,0,0,0),(6,37,'bill_pobox','vtiger_accountbillads',1,'1','bill_pobox','Billing Po Box',1,2,'',100,3,11,1,'V~O',1,NULL,'BAS',1,NULL,0,0,0),(6,38,'ship_pobox','vtiger_accountshipads',1,'1','ship_pobox','Shipping Po Box',1,2,'',100,4,11,1,'V~O',1,NULL,'BAS',1,NULL,0,0,0),(6,39,'description','vtiger_crmentity',1,'19','description','Description',1,2,'',100,1,12,1,'V~O',1,NULL,'BAS',1,NULL,0,0,0),(7,40,'salutation','vtiger_leaddetails',1,'55','salutationtype','Salutation',1,0,'',100,1,13,3,'V~O',1,NULL,'BAS',1,NULL,0,0,0),(7,41,'firstname','vtiger_leaddetails',1,'55','firstname','First Name',1,0,'',100,2,13,1,'V~O',2,1,'BAS',1,NULL,1,0,0),(7,42,'lead_no','vtiger_leaddetails',1,'4','lead_no','Lead No',1,0,'',100,3,13,1,'V~O',3,NULL,'BAS',0,NULL,0,0,0),(7,43,'phone','vtiger_leadaddress',1,'11','phone','Phone',1,2,'',100,5,13,1,'V~O',2,4,'BAS',1,NULL,0,1,0),(7,44,'lastname','vtiger_leaddetails',1,'255','lastname','Last Name',1,0,'',100,4,13,1,'V~M',0,2,'BAS',1,NULL,1,0,0),(7,45,'mobile','vtiger_leadaddress',1,'11','mobile','Mobile',1,2,'',100,7,13,1,'V~O',1,NULL,'BAS',1,NULL,0,0,0),(7,46,'company','vtiger_leaddetails',1,'2','company','Company',1,2,'',100,6,13,1,'V~O',2,3,'BAS',1,NULL,1,0,0),(7,47,'fax','vtiger_leadaddress',1,'11','fax','Fax',1,2,'',100,9,13,1,'V~O',1,NULL,'BAS',1,NULL,0,0,0),(7,48,'designation','vtiger_leaddetails',1,'1','designation','Designation',1,2,'',100,8,13,1,'V~O',1,NULL,'BAS',1,NULL,0,0,0),(7,49,'email','vtiger_leaddetails',1,'13','email','Email',1,2,'',100,11,13,1,'E~O',2,5,'BAS',1,NULL,0,1,0),(7,50,'leadsource','vtiger_leaddetails',1,'15','leadsource','Lead Source',1,2,'',100,10,13,1,'V~O',1,NULL,'BAS',1,NULL,1,0,0),(7,51,'website','vtiger_leadsubdetails',1,'17','website','Website',1,2,'',100,13,13,1,'V~O',1,NULL,'ADV',1,NULL,1,0,0),(7,52,'industry','vtiger_leaddetails',1,'15','industry','Industry',1,2,'',100,12,13,1,'V~O',1,NULL,'ADV',1,NULL,0,0,0),(7,53,'leadstatus','vtiger_leaddetails',1,'15','leadstatus','Lead Status',1,2,'',100,15,13,1,'V~O',1,NULL,'BAS',1,NULL,0,0,0),(7,54,'annualrevenue','vtiger_leaddetails',1,'71','annualrevenue','Annual Revenue',1,2,'',100,14,13,1,'N~O',1,NULL,'ADV',1,NULL,0,0,0),(7,55,'rating','vtiger_leaddetails',1,'15','rating','Rating',1,2,'',100,17,13,1,'V~O',1,NULL,'ADV',1,NULL,0,0,0),(7,56,'noofemployees','vtiger_leaddetails',1,'1','noofemployees','No Of Employees',1,2,'',100,16,13,1,'I~O',1,NULL,'ADV',1,NULL,0,0,0),(7,57,'smownerid','vtiger_crmentity',1,'53','assigned_user_id','Assigned To',1,0,'',100,19,13,1,'V~M',0,6,'BAS',1,NULL,1,0,0),(7,58,'secondaryemail','vtiger_leaddetails',1,'13','secondaryemail','Secondary Email',1,2,'',100,18,13,1,'E~O',1,NULL,'ADV',1,NULL,0,0,0),(7,59,'createdtime','vtiger_crmentity',1,'70','createdtime','Created Time',1,0,'',100,21,13,2,'DT~O',3,NULL,'BAS',0,NULL,0,0,0),(7,60,'modifiedtime','vtiger_crmentity',1,'70','modifiedtime','Modified Time',1,0,'',100,20,13,2,'DT~O',3,NULL,'BAS',0,NULL,0,0,0),(7,61,'modifiedby','vtiger_crmentity',1,'52','modifiedby','Last Modified By',1,0,'',100,23,13,3,'V~O',3,NULL,'BAS',0,NULL,0,0,0),(7,62,'splastsms','vtiger_leaddetails',1,'70','splastsms','Last SMS Date',1,0,'',100,24,13,2,'DT~O',3,NULL,'BAS',0,NULL,0,0,0),(7,63,'lane','vtiger_leadaddress',1,'21','lane','Street',1,2,'',100,1,15,1,'V~O',1,NULL,'BAS',1,NULL,0,0,0),(7,64,'code','vtiger_leadaddress',1,'1','code','Postal Code',1,2,'',100,3,15,1,'V~O',1,NULL,'BAS',1,NULL,0,0,0),(7,65,'city','vtiger_leadaddress',1,'1','city','City',1,2,'',100,4,15,1,'V~O',1,NULL,'BAS',1,NULL,1,0,0),(7,66,'country','vtiger_leadaddress',1,'1','country','Country',1,2,'',100,5,15,1,'V~O',1,NULL,'BAS',1,NULL,1,0,0),(7,67,'state','vtiger_leadaddress',1,'1','state','State',1,2,'',100,6,15,1,'V~O',1,NULL,'BAS',1,NULL,0,0,0),(7,68,'pobox','vtiger_leadaddress',1,'1','pobox','Po Box',1,2,'',100,2,15,1,'V~O',1,NULL,'BAS',1,NULL,0,0,0),(7,69,'description','vtiger_crmentity',1,'19','description','Description',1,2,'',100,1,16,1,'V~O',1,NULL,'BAS',1,NULL,0,0,0),(4,70,'salutation','vtiger_contactdetails',1,'55','salutationtype','Salutation',1,0,'',100,1,4,3,'V~O',1,NULL,'BAS',1,NULL,0,0,0),(4,71,'firstname','vtiger_contactdetails',1,'55','firstname','First Name',1,0,'',100,2,4,1,'V~O',2,1,'BAS',1,NULL,1,0,0),(4,72,'contact_no','vtiger_contactdetails',1,'4','contact_no','Contact Id',1,0,'',100,3,4,1,'V~O',3,NULL,'BAS',0,NULL,0,0,0),(4,73,'phone','vtiger_contactdetails',1,'11','phone','Office Phone',1,2,'',100,5,4,1,'V~O',2,4,'BAS',1,NULL,0,1,0),(4,74,'lastname','vtiger_contactdetails',1,'255','lastname','Last Name',1,0,'',100,4,4,1,'V~M',0,2,'BAS',1,NULL,1,0,0),(4,75,'mobile','vtiger_contactdetails',1,'11','mobile','Mobile',1,2,'',100,7,4,1,'V~O',1,NULL,'BAS',1,NULL,0,0,0),(4,76,'accountid','vtiger_contactdetails',1,'51','account_id','Account Name',1,0,'',100,6,4,1,'I~O',2,3,'BAS',1,NULL,1,0,0),(4,77,'homephone','vtiger_contactsubdetails',1,'11','homephone','Home Phone',1,2,'',100,9,4,1,'V~O',1,NULL,'ADV',1,NULL,0,0,0),(4,78,'leadsource','vtiger_contactsubdetails',1,'15','leadsource','Lead Source',1,2,'',100,8,4,1,'V~O',1,NULL,'BAS',1,NULL,0,0,0),(4,79,'otherphone','vtiger_contactsubdetails',1,'11','otherphone','Other Phone',1,2,'',100,11,4,1,'V~O',1,NULL,'ADV',1,NULL,0,0,0),(4,80,'title','vtiger_contactdetails',1,'1','title','Title',1,2,'',100,10,4,1,'V~O',1,NULL,'BAS',1,NULL,1,0,0),(4,81,'fax','vtiger_contactdetails',1,'11','fax','Fax',1,2,'',100,13,4,1,'V~O',1,NULL,'BAS',1,NULL,0,0,0),(4,82,'department','vtiger_contactdetails',1,'1','department','Department',1,2,'',100,12,4,1,'V~O',1,NULL,'ADV',1,NULL,0,0,0),(4,83,'birthday','vtiger_contactsubdetails',1,'5','birthday','Birthdate',1,2,'',100,16,4,1,'D~O',1,NULL,'ADV',1,NULL,0,0,0),(4,84,'email','vtiger_contactdetails',1,'13','email','Email',1,2,'',100,15,4,1,'E~O',2,5,'BAS',1,NULL,0,1,0),(4,85,'reportsto','vtiger_contactdetails',1,'57','contact_id','Reports To',1,2,'',100,18,4,1,'V~O',1,NULL,'ADV',0,NULL,0,0,0),(4,86,'assistant','vtiger_contactsubdetails',1,'1','assistant','Assistant',1,2,'',100,17,4,1,'V~O',1,NULL,'ADV',1,NULL,0,0,0),(4,87,'secondaryemail','vtiger_contactdetails',1,'13','secondaryemail','Secondary Email',1,2,'',100,20,4,1,'E~O',1,NULL,'ADV',1,NULL,0,0,0),(4,88,'assistantphone','vtiger_contactsubdetails',1,'11','assistantphone','Assistant Phone',1,2,'',100,19,4,1,'V~O',1,NULL,'ADV',1,NULL,0,0,0),(4,89,'donotcall','vtiger_contactdetails',1,'56','donotcall','Do Not Call',1,2,'',100,22,4,1,'C~O',1,NULL,'ADV',1,NULL,0,0,0),(4,90,'emailoptout','vtiger_contactdetails',1,'56','emailoptout','Email Opt Out',1,0,'',100,21,4,1,'C~O',1,NULL,'ADV',1,NULL,0,0,0),(4,91,'smownerid','vtiger_crmentity',1,'53','assigned_user_id','Assigned To',1,0,'',100,24,4,1,'V~M',0,6,'BAS',1,NULL,1,0,0),(4,92,'reference','vtiger_contactdetails',1,'56','reference','Reference',1,2,'',10,23,4,1,'C~O',1,NULL,'ADV',1,NULL,0,0,0),(4,93,'notify_owner','vtiger_contactdetails',1,'56','notify_owner','Notify Owner',1,2,'',10,26,4,1,'C~O',1,NULL,'ADV',1,NULL,0,0,0),(4,94,'createdtime','vtiger_crmentity',1,'70','createdtime','Created Time',1,0,'',100,25,4,2,'DT~O',3,NULL,'BAS',0,NULL,0,0,0),(4,95,'modifiedtime','vtiger_crmentity',1,'70','modifiedtime','Modified Time',1,0,'',100,27,4,2,'DT~O',3,NULL,'BAS',0,NULL,0,0,0),(4,96,'modifiedby','vtiger_crmentity',1,'52','modifiedby','Last Modified By',1,0,'',100,28,4,3,'V~O',3,NULL,'BAS',0,NULL,0,0,0),(4,97,'splastsms','vtiger_contactdetails',1,'70','splastsms','Last SMS Date',1,0,'',100,29,4,2,'DT~O',3,NULL,'BAS',0,NULL,0,0,0),(4,98,'portal','vtiger_customerdetails',1,'56','portal','Portal User',1,2,'',100,1,6,1,'C~O',1,NULL,'ADV',1,NULL,0,0,0),(4,99,'support_start_date','vtiger_customerdetails',1,'5','support_start_date','Support Start Date',1,2,'',100,2,6,1,'D~O',1,NULL,'ADV',1,NULL,0,0,0),(4,100,'support_end_date','vtiger_customerdetails',1,'5','support_end_date','Support End Date',1,2,'',100,3,6,1,'D~O~OTH~GE~support_start_date~Support Start Date',1,NULL,'ADV',1,NULL,0,0,0),(4,101,'mailingstreet','vtiger_contactaddress',1,'21','mailingstreet','Mailing Street',1,2,'',100,1,7,1,'V~O',1,NULL,'BAS',1,NULL,0,0,0),(4,102,'otherstreet','vtiger_contactaddress',1,'21','otherstreet','Other Street',1,2,'',100,2,7,1,'V~O',1,NULL,'BAS',1,NULL,0,0,0),(4,103,'mailingcity','vtiger_contactaddress',1,'1','mailingcity','Mailing City',1,2,'',100,5,7,1,'V~O',1,NULL,'BAS',1,NULL,1,0,0),(4,104,'othercity','vtiger_contactaddress',1,'1','othercity','Other City',1,2,'',100,6,7,1,'V~O',1,NULL,'BAS',1,NULL,0,0,0),(4,105,'mailingstate','vtiger_contactaddress',1,'1','mailingstate','Mailing State',1,2,'',100,7,7,1,'V~O',1,NULL,'BAS',1,NULL,0,0,0),(4,106,'otherstate','vtiger_contactaddress',1,'1','otherstate','Other State',1,2,'',100,8,7,1,'V~O',1,NULL,'BAS',1,NULL,0,0,0),(4,107,'mailingzip','vtiger_contactaddress',1,'1','mailingzip','Mailing Zip',1,2,'',100,9,7,1,'V~O',1,NULL,'BAS',1,NULL,0,0,0),(4,108,'otherzip','vtiger_contactaddress',1,'1','otherzip','Other Zip',1,2,'',100,10,7,1,'V~O',1,NULL,'BAS',1,NULL,0,0,0),(4,109,'mailingcountry','vtiger_contactaddress',1,'1','mailingcountry','Mailing Country',1,2,'',100,11,7,1,'V~O',1,NULL,'BAS',1,NULL,1,0,0),(4,110,'othercountry','vtiger_contactaddress',1,'1','othercountry','Other Country',1,2,'',100,12,7,1,'V~O',1,NULL,'BAS',1,NULL,0,0,0),(4,111,'mailingpobox','vtiger_contactaddress',1,'1','mailingpobox','Mailing Po Box',1,2,'',100,3,7,1,'V~O',1,NULL,'BAS',1,NULL,0,0,0),(4,112,'otherpobox','vtiger_contactaddress',1,'1','otherpobox','Other Po Box',1,2,'',100,4,7,1,'V~O',1,NULL,'BAS',1,NULL,0,0,0),(4,113,'imagename','vtiger_contactdetails',1,'69','imagename','Contact Image',1,2,'',100,1,73,1,'V~O',3,NULL,'ADV',0,NULL,0,0,0),(4,114,'description','vtiger_crmentity',1,'19','description','Description',1,2,'',100,1,8,1,'V~O',1,NULL,'BAS',1,NULL,0,0,0),(2,115,'potentialname','vtiger_potential',1,'2','potentialname','Potential Name',1,0,'',100,1,1,1,'V~M',0,1,'BAS',1,NULL,1,0,0),(2,116,'potential_no','vtiger_potential',1,'4','potential_no','Potential No',1,0,'',100,2,1,1,'V~O',3,NULL,'BAS',0,NULL,0,0,0),(2,117,'amount','vtiger_potential',1,'71','amount','Amount',1,2,'',100,5,1,1,'N~O',2,5,'BAS',1,NULL,0,1,0),(2,118,'related_to','vtiger_potential',1,'10','related_to','Related To',1,0,'',100,3,1,1,'V~O',0,2,'BAS',1,NULL,0,1,0),(2,119,'closingdate','vtiger_potential',1,'23','closingdate','Expected Close Date',1,2,'',100,8,1,1,'D~M',2,3,'BAS',1,NULL,1,0,0),(2,120,'potentialtype','vtiger_potential',1,'15','opportunity_type','Type',1,2,'',100,7,1,1,'V~O',1,NULL,'BAS',1,NULL,0,0,0),(2,121,'nextstep','vtiger_potential',1,'1','nextstep','Next Step',1,2,'',100,10,1,1,'V~O',1,NULL,'BAS',1,NULL,0,0,0),(2,122,'leadsource','vtiger_potential',1,'15','leadsource','Lead Source',1,2,'',100,9,1,1,'V~O',1,NULL,'BAS',1,NULL,0,0,0),(2,123,'sales_stage','vtiger_potential',1,'15','sales_stage','Sales Stage',1,2,'',100,12,1,1,'V~M',2,4,'BAS',1,NULL,0,1,0),(2,124,'smownerid','vtiger_crmentity',1,'53','assigned_user_id','Assigned To',1,2,'',100,11,1,1,'V~M',0,6,'BAS',1,NULL,1,0,0),(2,125,'probability','vtiger_potential',1,'9','probability','Probability',1,2,'',100,14,1,1,'N~O',1,NULL,'BAS',1,NULL,0,0,0),(2,126,'campaignid','vtiger_potential',1,'58','campaignid','Campaign Source',1,2,'',100,13,1,1,'N~O',1,NULL,'BAS',1,NULL,0,0,0),(2,127,'createdtime','vtiger_crmentity',1,'70','createdtime','Created Time',1,0,'',100,16,1,2,'DT~O',3,NULL,'BAS',0,NULL,0,0,0),(2,128,'modifiedtime','vtiger_crmentity',1,'70','modifiedtime','Modified Time',1,0,'',100,15,1,2,'DT~O',3,NULL,'BAS',0,NULL,0,0,0),(2,129,'modifiedby','vtiger_crmentity',1,'52','modifiedby','Last Modified By',1,0,'',100,17,1,3,'V~O',3,NULL,'BAS',0,NULL,0,0,0),(2,130,'description','vtiger_crmentity',1,'19','description','Description',1,2,'',100,1,3,1,'V~O',1,NULL,'BAS',1,NULL,0,0,0),(26,131,'campaignname','vtiger_campaign',1,'2','campaignname','Campaign Name',1,0,'',100,1,74,1,'V~M',0,1,'BAS',1,NULL,1,0,0),(26,132,'campaign_no','vtiger_campaign',1,'4','campaign_no','Campaign No',1,0,'',100,2,74,1,'V~O',3,NULL,'BAS',0,NULL,0,0,0),(26,133,'campaigntype','vtiger_campaign',1,'15','campaigntype','Campaign Type',1,2,'',100,5,74,1,'V~O',2,3,'BAS',1,NULL,1,0,0),(26,134,'product_id','vtiger_campaign',1,'59','product_id','Product',1,2,'',100,6,74,1,'I~O',2,5,'BAS',1,NULL,0,0,0),(26,135,'campaignstatus','vtiger_campaign',1,'15','campaignstatus','Campaign Status',1,2,'',100,4,74,1,'V~O',2,6,'BAS',1,NULL,1,0,0),(26,136,'closingdate','vtiger_campaign',1,'23','closingdate','Expected Close Date',1,2,'',100,8,74,1,'D~M',2,2,'BAS',1,NULL,1,0,0),(26,137,'smownerid','vtiger_crmentity',1,'53','assigned_user_id','Assigned To',1,0,'',100,3,74,1,'V~M',0,7,'BAS',1,NULL,1,0,0),(26,138,'numsent','vtiger_campaign',1,'9','numsent','Num Sent',1,2,'',100,12,74,1,'N~O',1,NULL,'BAS',1,NULL,0,0,0),(26,139,'sponsor','vtiger_campaign',1,'1','sponsor','Sponsor',1,2,'',100,9,74,1,'V~O',1,NULL,'BAS',1,NULL,0,0,0),(26,140,'targetaudience','vtiger_campaign',1,'1','targetaudience','Target Audience',1,2,'',100,7,74,1,'V~O',1,NULL,'BAS',1,NULL,0,0,0),(26,141,'targetsize','vtiger_campaign',1,'1','targetsize','TargetSize',1,2,'',100,10,74,1,'I~O',1,NULL,'BAS',1,NULL,0,0,0),(26,142,'createdtime','vtiger_crmentity',1,'70','createdtime','Created Time',1,0,'',100,11,74,2,'DT~O',3,NULL,'BAS',0,NULL,0,0,0),(26,143,'modifiedtime','vtiger_crmentity',1,'70','modifiedtime','Modified Time',1,0,'',100,13,74,2,'DT~O',3,NULL,'BAS',0,NULL,0,0,0),(26,144,'modifiedby','vtiger_crmentity',1,'52','modifiedby','Last Modified By',1,0,'',100,16,74,3,'V~O',3,NULL,'BAS',0,NULL,0,0,0),(26,145,'expectedresponse','vtiger_campaign',1,'15','expectedresponse','Expected Response',1,2,'',100,3,76,1,'V~O',2,4,'BAS',1,NULL,0,0,0),(26,146,'expectedrevenue','vtiger_campaign',1,'71','expectedrevenue','Expected Revenue',1,2,'',100,4,76,1,'N~O',1,NULL,'BAS',1,NULL,1,0,0),(26,147,'budgetcost','vtiger_campaign',1,'71','budgetcost','Budget Cost',1,2,'',100,1,76,1,'N~O',1,NULL,'BAS',1,NULL,0,0,0),(26,148,'actualcost','vtiger_campaign',1,'71','actualcost','Actual Cost',1,2,'',100,2,76,1,'N~O',1,NULL,'BAS',1,NULL,0,0,0),(26,149,'expectedresponsecount','vtiger_campaign',1,'1','expectedresponsecount','Expected Response Count',1,2,'',100,7,76,1,'I~O',1,NULL,'BAS',1,NULL,0,0,0),(26,150,'expectedsalescount','vtiger_campaign',1,'1','expectedsalescount','Expected Sales Count',1,2,'',100,5,76,1,'I~O',1,NULL,'BAS',1,NULL,0,0,0),(26,151,'expectedroi','vtiger_campaign',1,'71','expectedroi','Expected ROI',1,2,'',100,9,76,1,'N~O',1,NULL,'BAS',1,NULL,0,0,0),(26,152,'actualresponsecount','vtiger_campaign',1,'1','actualresponsecount','Actual Response Count',1,2,'',100,8,76,1,'I~O',1,NULL,'BAS',1,NULL,0,0,0),(26,153,'actualsalescount','vtiger_campaign',1,'1','actualsalescount','Actual Sales Count',1,2,'',100,6,76,1,'I~O',1,NULL,'BAS',1,NULL,0,0,0),(26,154,'actualroi','vtiger_campaign',1,'71','actualroi','Actual ROI',1,2,'',100,10,76,1,'N~O',1,NULL,'BAS',1,NULL,0,0,0),(26,155,'description','vtiger_crmentity',1,'19','description','Description',1,2,'',100,1,81,1,'V~O',1,NULL,'BAS',1,NULL,0,0,0),(4,156,'campaignrelstatus','vtiger_campaignrelstatus',1,'16','campaignrelstatus','Status',1,0,'0',100,1,NULL,1,'V~O',1,NULL,'BAS',0,NULL,0,0,0),(6,157,'campaignrelstatus','vtiger_campaignrelstatus',1,'16','campaignrelstatus','Status',1,0,'0',100,1,NULL,1,'V~O',1,NULL,'BAS',0,NULL,0,0,0),(7,158,'campaignrelstatus','vtiger_campaignrelstatus',1,'16','campaignrelstatus','Status',1,0,'0',100,1,NULL,1,'V~O',1,NULL,'BAS',0,NULL,0,0,0),(26,159,'campaignrelstatus','vtiger_campaignrelstatus',1,'16','campaignrelstatus','Status',1,0,'0',100,1,NULL,1,'V~O',1,NULL,'BAS',0,NULL,0,0,0),(13,160,'ticket_no','vtiger_troubletickets',1,'4','ticket_no','Ticket No',1,0,'',100,14,25,1,'V~O',3,NULL,'BAS',0,NULL,1,0,0),(13,161,'smownerid','vtiger_crmentity',1,'53','assigned_user_id','Assigned To',1,0,'',100,5,25,1,'V~M',0,4,'BAS',1,NULL,1,0,0),(13,162,'parent_id','vtiger_troubletickets',1,'10','parent_id','Related To',1,0,'',100,2,25,1,'I~O',1,NULL,'BAS',1,NULL,1,0,0),(13,163,'priority','vtiger_troubletickets',1,'15','ticketpriorities','Priority',1,2,'',100,7,25,1,'V~M',2,3,'BAS',1,NULL,0,1,0),(13,164,'product_id','vtiger_troubletickets',1,'59','product_id','Product Name',1,2,'',100,6,25,1,'I~O',1,NULL,'BAS',1,NULL,0,0,0),(13,165,'severity','vtiger_troubletickets',1,'15','ticketseverities','Severity',1,2,'',100,9,25,1,'V~O',1,NULL,'BAS',1,NULL,1,0,0),(13,166,'status','vtiger_troubletickets',1,'15','ticketstatus','Status',1,2,'',100,8,25,1,'V~M',1,2,'BAS',1,NULL,1,0,0),(13,167,'category','vtiger_troubletickets',1,'15','ticketcategories','Category',1,2,'',100,11,25,1,'V~O',1,NULL,'BAS',1,NULL,0,0,0),(13,168,'update_log','vtiger_troubletickets',1,'19','update_log','Update History',1,1,'',100,12,25,3,'V~O',1,NULL,'BAS',0,NULL,0,0,0),(13,169,'hours','vtiger_troubletickets',1,'1','hours','Hours',1,2,'',100,10,25,1,'N~O',1,NULL,'BAS',1,'Это оценка трудоемкости заявки в часах.<br>При добавлении заявки к Сервисному контракту число использованных единиц обслуживания автоматически увеличивается при закрытии заявки на величину, указанную в заявке. При этом выбирается оценка в зависимости от значения поля Отслеживаемая Единица.',0,0,0),(13,170,'days','vtiger_troubletickets',1,'1','days','Days',1,2,'',100,11,25,1,'N~O',1,NULL,'BAS',1,'Это оценка трудоемкости заявки в днях.<br>При добавлении заявки к Сервисному контракту число использованных единиц обслуживания автоматически увеличивается при закрытии заявки на величину, указанную в заявке. При этом выбирается оценка в зависимости от значения поля Отслеживаемая Единица.',0,0,0),(13,171,'createdtime','vtiger_crmentity',1,'70','createdtime','Created Time',1,0,'',100,10,25,2,'DT~O',3,NULL,'BAS',0,NULL,0,0,0),(13,172,'modifiedtime','vtiger_crmentity',1,'70','modifiedtime','Modified Time',1,0,'',100,13,25,2,'DT~O',3,NULL,'BAS',0,NULL,0,0,0),(13,173,'from_portal','vtiger_ticketcf',1,'56','from_portal','From Portal',1,0,'',100,14,25,3,'C~O',3,NULL,'BAS',0,NULL,0,0,0),(13,174,'modifiedby','vtiger_crmentity',1,'52','modifiedby','Last Modified By',1,0,'',100,17,25,3,'V~O',3,NULL,'BAS',0,NULL,0,0,0),(13,175,'title','vtiger_troubletickets',1,'22','ticket_title','Title',1,0,'',100,1,25,1,'V~M',0,1,'BAS',1,NULL,1,0,0),(13,176,'description','vtiger_crmentity',1,'19','description','Description',1,2,'',100,1,28,1,'V~O',2,4,'BAS',1,NULL,1,0,0),(13,177,'solution','vtiger_troubletickets',1,'19','solution','Solution',1,0,'',100,1,29,1,'V~O',3,NULL,'BAS',0,NULL,0,0,0),(13,178,'comments','vtiger_ticketcomments',1,'19','comments','Add Comment',1,1,'',100,1,30,1,'V~O',3,NULL,'BAS',0,NULL,0,0,0),(14,179,'productname','vtiger_products',1,'2','productname','Product Name',1,0,'',100,1,31,1,'V~M',0,1,'BAS',1,NULL,1,0,0),(14,180,'product_no','vtiger_products',1,'4','product_no','Product No',1,0,'',100,2,31,1,'V~O',3,NULL,'BAS',0,NULL,0,1,0),(14,181,'productcode','vtiger_products',1,'1','productcode','Part Number',1,2,'',100,4,31,1,'V~O',1,NULL,'BAS',1,NULL,1,0,0),(14,182,'discontinued','vtiger_products',1,'56','discontinued','Product Active',1,2,'1',100,3,31,1,'V~O',2,2,'BAS',1,NULL,0,1,0),(14,183,'manufacturer','vtiger_products',1,'15','manufacturer','Manufacturer',1,2,'',100,6,31,1,'V~O',1,NULL,'BAS',1,NULL,0,0,0),(14,184,'productcategory','vtiger_products',1,'15','productcategory','Product Category',1,2,'',100,6,31,1,'V~O',1,NULL,'BAS',1,NULL,0,1,0),(14,185,'sales_start_date','vtiger_products',1,'5','sales_start_date','Sales Start Date',1,2,'',100,5,31,1,'D~O',1,NULL,'BAS',1,NULL,0,0,0),(14,186,'sales_end_date','vtiger_products',1,'5','sales_end_date','Sales End Date',1,2,'',100,8,31,1,'D~O~OTH~GE~sales_start_date~Sales Start Date',1,NULL,'BAS',1,NULL,0,0,0),(14,187,'start_date','vtiger_products',1,'5','start_date','Support Start Date',1,2,'',100,7,31,1,'D~O',1,NULL,'BAS',1,NULL,0,0,0),(14,188,'expiry_date','vtiger_products',1,'5','expiry_date','Support Expiry Date',1,2,'',100,10,31,1,'D~O~OTH~GE~start_date~Start Date',1,NULL,'BAS',1,NULL,0,0,0),(14,189,'website','vtiger_products',1,'17','website','Website',1,2,'',100,14,31,1,'V~O',1,NULL,'BAS',1,NULL,0,0,0),(14,190,'vendor_id','vtiger_products',1,'75','vendor_id','Vendor Name',1,2,'',100,13,31,1,'I~O',1,NULL,'BAS',1,NULL,0,0,0),(14,191,'mfr_part_no','vtiger_products',1,'1','mfr_part_no','Mfr PartNo',1,2,'',100,16,31,1,'V~O',1,NULL,'BAS',1,NULL,0,0,0),(14,192,'vendor_part_no','vtiger_products',1,'1','vendor_part_no','Vendor PartNo',1,2,'',100,15,31,1,'V~O',1,NULL,'BAS',1,NULL,0,0,0),(14,193,'serialno','vtiger_products',1,'1','serial_no','Serial No',1,2,'',100,18,31,1,'V~O',1,NULL,'BAS',1,NULL,0,0,0),(14,194,'productsheet','vtiger_products',1,'1','productsheet','Product Sheet',1,2,'',100,17,31,1,'V~O',1,NULL,'BAS',1,NULL,0,0,0),(14,195,'glacct','vtiger_products',1,'15','glacct','GL Account',1,2,'',100,20,31,1,'V~O',1,NULL,'BAS',1,NULL,0,0,0),(14,196,'createdtime','vtiger_crmentity',1,'70','createdtime','Created Time',1,0,'',100,19,31,2,'DT~O',3,NULL,'BAS',0,NULL,0,0,0),(14,197,'modifiedtime','vtiger_crmentity',1,'70','modifiedtime','Modified Time',1,0,'',100,21,31,2,'DT~O',3,NULL,'BAS',0,NULL,0,0,0),(14,198,'modifiedby','vtiger_crmentity',1,'52','modifiedby','Last Modified By',1,0,'',100,22,31,3,'V~O',3,NULL,'BAS',0,NULL,0,0,0),(14,199,'unit_price','vtiger_products',1,'72','unit_price','Unit Price',1,0,'',100,1,32,1,'N~O',2,3,'BAS',0,NULL,1,0,0),(14,200,'commissionrate','vtiger_products',1,'9','commissionrate','Commission Rate',1,2,'',100,2,32,1,'N~O',1,NULL,'BAS',1,NULL,1,0,0),(14,201,'taxclass','vtiger_products',1,'83','taxclass','Taxes',1,2,'',100,4,32,1,'V~O',2,NULL,'BAS',1,NULL,0,0,0),(14,202,'manuf_country','vtiger_products',1,'1','manuf_country','Manuf. Country',1,2,'',100,22,31,1,'V~O',3,NULL,'BAS',0,NULL,0,0,0),(14,203,'customs_id','vtiger_products',1,'1','customs_id','Customs ID',1,2,'',100,23,31,1,'V~O',3,NULL,'BAS',0,NULL,0,0,0),(14,204,'manuf_country_code','vtiger_products',1,'1','manuf_country_code','Mf. Country Code',1,2,'',100,24,31,1,'V~O',3,NULL,'BAS',0,NULL,0,0,0),(14,205,'usageunit','vtiger_products',1,'15','usageunit','Usage Unit',1,2,'',100,1,33,1,'V~O',1,NULL,'ADV',1,NULL,0,0,0),(14,206,'qty_per_unit','vtiger_products',1,'1','qty_per_unit','Qty/Unit',1,2,'',100,2,33,1,'N~O',1,NULL,'ADV',1,NULL,1,0,0),(14,207,'qtyinstock','vtiger_products',1,'1','qtyinstock','Qty In Stock',1,2,'',100,3,33,1,'NN~O',0,4,'ADV',1,NULL,0,1,0),(14,208,'reorderlevel','vtiger_products',1,'1','reorderlevel','Reorder Level',1,2,'',100,4,33,1,'I~O',1,NULL,'ADV',1,NULL,0,0,0),(14,209,'smownerid','vtiger_crmentity',1,'53','assigned_user_id','Handler',1,0,'',100,5,33,1,'V~M',0,5,'BAS',1,NULL,0,0,0),(14,210,'qtyindemand','vtiger_products',1,'1','qtyindemand','Qty In Demand',1,2,'',100,6,33,1,'I~O',1,NULL,'ADV',1,NULL,0,0,0),(14,211,'imagename','vtiger_products',1,'69','imagename','Product Image',1,2,'',100,1,35,1,'V~O',3,NULL,'ADV',0,NULL,0,0,0),(14,212,'description','vtiger_crmentity',1,'19','description','Description',1,2,'',100,1,36,1,'V~O',1,NULL,'BAS',1,NULL,0,0,0),(8,213,'title','vtiger_notes',1,'2','notes_title','Title',1,0,'',100,1,17,1,'V~M',0,1,'BAS',1,NULL,1,0,0),(8,214,'createdtime','vtiger_crmentity',1,'70','createdtime','Created Time',1,0,'',100,5,17,2,'DT~O',3,NULL,'BAS',0,NULL,0,0,0),(8,215,'modifiedtime','vtiger_crmentity',1,'70','modifiedtime','Modified Time',1,0,'',100,6,17,2,'DT~O',3,NULL,'BAS',0,NULL,1,0,0),(8,216,'filename','vtiger_notes',1,'28','filename','File Name',1,2,'',100,3,18,1,'V~O',0,NULL,'BAS',0,NULL,1,0,0),(8,217,'smownerid','vtiger_crmentity',1,'53','assigned_user_id','Assigned To',1,0,'',100,4,17,1,'V~M',0,3,'BAS',1,NULL,1,0,0),(8,218,'notecontent','vtiger_notes',1,'19','notecontent','Note',1,2,'',100,1,84,1,'V~O~CKE',1,NULL,'BAS',0,NULL,0,0,0),(8,219,'filetype','vtiger_notes',1,'1','filetype','File Type',1,2,'',100,5,18,2,'V~O',3,0,'BAS',0,NULL,0,0,0),(8,220,'filesize','vtiger_notes',1,'1','filesize','File Size',1,2,'',100,4,18,2,'I~O',3,0,'BAS',0,NULL,0,0,0),(8,221,'filelocationtype','vtiger_notes',1,'27','filelocationtype','Download Type',1,0,'',100,1,18,1,'V~O',0,0,'BAS',0,NULL,0,0,0),(8,222,'fileversion','vtiger_notes',1,'1','fileversion','Version',1,2,'',100,6,18,1,'V~O',1,0,'BAS',1,NULL,0,0,0),(8,223,'filestatus','vtiger_notes',1,'56','filestatus','Active',1,2,'1',100,2,18,1,'V~O',1,0,'BAS',1,NULL,0,0,0),(8,224,'filedownloadcount','vtiger_notes',1,'1','filedownloadcount','Download Count',1,2,'',100,7,18,2,'I~O',3,0,'BAS',0,NULL,0,0,0),(8,225,'folderid','vtiger_notes',1,'26','folderid','Folder Name',1,2,'',100,2,17,1,'V~O',2,2,'BAS',1,NULL,1,0,0),(8,226,'note_no','vtiger_notes',1,'4','note_no','Document No',1,0,'',100,3,17,1,'V~O',3,NULL,'BAS',0,NULL,0,0,0),(8,227,'modifiedby','vtiger_crmentity',1,'52','modifiedby','Last Modified By',1,0,'',100,12,17,3,'V~O',3,NULL,'BAS',0,NULL,0,0,0),(10,228,'date_start','vtiger_activity',1,'6','date_start','Start Date',1,0,'',100,1,21,1,'DT~M~time_start~Time Start',1,NULL,'BAS',1,NULL,0,0,0),(10,229,'semodule','vtiger_activity',1,'2','parent_type','Sales Enity Module',1,0,'',100,2,21,3,'',1,NULL,'BAS',1,NULL,0,0,0),(10,230,'activitytype','vtiger_activity',1,'2','activitytype','Activity Type',1,0,'',100,3,21,3,'V~O',1,NULL,'BAS',1,NULL,0,0,0),(10,231,'smownerid','vtiger_crmentity',1,'53','assigned_user_id','Assigned To',1,0,'',100,5,21,1,'V~M',1,NULL,'BAS',1,NULL,0,0,0),(10,232,'subject','vtiger_activity',1,'2','subject','Subject',1,0,'',100,1,23,1,'V~M',1,NULL,'BAS',1,NULL,0,0,0),(10,233,'name','vtiger_attachments',1,'61','filename','Attachment',1,0,'',100,2,23,1,'V~O',1,NULL,'BAS',1,NULL,0,0,0),(10,234,'description','vtiger_crmentity',1,'19','description','Description',1,0,'',100,1,24,1,'V~O',1,NULL,'BAS',1,NULL,0,0,0),(10,235,'time_start','vtiger_activity',1,'2','time_start','Time Start',1,0,'',100,9,23,1,'T~O',1,NULL,'BAS',1,NULL,0,0,0),(10,236,'createdtime','vtiger_crmentity',1,'70','createdtime','Created Time',1,0,'',100,10,22,1,'DT~O',3,NULL,'BAS',0,NULL,0,0,0),(10,237,'modifiedtime','vtiger_crmentity',1,'70','modifiedtime','Modified Time',1,0,'',100,11,21,2,'DT~O',3,NULL,'BAS',0,NULL,0,0,0),(10,238,'access_count','vtiger_email_track',1,'25','access_count','Access Count',1,0,'0',100,6,21,3,'I~O',1,NULL,'BAS',0,NULL,0,0,0),(10,239,'modifiedby','vtiger_crmentity',1,'52','modifiedby','Last Modified By',1,0,'',100,12,21,3,'V~O',3,NULL,'BAS',0,NULL,0,0,0),(9,240,'subject','vtiger_activity',1,'2','subject','Subject',1,0,'',100,1,19,1,'V~M',0,1,'BAS',1,NULL,1,0,0),(9,241,'smownerid','vtiger_crmentity',1,'53','assigned_user_id','Assigned To',1,0,'',100,2,19,1,'V~M',0,4,'BAS',1,NULL,1,0,0),(9,242,'date_start','vtiger_activity',1,'6','date_start','Start Date & Time',1,0,'',100,3,19,1,'DT~M~time_start',0,2,'BAS',1,NULL,1,0,0),(9,243,'time_start','vtiger_activity',1,'2','time_start','Time Start',1,0,'',100,4,19,3,'T~M',1,NULL,'BAS',1,NULL,1,0,0),(9,244,'time_end','vtiger_activity',1,'2','time_end','End Time',1,0,'',100,4,19,3,'T~O',1,NULL,'BAS',1,NULL,1,0,0),(9,245,'due_date','vtiger_activity',1,'23','due_date','Due Date',1,0,'',100,5,19,1,'D~M~OTH~GE~date_start~Start Date & Time',1,NULL,'BAS',1,NULL,1,0,0),(9,246,'crmid','vtiger_seactivityrel',1,'66','parent_id','Related To',1,0,'',100,7,19,1,'I~O',1,NULL,'BAS',1,NULL,1,0,0),(9,247,'contactid','vtiger_cntactivityrel',1,'57','contact_id','Contact Name',1,0,'',100,8,19,1,'I~O',1,NULL,'BAS',1,NULL,0,0,0),(9,248,'status','vtiger_activity',1,'15','taskstatus','Status',1,0,'',100,8,19,1,'V~M',0,3,'BAS',1,NULL,0,0,0),(9,249,'eventstatus','vtiger_activity',1,'15','eventstatus','Status',1,0,'',100,9,19,3,'V~O',1,NULL,'BAS',1,NULL,0,0,0),(9,250,'priority','vtiger_activity',1,'15','taskpriority','Priority',1,0,'',100,10,19,1,'V~O',1,NULL,'BAS',1,NULL,0,0,0),(9,251,'sendnotification','vtiger_activity',1,'56','sendnotification','Send Notification',1,0,'',100,11,19,1,'C~O',1,NULL,'BAS',1,NULL,0,0,0),(9,252,'createdtime','vtiger_crmentity',1,'70','createdtime','Created Time',1,0,'',100,14,19,2,'DT~O',3,NULL,'BAS',0,NULL,0,0,0),(9,253,'modifiedtime','vtiger_crmentity',1,'70','modifiedtime','Modified Time',1,0,'',100,15,19,2,'DT~O',3,NULL,'BAS',0,NULL,0,0,0),(9,254,'activitytype','vtiger_activity',1,'15','activitytype','Activity Type',1,0,'',100,16,19,3,'V~O',1,NULL,'BAS',1,NULL,1,0,0),(9,255,'visibility','vtiger_activity',1,'16','visibility','Visibility',1,0,'',100,17,19,3,'V~O',1,NULL,'BAS',1,NULL,0,0,0),(9,256,'description','vtiger_crmentity',1,'19','description','Description',1,0,'',100,1,20,1,'V~O',1,NULL,'BAS',1,NULL,0,0,0),(9,257,'duration_hours','vtiger_activity',1,'63','duration_hours','Duration',1,0,'',100,17,19,3,'T~O',1,NULL,'BAS',1,NULL,0,0,0),(9,258,'duration_minutes','vtiger_activity',1,'16','duration_minutes','Duration Minutes',1,0,'',100,18,19,3,'T~O',1,NULL,'BAS',1,NULL,0,0,0),(9,259,'location','vtiger_activity',1,'1','location','Location',1,0,'',100,19,19,1,'V~O',1,NULL,'BAS',1,NULL,0,0,0),(9,260,'reminder_time','vtiger_activity_reminder',1,'30','reminder_time','Send Reminder',1,0,'',100,1,138,1,'I~O',1,NULL,'BAS',1,NULL,0,0,0),(9,261,'recurringtype','vtiger_activity',1,'16','recurringtype','Recurrence',1,0,'',100,6,19,3,'O~O',1,NULL,'BAS',1,NULL,1,0,0),(9,262,'notime','vtiger_activity',1,'56','notime','No Time',1,0,'',100,20,19,3,'C~O',1,NULL,'BAS',1,NULL,0,0,0),(9,263,'modifiedby','vtiger_crmentity',1,'52','modifiedby','Last Modified By',1,0,'',100,22,19,3,'V~O',3,NULL,'BAS',0,NULL,0,0,0),(16,264,'subject','vtiger_activity',1,'2','subject','Subject',1,0,'',100,1,39,1,'V~M',0,1,'BAS',1,NULL,1,0,0),(16,265,'smownerid','vtiger_crmentity',1,'53','assigned_user_id','Assigned To',1,0,'',100,2,39,1,'V~M',0,6,'BAS',1,NULL,1,0,0),(16,266,'date_start','vtiger_activity',1,'6','date_start','Start Date & Time',1,0,'',100,3,39,1,'DT~M~time_start',0,2,'BAS',1,NULL,1,0,0),(16,267,'time_start','vtiger_activity',1,'2','time_start','Time Start',1,0,'',100,4,39,3,'T~M',1,NULL,'BAS',1,NULL,1,0,0),(16,268,'due_date','vtiger_activity',1,'23','due_date','End Date',1,0,'',100,5,39,1,'D~M~OTH~GE~date_start~Start Date & Time',0,5,'BAS',1,NULL,1,0,0),(16,269,'time_end','vtiger_activity',1,'2','time_end','End Time',1,0,'',100,5,39,3,'T~M',1,NULL,'BAS',1,NULL,1,0,0),(16,270,'recurringtype','vtiger_activity',1,'16','recurringtype','Recurrence',1,0,'',100,6,135,1,'O~O',1,NULL,'BAS',1,NULL,1,0,0),(16,271,'duration_hours','vtiger_activity',1,'63','duration_hours','Duration',1,0,'',100,7,39,3,'I~M',1,NULL,'BAS',1,NULL,0,0,0),(16,272,'duration_minutes','vtiger_activity',1,'16','duration_minutes','Duration Minutes',1,0,'',100,8,39,3,'O~O',1,NULL,'BAS',1,NULL,0,0,0),(16,273,'crmid','vtiger_seactivityrel',1,'66','parent_id','Related To',1,0,'',100,9,137,1,'I~O',1,NULL,'BAS',1,NULL,1,0,0),(16,274,'eventstatus','vtiger_activity',1,'15','eventstatus','Status',1,0,'',100,10,39,1,'V~M',0,3,'BAS',1,NULL,0,0,0),(16,275,'sendnotification','vtiger_activity',1,'56','sendnotification','Send Notification',1,0,'',100,11,39,1,'C~O',1,NULL,'BAS',1,NULL,0,0,0),(16,276,'activitytype','vtiger_activity',1,'15','activitytype','Activity Type',1,0,'',100,12,39,1,'V~M',0,4,'BAS',1,NULL,1,0,0),(16,277,'location','vtiger_activity',1,'1','location','Location',1,0,'',100,13,39,1,'V~O',1,NULL,'BAS',1,NULL,0,0,0),(16,278,'createdtime','vtiger_crmentity',1,'70','createdtime','Created Time',1,0,'',100,14,39,2,'DT~O',3,NULL,'BAS',0,NULL,0,0,0),(16,279,'modifiedtime','vtiger_crmentity',1,'70','modifiedtime','Modified Time',1,0,'',100,15,39,2,'DT~O',3,NULL,'BAS',0,NULL,0,0,0),(16,280,'priority','vtiger_activity',1,'15','taskpriority','Priority',1,0,'',100,16,39,1,'V~O',1,NULL,'BAS',1,NULL,0,0,0),(16,281,'notime','vtiger_activity',1,'56','notime','No Time',1,0,'',100,17,39,3,'C~O',1,NULL,'BAS',1,NULL,0,0,0),(16,282,'visibility','vtiger_activity',1,'16','visibility','Visibility',1,0,'',100,18,39,1,'V~O',1,NULL,'BAS',1,NULL,0,0,0),(16,283,'modifiedby','vtiger_crmentity',1,'52','modifiedby','Last Modified By',1,0,'',100,22,39,3,'V~O',3,NULL,'BAS',0,NULL,0,0,0),(16,284,'description','vtiger_crmentity',1,'19','description','Description',1,0,'',100,1,41,1,'V~O',1,NULL,'BAS',1,NULL,0,0,0),(16,285,'reminder_time','vtiger_activity_reminder',1,'30','reminder_time','Send Reminder',1,0,'',100,1,40,1,'I~O',1,NULL,'BAS',1,NULL,0,0,0),(16,286,'contactid','vtiger_cntactivityrel',1,'57','contact_id','Contact Name',1,0,'',100,1,137,1,'I~O',1,NULL,'BAS',1,NULL,0,0,0),(15,287,'product_id','vtiger_faq',1,'59','product_id','Product Name',1,2,'',100,1,37,1,'I~O',3,NULL,'BAS',1,NULL,1,0,0),(15,288,'faq_no','vtiger_faq',1,'4','faq_no','Faq No',1,0,'',100,2,37,1,'V~O',3,NULL,'BAS',0,NULL,0,0,0),(15,289,'category','vtiger_faq',1,'15','faqcategories','Category',1,2,'',100,4,37,1,'V~O',3,NULL,'BAS',1,NULL,1,0,0),(15,290,'status','vtiger_faq',1,'15','faqstatus','Status',1,2,'',100,3,37,1,'V~M',3,NULL,'BAS',1,NULL,0,0,0),(15,291,'question','vtiger_faq',1,'20','question','Question',1,2,'',100,7,37,1,'V~M',3,NULL,'BAS',1,NULL,1,0,0),(15,292,'answer','vtiger_faq',1,'20','faq_answer','Answer',1,2,'',100,8,37,1,'V~M',3,NULL,'BAS',1,NULL,0,0,0),(15,293,'comments','vtiger_faqcomments',1,'19','comments','Add Comment',1,1,'',100,1,38,1,'V~O',3,NULL,'BAS',0,NULL,0,0,0),(15,294,'createdtime','vtiger_crmentity',1,'70','createdtime','Created Time',1,0,'',100,5,37,2,'DT~O',3,NULL,'BAS',0,NULL,1,0,0),(15,295,'modifiedtime','vtiger_crmentity',1,'70','modifiedtime','Modified Time',1,0,'',100,6,37,2,'DT~O',3,NULL,'BAS',0,NULL,1,0,0),(15,296,'modifiedby','vtiger_crmentity',1,'52','modifiedby','Last Modified By',1,0,'',100,7,37,3,'V~O',3,NULL,'BAS',0,NULL,0,0,0),(18,297,'vendorname','vtiger_vendor',1,'2','vendorname','Vendor Name',1,0,'',100,1,42,1,'V~M',0,1,'BAS',1,NULL,1,0,0),(18,298,'vendor_no','vtiger_vendor',1,'4','vendor_no','Vendor No',1,0,'',100,2,42,1,'V~O',3,NULL,'BAS',0,NULL,0,0,0),(18,299,'phone','vtiger_vendor',1,'1','phone','Phone',1,2,'',100,4,42,1,'V~O',2,2,'BAS',1,NULL,0,1,0),(18,300,'email','vtiger_vendor',1,'13','email','Email',1,2,'',100,3,42,1,'E~O',2,3,'BAS',1,NULL,0,1,0),(18,301,'website','vtiger_vendor',1,'17','website','Website',1,2,'',100,6,42,1,'V~O',1,NULL,'BAS',1,NULL,0,1,0),(18,302,'glacct','vtiger_vendor',1,'15','glacct','GL Account',1,2,'',100,5,42,1,'V~O',1,NULL,'BAS',1,NULL,0,0,0),(18,303,'category','vtiger_vendor',1,'1','category','Category',1,2,'',100,8,42,1,'V~O',1,NULL,'BAS',1,NULL,1,0,0),(18,304,'createdtime','vtiger_crmentity',1,'70','createdtime','Created Time',1,0,'',100,7,42,2,'DT~O',3,NULL,'BAS',0,NULL,0,0,0),(18,305,'modifiedtime','vtiger_crmentity',1,'70','modifiedtime','Modified Time',1,0,'',100,9,42,2,'DT~O',3,NULL,'BAS',0,NULL,0,0,0),(18,306,'modifiedby','vtiger_crmentity',1,'52','modifiedby','Last Modified By',1,0,'',100,12,42,3,'V~O',3,NULL,'BAS',0,NULL,0,0,0),(18,307,'smownerid','vtiger_crmentity',1,'53','assigned_user_id','Assigned To',1,0,'',100,13,42,1,'V~M',0,4,'BAS',1,NULL,0,0,0),(18,308,'street','vtiger_vendor',1,'21','street','Street',1,2,'',100,1,44,1,'V~O',1,NULL,'ADV',1,NULL,0,0,0),(18,309,'pobox','vtiger_vendor',1,'1','pobox','Po Box',1,2,'',100,2,44,1,'V~O',1,NULL,'ADV',1,NULL,0,0,0),(18,310,'city','vtiger_vendor',1,'1','city','City',1,2,'',100,3,44,1,'V~O',1,NULL,'ADV',1,NULL,0,0,0),(18,311,'state','vtiger_vendor',1,'1','state','State',1,2,'',100,4,44,1,'V~O',1,NULL,'ADV',1,NULL,0,0,0),(18,312,'postalcode','vtiger_vendor',1,'1','postalcode','Postal Code',1,2,'',100,5,44,1,'V~O',1,NULL,'ADV',1,NULL,0,0,0),(18,313,'country','vtiger_vendor',1,'1','country','Country',1,2,'',100,6,44,1,'V~O',1,NULL,'ADV',1,NULL,0,0,0),(18,314,'description','vtiger_crmentity',1,'19','description','Description',1,2,'',100,1,45,1,'V~O',1,NULL,'ADV',1,NULL,0,0,0),(19,315,'bookname','vtiger_pricebook',1,'2','bookname','Price Book Name',1,0,'',100,1,46,1,'V~M',0,1,'BAS',1,NULL,1,0,0),(19,316,'pricebook_no','vtiger_pricebook',1,'4','pricebook_no','PriceBook No',1,0,'',100,3,46,1,'V~O',3,NULL,'BAS',0,NULL,0,0,0),(19,317,'active','vtiger_pricebook',1,'56','active','Active',1,2,'1',100,2,46,1,'C~O',2,2,'BAS',1,NULL,1,0,0),(19,318,'createdtime','vtiger_crmentity',1,'70','createdtime','Created Time',1,0,'',100,4,46,2,'DT~O',3,NULL,'BAS',0,NULL,0,0,0),(19,319,'modifiedtime','vtiger_crmentity',1,'70','modifiedtime','Modified Time',1,0,'',100,5,46,2,'DT~O',3,NULL,'BAS',0,NULL,0,0,0),(19,320,'currency_id','vtiger_pricebook',1,'117','currency_id','Currency',1,0,'',100,5,46,1,'I~M',0,3,'BAS',0,NULL,0,0,0),(19,321,'modifiedby','vtiger_crmentity',1,'52','modifiedby','Last Modified By',1,0,'',100,7,46,3,'V~O',3,NULL,'BAS',0,NULL,0,0,0),(19,322,'description','vtiger_crmentity',1,'19','description','Description',1,2,'',100,1,48,1,'V~O',1,NULL,'BAS',1,NULL,0,0,0),(20,323,'quote_no','vtiger_quotes',1,'4','quote_no','Quote No',1,0,'',100,3,49,1,'V~O',3,NULL,'BAS',0,NULL,1,0,0),(20,324,'subject','vtiger_quotes',1,'2','subject','Subject',1,0,'',100,1,49,1,'V~M',1,NULL,'BAS',1,NULL,1,0,0),(20,325,'potentialid','vtiger_quotes',1,'76','potential_id','Potential Name',1,2,'',100,2,49,1,'I~O',3,NULL,'BAS',1,NULL,1,0,0),(20,326,'quotestage','vtiger_quotes',1,'15','quotestage','Quote Stage',1,2,'',100,4,49,1,'V~M',3,NULL,'BAS',1,NULL,0,1,0),(20,327,'validtill','vtiger_quotes',1,'5','validtill','Valid Till',1,2,'',100,5,49,1,'D~O',3,NULL,'BAS',1,NULL,0,0,0),(20,328,'contactid','vtiger_quotes',1,'57','contact_id','Contact Name',1,2,'',100,6,49,1,'V~O',3,NULL,'BAS',1,NULL,0,1,0),(20,329,'carrier','vtiger_quotes',1,'15','carrier','Carrier',1,2,'',100,8,49,1,'V~O',3,NULL,'BAS',1,NULL,0,0,0),(20,330,'subtotal','vtiger_quotes',1,'72','hdnSubTotal','Sub Total',1,2,'',100,9,49,3,'N~O',3,NULL,'BAS',1,NULL,0,0,0),(20,331,'shipping','vtiger_quotes',1,'1','shipping','Shipping',1,2,'',100,10,49,1,'V~O',3,NULL,'BAS',1,NULL,0,0,0),(20,332,'inventorymanager','vtiger_quotes',1,'77','assigned_user_id1','Inventory Manager',1,2,'',100,11,49,1,'I~O',3,NULL,'BAS',1,NULL,0,0,0),(20,333,'adjustment','vtiger_quotes',1,'72','txtAdjustment','Adjustment',1,2,'',100,20,49,3,'NN~O',3,NULL,'BAS',1,NULL,0,0,0),(20,334,'total','vtiger_quotes',1,'72','hdnGrandTotal','Total',1,2,'',100,14,49,3,'N~O',3,NULL,'BAS',1,NULL,0,1,0),(20,335,'taxtype','vtiger_quotes',1,'16','hdnTaxType','Tax Type',1,2,'',100,14,49,3,'V~O',3,NULL,'BAS',1,NULL,0,0,0),(20,336,'discount_percent','vtiger_quotes',1,'1','hdnDiscountPercent','Discount Percent',1,2,'',100,14,132,5,'N~O',3,NULL,'BAS',1,NULL,0,0,0),(20,337,'discount_amount','vtiger_quotes',1,'72','hdnDiscountAmount','Discount Amount',1,2,'',100,14,132,5,'N~O',3,NULL,'BAS',1,NULL,0,0,0),(20,338,'s_h_amount','vtiger_quotes',1,'72','hdnS_H_Amount','S&H Amount',1,2,'',100,14,49,3,'N~O',3,NULL,'BAS',1,NULL,0,0,0),(20,339,'accountid','vtiger_quotes',1,'73','account_id','Account Name',1,2,'',100,16,49,1,'I~M',3,NULL,'BAS',1,NULL,0,1,0),(20,340,'smownerid','vtiger_crmentity',1,'53','assigned_user_id','Assigned To',1,0,'',100,17,49,1,'V~M',3,NULL,'BAS',1,NULL,1,0,0),(20,341,'createdtime','vtiger_crmentity',1,'70','createdtime','Created Time',1,0,'',100,18,49,2,'DT~O',3,NULL,'BAS',0,NULL,0,0,0),(20,342,'modifiedtime','vtiger_crmentity',1,'70','modifiedtime','Modified Time',1,0,'',100,19,49,2,'DT~O',3,NULL,'BAS',0,NULL,0,0,0),(20,343,'modifiedby','vtiger_crmentity',1,'52','modifiedby','Last Modified By',1,0,'',100,22,49,3,'V~O',3,NULL,'BAS',0,NULL,0,0,0),(20,344,'currency_id','vtiger_quotes',1,'117','currency_id','Currency',1,2,'1',100,20,49,3,'I~O',3,NULL,'BAS',1,NULL,0,0,0),(20,345,'conversion_rate','vtiger_quotes',1,'1','conversion_rate','Conversion Rate',1,2,'1',100,21,49,3,'N~O',3,NULL,'BAS',1,NULL,0,0,0),(20,346,'bill_street','vtiger_quotesbillads',1,'24','bill_street','Billing Address',1,2,'',100,1,51,1,'V~M',3,NULL,'BAS',1,NULL,0,0,0),(20,347,'ship_street','vtiger_quotesshipads',1,'24','ship_street','Shipping Address',1,2,'',100,2,51,1,'V~M',3,NULL,'BAS',1,NULL,0,0,0),(20,348,'bill_city','vtiger_quotesbillads',1,'1','bill_city','Billing City',1,2,'',100,5,51,1,'V~O',3,NULL,'BAS',1,NULL,0,0,0),(20,349,'ship_city','vtiger_quotesshipads',1,'1','ship_city','Shipping City',1,2,'',100,6,51,1,'V~O',3,NULL,'BAS',1,NULL,0,0,0),(20,350,'bill_state','vtiger_quotesbillads',1,'1','bill_state','Billing State',1,2,'',100,7,51,1,'V~O',3,NULL,'BAS',1,NULL,0,0,0),(20,351,'ship_state','vtiger_quotesshipads',1,'1','ship_state','Shipping State',1,2,'',100,8,51,1,'V~O',3,NULL,'BAS',1,NULL,0,0,0),(20,352,'bill_code','vtiger_quotesbillads',1,'1','bill_code','Billing Code',1,2,'',100,9,51,1,'V~O',3,NULL,'BAS',1,NULL,0,0,0),(20,353,'ship_code','vtiger_quotesshipads',1,'1','ship_code','Shipping Code',1,2,'',100,10,51,1,'V~O',3,NULL,'BAS',1,NULL,0,0,0),(20,354,'bill_country','vtiger_quotesbillads',1,'1','bill_country','Billing Country',1,2,'',100,11,51,1,'V~O',3,NULL,'BAS',1,NULL,0,0,0),(20,355,'ship_country','vtiger_quotesshipads',1,'1','ship_country','Shipping Country',1,2,'',100,12,51,1,'V~O',3,NULL,'BAS',1,NULL,0,0,0),(20,356,'bill_pobox','vtiger_quotesbillads',1,'1','bill_pobox','Billing Po Box',1,2,'',100,3,51,1,'V~O',3,NULL,'BAS',1,NULL,0,0,0),(20,357,'ship_pobox','vtiger_quotesshipads',1,'1','ship_pobox','Shipping Po Box',1,2,'',100,4,51,1,'V~O',3,NULL,'BAS',1,NULL,0,0,0),(20,358,'description','vtiger_crmentity',1,'19','description','Description',1,2,'',100,1,54,1,'V~O',3,NULL,'ADV',1,NULL,0,0,0),(20,359,'terms_conditions','vtiger_quotes',1,'19','terms_conditions','Terms & Conditions',1,2,'',100,1,53,1,'V~O',3,NULL,'ADV',1,NULL,0,0,0),(21,360,'purchaseorder_no','vtiger_purchaseorder',1,'4','purchaseorder_no','PurchaseOrder No',1,0,'',100,2,55,1,'V~O',3,NULL,'BAS',0,NULL,1,0,0),(21,361,'subject','vtiger_purchaseorder',1,'2','subject','Subject',1,0,'',100,1,55,1,'V~M',3,NULL,'BAS',1,NULL,1,0,0),(21,362,'vendorid','vtiger_purchaseorder',1,'81','vendor_id','Vendor Name',1,0,'',100,3,55,1,'I~M',3,NULL,'BAS',1,NULL,1,0,0),(21,363,'requisition_no','vtiger_purchaseorder',1,'1','requisition_no','Requisition No',1,2,'',100,4,55,1,'V~O',3,NULL,'BAS',1,NULL,0,0,0),(21,364,'tracking_no','vtiger_purchaseorder',1,'1','tracking_no','Tracking Number',1,2,'',100,5,55,1,'V~O',3,NULL,'BAS',1,NULL,1,0,0),(21,365,'contactid','vtiger_purchaseorder',1,'57','contact_id','Contact Name',1,2,'',100,6,55,1,'I~O',3,NULL,'BAS',1,NULL,0,1,0),(21,366,'duedate','vtiger_purchaseorder',1,'5','duedate','Due Date',1,2,'',100,7,55,1,'D~O',3,NULL,'BAS',1,NULL,0,0,0),(21,367,'carrier','vtiger_purchaseorder',1,'15','carrier','Carrier',1,2,'',100,8,55,1,'V~O',3,NULL,'BAS',1,NULL,0,0,0),(21,368,'adjustment','vtiger_purchaseorder',1,'72','txtAdjustment','Adjustment',1,2,'',100,10,55,3,'NN~O',3,NULL,'BAS',1,NULL,0,0,0),(21,369,'salescommission','vtiger_purchaseorder',1,'1','salescommission','Sales Commission',1,2,'',100,11,55,1,'N~O',3,NULL,'BAS',1,NULL,0,0,0),(21,370,'exciseduty','vtiger_purchaseorder',1,'1','exciseduty','Excise Duty',1,2,'',100,12,55,1,'N~O',3,NULL,'BAS',1,NULL,0,0,0),(21,371,'total','vtiger_purchaseorder',1,'72','hdnGrandTotal','Total',1,2,'',100,13,55,3,'N~O',3,NULL,'BAS',1,NULL,1,0,0),(21,372,'subtotal','vtiger_purchaseorder',1,'72','hdnSubTotal','Sub Total',1,2,'',100,14,55,3,'N~O',3,NULL,'BAS',1,NULL,0,0,0),(21,373,'taxtype','vtiger_purchaseorder',1,'16','hdnTaxType','Tax Type',1,2,'',100,14,55,3,'V~O',3,NULL,'BAS',1,NULL,0,0,0),(21,374,'discount_percent','vtiger_purchaseorder',1,'1','hdnDiscountPercent','Discount Percent',1,2,'',100,14,131,5,'N~O',3,NULL,'BAS',1,NULL,0,0,0),(21,375,'discount_amount','vtiger_purchaseorder',1,'72','hdnDiscountAmount','Discount Amount',1,0,'',100,14,131,5,'N~O',3,NULL,'BAS',1,NULL,0,0,0),(21,376,'s_h_amount','vtiger_purchaseorder',1,'72','hdnS_H_Amount','S&H Amount',1,2,'',100,14,55,3,'N~O',3,NULL,'BAS',1,NULL,0,0,0),(21,377,'postatus','vtiger_purchaseorder',1,'15','postatus','Status',1,2,'',100,15,55,1,'V~M',3,NULL,'BAS',1,NULL,0,1,0),(21,378,'smownerid','vtiger_crmentity',1,'53','assigned_user_id','Assigned To',1,0,'',100,16,55,1,'V~M',3,NULL,'BAS',1,NULL,0,1,0),(21,379,'createdtime','vtiger_crmentity',1,'70','createdtime','Created Time',1,0,'',100,17,55,2,'DT~O',3,NULL,'BAS',0,NULL,0,0,0),(21,380,'modifiedtime','vtiger_crmentity',1,'70','modifiedtime','Modified Time',1,0,'',100,18,55,2,'DT~O',3,NULL,'BAS',0,NULL,0,0,0),(21,381,'modifiedby','vtiger_crmentity',1,'52','modifiedby','Last Modified By',1,0,'',100,22,55,3,'V~O',3,NULL,'BAS',0,NULL,0,0,0),(21,382,'currency_id','vtiger_purchaseorder',1,'117','currency_id','Currency',1,2,'1',100,19,55,3,'I~O',3,NULL,'BAS',1,NULL,0,0,0),(21,383,'conversion_rate','vtiger_purchaseorder',1,'1','conversion_rate','Conversion Rate',1,2,'1',100,20,55,3,'N~O',3,NULL,'BAS',1,NULL,0,0,0),(21,384,'bill_street','vtiger_pobillads',1,'24','bill_street','Billing Address',1,2,'',100,1,57,1,'V~M',3,NULL,'BAS',1,NULL,0,0,0),(21,385,'ship_street','vtiger_poshipads',1,'24','ship_street','Shipping Address',1,2,'',100,2,57,1,'V~M',3,NULL,'BAS',1,NULL,0,0,0),(21,386,'bill_city','vtiger_pobillads',1,'1','bill_city','Billing City',1,2,'',100,5,57,1,'V~O',3,NULL,'BAS',1,NULL,0,0,0),(21,387,'ship_city','vtiger_poshipads',1,'1','ship_city','Shipping City',1,2,'',100,6,57,1,'V~O',3,NULL,'BAS',1,NULL,0,0,0),(21,388,'bill_state','vtiger_pobillads',1,'1','bill_state','Billing State',1,2,'',100,7,57,1,'V~O',3,NULL,'BAS',1,NULL,0,0,0),(21,389,'ship_state','vtiger_poshipads',1,'1','ship_state','Shipping State',1,2,'',100,8,57,1,'V~O',3,NULL,'BAS',1,NULL,0,0,0),(21,390,'bill_code','vtiger_pobillads',1,'1','bill_code','Billing Code',1,2,'',100,9,57,1,'V~O',3,NULL,'BAS',1,NULL,0,0,0),(21,391,'ship_code','vtiger_poshipads',1,'1','ship_code','Shipping Code',1,2,'',100,10,57,1,'V~O',3,NULL,'BAS',1,NULL,0,0,0),(21,392,'bill_country','vtiger_pobillads',1,'1','bill_country','Billing Country',1,2,'',100,11,57,1,'V~O',3,NULL,'BAS',1,NULL,0,0,0),(21,393,'ship_country','vtiger_poshipads',1,'1','ship_country','Shipping Country',1,2,'',100,12,57,1,'V~O',3,NULL,'BAS',1,NULL,0,0,0),(21,394,'bill_pobox','vtiger_pobillads',1,'1','bill_pobox','Billing Po Box',1,2,'',100,3,57,1,'V~O',3,NULL,'BAS',1,NULL,0,0,0),(21,395,'ship_pobox','vtiger_poshipads',1,'1','ship_pobox','Shipping Po Box',1,2,'',100,4,57,1,'V~O',3,NULL,'BAS',1,NULL,0,0,0),(21,396,'description','vtiger_crmentity',1,'19','description','Description',1,2,'',100,1,60,1,'V~O',3,NULL,'ADV',1,NULL,0,0,0),(21,397,'terms_conditions','vtiger_purchaseorder',1,'19','terms_conditions','Terms & Conditions',1,2,'',100,1,59,1,'V~O',3,NULL,'ADV',1,NULL,0,0,0),(22,398,'salesorder_no','vtiger_salesorder',1,'4','salesorder_no','SalesOrder No',1,0,'',100,4,61,1,'V~O',3,NULL,'BAS',0,NULL,1,0,0),(22,399,'subject','vtiger_salesorder',1,'2','subject','Subject',1,0,'',100,1,61,1,'V~M',3,NULL,'BAS',1,NULL,1,0,0),(22,400,'potentialid','vtiger_salesorder',1,'76','potential_id','Potential Name',1,2,'',100,2,61,1,'I~O',3,NULL,'BAS',1,NULL,0,0,0),(22,401,'customerno','vtiger_salesorder',1,'1','customerno','Customer No',1,2,'',100,3,61,1,'V~O',3,NULL,'BAS',1,NULL,0,0,0),(22,402,'quoteid','vtiger_salesorder',1,'78','quote_id','Quote Name',1,2,'',100,5,61,1,'I~O',3,NULL,'BAS',0,NULL,1,0,0),(22,403,'purchaseorder','vtiger_salesorder',1,'1','vtiger_purchaseorder','Purchase Order',1,2,'',100,5,61,1,'V~O',3,NULL,'BAS',1,NULL,0,0,0),(22,404,'contactid','vtiger_salesorder',1,'57','contact_id','Contact Name',1,2,'',100,6,61,1,'I~O',3,NULL,'BAS',1,NULL,0,1,0),(22,405,'duedate','vtiger_salesorder',1,'5','duedate','Due Date',1,2,'',100,8,61,1,'D~O',3,NULL,'BAS',1,NULL,0,0,0),(22,406,'carrier','vtiger_salesorder',1,'15','carrier','Carrier',1,2,'',100,9,61,1,'V~O',3,NULL,'BAS',1,NULL,0,0,0),(22,407,'pending','vtiger_salesorder',1,'1','pending','Pending',1,2,'',100,10,61,1,'V~O',3,NULL,'BAS',1,NULL,0,0,0),(22,408,'sostatus','vtiger_salesorder',1,'15','sostatus','Status',1,2,'',100,11,61,1,'V~M',3,NULL,'BAS',1,NULL,0,1,0),(22,409,'adjustment','vtiger_salesorder',1,'72','txtAdjustment','Adjustment',1,2,'',100,12,61,3,'NN~O',3,NULL,'BAS',1,NULL,0,0,0),(22,410,'salescommission','vtiger_salesorder',1,'1','salescommission','Sales Commission',1,2,'',100,13,61,1,'N~O',3,NULL,'BAS',1,NULL,0,0,0),(22,411,'exciseduty','vtiger_salesorder',1,'1','exciseduty','Excise Duty',1,2,'',100,13,61,1,'N~O',3,NULL,'BAS',1,NULL,0,0,0),(22,412,'total','vtiger_salesorder',1,'72','hdnGrandTotal','Total',1,2,'',100,14,61,3,'N~O',3,NULL,'BAS',1,NULL,1,0,0),(22,413,'subtotal','vtiger_salesorder',1,'72','hdnSubTotal','Sub Total',1,2,'',100,15,61,3,'N~O',3,NULL,'BAS',1,NULL,0,0,0),(22,414,'taxtype','vtiger_salesorder',1,'16','hdnTaxType','Tax Type',1,2,'',100,15,61,3,'V~O',3,NULL,'BAS',1,NULL,0,0,0),(22,415,'discount_percent','vtiger_salesorder',1,'1','hdnDiscountPercent','Discount Percent',1,2,'',100,15,130,5,'N~O',3,NULL,'BAS',1,NULL,0,0,0),(22,416,'discount_amount','vtiger_salesorder',1,'72','hdnDiscountAmount','Discount Amount',1,0,'',100,15,130,5,'N~O',3,NULL,'BAS',1,NULL,0,0,0),(22,417,'s_h_amount','vtiger_salesorder',1,'72','hdnS_H_Amount','S&H Amount',1,2,'',100,15,61,3,'N~O',3,NULL,'BAS',1,NULL,0,0,0),(22,418,'accountid','vtiger_salesorder',1,'73','account_id','Account Name',1,2,'',100,16,61,1,'I~M',3,NULL,'BAS',1,NULL,0,1,0),(22,419,'smownerid','vtiger_crmentity',1,'53','assigned_user_id','Assigned To',1,0,'',100,17,61,1,'V~M',3,NULL,'BAS',1,NULL,0,1,0),(22,420,'createdtime','vtiger_crmentity',1,'70','createdtime','Created Time',1,0,'',100,18,61,2,'DT~O',3,NULL,'BAS',0,NULL,0,0,0),(22,421,'modifiedtime','vtiger_crmentity',1,'70','modifiedtime','Modified Time',1,0,'',100,19,61,2,'DT~O',3,NULL,'BAS',0,NULL,0,0,0),(22,422,'modifiedby','vtiger_crmentity',1,'52','modifiedby','Last Modified By',1,0,'',100,22,61,3,'V~O',3,NULL,'BAS',0,NULL,0,0,0),(22,423,'currency_id','vtiger_salesorder',1,'117','currency_id','Currency',1,2,'1',100,20,61,3,'I~O',3,NULL,'BAS',1,NULL,0,0,0),(22,424,'conversion_rate','vtiger_salesorder',1,'1','conversion_rate','Conversion Rate',1,2,'1',100,21,61,3,'N~O',3,NULL,'BAS',1,NULL,0,0,0),(22,425,'bill_street','vtiger_sobillads',1,'24','bill_street','Billing Address',1,2,'',100,1,63,1,'V~M',3,NULL,'BAS',1,NULL,0,0,0),(22,426,'ship_street','vtiger_soshipads',1,'24','ship_street','Shipping Address',1,2,'',100,2,63,1,'V~M',3,NULL,'BAS',1,NULL,0,0,0),(22,427,'bill_city','vtiger_sobillads',1,'1','bill_city','Billing City',1,2,'',100,5,63,1,'V~O',3,NULL,'BAS',1,NULL,0,0,0),(22,428,'ship_city','vtiger_soshipads',1,'1','ship_city','Shipping City',1,2,'',100,6,63,1,'V~O',3,NULL,'BAS',1,NULL,0,0,0),(22,429,'bill_state','vtiger_sobillads',1,'1','bill_state','Billing State',1,2,'',100,7,63,1,'V~O',3,NULL,'BAS',1,NULL,0,0,0),(22,430,'ship_state','vtiger_soshipads',1,'1','ship_state','Shipping State',1,2,'',100,8,63,1,'V~O',3,NULL,'BAS',1,NULL,0,0,0),(22,431,'bill_code','vtiger_sobillads',1,'1','bill_code','Billing Code',1,2,'',100,9,63,1,'V~O',3,NULL,'BAS',1,NULL,0,0,0),(22,432,'ship_code','vtiger_soshipads',1,'1','ship_code','Shipping Code',1,2,'',100,10,63,1,'V~O',3,NULL,'BAS',1,NULL,0,0,0),(22,433,'bill_country','vtiger_sobillads',1,'1','bill_country','Billing Country',1,2,'',100,11,63,1,'V~O',3,NULL,'BAS',1,NULL,0,0,0),(22,434,'ship_country','vtiger_soshipads',1,'1','ship_country','Shipping Country',1,2,'',100,12,63,1,'V~O',3,NULL,'BAS',1,NULL,0,0,0),(22,435,'bill_pobox','vtiger_sobillads',1,'1','bill_pobox','Billing Po Box',1,2,'',100,3,63,1,'V~O',3,NULL,'BAS',1,NULL,0,0,0),(22,436,'ship_pobox','vtiger_soshipads',1,'1','ship_pobox','Shipping Po Box',1,2,'',100,4,63,1,'V~O',3,NULL,'BAS',1,NULL,0,0,0),(22,437,'description','vtiger_crmentity',1,'19','description','Description',1,2,'',100,1,66,1,'V~O',3,NULL,'ADV',1,NULL,0,0,0),(22,438,'terms_conditions','vtiger_salesorder',1,'19','terms_conditions','Terms & Conditions',1,2,'',100,1,65,1,'V~O',3,NULL,'ADV',1,NULL,0,0,0),(22,439,'enable_recurring','vtiger_salesorder',1,'56','enable_recurring','Enable Recurring',1,0,'',100,1,85,1,'C~O',3,NULL,'BAS',0,NULL,0,0,0),(22,440,'recurring_frequency','vtiger_invoice_recurring_info',1,'16','recurring_frequency','Frequency',1,0,'',100,2,85,1,'V~O',3,NULL,'BAS',0,NULL,0,0,0),(22,441,'start_period','vtiger_invoice_recurring_info',1,'5','start_period','Start Period',1,0,'',100,3,85,1,'D~O',3,NULL,'BAS',0,NULL,0,0,0),(22,442,'end_period','vtiger_invoice_recurring_info',1,'5','end_period','End Period',1,0,'',100,4,85,1,'D~O~OTH~G~start_period~Start Period',3,NULL,'BAS',0,NULL,0,0,0),(22,443,'payment_duration','vtiger_invoice_recurring_info',1,'16','payment_duration','Payment Duration',1,0,'',100,5,85,1,'V~O',3,NULL,'BAS',0,NULL,0,0,0),(22,444,'invoice_status','vtiger_invoice_recurring_info',1,'15','invoicestatus','Invoice Status',1,0,'',100,6,85,1,'V~M',3,NULL,'BAS',0,NULL,0,0,0),(23,445,'subject','vtiger_invoice',1,'2','subject','Subject',1,0,'',100,1,67,1,'V~M',3,NULL,'BAS',1,NULL,1,0,0),(23,446,'salesorderid','vtiger_invoice',1,'80','salesorder_id','Sales Order',1,2,'',100,2,67,1,'I~O',3,NULL,'BAS',0,NULL,1,0,0),(23,447,'customerno','vtiger_invoice',1,'1','customerno','Customer No',1,2,'',100,3,67,1,'V~O',3,NULL,'BAS',1,NULL,0,0,0),(23,448,'contactid','vtiger_invoice',1,'57','contact_id','Contact Name',1,2,'',100,4,67,1,'I~O',3,NULL,'BAS',1,NULL,0,1,0),(23,449,'invoicedate','vtiger_invoice',1,'5','invoicedate','Invoice Date',1,2,'',100,5,67,1,'D~O',3,NULL,'BAS',1,NULL,0,0,0),(23,450,'duedate','vtiger_invoice',1,'5','duedate','Due Date',1,2,'',100,6,67,1,'D~O',3,NULL,'BAS',1,NULL,0,0,0),(23,451,'purchaseorder','vtiger_invoice',1,'1','vtiger_purchaseorder','Purchase Order',1,2,'',100,8,67,1,'V~O',3,NULL,'BAS',1,NULL,0,0,0),(23,452,'adjustment','vtiger_invoice',1,'72','txtAdjustment','Adjustment',1,2,'',100,9,67,3,'NN~O',3,NULL,'BAS',1,NULL,0,0,0),(23,453,'salescommission','vtiger_invoice',1,'1','salescommission','Sales Commission',1,2,'',10,13,67,1,'N~O',3,NULL,'BAS',1,NULL,0,0,0),(23,454,'exciseduty','vtiger_invoice',1,'1','exciseduty','Excise Duty',1,2,'',100,11,67,1,'N~O',3,NULL,'BAS',1,NULL,0,0,0),(23,455,'subtotal','vtiger_invoice',1,'72','hdnSubTotal','Sub Total',1,2,'',100,12,67,3,'N~O',3,NULL,'BAS',1,NULL,0,0,0),(23,456,'total','vtiger_invoice',1,'72','hdnGrandTotal','Total',1,2,'',100,13,67,3,'N~O',3,NULL,'BAS',1,NULL,1,0,0),(23,457,'taxtype','vtiger_invoice',1,'16','hdnTaxType','Tax Type',1,2,'',100,13,67,3,'V~O',3,NULL,'BAS',1,NULL,0,0,0),(23,458,'discount_percent','vtiger_invoice',1,'1','hdnDiscountPercent','Discount Percent',1,2,'',100,13,129,5,'N~O',3,NULL,'BAS',1,NULL,0,0,0),(23,459,'discount_amount','vtiger_invoice',1,'72','hdnDiscountAmount','Discount Amount',1,2,'',100,13,129,5,'N~O',3,NULL,'BAS',1,NULL,0,0,0),(23,460,'s_h_amount','vtiger_invoice',1,'72','hdnS_H_Amount','S&H Amount',1,2,'',100,14,69,3,'N~O',3,NULL,'BAS',1,NULL,0,0,0),(23,461,'accountid','vtiger_invoice',1,'73','account_id','Account Name',1,2,'',100,14,67,1,'I~M',3,NULL,'BAS',1,NULL,0,1,0),(23,462,'invoicestatus','vtiger_invoice',1,'15','invoicestatus','Status',1,2,'',100,15,67,1,'V~O',3,NULL,'BAS',1,NULL,0,1,0),(23,463,'smownerid','vtiger_crmentity',1,'53','assigned_user_id','Assigned To',1,0,'',100,16,67,1,'V~M',3,NULL,'BAS',1,NULL,0,1,0),(23,464,'createdtime','vtiger_crmentity',1,'70','createdtime','Created Time',1,0,'',100,17,67,2,'DT~O',3,NULL,'BAS',0,NULL,0,0,0),(23,465,'modifiedtime','vtiger_crmentity',1,'70','modifiedtime','Modified Time',1,0,'',100,18,67,2,'DT~O',3,NULL,'BAS',0,NULL,0,0,0),(23,466,'modifiedby','vtiger_crmentity',1,'52','modifiedby','Last Modified By',1,0,'',100,22,67,3,'V~O',3,NULL,'BAS',0,NULL,0,0,0),(23,467,'currency_id','vtiger_invoice',1,'117','currency_id','Currency',1,2,'1',100,19,67,3,'I~O',3,NULL,'BAS',1,NULL,0,0,0),(23,468,'conversion_rate','vtiger_invoice',1,'1','conversion_rate','Conversion Rate',1,2,'1',100,20,67,3,'N~O',3,NULL,'BAS',1,NULL,0,0,0),(23,469,'bill_street','vtiger_invoicebillads',1,'24','bill_street','Billing Address',1,2,'',100,1,69,1,'V~M',3,NULL,'BAS',1,NULL,0,0,0),(23,470,'ship_street','vtiger_invoiceshipads',1,'24','ship_street','Shipping Address',1,2,'',100,2,69,1,'V~M',3,NULL,'BAS',1,NULL,0,0,0),(23,471,'bill_city','vtiger_invoicebillads',1,'1','bill_city','Billing City',1,2,'',100,5,69,1,'V~O',3,NULL,'BAS',1,NULL,0,0,0),(23,472,'ship_city','vtiger_invoiceshipads',1,'1','ship_city','Shipping City',1,2,'',100,6,69,1,'V~O',3,NULL,'BAS',1,NULL,0,0,0),(23,473,'bill_state','vtiger_invoicebillads',1,'1','bill_state','Billing State',1,2,'',100,7,69,1,'V~O',3,NULL,'BAS',1,NULL,0,0,0),(23,474,'ship_state','vtiger_invoiceshipads',1,'1','ship_state','Shipping State',1,2,'',100,8,69,1,'V~O',3,NULL,'BAS',1,NULL,0,0,0),(23,475,'bill_code','vtiger_invoicebillads',1,'1','bill_code','Billing Code',1,2,'',100,9,69,1,'V~O',3,NULL,'BAS',1,NULL,0,0,0),(23,476,'ship_code','vtiger_invoiceshipads',1,'1','ship_code','Shipping Code',1,2,'',100,10,69,1,'V~O',3,NULL,'BAS',1,NULL,0,0,0),(23,477,'bill_country','vtiger_invoicebillads',1,'1','bill_country','Billing Country',1,2,'',100,11,69,1,'V~O',3,NULL,'BAS',1,NULL,0,0,0),(23,478,'ship_country','vtiger_invoiceshipads',1,'1','ship_country','Shipping Country',1,2,'',100,12,69,1,'V~O',3,NULL,'BAS',1,NULL,0,0,0),(23,479,'bill_pobox','vtiger_invoicebillads',1,'1','bill_pobox','Billing Po Box',1,2,'',100,3,69,1,'V~O',3,NULL,'BAS',1,NULL,0,0,0),(23,480,'ship_pobox','vtiger_invoiceshipads',1,'1','ship_pobox','Shipping Po Box',1,2,'',100,4,69,1,'V~O',3,NULL,'BAS',1,NULL,0,0,0),(23,481,'description','vtiger_crmentity',1,'19','description','Description',1,2,'',100,1,72,1,'V~O',3,NULL,'ADV',1,NULL,0,0,0),(23,482,'terms_conditions','vtiger_invoice',1,'19','terms_conditions','Terms & Conditions',1,2,'',100,1,71,1,'V~O',3,NULL,'ADV',1,NULL,0,0,0),(23,483,'invoice_no','vtiger_invoice',1,'4','invoice_no','Invoice No',1,0,'',100,3,67,1,'V~O',3,NULL,'BAS',0,NULL,1,0,0),(29,484,'user_name','vtiger_users',1,'106','user_name','User Name',1,0,'',11,1,77,1,'V~M',1,NULL,'BAS',1,NULL,0,0,0),(29,485,'is_admin','vtiger_users',1,'156','is_admin','Admin',1,0,'',3,7,77,1,'V~O',1,NULL,'BAS',1,NULL,0,0,0),(29,486,'user_password','vtiger_users',1,'99','user_password','Password',1,0,'',30,5,77,4,'P~M',1,NULL,'BAS',1,NULL,0,0,0),(29,487,'confirm_password','vtiger_users',1,'99','confirm_password','Confirm Password',1,0,'',30,6,77,4,'P~M',1,NULL,'BAS',1,NULL,0,0,0),(29,488,'first_name','vtiger_users',1,'1','first_name','First Name',1,0,'',30,3,77,1,'V~O',1,NULL,'BAS',1,NULL,0,0,0),(29,489,'last_name','vtiger_users',1,'2','last_name','Last Name',1,0,'',30,4,77,1,'V~M',1,NULL,'BAS',1,NULL,0,0,0),(29,490,'roleid','vtiger_user2role',1,'98','roleid','Role',1,0,'',200,8,77,1,'V~M',1,NULL,'BAS',1,NULL,0,0,0),(29,491,'email1','vtiger_users',1,'104','email1','Email',1,0,'',100,2,77,1,'E~M',1,NULL,'BAS',1,NULL,0,0,0),(29,492,'status','vtiger_users',1,'115','status','Status',1,0,'Active',100,10,77,1,'V~O',1,NULL,'BAS',1,NULL,0,0,0),(29,493,'activity_view','vtiger_users',1,'16','activity_view','Default Activity View',1,0,'',100,6,136,1,'V~O',1,NULL,'BAS',1,NULL,0,0,0),(29,494,'lead_view','vtiger_users',1,'16','lead_view','Default Lead View',1,0,'',100,9,77,1,'V~O',1,NULL,'BAS',1,NULL,0,0,0),(29,495,'hour_format','vtiger_users',1,'16','hour_format','Calendar Hour Format',1,0,'24',100,4,136,1,'V~O',1,NULL,'BAS',1,NULL,0,0,0),(29,496,'end_hour','vtiger_users',1,'116','end_hour','Day ends at',1,0,'',100,11,77,3,'V~O',1,NULL,'BAS',1,NULL,0,0,0),(29,497,'start_hour','vtiger_users',1,'16','start_hour','Day starts at',1,0,'',100,2,136,1,'V~O',1,NULL,'BAS',1,NULL,0,0,0),(29,498,'is_owner','vtiger_users',1,'1','is_owner','Account Owner',0,2,'0',100,12,77,5,'V~O',0,1,'BAS',0,NULL,0,0,0),(29,499,'title','vtiger_users',1,'1','title','Title',1,0,'',50,1,79,1,'V~O',1,NULL,'BAS',1,NULL,0,0,0),(29,500,'phone_work','vtiger_users',1,'11','phone_work','Office Phone',1,0,'',50,5,79,1,'V~O',1,NULL,'BAS',1,NULL,0,0,0),(29,501,'department','vtiger_users',1,'1','department','Department',1,0,'',50,3,79,1,'V~O',1,NULL,'BAS',1,NULL,0,0,0),(29,502,'phone_mobile','vtiger_users',1,'11','phone_mobile','Mobile',1,0,'',50,7,79,1,'V~O',1,NULL,'BAS',1,NULL,0,0,0),(29,503,'reports_to_id','vtiger_users',1,'101','reports_to_id','Reports To',1,0,'',50,8,79,1,'V~O',1,NULL,'BAS',1,NULL,0,0,0),(29,504,'phone_other','vtiger_users',1,'11','phone_other','Other Phone',1,0,'',50,11,79,1,'V~O',1,NULL,'BAS',1,NULL,0,0,0),(29,505,'email2','vtiger_users',1,'13','email2','Other Email',1,0,'',100,4,79,1,'E~O',1,NULL,'BAS',1,NULL,0,0,0),(29,506,'phone_fax','vtiger_users',1,'11','phone_fax','Fax',1,0,'',50,2,79,1,'V~O',1,NULL,'BAS',1,NULL,0,0,0),(29,507,'secondaryemail','vtiger_users',1,'13','secondaryemail','Secondary Email',1,0,'',100,6,79,1,'E~O',1,NULL,'BAS',1,NULL,0,0,0),(29,508,'phone_home','vtiger_users',1,'11','phone_home','Home Phone',1,0,'',50,9,79,1,'V~O',1,NULL,'BAS',1,NULL,0,0,0),(29,509,'date_format','vtiger_users',1,'16','date_format','Date Format',1,0,'',30,3,136,1,'V~O',1,NULL,'BAS',1,NULL,0,0,0),(29,510,'signature','vtiger_users',1,'21','signature','Signature',1,0,'',250,13,79,1,'V~O',1,NULL,'BAS',1,NULL,0,0,0),(29,511,'description','vtiger_users',1,'21','description','Documents',1,0,'',250,14,79,1,'V~O',1,NULL,'BAS',1,NULL,0,0,0),(29,512,'address_street','vtiger_users',1,'21','address_street','Street Address',1,0,'',250,1,80,1,'V~O',1,NULL,'BAS',1,NULL,0,0,0),(29,513,'address_city','vtiger_users',1,'1','address_city','City',1,0,'',100,3,80,1,'V~O',1,NULL,'BAS',1,NULL,0,0,0),(29,514,'address_state','vtiger_users',1,'1','address_state','State',1,0,'',100,5,80,1,'V~O',1,NULL,'BAS',1,NULL,0,0,0),(29,515,'address_postalcode','vtiger_users',1,'1','address_postalcode','Postal Code',1,0,'',100,4,80,1,'V~O',1,NULL,'BAS',1,NULL,0,0,0),(29,516,'address_country','vtiger_users',1,'1','address_country','Country',1,0,'',100,2,80,1,'V~O',1,NULL,'BAS',1,NULL,0,0,0),(29,517,'accesskey','vtiger_users',1,'3','accesskey','Webservice Access Key',1,0,'',100,2,83,2,'V~O',1,NULL,'BAS',1,NULL,0,0,0),(29,518,'time_zone','vtiger_users',1,'16','time_zone','Time Zone',1,0,'',200,5,136,1,'V~O',1,NULL,'BAS',1,NULL,0,0,0),(29,519,'currency_id','vtiger_users',1,'117','currency_id','Currency',1,0,'',100,1,78,1,'I~O',1,NULL,'BAS',1,NULL,0,0,0),(29,520,'currency_grouping_pattern','vtiger_users',1,'16','currency_grouping_pattern','Digit Grouping Pattern',1,0,'123456789',100,2,78,1,'V~O',1,NULL,'BAS',1,'<b>Currency - Digit Grouping Pattern</b> <br/><br/>This pattern specifies the format in which the currency separator will be placed.',0,0,0),(29,521,'currency_decimal_separator','vtiger_users',1,'16','currency_decimal_separator','Decimal Separator',1,0,'.',2,3,78,1,'V~O',1,NULL,'BAS',1,'<b>Currency - Decimal Separator</b> <br/><br/>Decimal separator specifies the separator to be used to separate the fractional values from the whole number part. <br/><b>Eg:</b> <br/>. => 123.45 <br/>, => 123,45 <br/>\' => 123\'45 <br/>  => 123 45 <br/>$ => 123$45 <br/>',0,0,0),(29,522,'currency_grouping_separator','vtiger_users',1,'16','currency_grouping_separator','Digit Grouping Separator',1,0,',',2,4,78,1,'V~O',1,NULL,'BAS',1,'<b>Currency - Grouping Separator</b> <br/><br/>Grouping separator specifies the separator to be used to group the whole number part into hundreds, thousands etc. <br/><b>Eg:</b> <br/>. => 123.456.789 <br/>, => 123,456,789 <br/>\' => 123\'456\'789 <br/>  => 123 456 789 <br/>$ => 123$456$789 <br/>',0,0,0),(29,523,'currency_symbol_placement','vtiger_users',1,'16','currency_symbol_placement','Symbol Placement',1,0,'1.0$',20,5,78,1,'V~O',1,NULL,'BAS',1,'<b>Currency - Symbol Placement</b> <br/><br/>Symbol Placement allows you to configure the position of the currency symbol with respect to the currency value.<br/><b>Eg:</b> <br/>$1.0 => $123,456,789.50 <br/>1.0$ => 123,456,789.50$ <br/>',0,0,0),(29,524,'imagename','vtiger_users',1,'105','imagename','User Image',1,0,'',250,10,82,1,'V~O',1,NULL,'BAS',1,NULL,0,0,0),(29,525,'internal_mailer','vtiger_users',1,'56','internal_mailer','INTERNAL_MAIL_COMPOSER',1,0,'',50,15,79,1,'V~O',1,NULL,'BAS',1,NULL,0,0,0),(29,526,'theme','vtiger_users',1,'31','theme','Theme',1,0,'softed',100,16,79,1,'V~O',1,NULL,'BAS',1,NULL,0,0,0),(29,527,'language','vtiger_users',1,'32','language','Language',1,0,'',100,17,79,1,'V~O',1,NULL,'BAS',1,NULL,0,0,0),(29,528,'reminder_interval','vtiger_users',1,'16','reminder_interval','Reminder Interval',1,0,'',100,11,136,1,'V~O',1,NULL,'BAS',1,NULL,0,0,0),(10,529,'from_email','vtiger_emaildetails',1,'12','from_email','From',1,2,'',100,1,21,3,'V~M',3,NULL,'BAS',0,NULL,0,0,0),(10,530,'to_email','vtiger_emaildetails',1,'8','saved_toid','To',1,2,'',100,2,21,1,'V~M',3,NULL,'BAS',0,NULL,0,0,0),(10,531,'cc_email','vtiger_emaildetails',1,'8','ccmail','CC',1,2,'',1000,3,21,1,'V~O',3,NULL,'BAS',0,NULL,0,0,0),(10,532,'bcc_email','vtiger_emaildetails',1,'8','bccmail','BCC',1,2,'',1000,4,21,1,'V~O',3,NULL,'BAS',0,NULL,0,0,0),(10,533,'idlists','vtiger_emaildetails',1,'357','parent_id','Parent ID',1,2,'',1000,5,21,1,'V~O',3,NULL,'BAS',0,NULL,0,0,0),(10,534,'email_flag','vtiger_emaildetails',1,'16','email_flag','Email Flag',1,2,'',1000,6,21,3,'V~O',3,NULL,'BAS',0,NULL,0,0,0),(31,535,'servicename','vtiger_service',1,'2','servicename','Service Name',1,0,'',100,1,88,1,'V~M',0,1,'BAS',1,'',1,NULL,0),(31,536,'service_no','vtiger_service',1,'4','service_no','Service No',1,0,'',100,2,88,1,'V~O',3,0,'BAS',0,'',1,NULL,0),(31,537,'discontinued','vtiger_service',1,'56','discontinued','Service Active',1,2,'1',100,4,88,1,'V~O',2,3,'BAS',1,'',0,NULL,0),(31,538,'sales_start_date','vtiger_service',1,'5','sales_start_date','Sales Start Date',1,2,'',100,9,88,1,'D~O',1,0,'BAS',1,'',0,NULL,0),(31,539,'sales_end_date','vtiger_service',1,'5','sales_end_date','Sales End Date',1,2,'',100,10,88,1,'D~O~OTH~GE~sales_start_date~Sales Start Date',1,0,'BAS',1,'',0,NULL,0),(31,540,'start_date','vtiger_service',1,'5','start_date','Support Start Date',1,2,'',100,11,88,1,'D~O',1,0,'BAS',1,'',0,NULL,0),(31,541,'expiry_date','vtiger_service',1,'5','expiry_date','Support Expiry Date',1,2,'',100,12,88,1,'D~O~OTH~GE~start_date~Start Date',1,0,'BAS',1,'',0,NULL,0),(31,542,'website','vtiger_service',1,'17','website','Website',1,2,'',100,6,88,1,'V~O',1,0,'BAS',1,'',0,NULL,0),(31,543,'createdtime','vtiger_crmentity',1,'70','createdtime','Created Time',1,0,'',100,13,88,2,'DT~O',3,0,'BAS',0,'',0,NULL,0),(31,544,'modifiedtime','vtiger_crmentity',1,'70','modifiedtime','Modified Time',1,0,'',100,14,88,2,'DT~O',3,0,'BAS',0,'',0,NULL,0),(31,545,'modifiedby','vtiger_crmentity',1,'52','modifiedby','Last Modified By',1,0,'',100,16,88,3,'V~O',3,0,'BAS',0,'',0,NULL,0),(31,546,'service_usageunit','vtiger_service',1,'15','service_usageunit','Usage Unit',1,2,'',100,3,88,1,'V~O',1,0,'BAS',1,'',0,NULL,0),(31,547,'qty_per_unit','vtiger_service',1,'1','qty_per_unit','No of Units',1,2,'',100,5,88,1,'N~O',1,0,'BAS',1,'',1,NULL,0),(31,548,'smownerid','vtiger_crmentity',1,'53','assigned_user_id','Owner',1,0,'',100,8,88,1,'I~O',1,0,'BAS',1,'',0,NULL,0),(31,549,'servicecategory','vtiger_service',1,'15','servicecategory','Service Category',1,2,'',100,7,88,1,'V~O',1,0,'BAS',1,'',0,NULL,0),(31,550,'source','vtiger_crmentity',1,'1','source','Source',1,2,'',100,17,88,2,'V~O',3,4,'BAS',0,'',0,NULL,0),(31,551,'tags','vtiger_service',1,'1','tags','tags',1,2,'',100,18,88,6,'V~O',3,5,'BAS',0,'',0,NULL,0),(31,552,'unit_code','vtiger_service',1,'1','unit_code','Unit Code',1,2,'',100,20,88,2,'V~O',1,0,'BAS',1,'',0,NULL,0),(31,553,'smcreatorid','vtiger_crmentity',1,'52','created_user_id','Created By',1,2,'',100,21,88,2,'V~O',3,6,'BAS',0,'',0,NULL,0),(31,554,'unit_price','vtiger_service',1,'72','unit_price','Price',1,0,'',100,1,89,1,'N~O',2,2,'BAS',0,'',1,NULL,0),(31,555,'taxclass','vtiger_service',1,'83','taxclass','Taxes',1,2,'',100,4,89,1,'V~O',2,0,'BAS',1,'',0,NULL,0),(31,556,'commissionrate','vtiger_service',1,'9','commissionrate','Commission Rate',1,2,'',100,2,89,1,'N~O',1,0,'BAS',1,'',1,NULL,0),(31,557,'description','vtiger_crmentity',1,'19','description','Description',1,2,'',100,1,91,1,'V~O',1,0,'BAS',1,'',0,NULL,0),(31,558,'starred','vtiger_crmentity_user_field',1,'56','starred','starred',1,2,'',100,22,88,6,'C~O',3,7,'BAS',0,'',0,NULL,0),(35,559,'direction','vtiger_pbxmanager',1,'1','direction','Direction',1,2,'',100,1,92,1,'V~O',1,0,'BAS',1,'',0,NULL,0),(35,560,'callstatus','vtiger_pbxmanager',1,'1','callstatus','Call Status',1,2,'',100,2,92,1,'V~O',1,0,'BAS',1,'',1,NULL,0),(35,561,'starttime','vtiger_pbxmanager',1,'70','starttime','Start Time',1,2,'',100,7,92,1,'DT~O',1,0,'BAS',1,'',1,NULL,0),(35,562,'endtime','vtiger_pbxmanager',1,'70','endtime','End Time',1,2,'',100,8,92,1,'DT~O',1,0,'BAS',1,'',0,NULL,0),(35,563,'totalduration','vtiger_pbxmanager',1,'7','totalduration','Total Duration',1,2,'',100,10,92,1,'I~O',1,0,'BAS',1,'',1,NULL,0),(35,564,'billduration','vtiger_pbxmanager',1,'7','billduration','Bill Duration',1,2,'',100,11,92,1,'I~O',1,0,'BAS',1,'',0,NULL,0),(35,565,'recordingurl','vtiger_pbxmanager',1,'17','recordingurl','Recording URL',1,2,'',100,9,92,1,'V~O',1,0,'BAS',1,'',1,NULL,0),(35,566,'sourceuuid','vtiger_pbxmanager',1,'1','sourceuuid','Source UUID',1,2,'',100,12,92,1,'V~O',1,0,'BAS',1,'',0,NULL,0),(35,567,'gateway','vtiger_pbxmanager',1,'1','gateway','Gateway',1,2,'',100,13,92,1,'V~O',1,0,'BAS',1,'',0,NULL,0),(35,568,'customer','vtiger_pbxmanager',1,'10','customer','Customer',1,2,'',100,3,92,1,'V~O',1,0,'BAS',1,'',0,NULL,0),(35,569,'user','vtiger_pbxmanager',1,'52','user','User',1,2,'',100,4,92,1,'V~O',1,0,'BAS',1,'',1,NULL,0),(35,570,'customernumber','vtiger_pbxmanager',1,'11','customernumber','Customer Number',1,2,'',100,5,92,1,'V~M',1,0,'BAS',1,'',1,NULL,0),(35,571,'customertype','vtiger_pbxmanager',1,'1','customertype','Customer Type',1,2,'',100,6,92,1,'V~O',1,0,'BAS',1,'',0,NULL,0),(35,572,'incominglinename','vtiger_pbxmanager',1,'1','incominglinename','Incoming Line Name',1,2,'',100,17,92,1,'V~O',1,0,'BAS',1,'',0,NULL,0),(35,573,'smownerid','vtiger_crmentity',1,'53','assigned_user_id','Assigned To',1,2,'',100,14,92,1,'V~M',1,0,'BAS',1,'',0,NULL,0),(35,574,'createdtime','vtiger_crmentity',1,'70','createdtime','Created Time',1,2,'',100,15,92,2,'DT~O',1,0,'BAS',0,'',0,NULL,0),(35,575,'modifiedtime','vtiger_crmentity',1,'70','modifiedtime','Modified Time',1,2,'',100,16,92,2,'DT~O',1,0,'BAS',0,'',0,NULL,0),(35,576,'source','vtiger_crmentity',1,'1','source','Source',1,2,'',100,17,92,2,'V~O',3,1,'BAS',0,'',0,NULL,0),(35,577,'smcreatorid','vtiger_crmentity',1,'52','created_user_id','Created By',1,2,'',100,18,92,2,'V~O',3,2,'BAS',0,'',0,NULL,0),(29,578,'phone_crm_extension','vtiger_users',1,'11','phone_crm_extension','CRM Phone Extension',1,2,'',100,18,79,1,'V~O',1,0,'BAS',1,'',0,NULL,0),(36,579,'smownerid','vtiger_crmentity',1,'53','assigned_user_id','Assigned To',1,2,'',100,4,93,1,'V~M',2,2,'BAS',1,'',1,NULL,0),(36,580,'createdtime','vtiger_crmentity',1,'70','createdtime','Created Time',1,0,'',100,17,93,2,'DT~O',3,0,'BAS',0,'',0,NULL,0),(36,581,'modifiedtime','vtiger_crmentity',1,'70','modifiedtime','Modified Time',1,0,'',100,18,93,2,'DT~O',3,0,'BAS',0,'',0,NULL,0),(36,582,'start_date','vtiger_servicecontracts',1,'5','start_date','Start Date',1,2,'',100,7,93,1,'D~O',2,4,'BAS',1,'',0,NULL,0),(36,583,'end_date','vtiger_servicecontracts',1,'5','end_date','End Date',1,2,'',100,11,93,2,'D~O',3,0,'BAS',0,'',0,NULL,0),(36,584,'sc_related_to','vtiger_servicecontracts',1,'10','sc_related_to','Related to',1,2,'',100,3,93,1,'V~O',2,6,'BAS',1,'',0,NULL,0),(36,585,'tracking_unit','vtiger_servicecontracts',1,'15','tracking_unit','Tracking Unit',1,2,'',100,6,93,1,'V~O',2,7,'BAS',1,'',0,NULL,0),(36,586,'total_units','vtiger_servicecontracts',1,'7','total_units','Total Units',1,2,'',100,8,93,1,'NN~O',2,8,'BAS',1,'',1,NULL,0),(36,587,'used_units','vtiger_servicecontracts',1,'7','used_units','Used Units',1,2,'',100,10,93,1,'NN~O',2,9,'BAS',1,'',1,NULL,0),(36,588,'subject','vtiger_servicecontracts',1,'1','subject','Subject',1,0,'',100,1,93,1,'V~M',0,1,'BAS',1,'',1,NULL,0),(36,589,'due_date','vtiger_servicecontracts',1,'23','due_date','Due date',1,2,'',100,9,93,1,'D~O',2,5,'BAS',1,'',0,NULL,0),(36,590,'planned_duration','vtiger_servicecontracts',1,'1','planned_duration','Planned Duration',1,2,'',100,13,93,2,'V~O',3,0,'BAS',0,'',0,NULL,0),(36,591,'actual_duration','vtiger_servicecontracts',1,'1','actual_duration','Actual Duration',1,2,'',100,15,93,2,'V~O',3,0,'BAS',0,'',0,NULL,0),(36,592,'contract_status','vtiger_servicecontracts',1,'15','contract_status','Status',1,2,'',100,12,93,1,'V~O',1,0,'BAS',1,'',0,NULL,0),(36,593,'priority','vtiger_servicecontracts',1,'15','contract_priority','Priority',1,2,'',100,14,93,1,'V~O',1,0,'BAS',1,'',0,NULL,0),(36,594,'contract_type','vtiger_servicecontracts',1,'15','contract_type','Type',1,2,'',100,5,93,1,'V~O',1,0,'BAS',1,'',0,NULL,0),(36,595,'progress','vtiger_servicecontracts',1,'9','progress','Progress',1,2,'',100,16,93,2,'N~O~2~2',3,3,'BAS',0,'',0,NULL,0),(36,596,'contract_no','vtiger_servicecontracts',1,'4','contract_no','Contract No',1,0,'',100,2,93,1,'V~O',3,0,'BAS',0,'',1,NULL,0),(36,597,'modifiedby','vtiger_crmentity',1,'52','modifiedby','Last Modified By',1,0,'',100,17,93,3,'V~O',3,0,'BAS',0,'',0,NULL,0),(36,598,'source','vtiger_crmentity',1,'1','source','Source',1,2,'',100,19,93,2,'V~O',3,10,'BAS',0,'',0,NULL,0),(36,599,'tags','vtiger_servicecontracts',1,'1','tags','tags',1,2,'',100,20,93,6,'V~O',3,11,'BAS',0,'',0,NULL,0),(36,600,'smcreatorid','vtiger_crmentity',1,'52','created_user_id','Created By',1,2,'',100,21,93,2,'V~O',3,12,'BAS',0,'',0,NULL,0),(36,601,'starred','vtiger_crmentity_user_field',1,'56','starred','starred',1,2,'',100,22,93,6,'C~O',3,13,'BAS',0,'',0,NULL,0),(40,602,'commentcontent','vtiger_modcomments',1,'19','commentcontent','Comment',1,0,'',100,4,95,1,'V~M',0,4,'BAS',2,'',1,NULL,0),(40,603,'source','vtiger_crmentity',1,'1','source','Source',1,2,'',100,5,95,2,'V~O',3,6,'BAS',0,'',0,NULL,0),(40,604,'customer','vtiger_modcomments',1,'10','customer','Customer',1,2,'',100,6,95,3,'V~O',1,0,'BAS',1,'',0,NULL,0),(40,605,'userid','vtiger_modcomments',1,'10','userid','UserId',1,2,'',100,7,95,3,'V~O',1,0,'BAS',1,'',0,NULL,0),(40,606,'reasontoedit','vtiger_modcomments',1,'19','reasontoedit','ReasonToEdit',1,2,'',100,8,95,1,'V~O',1,0,'BAS',1,'',0,NULL,0),(40,607,'smcreatorid','vtiger_crmentity',1,'52','created_user_id','Created By',1,2,'',100,9,95,2,'V~O',3,7,'BAS',0,'',0,NULL,0),(40,608,'smownerid','vtiger_crmentity',1,'53','assigned_user_id','Assigned To',1,0,'',100,1,96,1,'V~M',0,1,'BAS',2,'',1,NULL,0),(40,609,'createdtime','vtiger_crmentity',1,'70','createdtime','Created Time',1,0,'',100,5,96,2,'DT~O',0,2,'BAS',0,'',0,NULL,0),(40,610,'modifiedtime','vtiger_crmentity',1,'70','modifiedtime','Modified Time',1,0,'',100,6,96,2,'DT~O',0,3,'BAS',0,'',0,NULL,0),(40,611,'related_to','vtiger_modcomments',1,'10','related_to','Related To',1,2,'',100,2,96,1,'V~M',2,5,'BAS',2,'',0,NULL,0),(40,612,'smcreatorid','vtiger_crmentity',1,'52','creator','Creator',1,2,'',100,4,96,2,'V~O',1,0,'BAS',1,'',0,NULL,0),(40,613,'parent_comments','vtiger_modcomments',1,'10','parent_comments','Related To Comments',1,2,'',100,7,96,1,'V~O',1,0,'BAS',1,'',0,NULL,0),(42,614,'asset_no','vtiger_assets',1,'4','asset_no','Asset No',1,0,'',100,2,98,1,'V~O',3,0,'BAS',0,'\n					',1,NULL,0),(42,615,'product','vtiger_assets',1,'10','product','Product Name',1,2,'',100,3,98,1,'V~M',0,3,'BAS',1,'\n					',1,NULL,0),(42,616,'serialnumber','vtiger_assets',1,'2','serialnumber','Serial Number',1,2,'',100,4,98,1,'V~M',0,5,'BAS',1,'\n					',0,NULL,0),(42,617,'datesold','vtiger_assets',1,'5','datesold','Date Sold',1,2,'',100,5,98,1,'D~M~OTH~GE~datesold~Date Sold',0,0,'BAS',1,'\n					',0,NULL,0),(42,618,'dateinservice','vtiger_assets',1,'5','dateinservice','Date in Service',1,2,'',100,6,98,1,'D~M~OTH~GE~dateinservice~Date in Service',0,4,'BAS',1,'\n					',0,NULL,0),(42,619,'assetstatus','vtiger_assets',1,'15','assetstatus','Status',1,2,'',100,7,98,1,'V~M',0,0,'BAS',1,'\n					',0,NULL,0),(42,620,'tagnumber','vtiger_assets',1,'2','tagnumber','Tag Number',1,2,'',100,8,98,1,'V~O',1,0,'BAS',1,'\n					',0,NULL,0),(42,621,'invoiceid','vtiger_assets',1,'10','invoiceid','Invoice Name',1,2,'',100,9,98,1,'V~O',1,0,'BAS',1,'\n					',0,NULL,0),(42,622,'shippingmethod','vtiger_assets',1,'2','shippingmethod','Shipping Method',1,2,'',100,10,98,1,'V~O',1,0,'BAS',1,'\n					',0,NULL,0),(42,623,'shippingtrackingnumber','vtiger_assets',1,'2','shippingtrackingnumber','Shipping Tracking Number',1,2,'',100,11,98,1,'V~O',1,0,'BAS',1,'\n					',0,NULL,0),(42,624,'smownerid','vtiger_crmentity',1,'53','assigned_user_id','Assigned To',1,2,'',100,4,98,1,'V~M',0,2,'BAS',1,'\n					',0,NULL,0),(42,625,'assetname','vtiger_assets',1,'1','assetname','Asset Name',1,0,'',100,12,98,1,'V~M',0,6,'BAS',1,'\n					',1,NULL,0),(42,626,'account','vtiger_assets',1,'10','account','Customer Name',1,2,'',100,13,98,1,'V~M',0,0,'BAS',1,'\n					',1,NULL,0),(42,627,'contact','vtiger_assets',1,'10','contact','Contact Name',1,2,'',100,14,98,1,'V~O',0,0,'BAS',1,'\n					',0,NULL,0),(42,628,'createdtime','vtiger_crmentity',1,'70','createdtime','Created Time',1,0,'',100,14,98,2,'DT~O',3,0,'BAS',0,'\n					',0,NULL,0),(42,629,'modifiedtime','vtiger_crmentity',1,'70','modifiedtime','Modified Time',1,0,'',100,15,98,2,'DT~O',3,0,'BAS',0,'\n					',0,NULL,0),(42,630,'modifiedby','vtiger_crmentity',1,'52','modifiedby','Last Modified By',1,0,'',100,16,98,3,'V~O',3,0,'BAS',0,'\n					',0,NULL,0),(42,631,'source','vtiger_crmentity',1,'1','source','Source',1,2,'',100,17,98,2,'V~O',3,7,'BAS',0,'',0,NULL,0),(42,632,'tags','vtiger_assets',1,'1','tags','tags',1,2,'',100,18,98,6,'V~O',3,8,'BAS',0,'',0,NULL,0),(42,633,'smcreatorid','vtiger_crmentity',1,'52','created_user_id','Created By',1,2,'',100,19,98,2,'V~O',3,9,'BAS',0,'',0,NULL,0),(42,634,'description','vtiger_crmentity',1,'19','description','Notes',1,2,'',100,1,100,1,'V~O',1,0,'BAS',1,'\n					',0,NULL,0),(42,635,'starred','vtiger_crmentity_user_field',1,'56','starred','starred',1,2,'',100,20,98,6,'C~O',3,10,'BAS',0,'',0,NULL,0),(6,636,'one_s_id','vtiger_account',1,'1','one_s_id','1C ID',1,2,'',100,27,9,3,'V~O',1,0,'BAS',1,'',0,NULL,0),(19,637,'one_s_id','vtiger_pricebook',1,'1','one_s_id','1C ID',1,2,'',100,8,46,3,'V~O',1,0,'BAS',1,'',0,NULL,0),(14,638,'one_s_id','vtiger_products',1,'1','one_s_id','1C ID',1,2,'',100,25,31,3,'V~O',1,0,'BAS',1,'',0,NULL,0),(22,639,'one_s_id','vtiger_salesorder',1,'1','one_s_id','1C ID',1,2,'',100,23,61,3,'V~O',1,0,'BAS',1,'',0,NULL,0),(22,640,'fromsite','vtiger_salesorder',1,'1','fromsite','fromsite',1,2,'',100,24,61,3,'V~O',1,0,'BAS',1,'',0,NULL,0),(31,641,'one_s_id','vtiger_service',1,'1','one_s_id','1C ID',1,2,'',100,23,88,3,'V~O',1,0,'BAS',1,'',0,NULL,0),(45,642,'message','vtiger_sp_socialconnector',1,'21','message','message',1,0,'',100,1,101,1,'V~M',1,0,'BAS',1,'',1,NULL,0),(45,643,'smownerid','vtiger_crmentity',1,'53','assigned_user_id','Assigned To',1,0,'',100,2,101,1,'V~M',1,0,'BAS',1,'',1,NULL,0),(45,644,'message_datetime','vtiger_sp_socialconnector',1,'70','message_datetime','Date Time',1,2,'',100,5,101,1,'DT~O',1,0,'BAS',0,'',1,NULL,0),(45,645,'type','vtiger_sp_socialconnector',1,'15','type','Type',0,0,'',100,1,101,1,'V~O',1,0,'BAS',1,'',1,NULL,0),(45,646,'vk_status','vtiger_sp_socialconnector',1,'15','vk_status','Vkontakte',0,0,'',100,7,101,1,'V~O',1,0,'BAS',1,'',0,NULL,0),(45,647,'tw_status','vtiger_sp_socialconnector',1,'15','tw_status','Twitter',0,0,'',100,8,101,1,'V~O',1,0,'BAS',1,'',0,NULL,0),(45,648,'vk_message_id','vtiger_sp_socialconnector',1,'2','vk_message_id','Vkontakte Message ID',0,0,'',100,7,101,3,'V~O',1,0,'BAS',1,'',0,NULL,0),(45,649,'tw_message_id','vtiger_sp_socialconnector',1,'2','tw_message_id','Twitter Message ID',0,0,'',100,7,101,3,'V~O',1,0,'BAS',1,'',0,NULL,0),(45,650,'source','vtiger_crmentity',1,'1','source','Source',1,2,'',100,9,101,2,'V~O',3,1,'BAS',0,'',0,NULL,0),(45,651,'tags','vtiger_sp_socialconnector',1,'1','tags','tags',1,2,'',100,10,101,6,'V~O',3,2,'BAS',0,'',0,NULL,0),(45,652,'smcreatorid','vtiger_crmentity',1,'52','created_user_id','Created By',1,2,'',100,11,101,2,'V~O',3,3,'BAS',0,'',0,NULL,0),(45,653,'starred','vtiger_crmentity_user_field',1,'56','starred','starred',1,2,'',100,12,101,6,'C~O',3,4,'BAS',0,'',0,NULL,0),(4,654,'vk_url','vtiger_contactscf',1,'17','vk_url','Vkontakte URL',1,2,'',100,30,4,1,'V~O',1,0,'BAS',1,'',0,NULL,0),(4,655,'tw_url','vtiger_contactscf',1,'17','tw_url','Twitter URL',1,2,'',100,31,4,1,'V~O',1,0,'BAS',1,'',0,NULL,0),(7,656,'vk_url','vtiger_leadscf',1,'17','vk_url','Vkontakte URL',1,2,'',100,25,13,1,'V~O',1,0,'BAS',1,'',0,NULL,0),(7,657,'tw_url','vtiger_leadscf',1,'17','tw_url','Twitter URL',1,2,'',100,26,13,1,'V~O',1,0,'BAS',1,'',0,NULL,0),(6,658,'vk_url','vtiger_accountscf',1,'17','vk_url','Vkontakte URL',1,2,'',100,28,9,1,'V~O',1,0,'BAS',1,'',0,NULL,0),(6,659,'tw_url','vtiger_accountscf',1,'17','tw_url','Twitter URL',1,2,'',100,29,9,1,'V~O',1,0,'BAS',1,'',0,NULL,0),(46,660,'smownerid','vtiger_crmentity',1,'53','assigned_user_id','Assigned To',1,0,'',100,2,102,1,'V~M',1,0,'BAS',1,'',1,NULL,0),(46,661,'createdtime','vtiger_crmentity',1,'70','createdtime','Created Time',1,0,'',100,5,102,2,'DT~O',1,0,'BAS',0,'',0,NULL,0),(46,662,'modifiedtime','vtiger_crmentity',1,'70','modifiedtime','Modified Time',1,0,'',100,6,102,2,'DT~O',1,0,'BAS',0,'',0,NULL,0),(46,663,'message','vtiger_smsnotifier',1,'21','message','message',1,0,'',100,1,102,1,'V~M',1,0,'BAS',1,'',1,NULL,0),(46,664,'modifiedby','vtiger_crmentity',1,'52','modifiedby','Last Modified By',1,0,'',100,7,102,3,'V~O',1,0,'BAS',0,'',0,NULL,0),(46,665,'source','vtiger_crmentity',1,'1','source','Source',1,2,'',100,8,102,2,'V~O',3,1,'BAS',0,'',0,NULL,0),(46,666,'smcreatorid','vtiger_crmentity',1,'52','created_user_id','Created By',1,2,'',100,9,102,2,'V~O',3,2,'BAS',0,'',0,NULL,0),(35,667,'sp_is_local_cached','vtiger_pbxmanager',1,'1','sp_is_local_cached','Is local recorded',1,2,'0',100,19,92,3,'C~O',1,0,'BAS',1,'',0,NULL,0),(35,668,'sp_recordingurl','vtiger_pbxmanager',1,'1','sp_recordingurl','Recording url',1,2,'',100,20,92,1,'V~O',1,0,'BAS',1,'',0,NULL,0),(35,669,'sp_is_recorded','vtiger_pbxmanager',1,'1','sp_is_recorded','Is recorded',1,2,'',100,21,92,1,'V~O',1,0,'BAS',1,'',0,NULL,0),(35,670,'sp_recorded_call_id','vtiger_pbxmanager',1,'1','sp_recorded_call_id','Recorder call id',1,2,'',100,22,92,1,'V~O',1,0,'BAS',1,'',0,NULL,0),(35,671,'sp_voip_provider','vtiger_pbxmanager',1,'1','sp_voip_provider','Provider',1,2,'',100,23,92,1,'V~O',1,0,'BAS',1,'',0,NULL,0),(35,672,'sp_call_status_code','vtiger_pbxmanager',1,'1','sp_call_status_code','Status code',1,2,'',100,24,92,1,'V~O',1,0,'BAS',1,'',0,NULL,0),(35,673,'sp_called_from_number','vtiger_pbxmanager',1,'1','sp_called_from_number','From number',1,2,'',100,25,92,1,'V~O',1,0,'BAS',1,'',0,NULL,0),(35,674,'sp_called_to_number','vtiger_pbxmanager',1,'1','sp_called_to_number','To number',1,2,'',100,26,92,1,'V~O',1,0,'BAS',1,'',0,NULL,0),(29,675,'sp_gravitel_id','vtiger_users',1,'1','sp_gravitel_id','Gravitel Id',1,2,'',100,19,79,1,'V~O',1,0,'BAS',1,'',0,NULL,0),(29,676,'sp_megafon_id','vtiger_users',1,'1','sp_megafon_id','Megafon Id',1,2,'',100,20,79,1,'V~O',1,0,'BAS',1,'',0,NULL,0),(29,677,'sp_zebra_login','vtiger_users',1,'1','sp_zebra_login','Zebra login',1,2,'',100,21,79,1,'V~O',1,0,'BAS',1,'',0,NULL,0),(29,678,'sp_uiscom_id','vtiger_users',1,'1','sp_uiscom_id','UIScom ID',1,2,'',100,22,79,1,'V~O',1,0,'BAS',1,'',0,NULL,0),(29,679,'sp_uiscom_extension','vtiger_users',1,'1','sp_uiscom_extension','UIScom extension',1,2,'',100,23,79,1,'V~O',1,0,'BAS',1,'',0,NULL,0),(29,680,'sp_telphin_extension','vtiger_users',1,'1','sp_telphin_extension','Telphin extension',1,2,'',100,24,79,1,'V~O',1,0,'BAS',1,'',0,NULL,0),(29,681,'sp_zadarma_extension','vtiger_users',1,'1','sp_zadarma_extension','Zadarma extension',1,2,'',100,25,79,1,'V~O',1,0,'BAS',1,'',0,NULL,0),(29,682,'sp_yandex_extension','vtiger_users',1,'1','sp_yandex_extension','Yandex extension',1,2,'',100,26,79,1,'V~O',1,0,'BAS',1,'',0,NULL,0),(29,683,'sp_yandex_outgoing_number','vtiger_users',1,'1','sp_yandex_outgoing_number','Yandex outgoing number',1,2,'',100,27,79,1,'V~O',1,0,'BAS',1,'',0,NULL,0),(29,684,'sp_domru_id','vtiger_users',1,'1','sp_domru_id','Dom.RU Id',1,2,'',100,28,79,1,'V~O',1,0,'BAS',1,'',0,NULL,0),(29,685,'sp_westcall_spb_id','vtiger_users',1,'1','sp_westcall_spb_id','WestCall SPB Id',1,2,'',100,29,79,1,'V~O',1,0,'BAS',1,'',0,NULL,0),(29,686,'sp_mcn_extension','vtiger_users',1,'1','sp_mcn_extension','MCN Telecom extension',1,2,'',100,30,79,1,'V~O',1,0,'BAS',1,'',0,NULL,0),(29,687,'sp_rostelecom_extension','vtiger_users',1,'1','sp_rostelecom_extension','Rostelecom extension',1,2,'',100,31,79,1,'V~O',1,0,'BAS',1,'',0,NULL,0),(29,688,'sp_rostelecom_extension_internal','vtiger_users',1,'1','sp_rostelecom_extension_internal','Rostelecom extension internal',1,2,'',100,32,79,1,'V~O',1,0,'BAS',1,'',0,NULL,0),(29,689,'sp_rostelecom_extension_sipiru','vtiger_users',1,'1','sp_rostelecom_extension_sipiru','Rostelecom extension SIP URI',1,2,'',100,33,79,1,'V~O',1,0,'BAS',1,'',0,NULL,0),(29,690,'sp_sipuni_extension','vtiger_users',1,'1','sp_sipuni_extension','Sipuni extension',1,2,'',100,34,79,1,'V~O',1,0,'BAS',1,'',0,NULL,0),(29,691,'sp_mango_extension','vtiger_users',1,'1','sp_mango_extension','Mango extension',1,2,'',100,35,79,1,'V~O',1,0,'BAS',1,'',0,NULL,0),(50,692,'unit_no','sp_units',1,'4','unit_no','Unit No',1,0,'',100,1,105,1,'V~O',3,0,'BAS',0,'',1,NULL,0),(50,693,'unitname','sp_units',1,'1','unitname','Unit Name',1,0,'',200,2,105,1,'V~M',3,0,'BAS',1,'',1,NULL,0),(50,694,'usageunit','sp_units',1,'1','usageunit','Usage Unit',1,0,'',200,3,105,1,'V~M',3,0,'BAS',1,'',1,NULL,0),(50,695,'unit_code','sp_units',1,'1','unit_code','Unit Code',1,0,'',200,4,105,1,'V~M',3,0,'BAS',1,'',1,NULL,0),(50,696,'smownerid','vtiger_crmentity',1,'53','assigned_user_id','Assigned To',1,0,'',100,5,105,1,'V~M',3,0,'BAS',1,'',1,NULL,0),(50,697,'createdtime','vtiger_crmentity',1,'70','createdtime','Created Time',1,0,'',100,6,105,2,'DT~O',3,0,'BAS',0,'',0,NULL,0),(50,698,'modifiedtime','vtiger_crmentity',1,'70','modifiedtime','Modified Time',1,0,'',100,7,105,2,'DT~O',3,0,'BAS',0,'',0,NULL,0),(50,699,'modifiedby','vtiger_crmentity',1,'52','modifiedby','Last Modified By',1,0,'',100,8,105,3,'V~O',3,0,'BAS',0,'',0,NULL,0),(50,700,'source','vtiger_crmentity',1,'1','source','Source',1,2,'',100,9,105,2,'V~O',3,1,'BAS',0,'',0,NULL,0),(50,701,'tags','sp_units',1,'1','tags','tags',1,2,'',100,10,105,6,'V~O',3,2,'BAS',0,'',0,NULL,0),(50,702,'smcreatorid','vtiger_crmentity',1,'52','created_user_id','Created By',1,2,'',100,11,105,2,'V~O',3,3,'BAS',0,'',0,NULL,0),(50,703,'starred','vtiger_crmentity_user_field',1,'56','starred','starred',1,2,'',100,12,105,6,'C~O',3,4,'BAS',0,'',0,NULL,0),(14,704,'unit_code','vtiger_products',1,'1','unit_code','Unit Code',1,2,'',100,7,33,2,'V~O',1,0,'BAS',1,'',0,NULL,0),(31,705,'unit_code','vtiger_service',1,'1','unit_code','Unit Code',1,2,'',100,24,88,2,'V~O',1,0,'BAS',1,'',0,NULL,0),(54,706,'projectmilestonename','vtiger_projectmilestone',1,'2','projectmilestonename','Project Milestone Name',1,2,'',100,1,106,1,'V~M',0,1,'BAS',1,'',1,NULL,0),(54,707,'projectmilestonedate','vtiger_projectmilestone',1,'5','projectmilestonedate','Milestone Date',1,2,'',100,5,106,1,'D~O',0,3,'BAS',1,'',1,NULL,0),(54,708,'projectid','vtiger_projectmilestone',1,'10','projectid','Related to',1,0,'',100,4,106,1,'V~M',0,4,'BAS',1,'',0,NULL,0),(54,709,'projectmilestonetype','vtiger_projectmilestone',1,'15','projectmilestonetype','Type',1,2,'',100,7,106,1,'V~O',1,0,'BAS',1,'',1,NULL,0),(54,710,'smownerid','vtiger_crmentity',1,'53','assigned_user_id','Assigned To',1,2,'',100,6,106,1,'V~M',0,2,'BAS',1,'',0,NULL,0),(54,711,'projectmilestone_no','vtiger_projectmilestone',2,'4','projectmilestone_no','Project Milestone No',1,0,'',100,2,106,1,'V~O',3,4,'BAS',0,'',0,NULL,0),(54,712,'createdtime','vtiger_crmentity',1,'70','createdtime','Created Time',1,2,'',100,1,107,2,'DT~O',1,0,'BAS',0,'',0,NULL,0),(54,713,'modifiedtime','vtiger_crmentity',1,'70','modifiedtime','Modified Time',1,2,'',100,2,107,2,'DT~O',1,0,'BAS',0,'',0,NULL,0),(54,714,'modifiedby','vtiger_crmentity',1,'52','modifiedby','Last Modified By',1,0,'',100,3,107,3,'V~O',3,0,'BAS',0,'',0,NULL,0),(54,715,'description','vtiger_crmentity',1,'19','description','Description',1,2,'',100,1,108,1,'V~O',1,0,'BAS',1,'',0,NULL,0),(54,716,'source','vtiger_crmentity',1,'1','source','Source',1,2,'',100,8,106,2,'V~O',3,5,'BAS',0,'',0,NULL,0),(54,717,'starred','vtiger_crmentity_user_field',1,'56','starred','starred',1,2,'',100,9,106,6,'C~O',3,6,'BAS',0,'',0,NULL,0),(54,718,'tags','vtiger_projectmilestone',1,'1','tags','tags',1,2,'',100,10,106,6,'V~O',3,7,'BAS',0,'',0,NULL,0),(55,719,'projecttaskname','vtiger_projecttask',1,'2','projecttaskname','Project Task Name',1,2,'',100,1,109,1,'V~M',0,1,'BAS',1,'',1,NULL,0),(55,720,'projecttasktype','vtiger_projecttask',1,'15','projecttasktype','Type',1,2,'',100,4,109,1,'V~O',1,0,'BAS',1,'',1,NULL,0),(55,721,'projecttaskpriority','vtiger_projecttask',1,'15','projecttaskpriority','Priority',1,2,'',100,3,109,1,'V~O',1,0,'BAS',1,'',0,NULL,0),(55,722,'projectid','vtiger_projecttask',1,'10','projectid','Related to',1,0,'',100,6,109,1,'V~M',0,5,'BAS',1,'',0,NULL,0),(55,723,'smownerid','vtiger_crmentity',1,'53','assigned_user_id','Assigned To',1,2,'',100,7,109,1,'V~M',0,2,'BAS',1,'',1,NULL,0),(55,724,'projecttasknumber','vtiger_projecttask',1,'7','projecttasknumber','Project Task Number',1,2,'',100,5,109,1,'I~O',1,0,'BAS',1,'',0,NULL,0),(55,725,'projecttask_no','vtiger_projecttask',2,'4','projecttask_no','Project Task No',1,0,'',100,2,109,1,'V~O',3,4,'BAS',0,'',0,NULL,0),(55,726,'projecttaskprogress','vtiger_projecttask',1,'15','projecttaskprogress','Progress',1,2,'',100,1,110,1,'V~O',1,0,'BAS',1,'',1,NULL,0),(55,727,'projecttaskhours','vtiger_projecttask',1,'7','projecttaskhours','Worked Hours',1,2,'',100,2,110,1,'V~O',1,0,'BAS',1,'',0,NULL,0),(55,728,'startdate','vtiger_projecttask',1,'5','startdate','Start Date',1,2,'',100,3,110,1,'D~O',0,3,'BAS',1,'',1,NULL,0),(55,729,'enddate','vtiger_projecttask',1,'5','enddate','End Date',1,2,'',100,4,110,1,'D~O~OTH~GE~startdate~Start Date',1,0,'BAS',1,'',1,NULL,0),(55,730,'createdtime','vtiger_crmentity',1,'70','createdtime','Created Time',1,2,'',100,5,110,2,'DT~O',1,0,'BAS',0,'',0,NULL,0),(55,731,'modifiedtime','vtiger_crmentity',1,'70','modifiedtime','Modified Time',1,2,'',100,6,110,2,'DT~O',1,0,'BAS',0,'',0,NULL,0),(55,732,'modifiedby','vtiger_crmentity',1,'52','modifiedby','Last Modified By',1,0,'',100,7,110,3,'V~O',3,0,'BAS',0,'',0,NULL,0),(55,733,'description','vtiger_crmentity',1,'19','description','description',1,2,'',100,1,111,1,'V~O',1,0,'BAS',1,'',0,NULL,0),(55,734,'source','vtiger_crmentity',1,'1','source','Source',1,2,'',100,8,109,2,'V~O',3,6,'BAS',0,'',0,NULL,0),(55,735,'starred','vtiger_crmentity_user_field',1,'56','starred','starred',1,2,'',100,9,109,6,'C~O',3,7,'BAS',0,'',0,NULL,0),(55,736,'tags','vtiger_projecttask',1,'1','tags','tags',1,2,'',100,10,109,6,'V~O',3,8,'BAS',0,'',0,NULL,0),(56,737,'projectname','vtiger_project',1,'2','projectname','Project Name',1,2,'',100,1,112,1,'V~M',0,1,'BAS',1,'',1,NULL,0),(56,738,'startdate','vtiger_project',1,'23','startdate','Start Date',1,2,'',100,3,112,1,'D~O',0,3,'BAS',1,'',1,NULL,0),(56,739,'targetenddate','vtiger_project',1,'23','targetenddate','Target End Date',1,2,'',100,5,112,1,'D~O~OTH~GE~startdate~Start Date',0,4,'BAS',1,'',1,NULL,0),(56,740,'actualenddate','vtiger_project',1,'23','actualenddate','Actual End Date',1,2,'',100,6,112,1,'D~O~OTH~GE~startdate~Start Date',1,0,'BAS',1,'',0,NULL,0),(56,741,'projectstatus','vtiger_project',1,'15','projectstatus','Status',1,2,'',100,7,112,1,'V~O',1,0,'BAS',1,'',1,NULL,0),(56,742,'projecttype','vtiger_project',1,'15','projecttype','Type',1,2,'',100,8,112,1,'V~O',1,0,'BAS',1,'',1,NULL,0),(56,743,'linktoaccountscontacts','vtiger_project',1,'10','linktoaccountscontacts','Related to',1,2,'',100,9,112,1,'V~O',1,0,'BAS',1,'',0,1,0),(56,744,'smownerid','vtiger_crmentity',1,'53','assigned_user_id','Assigned To',1,2,'',100,4,112,1,'V~M',0,2,'BAS',1,'',1,NULL,0),(56,745,'project_no','vtiger_project',2,'4','project_no','Project No',1,0,'',100,2,112,1,'V~O',3,0,'BAS',0,'',0,NULL,0),(56,746,'targetbudget','vtiger_project',1,'7','targetbudget','Target Budget',1,2,'',100,1,113,1,'V~O',1,0,'BAS',1,'',0,NULL,0),(56,747,'projecturl','vtiger_project',1,'17','projecturl','Project Url',1,2,'',100,2,113,1,'V~O',1,0,'BAS',1,'',0,NULL,0),(56,748,'projectpriority','vtiger_project',1,'15','projectpriority','Priority',1,2,'',100,3,113,1,'V~O',1,0,'BAS',1,'',0,NULL,0),(56,749,'progress','vtiger_project',1,'15','progress','Progress',1,2,'',100,4,113,1,'V~O',1,0,'BAS',1,'',0,NULL,0),(56,750,'createdtime','vtiger_crmentity',1,'70','createdtime','Created Time',1,2,'',100,5,113,2,'DT~O',1,0,'BAS',0,'',0,NULL,0),(56,751,'modifiedtime','vtiger_crmentity',1,'70','modifiedtime','Modified Time',1,2,'',100,6,113,2,'DT~O',1,0,'BAS',0,'',0,NULL,0),(56,752,'modifiedby','vtiger_crmentity',1,'52','modifiedby','Last Modified By',1,0,'',100,7,113,3,'V~O',3,0,'BAS',0,'',0,NULL,0),(56,753,'description','vtiger_crmentity',1,'19','description','Description',1,2,'',100,1,114,1,'V~O',1,0,'BAS',1,'',0,NULL,0),(56,754,'source','vtiger_crmentity',1,'1','source','Source',1,2,'',100,10,112,2,'V~O',3,5,'BAS',0,'',0,NULL,0),(56,755,'starred','vtiger_crmentity_user_field',1,'56','starred','starred',1,2,'',100,11,112,6,'C~O',3,6,'BAS',0,'',0,NULL,0),(56,756,'tags','vtiger_project',1,'1','tags','tags',1,2,'',100,12,112,6,'V~O',3,7,'BAS',0,'',0,NULL,0),(57,757,'act_no','vtiger_sp_act',1,'4','act_no','Act No',1,0,'',100,1,115,1,'V~O',3,0,'BAS',0,'',1,NULL,0),(57,758,'salesorderid','vtiger_sp_act',1,'80','salesorder_id','Sales Order',1,2,'',100,2,115,1,'I~O',3,0,'BAS',1,'',1,NULL,0),(57,759,'actdate','vtiger_sp_act',1,'5','actdate','Act Date',1,2,'',100,3,115,1,'D~O',3,0,'BAS',1,'',0,NULL,0),(57,760,'smownerid','vtiger_crmentity',1,'53','assigned_user_id','Assigned To',1,0,'',100,4,115,1,'V~M',1,0,'BAS',1,'',1,NULL,0),(57,761,'accountid','vtiger_sp_act',1,'10','account_id','Account Name',1,2,'',100,5,115,1,'I~M',3,0,'BAS',1,'',0,NULL,0),(57,762,'createdtime','vtiger_crmentity',1,'70','createdtime','Created Time',1,0,'',100,6,115,2,'DT~O',3,0,'BAS',0,'',0,NULL,0),(57,763,'contactid','vtiger_sp_act',1,'57','contact_id','Contact Name',1,2,'',100,7,115,1,'I~O',3,0,'BAS',1,'',0,NULL,0),(57,764,'modifiedtime','vtiger_crmentity',1,'70','modifiedtime','Modified Time',1,0,'',100,8,115,2,'DT~O',3,0,'BAS',0,'',0,NULL,0),(57,765,'sp_actstatus','vtiger_sp_act',1,'15','sp_actstatus','Status',1,2,'',100,9,115,1,'V~O',1,0,'BAS',1,'',1,NULL,0),(57,766,'adjustment','vtiger_sp_act',1,'72','txtAdjustment','Adjustment',1,2,'',100,11,115,3,'NN~O',3,0,'BAS',0,'',0,NULL,0),(57,767,'subtotal','vtiger_sp_act',1,'72','hdnSubTotal','Sub Total',1,2,'',100,12,115,3,'N~O',3,0,'BAS',0,'',0,NULL,0),(57,768,'total','vtiger_sp_act',1,'72','hdnGrandTotal','Total',1,2,'',100,13,115,3,'N~O',3,0,'BAS',0,'',1,NULL,0),(57,769,'taxtype','vtiger_sp_act',1,'16','hdnTaxType','Tax Type',1,2,'',100,14,115,3,'V~O',3,0,'BAS',0,'',0,NULL,0),(57,770,'discount_percent','vtiger_sp_act',1,'72','hdnDiscountPercent','Discount Percent',1,2,'',100,15,133,5,'N~O',3,0,'BAS',0,'',0,NULL,0),(57,771,'discount_amount','vtiger_sp_act',1,'72','hdnDiscountAmount','Discount Amount',1,2,'',100,16,133,5,'N~O',3,0,'BAS',0,'',0,NULL,0),(57,772,'s_h_amount','vtiger_sp_act',1,'72','hdnS_H_Amount','S&H Amount',1,2,'',100,17,115,3,'N~O',3,0,'BAS',0,'',0,NULL,0),(57,773,'currency_id','vtiger_sp_act',1,'117','currency_id','Currency',1,2,'1',100,18,115,3,'I~O',3,0,'BAS',0,'',0,NULL,0),(57,774,'conversion_rate','vtiger_sp_act',1,'1','conversion_rate','Conversion Rate',1,2,'1',100,19,115,3,'N~O',3,0,'BAS',0,'',0,NULL,0),(57,775,'modifiedby','vtiger_crmentity',1,'52','modifiedby','Last Modified By',1,0,'',100,20,115,3,'V~O',3,0,'BAS',0,'',0,NULL,0),(57,776,'source','vtiger_crmentity',1,'1','source','Source',1,2,'',100,21,115,2,'V~O',3,1,'BAS',0,'',0,NULL,0),(57,777,'tags','vtiger_sp_act',1,'1','tags','tags',1,2,'',100,22,115,6,'V~O',3,2,'BAS',0,'',0,NULL,0),(57,778,'smcreatorid','vtiger_crmentity',1,'52','created_user_id','Created By',1,2,'',100,23,115,2,'V~O',3,3,'BAS',0,'',0,NULL,0),(57,779,'bill_street','vtiger_sp_actbillads',1,'24','bill_street','Billing Address',1,2,'',100,1,116,1,'V~O',3,0,'BAS',1,'',0,NULL,0),(57,780,'ship_street','vtiger_sp_actshipads',1,'24','ship_street','Shipping Address',1,2,'',100,2,116,1,'V~O',3,0,'BAS',1,'',0,NULL,0),(57,781,'bill_pobox','vtiger_sp_actbillads',1,'1','bill_pobox','Billing Po Box',1,2,'',100,3,116,1,'V~O',3,0,'BAS',1,'',0,NULL,0),(57,782,'ship_pobox','vtiger_sp_actshipads',1,'1','ship_pobox','Shipping Po Box',1,2,'',100,4,116,1,'V~O',3,0,'BAS',1,'',0,NULL,0),(57,783,'bill_city','vtiger_sp_actbillads',1,'1','bill_city','Billing City',1,2,'',100,5,116,1,'V~O',3,0,'BAS',1,'',0,NULL,0),(57,784,'ship_city','vtiger_sp_actshipads',1,'1','ship_city','Shipping City',1,2,'',100,6,116,1,'V~O',3,0,'BAS',1,'',0,NULL,0),(57,785,'bill_state','vtiger_sp_actbillads',1,'1','bill_state','Billing State',1,2,'',100,7,116,1,'V~O',3,0,'BAS',1,'',0,NULL,0),(57,786,'ship_state','vtiger_sp_actshipads',1,'1','ship_state','Shipping State',1,2,'',100,8,116,1,'V~O',3,0,'BAS',1,'',0,NULL,0),(57,787,'bill_code','vtiger_sp_actbillads',1,'1','bill_code','Billing Code',1,2,'',100,9,116,1,'V~O',3,0,'BAS',1,'',0,NULL,0),(57,788,'ship_code','vtiger_sp_actshipads',1,'1','ship_code','Shipping Code',1,2,'',100,10,116,1,'V~O',3,0,'BAS',1,'',0,NULL,0),(57,789,'bill_country','vtiger_sp_actbillads',1,'1','bill_country','Billing Country',1,2,'',100,11,116,1,'V~O',3,0,'BAS',1,'',0,NULL,0),(57,790,'ship_country','vtiger_sp_actshipads',1,'1','ship_country','Shipping Country',1,2,'',100,12,116,1,'V~O',3,0,'BAS',1,'',0,NULL,0),(57,791,'description','vtiger_crmentity',1,'19','description','Description',1,2,'',100,1,118,1,'V~O',3,0,'ADV',1,'',0,NULL,0),(57,792,'starred','vtiger_crmentity_user_field',1,'56','starred','starred',1,2,'',100,24,115,6,'C~O',3,4,'BAS',0,'',0,NULL,0),(23,793,'sp_act_id','vtiger_invoice',1,'10','sp_act_id','Act',1,2,'',100,23,67,1,'I~O',1,0,'BAS',1,'',0,NULL,0),(58,794,'pay_date','sp_payments',1,'5','pay_date','Pay date',1,0,'',100,2,120,1,'D~M',3,0,'BAS',1,'',0,NULL,0),(58,795,'pay_type','sp_payments',1,'15','pay_type','Pay type',1,0,'',100,4,120,1,'V~M',3,0,'BAS',1,'',1,NULL,0),(58,796,'payer','sp_payments',1,'10','payer','Payer',1,0,'',100,5,120,1,'V~O',3,0,'BAS',1,'',1,NULL,0),(58,797,'pay_no','sp_payments',1,'4','pay_no','Pay No',1,0,'',100,6,120,1,'V~O',3,0,'BAS',0,'',1,NULL,0),(58,798,'related_to','sp_payments',1,'10','related_to','Invoice To',1,0,'',200,7,120,1,'V~O',3,0,'BAS',1,'',0,NULL,0),(58,799,'type_payment','sp_payments',1,'15','type_payment','Type payment',1,0,'',100,8,120,1,'V~O',3,0,'BAS',1,'',0,NULL,0),(58,800,'amount','sp_payments',1,'71','amount','Amount',1,0,'',100,9,120,1,'N~O',2,0,'BAS',1,'',1,NULL,0),(58,801,'smownerid','vtiger_crmentity',1,'53','assigned_user_id','Assigned To',1,0,'',100,10,120,1,'V~M',3,0,'BAS',1,'',1,NULL,0),(58,802,'spstatus','sp_payments',1,'15','spstatus','Spstatus',1,0,'',200,11,120,1,'V~O',3,0,'BAS',1,'',0,NULL,0),(58,803,'createdtime','vtiger_crmentity',1,'70','createdtime','Created Time',1,0,'',100,12,120,2,'DT~O',3,0,'BAS',0,'',0,NULL,0),(58,804,'modifiedtime','vtiger_crmentity',1,'70','modifiedtime','Modified Time',1,0,'',100,13,120,2,'DT~O',3,0,'BAS',0,'',0,NULL,0),(58,805,'modifiedby','vtiger_crmentity',1,'52','modifiedby','Last Modified By',1,0,'',100,14,120,3,'V~O',3,0,'BAS',0,'',0,NULL,0),(58,806,'source','vtiger_crmentity',1,'1','source','Source',1,2,'',100,15,120,2,'V~O',3,1,'BAS',0,'',0,NULL,0),(58,807,'tags','sp_payments',1,'1','tags','tags',1,2,'',100,16,120,6,'V~O',3,2,'BAS',0,'',0,NULL,0),(58,808,'smcreatorid','vtiger_crmentity',1,'52','created_user_id','Created By',1,2,'',100,17,120,2,'V~O',3,3,'BAS',0,'',0,NULL,0),(58,809,'doc_no','sp_payments',1,'1','doc_no','Document no',1,0,'',200,1,121,1,'I~O',3,0,'BAS',1,'',0,NULL,0),(58,810,'debit','sp_payments',1,'1','debit','Debit',1,0,'',100,2,121,1,'V~O',3,0,'BAS',1,'',0,NULL,0),(58,811,'pay_details','sp_payments',1,'1','pay_details','Pay details',1,0,'',255,3,121,1,'V~O',3,0,'BAS',1,'',0,NULL,0),(58,812,'coracc_subacc','sp_payments',1,'1','coracc_subacc','Corresponding Account, Subaccount',1,0,'',100,4,121,1,'V~O',3,0,'BAS',1,'',0,NULL,0),(58,813,'analytics_code','sp_payments',1,'1','analytics_code','Analytics Code',1,0,'',100,5,121,1,'V~O',3,0,'BAS',1,'',0,NULL,0),(58,814,'target_code','sp_payments',1,'1','target_code','Target Code',1,0,'',100,6,121,1,'V~O',3,0,'BAS',1,'',0,NULL,0),(58,815,'description','vtiger_crmentity',1,'19','description','Description',1,2,'',100,1,122,1,'V~O',3,0,'BAS',1,'',0,NULL,0),(58,816,'starred','vtiger_crmentity_user_field',1,'56','starred','starred',1,2,'',100,18,120,6,'C~O',3,4,'BAS',0,'',0,NULL,0),(59,817,'consignment_no','vtiger_sp_consignment',1,'4','consignment_no','Consignment No',1,0,'',100,1,123,1,'V~O',3,0,'BAS',0,'',1,NULL,0),(59,818,'invoiceid','vtiger_sp_consignment',1,'10','invoice_id','Invoice Name',1,2,'',100,2,123,1,'V~O',1,0,'BAS',1,'',0,NULL,0),(59,819,'salesorderid','vtiger_sp_consignment',1,'80','salesorder_id','Sales Order',1,2,'',100,4,123,1,'I~O',3,0,'BAS',1,'',1,NULL,0),(59,820,'consignmentdate','vtiger_sp_consignment',1,'5','consignmentdate','Consignment Date',1,2,'',100,3,123,1,'D~O',3,0,'BAS',0,'',0,NULL,0),(59,821,'smownerid','vtiger_crmentity',1,'53','assigned_user_id','Assigned To',1,0,'',100,6,123,1,'V~M',1,0,'BAS',1,'',1,NULL,0),(59,822,'accountid','vtiger_sp_consignment',1,'10','account_id','Account Name',1,2,'',100,5,123,1,'I~M',3,0,'BAS',1,'',0,NULL,0),(59,823,'createdtime','vtiger_crmentity',1,'70','createdtime','Created Time',1,0,'',100,8,123,2,'DT~O',3,0,'BAS',0,'',0,NULL,0),(59,824,'contactid','vtiger_sp_consignment',1,'57','contact_id','Contact Name',1,2,'',100,7,123,1,'I~O',3,0,'BAS',1,'',0,NULL,0),(59,825,'modifiedtime','vtiger_crmentity',1,'70','modifiedtime','Modified Time',1,0,'',100,10,123,2,'DT~O',3,0,'BAS',0,'',0,NULL,0),(59,826,'sp_consignmentstatus','vtiger_sp_consignment',1,'15','sp_consignmentstatus','Status',1,2,'',100,9,123,1,'V~O',1,0,'BAS',1,'',1,NULL,0),(59,827,'adjustment','vtiger_sp_consignment',1,'72','txtAdjustment','Adjustment',1,2,'',100,11,123,3,'NN~O',3,0,'BAS',0,'',0,NULL,0),(59,828,'subtotal','vtiger_sp_consignment',1,'72','hdnSubTotal','Sub Total',1,2,'',100,12,123,3,'N~O',3,0,'BAS',0,'',0,NULL,0),(59,829,'total','vtiger_sp_consignment',1,'72','hdnGrandTotal','Total',1,2,'',100,13,123,3,'N~O',3,0,'BAS',0,'',1,NULL,0),(59,830,'taxtype','vtiger_sp_consignment',1,'16','hdnTaxType','Tax Type',1,2,'',100,14,123,3,'V~O',3,0,'BAS',0,'',0,NULL,0),(59,831,'discount_percent','vtiger_sp_consignment',1,'72','hdnDiscountPercent','Discount Percent',1,2,'',100,15,134,5,'N~O',3,0,'BAS',0,'',0,NULL,0),(59,832,'discount_amount','vtiger_sp_consignment',1,'72','hdnDiscountAmount','Discount Amount',1,2,'',100,16,134,5,'N~O',3,0,'BAS',0,'',0,NULL,0),(59,833,'s_h_amount','vtiger_sp_consignment',1,'72','hdnS_H_Amount','S&H Amount',1,2,'',100,17,123,3,'N~O',3,0,'BAS',0,'',0,NULL,0),(59,834,'currency_id','vtiger_sp_consignment',1,'117','currency_id','Currency',1,2,'1',100,18,123,3,'I~O',3,0,'BAS',0,'',0,NULL,0),(59,835,'conversion_rate','vtiger_sp_consignment',1,'1','conversion_rate','Conversion Rate',1,2,'1',100,19,123,3,'N~O',3,0,'BAS',0,'',0,NULL,0),(59,836,'modifiedby','vtiger_crmentity',1,'52','modifiedby','Last Modified By',1,0,'',100,20,123,3,'V~O',3,0,'BAS',0,'',0,NULL,0),(59,837,'source','vtiger_crmentity',1,'1','source','Source',1,2,'',100,21,123,2,'V~O',3,1,'BAS',0,'',0,NULL,0),(59,838,'tags','vtiger_sp_consignment',1,'1','tags','tags',1,2,'',100,22,123,6,'V~O',3,2,'BAS',0,'',0,NULL,0),(59,839,'smcreatorid','vtiger_crmentity',1,'52','created_user_id','Created By',1,2,'',100,23,123,2,'V~O',3,3,'BAS',0,'',0,NULL,0),(59,840,'has_goods_consignment','vtiger_sp_consignment',1,'56','has_goods_consignment','Has Goods Consignment',1,0,'',100,1,124,1,'C~O',3,0,'BAS',1,'',0,NULL,0),(59,841,'goods_consignment_no','vtiger_sp_consignment',1,'1','goods_consignment_no','Goods Consignment No',1,0,'',100,2,124,1,'V~O',3,0,'BAS',1,'',0,NULL,0),(59,842,'bill_street','vtiger_sp_consignmentbillads',1,'24','bill_street','Billing Address',1,2,'',100,1,125,1,'V~O',3,0,'BAS',1,'',0,NULL,0),(59,843,'ship_street','vtiger_sp_consignmentshipads',1,'24','ship_street','Shipping Address',1,2,'',100,2,125,1,'V~O',3,0,'BAS',1,'',0,NULL,0),(59,844,'bill_pobox','vtiger_sp_consignmentbillads',1,'1','bill_pobox','Billing Po Box',1,2,'',100,3,125,1,'V~O',3,0,'BAS',1,'',0,NULL,0),(59,845,'ship_pobox','vtiger_sp_consignmentshipads',1,'1','ship_pobox','Shipping Po Box',1,2,'',100,4,125,1,'V~O',3,0,'BAS',1,'',0,NULL,0),(59,846,'bill_city','vtiger_sp_consignmentbillads',1,'1','bill_city','Billing City',1,2,'',100,5,125,1,'V~O',3,0,'BAS',1,'',0,NULL,0),(59,847,'ship_city','vtiger_sp_consignmentshipads',1,'1','ship_city','Shipping City',1,2,'',100,6,125,1,'V~O',3,0,'BAS',1,'',0,NULL,0),(59,848,'bill_state','vtiger_sp_consignmentbillads',1,'1','bill_state','Billing State',1,2,'',100,7,125,1,'V~O',3,0,'BAS',1,'',0,NULL,0),(59,849,'ship_state','vtiger_sp_consignmentshipads',1,'1','ship_state','Shipping State',1,2,'',100,8,125,1,'V~O',3,0,'BAS',1,'',0,NULL,0),(59,850,'bill_code','vtiger_sp_consignmentbillads',1,'1','bill_code','Billing Code',1,2,'',100,9,125,1,'V~O',3,0,'BAS',1,'',0,NULL,0),(59,851,'ship_code','vtiger_sp_consignmentshipads',1,'1','ship_code','Shipping Code',1,2,'',100,10,125,1,'V~O',3,0,'BAS',1,'',0,NULL,0),(59,852,'bill_country','vtiger_sp_consignmentbillads',1,'1','bill_country','Billing Country',1,2,'',100,11,125,1,'V~O',3,0,'BAS',1,'',0,NULL,0),(59,853,'ship_country','vtiger_sp_consignmentshipads',1,'1','ship_country','Shipping Country',1,2,'',100,12,125,1,'V~O',3,0,'BAS',1,'',0,NULL,0),(59,854,'description','vtiger_crmentity',1,'19','description','Description',1,2,'',100,1,127,1,'V~O',3,0,'ADV',1,'',0,NULL,0),(59,855,'starred','vtiger_crmentity_user_field',1,'56','starred','starred',1,2,'',100,24,123,6,'C~O',3,4,'BAS',0,'',0,NULL,0),(2,856,'forecast_amount','vtiger_potential',1,'71','forecast_amount','Forecast Amount',1,2,'',100,18,1,1,'N~O',1,0,'BAS',0,'',0,NULL,0),(29,857,'no_of_currency_decimals','vtiger_users',1,'16','no_of_currency_decimals','Number Of Currency Decimals',1,2,'2',100,6,78,1,'V~O',1,0,'BAS',1,'<b>Currency - Number of Decimal places</b> <br/><br/>Number of decimal places specifies how many number of decimals will be shown after decimal separator.<br/><b>Eg:</b> 123.00',0,NULL,0),(23,858,'productid','vtiger_inventoryproductrel',1,'10','productid','Item Name',0,2,'',100,1,129,5,'V~M',1,0,'BAS',0,'',0,NULL,0),(23,859,'quantity','vtiger_inventoryproductrel',1,'7','quantity','Quantity',0,2,'',100,2,129,5,'N~O',1,0,'BAS',0,'',0,NULL,0),(23,860,'listprice','vtiger_inventoryproductrel',1,'71','listprice','List Price',0,2,'',100,3,129,5,'N~O',1,0,'BAS',0,'',0,NULL,0),(23,861,'comment','vtiger_inventoryproductrel',1,'19','comment','Item Comment',0,2,'',100,4,129,5,'V~O',1,0,'BAS',0,'',0,NULL,0),(23,862,'discount_amount','vtiger_inventoryproductrel',1,'71','discount_amount','Item Discount Amount',0,2,'',100,5,129,5,'N~O',1,0,'BAS',0,'',0,NULL,0),(23,863,'discount_percent','vtiger_inventoryproductrel',1,'7','discount_percent','Item Discount Percent',0,2,'',100,6,129,5,'V~O',1,0,'BAS',0,'',0,NULL,0),(23,864,'tax1','vtiger_inventoryproductrel',1,'83','tax1','НДС',0,2,'',100,7,129,5,'V~O',1,0,'BAS',0,'',0,NULL,0),(23,865,'tax2','vtiger_inventoryproductrel',1,'83','tax2','Tax2',0,2,'',100,8,129,5,'V~O',1,0,'BAS',0,'',0,NULL,0),(23,866,'tax3','vtiger_inventoryproductrel',1,'83','tax3','Tax3',0,2,'',100,9,129,5,'V~O',1,0,'BAS',0,'',0,NULL,0),(22,867,'productid','vtiger_inventoryproductrel',1,'10','productid','Item Name',0,2,'',100,1,130,5,'V~M',1,0,'BAS',0,'',0,NULL,0),(22,868,'quantity','vtiger_inventoryproductrel',1,'7','quantity','Quantity',0,2,'',100,2,130,5,'N~O',1,0,'BAS',0,'',0,NULL,0),(22,869,'listprice','vtiger_inventoryproductrel',1,'71','listprice','List Price',0,2,'',100,3,130,5,'N~O',1,0,'BAS',0,'',0,NULL,0),(22,870,'comment','vtiger_inventoryproductrel',1,'19','comment','Item Comment',0,2,'',100,4,130,5,'V~O',1,0,'BAS',0,'',0,NULL,0),(22,871,'discount_amount','vtiger_inventoryproductrel',1,'71','discount_amount','Item Discount Amount',0,2,'',100,5,130,5,'N~O',1,0,'BAS',0,'',0,NULL,0),(22,872,'discount_percent','vtiger_inventoryproductrel',1,'7','discount_percent','Item Discount Percent',0,2,'',100,6,130,5,'V~O',1,0,'BAS',0,'',0,NULL,0),(22,873,'tax1','vtiger_inventoryproductrel',1,'83','tax1','НДС',0,2,'',100,7,130,5,'V~O',1,0,'BAS',0,'',0,NULL,0),(22,874,'tax2','vtiger_inventoryproductrel',1,'83','tax2','Tax2',0,2,'',100,8,130,5,'V~O',1,0,'BAS',0,'',0,NULL,0),(22,875,'tax3','vtiger_inventoryproductrel',1,'83','tax3','Tax3',0,2,'',100,9,130,5,'V~O',1,0,'BAS',0,'',0,NULL,0),(21,876,'productid','vtiger_inventoryproductrel',1,'10','productid','Item Name',0,2,'',100,1,131,5,'V~M',1,0,'BAS',0,'',0,NULL,0),(21,877,'quantity','vtiger_inventoryproductrel',1,'7','quantity','Quantity',0,2,'',100,2,131,5,'N~O',1,0,'BAS',0,'',0,NULL,0),(21,878,'listprice','vtiger_inventoryproductrel',1,'71','listprice','List Price',0,2,'',100,3,131,5,'N~O',1,0,'BAS',0,'',0,NULL,0),(21,879,'comment','vtiger_inventoryproductrel',1,'19','comment','Item Comment',0,2,'',100,4,131,5,'V~O',1,0,'BAS',0,'',0,NULL,0),(21,880,'discount_amount','vtiger_inventoryproductrel',1,'71','discount_amount','Item Discount Amount',0,2,'',100,5,131,5,'N~O',1,0,'BAS',0,'',0,NULL,0),(21,881,'discount_percent','vtiger_inventoryproductrel',1,'7','discount_percent','Item Discount Percent',0,2,'',100,6,131,5,'V~O',1,0,'BAS',0,'',0,NULL,0),(21,882,'tax1','vtiger_inventoryproductrel',1,'83','tax1','НДС',0,2,'',100,7,131,5,'V~O',1,0,'BAS',0,'',0,NULL,0),(21,883,'tax2','vtiger_inventoryproductrel',1,'83','tax2','Tax2',0,2,'',100,8,131,5,'V~O',1,0,'BAS',0,'',0,NULL,0),(21,884,'tax3','vtiger_inventoryproductrel',1,'83','tax3','Tax3',0,2,'',100,9,131,5,'V~O',1,0,'BAS',0,'',0,NULL,0),(20,885,'productid','vtiger_inventoryproductrel',1,'10','productid','Item Name',0,2,'',100,1,132,5,'V~M',1,0,'BAS',0,'',0,NULL,0),(20,886,'quantity','vtiger_inventoryproductrel',1,'7','quantity','Quantity',0,2,'',100,2,132,5,'N~O',1,0,'BAS',0,'',0,NULL,0),(20,887,'listprice','vtiger_inventoryproductrel',1,'71','listprice','List Price',0,2,'',100,3,132,5,'N~O',1,0,'BAS',0,'',0,NULL,0),(20,888,'comment','vtiger_inventoryproductrel',1,'19','comment','Item Comment',0,2,'',100,4,132,5,'V~O',1,0,'BAS',0,'',0,NULL,0),(20,889,'discount_amount','vtiger_inventoryproductrel',1,'71','discount_amount','Item Discount Amount',0,2,'',100,5,132,5,'N~O',1,0,'BAS',0,'',0,NULL,0),(20,890,'discount_percent','vtiger_inventoryproductrel',1,'7','discount_percent','Item Discount Percent',0,2,'',100,6,132,5,'V~O',1,0,'BAS',0,'',0,NULL,0),(20,891,'tax1','vtiger_inventoryproductrel',1,'83','tax1','НДС',0,2,'',100,7,132,5,'V~O',1,0,'BAS',0,'',0,NULL,0),(20,892,'tax2','vtiger_inventoryproductrel',1,'83','tax2','Tax2',0,2,'',100,8,132,5,'V~O',1,0,'BAS',0,'',0,NULL,0),(20,893,'tax3','vtiger_inventoryproductrel',1,'83','tax3','Tax3',0,2,'',100,9,132,5,'V~O',1,0,'BAS',0,'',0,NULL,0),(57,894,'productid','vtiger_inventoryproductrel',1,'10','productid','Item Name',0,2,'',100,1,133,5,'V~M',1,0,'BAS',0,'',0,NULL,0),(57,895,'quantity','vtiger_inventoryproductrel',1,'7','quantity','Quantity',0,2,'',100,2,133,5,'N~O',1,0,'BAS',0,'',0,NULL,0),(57,896,'listprice','vtiger_inventoryproductrel',1,'71','listprice','List Price',0,2,'',100,3,133,5,'N~O',1,0,'BAS',0,'',0,NULL,0),(57,897,'comment','vtiger_inventoryproductrel',1,'19','comment','Item Comment',0,2,'',100,4,133,5,'V~O',1,0,'BAS',0,'',0,NULL,0),(57,898,'discount_amount','vtiger_inventoryproductrel',1,'71','discount_amount','Item Discount Amount',0,2,'',100,5,133,5,'N~O',1,0,'BAS',0,'',0,NULL,0),(57,899,'discount_percent','vtiger_inventoryproductrel',1,'7','discount_percent','Item Discount Percent',0,2,'',100,6,133,5,'V~O',1,0,'BAS',0,'',0,NULL,0),(57,900,'tax1','vtiger_inventoryproductrel',1,'83','tax1','НДС',0,2,'',100,7,133,5,'V~O',1,0,'BAS',0,'',0,NULL,0),(57,901,'tax2','vtiger_inventoryproductrel',1,'83','tax2','Tax2',0,2,'',100,8,133,5,'V~O',1,0,'BAS',0,'',0,NULL,0),(57,902,'tax3','vtiger_inventoryproductrel',1,'83','tax3','Tax3',0,2,'',100,9,133,5,'V~O',1,0,'BAS',0,'',0,NULL,0),(59,903,'productid','vtiger_inventoryproductrel',1,'10','productid','Item Name',0,2,'',100,1,134,5,'V~M',1,0,'BAS',0,'',0,NULL,0),(59,904,'quantity','vtiger_inventoryproductrel',1,'7','quantity','Quantity',0,2,'',100,2,134,5,'N~O',1,0,'BAS',0,'',0,NULL,0),(59,905,'listprice','vtiger_inventoryproductrel',1,'71','listprice','List Price',0,2,'',100,3,134,5,'N~O',1,0,'BAS',0,'',0,NULL,0),(59,906,'comment','vtiger_inventoryproductrel',1,'19','comment','Item Comment',0,2,'',100,4,134,5,'V~O',1,0,'BAS',0,'',0,NULL,0),(59,907,'discount_amount','vtiger_inventoryproductrel',1,'71','discount_amount','Item Discount Amount',0,2,'',100,5,134,5,'N~O',1,0,'BAS',0,'',0,NULL,0),(59,908,'discount_percent','vtiger_inventoryproductrel',1,'7','discount_percent','Item Discount Percent',0,2,'',100,6,134,5,'V~O',1,0,'BAS',0,'',0,NULL,0),(59,909,'tax1','vtiger_inventoryproductrel',1,'83','tax1','НДС',0,2,'',100,7,134,5,'V~O',1,0,'BAS',0,'',0,NULL,0),(59,910,'tax2','vtiger_inventoryproductrel',1,'83','tax2','Tax2',0,2,'',100,8,134,5,'V~O',1,0,'BAS',0,'',0,NULL,0),(59,911,'tax3','vtiger_inventoryproductrel',1,'83','tax3','Tax3',0,2,'',100,9,134,5,'V~O',1,0,'BAS',0,'',0,NULL,0),(29,912,'truncate_trailing_zeros','vtiger_users',1,'56','truncate_trailing_zeros','Truncate Trailing Zeros',1,2,'0',100,7,78,1,'V~O',1,0,'BAS',1,'<b> Truncate Trailing Zeros </b> <br/><br/>It truncated trailing 0s in any of Currency, Decimal and Percentage Field types<br/><br/><b>Ex:</b><br/>If value is 89.00000 then <br/>decimal and Percentage fields were shows 89<br/>currency field type - shows 89.00<br/>',0,NULL,0),(55,913,'projecttaskstatus','vtiger_projecttask',1,'15','projecttaskstatus','Status',1,2,'',100,11,109,1,'V~O',0,9,'BAS',1,'',0,NULL,0),(29,914,'dayoftheweek','vtiger_users',1,'16','dayoftheweek','Starting Day of the week',1,2,'Monday',100,1,136,1,'V~O',1,0,'BAS',1,'',0,NULL,0),(29,915,'callduration','vtiger_users',1,'16','callduration','Default Call Duration',1,2,'5',100,7,136,1,'V~O',1,0,'BAS',1,'',0,NULL,0),(29,916,'othereventduration','vtiger_users',1,'16','othereventduration','Other Event Duration',1,2,'5',100,8,136,1,'V~O',1,0,'BAS',1,'',0,NULL,0),(23,917,'pre_tax_total','vtiger_invoice',1,'72','pre_tax_total','Pre Tax Total',1,2,'',100,24,67,3,'N~O',1,0,'BAS',1,'',0,NULL,0),(22,918,'pre_tax_total','vtiger_salesorder',1,'72','pre_tax_total','Pre Tax Total',1,2,'',100,25,61,3,'N~O',1,0,'BAS',1,'',0,NULL,0),(21,919,'pre_tax_total','vtiger_purchaseorder',1,'72','pre_tax_total','Pre Tax Total',1,2,'',100,23,55,3,'N~O',1,0,'BAS',1,'',0,NULL,0),(20,920,'pre_tax_total','vtiger_quotes',1,'72','pre_tax_total','Pre Tax Total',1,2,'',100,23,49,3,'N~O',1,0,'BAS',1,'',0,NULL,0),(57,921,'pre_tax_total','vtiger_sp_act',1,'72','pre_tax_total','Pre Tax Total',1,2,'',100,25,115,3,'N~O',1,0,'BAS',1,'',0,NULL,0),(59,922,'pre_tax_total','vtiger_sp_consignment',1,'72','pre_tax_total','Pre Tax Total',1,2,'',100,25,123,3,'N~O',1,0,'BAS',1,'',0,NULL,0),(29,923,'calendarsharedtype','vtiger_users',1,'16','calendarsharedtype','Calendar Shared Type',1,2,'Public',100,12,136,3,'V~O',1,0,'BAS',1,'',0,NULL,0),(6,924,'isconvertedfromlead','vtiger_account',1,'56','isconvertedfromlead','Is Converted From Lead',1,2,'no',100,30,9,1,'C~O',1,0,'BAS',1,'',0,NULL,0),(4,925,'isconvertedfromlead','vtiger_contactdetails',1,'56','isconvertedfromlead','Is Converted From Lead',1,2,'no',100,32,4,1,'C~O',1,0,'BAS',1,'',0,NULL,0),(2,926,'isconvertedfromlead','vtiger_potential',1,'56','isconvertedfromlead','Is Converted From Lead',1,2,'no',100,19,1,1,'C~O',1,0,'BAS',1,'',0,NULL,0),(29,927,'default_record_view','vtiger_users',1,'16','default_record_view','Default Record View',1,2,'Summary',100,36,79,1,'V~O',1,0,'BAS',1,'',0,NULL,0),(23,928,'received','vtiger_invoice',1,'72','received','Received',1,2,'0',100,25,67,3,'N~O',1,0,'BAS',1,'',0,NULL,0),(23,929,'balance','vtiger_invoice',1,'72','balance','Balance',1,2,'0',100,26,67,3,'N~O',1,0,'BAS',1,'',0,NULL,0),(21,930,'paid','vtiger_purchaseorder',1,'72','paid','Paid',1,2,'0',100,24,55,3,'N~O',1,0,'BAS',1,'',0,NULL,0),(21,931,'balance','vtiger_purchaseorder',1,'72','balance','Balance',1,2,'0',100,25,55,3,'N~O',1,0,'BAS',1,'',0,NULL,0),(7,932,'emailoptout','vtiger_leaddetails',1,'56','emailoptout','Email Opt Out',1,0,'',100,27,13,1,'C~O',1,0,'BAS',1,'',0,NULL,0),(23,933,'s_h_percent','vtiger_invoice',1,'1','hdnS_H_Percent','S&H Percent',0,2,'',100,10,129,5,'N~O',0,1,'BAS',0,'',0,NULL,0),(20,934,'s_h_percent','vtiger_quotes',1,'1','hdnS_H_Percent','S&H Percent',0,2,'',100,10,132,5,'N~O',0,1,'BAS',0,'',0,NULL,0),(21,935,'s_h_percent','vtiger_purchaseorder',1,'1','hdnS_H_Percent','S&H Percent',0,2,'',100,10,131,5,'N~O',0,1,'BAS',0,'',0,NULL,0),(22,936,'s_h_percent','vtiger_salesorder',1,'1','hdnS_H_Percent','S&H Percent',0,2,'',100,10,130,5,'N~O',0,1,'BAS',0,'',0,NULL,0),(57,937,'s_h_percent','vtiger_sp_act',1,'1','hdnS_H_Percent','S&H Percent',0,2,'',100,10,133,5,'N~O',0,5,'BAS',0,'',0,NULL,0),(59,938,'s_h_percent','vtiger_sp_consignment',1,'1','hdnS_H_Percent','S&H Percent',0,2,'',100,10,134,5,'N~O',0,5,'BAS',0,'',0,NULL,0),(29,939,'leftpanelhide','vtiger_users',1,'56','leftpanelhide','Left Panel Hide',1,2,'0',100,37,79,1,'V~O',1,0,'BAS',1,'',0,NULL,0),(2,940,'contact_id','vtiger_potential',1,'10','contact_id','Contact Name',1,2,'',100,4,1,1,'V~O',1,0,'BAS',1,'',1,NULL,0),(13,941,'contact_id','vtiger_troubletickets',1,'10','contact_id','Contact Name',1,2,'',100,3,25,1,'V~O',1,0,'BAS',1,'',1,NULL,0),(29,942,'rowheight','vtiger_users',1,'16','rowheight','Row Height',1,2,'medium',100,38,79,1,'V~O',1,0,'BAS',1,'',0,NULL,0),(29,943,'defaulteventstatus','vtiger_users',1,'15','defaulteventstatus','Default Event Status',1,2,'Planned',100,9,136,1,'V~O',1,0,'BAS',1,'',0,NULL,0),(29,944,'defaultactivitytype','vtiger_users',1,'15','defaultactivitytype','Default Activity Type',1,2,'Call',100,10,136,1,'V~O',1,0,'BAS',1,'',0,NULL,0),(29,945,'hidecompletedevents','vtiger_users',1,'56','hidecompletedevents','LBL_HIDE_COMPLETED_EVENTS',1,2,'0',100,13,136,1,'C~O',1,0,'BAS',1,'',0,NULL,0),(23,977,'spcompany','vtiger_invoice',1,'16','spcompany','Self Company',1,0,'Default',100,27,67,1,'V~O',1,NULL,'BAS',1,NULL,0,NULL,0),(20,978,'spcompany','vtiger_quotes',1,'16','spcompany','Self Company',1,0,'Default',100,24,49,1,'V~O',1,NULL,'BAS',1,NULL,0,NULL,0),(22,979,'spcompany','vtiger_salesorder',1,'16','spcompany','Self Company',1,0,'Default',100,26,61,1,'V~O',1,NULL,'BAS',1,NULL,0,NULL,0),(57,980,'spcompany','vtiger_sp_act',1,'16','spcompany','Self Company',1,0,'Default',100,26,115,1,'V~O',1,NULL,'BAS',1,NULL,0,NULL,0),(59,981,'spcompany','vtiger_sp_consignment',1,'16','spcompany','Self Company',1,0,'Default',100,26,123,1,'V~O',1,NULL,'BAS',1,NULL,0,NULL,0),(2,982,'spcompany','vtiger_potential',1,'16','spcompany','Self Company',1,0,'Default',100,20,1,1,'V~O',1,NULL,'BAS',1,NULL,0,NULL,0),(21,983,'spcompany','vtiger_purchaseorder',1,'16','spcompany','Self Company',1,0,'Default',100,26,55,1,'V~O',1,NULL,'BAS',1,NULL,0,NULL,0),(58,984,'spcompany','sp_payments',1,'16','spcompany','Self Company',1,0,'Default',100,19,120,1,'V~O',1,NULL,'BAS',1,NULL,0,NULL,0),(2,985,'smcreatorid','vtiger_crmentity',1,'53','created_user_id','Created By',1,2,'',100,21,1,2,'V~O',3,7,'BAS',0,'',0,NULL,0),(4,986,'smcreatorid','vtiger_crmentity',1,'53','created_user_id','Created By',1,2,'',100,33,4,2,'V~O',3,7,'BAS',0,'',0,NULL,0),(6,987,'smcreatorid','vtiger_crmentity',1,'53','created_user_id','Created By',1,2,'',100,31,9,2,'V~O',3,5,'BAS',0,'',0,NULL,0),(7,988,'smcreatorid','vtiger_crmentity',1,'53','created_user_id','Created By',1,2,'',100,28,13,2,'V~O',3,7,'BAS',0,'',0,NULL,0),(8,989,'smcreatorid','vtiger_crmentity',1,'53','created_user_id','Created By',1,2,'',100,13,17,2,'V~O',3,4,'BAS',0,'',0,NULL,0),(9,990,'smcreatorid','vtiger_crmentity',1,'53','created_user_id','Created By',1,2,'',100,23,19,2,'V~O',3,5,'BAS',0,'',0,NULL,0),(13,991,'smcreatorid','vtiger_crmentity',1,'53','created_user_id','Created By',1,2,'',100,18,25,2,'V~O',3,5,'BAS',0,'',0,NULL,0),(14,992,'smcreatorid','vtiger_crmentity',1,'53','created_user_id','Created By',1,2,'',100,26,31,2,'V~O',3,6,'BAS',0,'',0,NULL,0),(15,993,'smcreatorid','vtiger_crmentity',1,'53','created_user_id','Created By',1,2,'',100,9,37,2,'V~O',3,1,'BAS',0,'',0,NULL,0),(16,994,'smcreatorid','vtiger_crmentity',1,'53','created_user_id','Created By',1,2,'',100,23,39,2,'V~O',3,7,'BAS',0,'',0,NULL,0),(18,995,'smcreatorid','vtiger_crmentity',1,'53','created_user_id','Created By',1,2,'',100,14,42,2,'V~O',3,5,'BAS',0,'',0,NULL,0),(19,996,'smcreatorid','vtiger_crmentity',1,'53','created_user_id','Created By',1,2,'',100,9,46,2,'V~O',3,4,'BAS',0,'',0,NULL,0),(20,997,'smcreatorid','vtiger_crmentity',1,'53','created_user_id','Created By',1,2,'',100,25,49,2,'V~O',3,2,'BAS',0,'',0,NULL,0),(21,998,'smcreatorid','vtiger_crmentity',1,'53','created_user_id','Created By',1,2,'',100,27,55,2,'V~O',3,2,'BAS',0,'',0,NULL,0),(22,999,'smcreatorid','vtiger_crmentity',1,'53','created_user_id','Created By',1,2,'',100,27,61,2,'V~O',3,2,'BAS',0,'',0,NULL,0),(23,1000,'smcreatorid','vtiger_crmentity',1,'53','created_user_id','Created By',1,2,'',100,28,67,2,'V~O',3,2,'BAS',0,'',0,NULL,0),(26,1001,'smcreatorid','vtiger_crmentity',1,'53','created_user_id','Created By',1,2,'',100,17,74,2,'V~O',3,8,'BAS',0,'',0,NULL,0),(31,1002,'smcreatorid','vtiger_crmentity',1,'53','created_user_id','Created By',1,2,'',100,25,88,2,'V~O',3,8,'BAS',0,'',0,NULL,0),(35,1003,'smcreatorid','vtiger_crmentity',1,'53','created_user_id','Created By',1,2,'',100,27,92,2,'V~O',3,3,'BAS',0,'',0,NULL,0),(36,1004,'smcreatorid','vtiger_crmentity',1,'53','created_user_id','Created By',1,2,'',100,23,93,2,'V~O',3,14,'BAS',0,'',0,NULL,0),(40,1005,'smcreatorid','vtiger_crmentity',1,'53','created_user_id','Created By',1,2,'',100,10,95,2,'V~O',3,8,'BAS',0,'',0,NULL,0),(42,1006,'smcreatorid','vtiger_crmentity',1,'53','created_user_id','Created By',1,2,'',100,21,98,2,'V~O',3,11,'BAS',0,'',0,NULL,0),(45,1007,'smcreatorid','vtiger_crmentity',1,'53','created_user_id','Created By',1,2,'',100,13,101,2,'V~O',3,5,'BAS',0,'',0,NULL,0),(46,1008,'smcreatorid','vtiger_crmentity',1,'53','created_user_id','Created By',1,2,'',100,10,102,2,'V~O',3,3,'BAS',0,'',0,NULL,0),(50,1009,'smcreatorid','vtiger_crmentity',1,'53','created_user_id','Created By',1,2,'',100,13,105,2,'V~O',3,5,'BAS',0,'',0,NULL,0),(54,1010,'smcreatorid','vtiger_crmentity',1,'53','created_user_id','Created By',1,2,'',100,11,106,2,'V~O',3,8,'BAS',0,'',0,NULL,0),(55,1011,'smcreatorid','vtiger_crmentity',1,'53','created_user_id','Created By',1,2,'',100,12,109,2,'V~O',3,10,'BAS',0,'',0,NULL,0),(56,1012,'smcreatorid','vtiger_crmentity',1,'53','created_user_id','Created By',1,2,'',100,13,112,2,'V~O',3,8,'BAS',0,'',0,NULL,0),(57,1013,'smcreatorid','vtiger_crmentity',1,'53','created_user_id','Created By',1,2,'',100,27,115,2,'V~O',3,6,'BAS',0,'',0,NULL,0),(58,1014,'smcreatorid','vtiger_crmentity',1,'53','created_user_id','Created By',1,2,'',100,20,120,2,'V~O',3,5,'BAS',0,'',0,NULL,0),(59,1015,'smcreatorid','vtiger_crmentity',1,'53','created_user_id','Created By',1,2,'',100,27,123,2,'V~O',3,6,'BAS',0,'',0,NULL,0),(14,1016,'purchase_cost','vtiger_products',1,'71','purchase_cost','Purchase Cost',1,0,'',100,5,32,1,'N~O',1,0,'BAS',1,'',0,NULL,0),(31,1017,'purchase_cost','vtiger_service',1,'71','purchase_cost','Purchase Cost',1,0,'',100,5,89,1,'N~O',1,0,'BAS',1,'',0,NULL,0),(23,1018,'potential_id','vtiger_invoice',1,'10','potential_id','Potential Name',1,2,'',100,29,67,1,'I~O',1,0,'BAS',1,'',0,NULL,0),(29,1019,'defaultcalendarview','vtiger_users',1,'16','defaultcalendarview','Default Calendar View',1,0,'MyCalendar',100,14,136,1,'V~O',1,0,'BAS',1,'',0,NULL,0),(23,1020,'image','vtiger_inventoryproductrel',1,'56','image','Image',0,1,'',100,14,129,5,'V~O',1,0,'BAS',0,'',0,NULL,0),(23,1021,'purchase_cost','vtiger_inventoryproductrel',1,'71','purchase_cost','Purchase Cost',0,1,'',100,15,129,5,'N~O',1,0,'BAS',0,'',0,NULL,0),(23,1022,'margin','vtiger_inventoryproductrel',1,'71','margin','Margin',0,1,'',100,16,129,5,'N~O',1,0,'BAS',0,'',0,NULL,0),(20,1023,'image','vtiger_inventoryproductrel',1,'56','image','Image',0,1,'',100,15,132,5,'V~O',1,0,'BAS',0,'',0,NULL,0),(20,1024,'purchase_cost','vtiger_inventoryproductrel',1,'71','purchase_cost','Purchase Cost',0,1,'',100,16,132,5,'N~O',1,0,'BAS',0,'',0,NULL,0),(20,1025,'margin','vtiger_inventoryproductrel',1,'71','margin','Margin',0,1,'',100,17,132,5,'N~O',1,0,'BAS',0,'',0,NULL,0),(21,1026,'image','vtiger_inventoryproductrel',1,'56','image','Image',0,1,'',100,15,131,5,'V~O',1,0,'BAS',0,'',0,NULL,0),(22,1027,'image','vtiger_inventoryproductrel',1,'56','image','Image',0,1,'',100,16,130,5,'V~O',1,0,'BAS',0,'',0,NULL,0),(22,1028,'purchase_cost','vtiger_inventoryproductrel',1,'71','purchase_cost','Purchase Cost',0,1,'',100,17,130,5,'N~O',1,0,'BAS',0,'',0,NULL,0),(22,1029,'margin','vtiger_inventoryproductrel',1,'71','margin','Margin',0,1,'',100,18,130,5,'N~O',1,0,'BAS',0,'',0,NULL,0),(57,1030,'image','vtiger_inventoryproductrel',1,'56','image','Image',0,1,'',100,17,133,5,'V~O',1,0,'BAS',0,'',0,NULL,0),(57,1031,'purchase_cost','vtiger_inventoryproductrel',1,'71','purchase_cost','Purchase Cost',0,1,'',100,18,133,5,'N~O',1,0,'BAS',0,'',0,NULL,0),(57,1032,'margin','vtiger_inventoryproductrel',1,'71','margin','Margin',0,1,'',100,19,133,5,'N~O',1,0,'BAS',0,'',0,NULL,0),(59,1033,'image','vtiger_inventoryproductrel',1,'56','image','Image',0,1,'',100,17,134,5,'V~O',1,0,'BAS',0,'',0,NULL,0),(59,1034,'purchase_cost','vtiger_inventoryproductrel',1,'71','purchase_cost','Purchase Cost',0,1,'',100,18,134,5,'N~O',1,0,'BAS',0,'',0,NULL,0),(59,1035,'margin','vtiger_inventoryproductrel',1,'71','margin','Margin',0,1,'',100,19,134,5,'N~O',1,0,'BAS',0,'',0,NULL,0),(40,1036,'is_private','vtiger_modcomments',1,'7','is_private','Is Private',1,2,'',100,11,95,1,'I~O',1,0,'BAS',1,'',0,NULL,0),(40,1037,'filename','vtiger_modcomments',1,'61','filename','Attachment',1,0,'',100,12,95,1,'V~O',1,0,'BAS',1,'',0,NULL,0),(40,1038,'related_email_id','vtiger_modcomments',1,'1','related_email_id','Related Email Id',1,2,'0',100,13,95,1,'I~O',1,0,'BAS',1,'',0,NULL,0),(2,1039,'source','vtiger_crmentity',1,'1','source','Source',1,2,'',100,22,1,2,'V~O',3,8,'BAS',0,'',0,NULL,0),(4,1040,'source','vtiger_crmentity',1,'1','source','Source',1,2,'',100,34,4,2,'V~O',3,8,'BAS',0,'',0,NULL,0),(6,1041,'source','vtiger_crmentity',1,'1','source','Source',1,2,'',100,32,9,2,'V~O',3,6,'BAS',0,'',0,NULL,0),(7,1042,'source','vtiger_crmentity',1,'1','source','Source',1,2,'',100,29,13,2,'V~O',3,8,'BAS',0,'',0,NULL,0),(8,1043,'source','vtiger_crmentity',1,'1','source','Source',1,2,'',100,14,17,2,'V~O',3,5,'BAS',0,'',0,NULL,0),(9,1044,'source','vtiger_crmentity',1,'1','source','Source',1,2,'',100,24,19,2,'V~O',3,6,'BAS',0,'',0,NULL,0),(13,1045,'source','vtiger_crmentity',1,'1','source','Source',1,2,'',100,19,25,2,'V~O',3,6,'BAS',0,'',0,NULL,0),(14,1046,'source','vtiger_crmentity',1,'1','source','Source',1,2,'',100,27,31,2,'V~O',3,7,'BAS',0,'',0,NULL,0),(15,1047,'source','vtiger_crmentity',1,'1','source','Source',1,2,'',100,10,37,2,'V~O',3,2,'BAS',0,'',0,NULL,0),(16,1048,'source','vtiger_crmentity',1,'1','source','Source',1,2,'',100,24,39,2,'V~O',3,8,'BAS',0,'',0,NULL,0),(18,1049,'source','vtiger_crmentity',1,'1','source','Source',1,2,'',100,15,42,2,'V~O',3,6,'BAS',0,'',0,NULL,0),(19,1050,'source','vtiger_crmentity',1,'1','source','Source',1,2,'',100,10,46,2,'V~O',3,5,'BAS',0,'',0,NULL,0),(20,1051,'source','vtiger_crmentity',1,'1','source','Source',1,2,'',100,26,49,2,'V~O',3,3,'BAS',0,'',0,NULL,0),(21,1052,'source','vtiger_crmentity',1,'1','source','Source',1,2,'',100,28,55,2,'V~O',3,3,'BAS',0,'',0,NULL,0),(22,1053,'source','vtiger_crmentity',1,'1','source','Source',1,2,'',100,28,61,2,'V~O',3,3,'BAS',0,'',0,NULL,0),(23,1054,'source','vtiger_crmentity',1,'1','source','Source',1,2,'',100,30,67,2,'V~O',3,3,'BAS',0,'',0,NULL,0),(26,1055,'source','vtiger_crmentity',1,'1','source','Source',1,2,'',100,18,74,2,'V~O',3,9,'BAS',0,'',0,NULL,0),(10,1056,'source','vtiger_crmentity',1,'1','source','Source',1,2,'',100,13,21,2,'V~O',3,1,'BAS',0,'',0,NULL,0),(10,1057,'click_count','vtiger_email_track',1,'25','click_count','Click Count',1,2,'0',100,14,21,3,'I~O',0,2,'BAS',0,'',0,NULL,0),(2,1058,'starred','vtiger_crmentity_user_field',1,'56','starred','starred',1,2,'',100,23,1,6,'C~O',3,9,'BAS',0,'',0,NULL,0),(4,1059,'starred','vtiger_crmentity_user_field',1,'56','starred','starred',1,2,'',100,35,4,6,'C~O',3,9,'BAS',0,'',0,NULL,0),(6,1060,'starred','vtiger_crmentity_user_field',1,'56','starred','starred',1,2,'',100,33,9,6,'C~O',3,7,'BAS',0,'',0,NULL,0),(7,1061,'starred','vtiger_crmentity_user_field',1,'56','starred','starred',1,2,'',100,30,13,6,'C~O',3,9,'BAS',0,'',0,NULL,0),(8,1062,'starred','vtiger_crmentity_user_field',1,'56','starred','starred',1,2,'',100,15,17,6,'C~O',3,6,'BAS',0,'',0,NULL,0),(9,1063,'starred','vtiger_crmentity_user_field',1,'56','starred','starred',1,2,'',100,25,19,6,'C~O',3,7,'BAS',0,'',0,NULL,0),(10,1064,'starred','vtiger_crmentity_user_field',1,'56','starred','starred',1,2,'',100,15,21,6,'C~O',3,3,'BAS',0,'',0,NULL,0),(13,1065,'starred','vtiger_crmentity_user_field',1,'56','starred','starred',1,2,'',100,20,25,6,'C~O',3,7,'BAS',0,'',0,NULL,0),(14,1066,'starred','vtiger_crmentity_user_field',1,'56','starred','starred',1,2,'',100,28,31,6,'C~O',3,8,'BAS',0,'',0,NULL,0),(15,1067,'starred','vtiger_crmentity_user_field',1,'56','starred','starred',1,2,'',100,11,37,6,'C~O',3,3,'BAS',0,'',0,NULL,0),(16,1068,'starred','vtiger_crmentity_user_field',1,'56','starred','starred',1,2,'',100,25,39,6,'C~O',3,9,'BAS',0,'',0,NULL,0),(18,1069,'starred','vtiger_crmentity_user_field',1,'56','starred','starred',1,2,'',100,16,42,6,'C~O',3,7,'BAS',0,'',0,NULL,0),(19,1070,'starred','vtiger_crmentity_user_field',1,'56','starred','starred',1,2,'',100,11,46,6,'C~O',3,6,'BAS',0,'',0,NULL,0),(20,1071,'starred','vtiger_crmentity_user_field',1,'56','starred','starred',1,2,'',100,27,49,6,'C~O',3,4,'BAS',0,'',0,NULL,0),(21,1072,'starred','vtiger_crmentity_user_field',1,'56','starred','starred',1,2,'',100,29,55,6,'C~O',3,4,'BAS',0,'',0,NULL,0),(22,1073,'starred','vtiger_crmentity_user_field',1,'56','starred','starred',1,2,'',100,29,61,6,'C~O',3,4,'BAS',0,'',0,NULL,0),(23,1074,'starred','vtiger_crmentity_user_field',1,'56','starred','starred',1,2,'',100,31,67,6,'C~O',3,4,'BAS',0,'',0,NULL,0),(26,1075,'starred','vtiger_crmentity_user_field',1,'56','starred','starred',1,2,'',100,19,74,6,'C~O',3,10,'BAS',0,'',0,NULL,0),(35,1076,'starred','vtiger_crmentity_user_field',1,'56','starred','starred',1,2,'',100,28,92,6,'C~O',3,4,'BAS',0,'',0,NULL,0),(2,1077,'tags','vtiger_potential',1,'1','tags','tags',1,2,'',100,24,1,6,'V~O',3,10,'BAS',0,'',0,NULL,0),(4,1078,'tags','vtiger_contactdetails',1,'1','tags','tags',1,2,'',100,36,4,6,'V~O',3,10,'BAS',0,'',0,NULL,0),(6,1079,'tags','vtiger_account',1,'1','tags','tags',1,2,'',100,34,9,6,'V~O',3,8,'BAS',0,'',0,NULL,0),(7,1080,'tags','vtiger_leaddetails',1,'1','tags','tags',1,2,'',100,31,13,6,'V~O',3,10,'BAS',0,'',0,NULL,0),(8,1081,'tags','vtiger_notes',1,'1','tags','tags',1,2,'',100,16,17,6,'V~O',3,7,'BAS',0,'',0,NULL,0),(9,1082,'tags','vtiger_activity',1,'1','tags','tags',1,2,'',100,26,19,6,'V~O',3,8,'BAS',0,'',0,NULL,0),(10,1083,'tags','vtiger_activity',1,'1','tags','tags',1,2,'',100,16,21,6,'V~O',3,4,'BAS',0,'',0,NULL,0),(13,1084,'tags','vtiger_troubletickets',1,'1','tags','tags',1,2,'',100,21,25,6,'V~O',3,8,'BAS',0,'',0,NULL,0),(14,1085,'tags','vtiger_products',1,'1','tags','tags',1,2,'',100,29,31,6,'V~O',3,9,'BAS',0,'',0,NULL,0),(15,1086,'tags','vtiger_faq',1,'1','tags','tags',1,2,'',100,12,37,6,'V~O',3,4,'BAS',0,'',0,NULL,0),(16,1087,'tags','vtiger_activity',1,'1','tags','tags',1,2,'',100,26,39,6,'V~O',3,10,'BAS',0,'',0,NULL,0),(18,1088,'tags','vtiger_vendor',1,'1','tags','tags',1,2,'',100,17,42,6,'V~O',3,8,'BAS',0,'',0,NULL,0),(19,1089,'tags','vtiger_pricebook',1,'1','tags','tags',1,2,'',100,12,46,6,'V~O',3,7,'BAS',0,'',0,NULL,0),(20,1090,'tags','vtiger_quotes',1,'1','tags','tags',1,2,'',100,28,49,6,'V~O',3,5,'BAS',0,'',0,NULL,0),(21,1091,'tags','vtiger_purchaseorder',1,'1','tags','tags',1,2,'',100,30,55,6,'V~O',3,5,'BAS',0,'',0,NULL,0),(22,1092,'tags','vtiger_salesorder',1,'1','tags','tags',1,2,'',100,30,61,6,'V~O',3,5,'BAS',0,'',0,NULL,0),(23,1093,'tags','vtiger_invoice',1,'1','tags','tags',1,2,'',100,32,67,6,'V~O',3,5,'BAS',0,'',0,NULL,0),(26,1094,'tags','vtiger_campaign',1,'1','tags','tags',1,2,'',100,20,74,6,'V~O',3,11,'BAS',0,'',0,NULL,0),(35,1095,'tags','vtiger_pbxmanager',1,'1','tags','tags',1,2,'',100,29,92,6,'V~O',3,5,'BAS',0,'',0,NULL,0),(20,1096,'region_id','vtiger_quotes',1,'16','region_id','Tax Region',0,2,'',100,18,132,5,'N~O',1,0,'BAS',0,'',0,NULL,0),(21,1097,'region_id','vtiger_purchaseorder',1,'16','region_id','Tax Region',0,2,'',100,16,131,5,'N~O',1,0,'BAS',0,'',0,NULL,0),(22,1098,'region_id','vtiger_salesorder',1,'16','region_id','Tax Region',0,2,'',100,19,130,5,'N~O',1,0,'BAS',0,'',0,NULL,0),(23,1099,'region_id','vtiger_invoice',1,'16','region_id','Tax Region',0,2,'',100,17,129,5,'N~O',1,0,'BAS',0,'',0,NULL,0),(57,1100,'region_id','vtiger_sp_act',1,'16','region_id','Tax Region',0,2,'',100,20,133,5,'N~O',1,0,'BAS',0,'',0,NULL,0),(59,1101,'region_id','vtiger_sp_consignment',1,'16','region_id','Tax Region',0,2,'',100,20,134,5,'N~O',1,0,'BAS',0,'',0,NULL,0),(56,1102,'isconvertedfrompotential','vtiger_project',1,'56','isconvertedfrompotential','Is Converted From Opportunity',1,2,'',100,14,112,1,'C~O',1,0,'BAS',1,'',0,NULL,0),(56,1103,'potentialid','vtiger_project',1,'10','potentialid','Potential Name',1,2,'',100,15,112,1,'I~O',1,0,'BAS',1,'',0,NULL,0),(14,1104,'sp_product_international_code','vtiger_products',1,'1','sp_product_international_code','International code',1,0,'',100,30,31,1,'V~O',1,0,'BAS',1,'',0,NULL,0),(57,1105,'subject','vtiger_sp_act',1,'1','subject','Subject',1,2,'',100,1,115,1,'V~O',1,0,'BAS',1,'',0,NULL,0),(59,1106,'subject','vtiger_sp_consignment',1,'1','subject','Subject',1,2,'',100,1,123,1,'V~O',1,0,'BAS',1,'',0,NULL,0);
/*!40000 ALTER TABLE `vtiger_field` ENABLE KEYS */;
UNLOCK TABLES;

--
-- Table structure for table `vtiger_field_seq`
--

DROP TABLE IF EXISTS `vtiger_field_seq`;
/*!40101 SET @saved_cs_client     = @@character_set_client */;
/*!40101 SET character_set_client = utf8 */;
CREATE TABLE `vtiger_field_seq` (
  `id` int(11) NOT NULL
) ENGINE=InnoDB DEFAULT CHARSET=utf8;
/*!40101 SET character_set_client = @saved_cs_client */;

--
-- Dumping data for table `vtiger_field_seq`
--

LOCK TABLES `vtiger_field_seq` WRITE;
/*!40000 ALTER TABLE `vtiger_field_seq` DISABLE KEYS */;
INSERT INTO `vtiger_field_seq` VALUES (1106);
/*!40000 ALTER TABLE `vtiger_field_seq` ENABLE KEYS */;
UNLOCK TABLES;

--
-- Table structure for table `vtiger_fieldmodulerel`
--

DROP TABLE IF EXISTS `vtiger_fieldmodulerel`;
/*!40101 SET @saved_cs_client     = @@character_set_client */;
/*!40101 SET character_set_client = utf8 */;
CREATE TABLE `vtiger_fieldmodulerel` (
  `fieldid` int(11) NOT NULL,
  `module` varchar(100) NOT NULL,
  `relmodule` varchar(100) NOT NULL,
  `status` varchar(10) DEFAULT NULL,
  `sequence` int(11) DEFAULT NULL
) ENGINE=InnoDB DEFAULT CHARSET=utf8;
/*!40101 SET character_set_client = @saved_cs_client */;

--
-- Dumping data for table `vtiger_fieldmodulerel`
--

LOCK TABLES `vtiger_fieldmodulerel` WRITE;
/*!40000 ALTER TABLE `vtiger_fieldmodulerel` DISABLE KEYS */;
INSERT INTO `vtiger_fieldmodulerel` VALUES (118,'Potentials','Accounts',NULL,0),(568,'PBXManager','Leads',NULL,NULL),(568,'PBXManager','Contacts',NULL,NULL),(568,'PBXManager','Accounts',NULL,NULL),(584,'ServiceContracts','Contacts',NULL,NULL),(584,'ServiceContracts','Accounts',NULL,NULL),(604,'ModComments','Contacts',NULL,NULL),(611,'ModComments','Leads',NULL,NULL),(611,'ModComments','Contacts',NULL,NULL),(611,'ModComments','Accounts',NULL,NULL),(611,'ModComments','Potentials',NULL,NULL),(611,'ModComments','ProjectTask',NULL,NULL),(611,'ModComments','Project',NULL,NULL),(611,'ModComments','HelpDesk',NULL,NULL),(611,'ModComments','Faq',NULL,NULL),(613,'ModComments','ModComments',NULL,NULL),(615,'Assets','Products',NULL,NULL),(621,'Assets','Invoice',NULL,NULL),(626,'Assets','Accounts',NULL,NULL),(627,'Assets','Contacts',NULL,NULL),(654,'Contacts','SPSocialConnector',NULL,NULL),(655,'Contacts','SPSocialConnector',NULL,NULL),(656,'Leads','SPSocialConnector',NULL,NULL),(657,'Leads','SPSocialConnector',NULL,NULL),(658,'Accounts','SPSocialConnector',NULL,NULL),(659,'Accounts','SPSocialConnector',NULL,NULL),(708,'ProjectMilestone','Project',NULL,NULL),(722,'ProjectTask','Project',NULL,NULL),(743,'Project','Accounts',NULL,NULL),(743,'Project','Contacts',NULL,NULL),(761,'Act','Accounts',NULL,NULL),(793,'Invoice','Act',NULL,NULL),(796,'SPPayments','Accounts',NULL,NULL),(796,'SPPayments','Contacts',NULL,NULL),(796,'SPPayments','Vendors',NULL,NULL),(798,'SPPayments','Invoice',NULL,NULL),(798,'SPPayments','SalesOrder',NULL,NULL),(798,'SPPayments','PurchaseOrder',NULL,NULL),(818,'Consignment','Invoice',NULL,NULL),(822,'Consignment','Accounts',NULL,NULL),(858,'Invoice','Products',NULL,NULL),(858,'Invoice','Services',NULL,NULL),(867,'SalesOrder','Products',NULL,NULL),(867,'SalesOrder','Services',NULL,NULL),(876,'PurchaseOrder','Products',NULL,NULL),(876,'PurchaseOrder','Services',NULL,NULL),(885,'Quotes','Products',NULL,NULL),(885,'Quotes','Services',NULL,NULL),(894,'Act','Products',NULL,NULL),(894,'Act','Services',NULL,NULL),(903,'Consignment','Products',NULL,NULL),(903,'Consignment','Services',NULL,NULL),(940,'Potentials','Contacts',NULL,NULL),(162,'HelpDesk','Accounts',NULL,NULL),(941,'HelpDesk','Contacts',NULL,NULL),(246,'Accounts','Calendar',NULL,NULL),(246,'Leads','Calendar',NULL,NULL),(246,'HelpDesk','Calendar',NULL,NULL),(246,'Campaigns','Calendar',NULL,NULL),(246,'Potentials','Calendar',NULL,NULL),(246,'PurchaseOrder','Calendar',NULL,NULL),(246,'SalesOrder','Calendar',NULL,NULL),(246,'Quotes','Calendar',NULL,NULL),(246,'Invoice','Calendar',NULL,NULL),(247,'Contacts','Calendar',NULL,NULL),(1018,'Invoice','Potentials',NULL,NULL),(611,'ModComments','Invoice',NULL,NULL),(611,'ModComments','Quotes',NULL,NULL),(611,'ModComments','PurchaseOrder',NULL,NULL),(611,'ModComments','SalesOrder',NULL,NULL),(611,'ModComments','Act',NULL,NULL),(611,'ModComments','Consignment',NULL,NULL),(1103,'Project','Potentials',NULL,NULL);
/*!40000 ALTER TABLE `vtiger_fieldmodulerel` ENABLE KEYS */;
UNLOCK TABLES;

--
-- Table structure for table `vtiger_freetagged_objects`
--

DROP TABLE IF EXISTS `vtiger_freetagged_objects`;
/*!40101 SET @saved_cs_client     = @@character_set_client */;
/*!40101 SET character_set_client = utf8 */;
CREATE TABLE `vtiger_freetagged_objects` (
  `tag_id` int(20) NOT NULL DEFAULT '0',
  `tagger_id` int(20) NOT NULL DEFAULT '0',
  `object_id` int(20) NOT NULL DEFAULT '0',
  `tagged_on` timestamp NOT NULL DEFAULT CURRENT_TIMESTAMP,
  `module` varchar(100) DEFAULT NULL,
  PRIMARY KEY (`tag_id`,`tagger_id`,`object_id`),
  KEY `freetagged_objects_tag_id_tagger_id_object_id_idx` (`tag_id`,`tagger_id`,`object_id`)
) ENGINE=InnoDB DEFAULT CHARSET=utf8;
/*!40101 SET character_set_client = @saved_cs_client */;

--
-- Dumping data for table `vtiger_freetagged_objects`
--

LOCK TABLES `vtiger_freetagged_objects` WRITE;
/*!40000 ALTER TABLE `vtiger_freetagged_objects` DISABLE KEYS */;
/*!40000 ALTER TABLE `vtiger_freetagged_objects` ENABLE KEYS */;
UNLOCK TABLES;

--
-- Table structure for table `vtiger_freetags`
--

DROP TABLE IF EXISTS `vtiger_freetags`;
/*!40101 SET @saved_cs_client     = @@character_set_client */;
/*!40101 SET character_set_client = utf8 */;
CREATE TABLE `vtiger_freetags` (
  `id` int(19) NOT NULL,
  `tag` varchar(50) NOT NULL DEFAULT '',
  `raw_tag` varchar(50) NOT NULL DEFAULT '',
  `visibility` varchar(100) NOT NULL DEFAULT 'PRIVATE',
  `owner` int(19) NOT NULL,
  PRIMARY KEY (`id`)
) ENGINE=InnoDB DEFAULT CHARSET=utf8;
/*!40101 SET character_set_client = @saved_cs_client */;

--
-- Dumping data for table `vtiger_freetags`
--

LOCK TABLES `vtiger_freetags` WRITE;
/*!40000 ALTER TABLE `vtiger_freetags` DISABLE KEYS */;
/*!40000 ALTER TABLE `vtiger_freetags` ENABLE KEYS */;
UNLOCK TABLES;

--
-- Table structure for table `vtiger_freetags_seq`
--

DROP TABLE IF EXISTS `vtiger_freetags_seq`;
/*!40101 SET @saved_cs_client     = @@character_set_client */;
/*!40101 SET character_set_client = utf8 */;
CREATE TABLE `vtiger_freetags_seq` (
  `id` int(11) NOT NULL
) ENGINE=InnoDB DEFAULT CHARSET=utf8;
/*!40101 SET character_set_client = @saved_cs_client */;

--
-- Dumping data for table `vtiger_freetags_seq`
--

LOCK TABLES `vtiger_freetags_seq` WRITE;
/*!40000 ALTER TABLE `vtiger_freetags_seq` DISABLE KEYS */;
INSERT INTO `vtiger_freetags_seq` VALUES (1);
/*!40000 ALTER TABLE `vtiger_freetags_seq` ENABLE KEYS */;
UNLOCK TABLES;

--
-- Table structure for table `vtiger_glacct`
--

DROP TABLE IF EXISTS `vtiger_glacct`;
/*!40101 SET @saved_cs_client     = @@character_set_client */;
/*!40101 SET character_set_client = utf8 */;
CREATE TABLE `vtiger_glacct` (
  `glacctid` int(19) NOT NULL AUTO_INCREMENT,
  `glacct` varchar(200) NOT NULL,
  `presence` int(1) NOT NULL DEFAULT '1',
  `picklist_valueid` int(19) NOT NULL DEFAULT '0',
  `sortorderid` int(11) DEFAULT NULL,
  `color` varchar(10) DEFAULT NULL,
  PRIMARY KEY (`glacctid`),
  UNIQUE KEY `glacct_glacct_idx` (`glacct`)
) ENGINE=InnoDB AUTO_INCREMENT=10 DEFAULT CHARSET=utf8;
/*!40101 SET character_set_client = @saved_cs_client */;

--
-- Dumping data for table `vtiger_glacct`
--

LOCK TABLES `vtiger_glacct` WRITE;
/*!40000 ALTER TABLE `vtiger_glacct` DISABLE KEYS */;
INSERT INTO `vtiger_glacct` VALUES (1,'300-Sales-Software',1,51,0,NULL),(2,'301-Sales-Hardware',1,52,1,NULL),(3,'302-Rental-Income',1,53,2,NULL),(4,'303-Interest-Income',1,54,3,NULL),(5,'304-Sales-Software-Support',1,55,4,NULL),(6,'305-Sales Other',1,56,5,NULL),(7,'306-Internet Sales',1,57,6,NULL),(8,'307-Service-Hardware Labor',1,58,7,NULL),(9,'308-Sales-Books',1,59,8,NULL);
/*!40000 ALTER TABLE `vtiger_glacct` ENABLE KEYS */;
UNLOCK TABLES;

--
-- Table structure for table `vtiger_glacct_seq`
--

DROP TABLE IF EXISTS `vtiger_glacct_seq`;
/*!40101 SET @saved_cs_client     = @@character_set_client */;
/*!40101 SET character_set_client = utf8 */;
CREATE TABLE `vtiger_glacct_seq` (
  `id` int(11) NOT NULL
) ENGINE=InnoDB DEFAULT CHARSET=utf8;
/*!40101 SET character_set_client = @saved_cs_client */;

--
-- Dumping data for table `vtiger_glacct_seq`
--

LOCK TABLES `vtiger_glacct_seq` WRITE;
/*!40000 ALTER TABLE `vtiger_glacct_seq` DISABLE KEYS */;
INSERT INTO `vtiger_glacct_seq` VALUES (9);
/*!40000 ALTER TABLE `vtiger_glacct_seq` ENABLE KEYS */;
UNLOCK TABLES;

--
-- Table structure for table `vtiger_google_event_calendar_mapping`
--

DROP TABLE IF EXISTS `vtiger_google_event_calendar_mapping`;
/*!40101 SET @saved_cs_client     = @@character_set_client */;
/*!40101 SET character_set_client = utf8 */;
CREATE TABLE `vtiger_google_event_calendar_mapping` (
  `event_id` varchar(255) DEFAULT NULL,
  `calendar_id` varchar(255) DEFAULT NULL,
  `user_id` int(11) NOT NULL
) ENGINE=InnoDB DEFAULT CHARSET=utf8;
/*!40101 SET character_set_client = @saved_cs_client */;

--
-- Dumping data for table `vtiger_google_event_calendar_mapping`
--

LOCK TABLES `vtiger_google_event_calendar_mapping` WRITE;
/*!40000 ALTER TABLE `vtiger_google_event_calendar_mapping` DISABLE KEYS */;
/*!40000 ALTER TABLE `vtiger_google_event_calendar_mapping` ENABLE KEYS */;
UNLOCK TABLES;

--
-- Table structure for table `vtiger_google_oauth2`
--

DROP TABLE IF EXISTS `vtiger_google_oauth2`;
/*!40101 SET @saved_cs_client     = @@character_set_client */;
/*!40101 SET character_set_client = utf8 */;
CREATE TABLE `vtiger_google_oauth2` (
  `service` varchar(20) DEFAULT NULL,
  `access_token` varchar(500) DEFAULT NULL,
  `refresh_token` varchar(500) DEFAULT NULL,
  `userid` int(19) DEFAULT NULL
) ENGINE=InnoDB DEFAULT CHARSET=utf8;
/*!40101 SET character_set_client = @saved_cs_client */;

--
-- Dumping data for table `vtiger_google_oauth2`
--

LOCK TABLES `vtiger_google_oauth2` WRITE;
/*!40000 ALTER TABLE `vtiger_google_oauth2` DISABLE KEYS */;
/*!40000 ALTER TABLE `vtiger_google_oauth2` ENABLE KEYS */;
UNLOCK TABLES;

--
-- Table structure for table `vtiger_google_sync_fieldmapping`
--

DROP TABLE IF EXISTS `vtiger_google_sync_fieldmapping`;
/*!40101 SET @saved_cs_client     = @@character_set_client */;
/*!40101 SET character_set_client = utf8 */;
CREATE TABLE `vtiger_google_sync_fieldmapping` (
  `vtiger_field` varchar(255) DEFAULT NULL,
  `google_field` varchar(255) DEFAULT NULL,
  `google_field_type` varchar(255) DEFAULT NULL,
  `google_custom_label` varchar(255) DEFAULT NULL,
  `user` int(11) DEFAULT NULL
) ENGINE=InnoDB DEFAULT CHARSET=utf8;
/*!40101 SET character_set_client = @saved_cs_client */;

--
-- Dumping data for table `vtiger_google_sync_fieldmapping`
--

LOCK TABLES `vtiger_google_sync_fieldmapping` WRITE;
/*!40000 ALTER TABLE `vtiger_google_sync_fieldmapping` DISABLE KEYS */;
/*!40000 ALTER TABLE `vtiger_google_sync_fieldmapping` ENABLE KEYS */;
UNLOCK TABLES;

--
-- Table structure for table `vtiger_google_sync_settings`
--

DROP TABLE IF EXISTS `vtiger_google_sync_settings`;
/*!40101 SET @saved_cs_client     = @@character_set_client */;
/*!40101 SET character_set_client = utf8 */;
CREATE TABLE `vtiger_google_sync_settings` (
  `user` int(11) DEFAULT NULL,
  `module` varchar(50) DEFAULT NULL,
  `clientgroup` varchar(255) DEFAULT NULL,
  `direction` varchar(50) DEFAULT NULL,
  `enabled` tinyint(3) DEFAULT '1'
) ENGINE=InnoDB DEFAULT CHARSET=utf8;
/*!40101 SET character_set_client = @saved_cs_client */;

--
-- Dumping data for table `vtiger_google_sync_settings`
--

LOCK TABLES `vtiger_google_sync_settings` WRITE;
/*!40000 ALTER TABLE `vtiger_google_sync_settings` DISABLE KEYS */;
/*!40000 ALTER TABLE `vtiger_google_sync_settings` ENABLE KEYS */;
UNLOCK TABLES;

--
-- Table structure for table `vtiger_group2grouprel`
--

DROP TABLE IF EXISTS `vtiger_group2grouprel`;
/*!40101 SET @saved_cs_client     = @@character_set_client */;
/*!40101 SET character_set_client = utf8 */;
CREATE TABLE `vtiger_group2grouprel` (
  `groupid` int(19) NOT NULL,
  `containsgroupid` int(19) NOT NULL,
  PRIMARY KEY (`groupid`,`containsgroupid`),
  CONSTRAINT `fk_2_vtiger_group2grouprel` FOREIGN KEY (`groupid`) REFERENCES `vtiger_groups` (`groupid`) ON DELETE CASCADE ON UPDATE CASCADE
) ENGINE=InnoDB DEFAULT CHARSET=utf8;
/*!40101 SET character_set_client = @saved_cs_client */;

--
-- Dumping data for table `vtiger_group2grouprel`
--

LOCK TABLES `vtiger_group2grouprel` WRITE;
/*!40000 ALTER TABLE `vtiger_group2grouprel` DISABLE KEYS */;
/*!40000 ALTER TABLE `vtiger_group2grouprel` ENABLE KEYS */;
UNLOCK TABLES;

--
-- Table structure for table `vtiger_group2role`
--

DROP TABLE IF EXISTS `vtiger_group2role`;
/*!40101 SET @saved_cs_client     = @@character_set_client */;
/*!40101 SET character_set_client = utf8 */;
CREATE TABLE `vtiger_group2role` (
  `groupid` int(19) NOT NULL,
  `roleid` varchar(255) NOT NULL,
  PRIMARY KEY (`groupid`,`roleid`),
  KEY `fk_2_vtiger_group2role` (`roleid`),
  CONSTRAINT `fk_2_vtiger_group2role` FOREIGN KEY (`roleid`) REFERENCES `vtiger_role` (`roleid`) ON DELETE CASCADE
) ENGINE=InnoDB DEFAULT CHARSET=utf8;
/*!40101 SET character_set_client = @saved_cs_client */;

--
-- Dumping data for table `vtiger_group2role`
--

LOCK TABLES `vtiger_group2role` WRITE;
/*!40000 ALTER TABLE `vtiger_group2role` DISABLE KEYS */;
INSERT INTO `vtiger_group2role` VALUES (3,'H2'),(4,'H3'),(2,'H4');
/*!40000 ALTER TABLE `vtiger_group2role` ENABLE KEYS */;
UNLOCK TABLES;

--
-- Table structure for table `vtiger_group2rs`
--

DROP TABLE IF EXISTS `vtiger_group2rs`;
/*!40101 SET @saved_cs_client     = @@character_set_client */;
/*!40101 SET character_set_client = utf8 */;
CREATE TABLE `vtiger_group2rs` (
  `groupid` int(19) NOT NULL,
  `roleandsubid` varchar(255) NOT NULL,
  PRIMARY KEY (`groupid`,`roleandsubid`),
  KEY `fk_2_vtiger_group2rs` (`roleandsubid`),
  CONSTRAINT `fk_2_vtiger_group2rs` FOREIGN KEY (`roleandsubid`) REFERENCES `vtiger_role` (`roleid`) ON DELETE CASCADE
) ENGINE=InnoDB DEFAULT CHARSET=utf8;
/*!40101 SET character_set_client = @saved_cs_client */;

--
-- Dumping data for table `vtiger_group2rs`
--

LOCK TABLES `vtiger_group2rs` WRITE;
/*!40000 ALTER TABLE `vtiger_group2rs` DISABLE KEYS */;
INSERT INTO `vtiger_group2rs` VALUES (3,'H3'),(4,'H3');
/*!40000 ALTER TABLE `vtiger_group2rs` ENABLE KEYS */;
UNLOCK TABLES;

--
-- Table structure for table `vtiger_groups`
--

DROP TABLE IF EXISTS `vtiger_groups`;
/*!40101 SET @saved_cs_client     = @@character_set_client */;
/*!40101 SET character_set_client = utf8 */;
CREATE TABLE `vtiger_groups` (
  `groupid` int(19) NOT NULL,
  `groupname` varchar(100) DEFAULT NULL,
  `description` text,
  PRIMARY KEY (`groupid`),
  UNIQUE KEY `groups_groupname_idx` (`groupname`)
) ENGINE=InnoDB DEFAULT CHARSET=utf8;
/*!40101 SET character_set_client = @saved_cs_client */;

--
-- Dumping data for table `vtiger_groups`
--

LOCK TABLES `vtiger_groups` WRITE;
/*!40000 ALTER TABLE `vtiger_groups` DISABLE KEYS */;
INSERT INTO `vtiger_groups` VALUES (2,'Отдел Продаж','Группа менеджеров по Продажам'),(3,'Отдел Маркетинга','Группа менеджеров по Маркетингу'),(4,'Отдел Поддержки','Группа сервисной поддержки Клиентов'),(5,'Айтилус Группа','ТП Айтилус'),(11,'Руководители Группа','Управление компанией'),(12,'Пользователи Группа','Все сотрудники компании');
/*!40000 ALTER TABLE `vtiger_groups` ENABLE KEYS */;
UNLOCK TABLES;

--
-- Table structure for table `vtiger_home_layout`
--

DROP TABLE IF EXISTS `vtiger_home_layout`;
/*!40101 SET @saved_cs_client     = @@character_set_client */;
/*!40101 SET character_set_client = utf8 */;
CREATE TABLE `vtiger_home_layout` (
  `userid` int(19) NOT NULL,
  `layout` int(19) NOT NULL DEFAULT '4',
  PRIMARY KEY (`userid`)
) ENGINE=InnoDB DEFAULT CHARSET=utf8;
/*!40101 SET character_set_client = @saved_cs_client */;

--
-- Dumping data for table `vtiger_home_layout`
--

LOCK TABLES `vtiger_home_layout` WRITE;
/*!40000 ALTER TABLE `vtiger_home_layout` DISABLE KEYS */;
/*!40000 ALTER TABLE `vtiger_home_layout` ENABLE KEYS */;
UNLOCK TABLES;

--
-- Table structure for table `vtiger_homedashbd`
--

DROP TABLE IF EXISTS `vtiger_homedashbd`;
/*!40101 SET @saved_cs_client     = @@character_set_client */;
/*!40101 SET character_set_client = utf8 */;
CREATE TABLE `vtiger_homedashbd` (
  `stuffid` int(19) NOT NULL DEFAULT '0',
  `dashbdname` varchar(100) DEFAULT NULL,
  `dashbdtype` varchar(100) DEFAULT NULL,
  PRIMARY KEY (`stuffid`),
  KEY `stuff_stuffid_idx` (`stuffid`),
  CONSTRAINT `fk_1_vtiger_homedashbd` FOREIGN KEY (`stuffid`) REFERENCES `vtiger_homestuff` (`stuffid`) ON DELETE CASCADE
) ENGINE=InnoDB DEFAULT CHARSET=utf8;
/*!40101 SET character_set_client = @saved_cs_client */;

--
-- Dumping data for table `vtiger_homedashbd`
--

LOCK TABLES `vtiger_homedashbd` WRITE;
/*!40000 ALTER TABLE `vtiger_homedashbd` DISABLE KEYS */;
/*!40000 ALTER TABLE `vtiger_homedashbd` ENABLE KEYS */;
UNLOCK TABLES;

--
-- Table structure for table `vtiger_homedefault`
--

DROP TABLE IF EXISTS `vtiger_homedefault`;
/*!40101 SET @saved_cs_client     = @@character_set_client */;
/*!40101 SET character_set_client = utf8 */;
CREATE TABLE `vtiger_homedefault` (
  `stuffid` int(19) NOT NULL DEFAULT '0',
  `hometype` varchar(30) NOT NULL,
  `maxentries` int(19) DEFAULT NULL,
  `setype` varchar(30) DEFAULT NULL,
  PRIMARY KEY (`stuffid`),
  KEY `stuff_stuffid_idx` (`stuffid`),
  CONSTRAINT `fk_1_vtiger_homedefault` FOREIGN KEY (`stuffid`) REFERENCES `vtiger_homestuff` (`stuffid`) ON DELETE CASCADE
) ENGINE=InnoDB DEFAULT CHARSET=utf8;
/*!40101 SET character_set_client = @saved_cs_client */;

--
-- Dumping data for table `vtiger_homedefault`
--

LOCK TABLES `vtiger_homedefault` WRITE;
/*!40000 ALTER TABLE `vtiger_homedefault` DISABLE KEYS */;
INSERT INTO `vtiger_homedefault` VALUES (1,'ALVT',5,'Accounts'),(2,'HDB',5,'Dashboard'),(3,'PLVT',5,'Potentials'),(4,'QLTQ',5,'Quotes'),(5,'CVLVT',5,'NULL'),(6,'HLT',5,'HelpDesk'),(7,'UA',5,'Calendar'),(8,'GRT',5,'NULL'),(9,'OLTSO',5,'SalesOrder'),(10,'ILTI',5,'Invoice'),(11,'MNL',5,'Leads'),(12,'OLTPO',5,'PurchaseOrder'),(13,'PA',5,'Calendar'),(14,'LTFAQ',5,'Faq'),(16,'ALVT',5,'Accounts'),(17,'HDB',5,'Dashboard'),(18,'PLVT',5,'Potentials'),(19,'QLTQ',5,'Quotes'),(20,'CVLVT',5,'NULL'),(21,'HLT',5,'HelpDesk'),(22,'UA',5,'Calendar'),(23,'GRT',5,'NULL'),(24,'OLTSO',5,'SalesOrder'),(25,'ILTI',5,'Invoice'),(26,'MNL',5,'Leads'),(27,'OLTPO',5,'PurchaseOrder'),(28,'PA',5,'Calendar'),(29,'LTFAQ',5,'Faq'),(31,'ALVT',5,'Accounts'),(32,'HDB',5,'Dashboard'),(33,'PLVT',5,'Potentials'),(34,'QLTQ',5,'Quotes'),(35,'CVLVT',5,'NULL'),(36,'HLT',5,'HelpDesk'),(37,'UA',5,'Calendar'),(38,'GRT',5,'NULL'),(39,'OLTSO',5,'SalesOrder'),(40,'ILTI',5,'Invoice'),(41,'MNL',5,'Leads'),(42,'OLTPO',5,'PurchaseOrder'),(43,'PA',5,'Calendar'),(44,'LTFAQ',5,'Faq'),(46,'ALVT',5,'Accounts'),(47,'HDB',5,'Dashboard'),(48,'PLVT',5,'Potentials'),(49,'QLTQ',5,'Quotes'),(50,'CVLVT',5,'NULL'),(51,'HLT',5,'HelpDesk'),(52,'UA',5,'Calendar'),(53,'GRT',5,'NULL'),(54,'OLTSO',5,'SalesOrder'),(55,'ILTI',5,'Invoice'),(56,'MNL',5,'Leads'),(57,'OLTPO',5,'PurchaseOrder'),(58,'PA',5,'Calendar'),(59,'LTFAQ',5,'Faq'),(61,'ALVT',5,'Accounts'),(62,'HDB',5,'Dashboard'),(63,'PLVT',5,'Potentials'),(64,'QLTQ',5,'Quotes'),(65,'CVLVT',5,'NULL'),(66,'HLT',5,'HelpDesk'),(67,'UA',5,'Calendar'),(68,'GRT',5,'NULL'),(69,'OLTSO',5,'SalesOrder'),(70,'ILTI',5,'Invoice'),(71,'MNL',5,'Leads'),(72,'OLTPO',5,'PurchaseOrder'),(73,'PA',5,'Calendar'),(74,'LTFAQ',5,'Faq'),(76,'ALVT',5,'Accounts'),(77,'HDB',5,'Dashboard'),(78,'PLVT',5,'Potentials'),(79,'QLTQ',5,'Quotes'),(80,'CVLVT',5,'NULL'),(81,'HLT',5,'HelpDesk'),(82,'UA',5,'Calendar'),(83,'GRT',5,'NULL'),(84,'OLTSO',5,'SalesOrder'),(85,'ILTI',5,'Invoice'),(86,'MNL',5,'Leads'),(87,'OLTPO',5,'PurchaseOrder'),(88,'PA',5,'Calendar'),(89,'LTFAQ',5,'Faq'),(91,'ALVT',5,'Accounts'),(92,'HDB',5,'Dashboard'),(93,'PLVT',5,'Potentials'),(94,'QLTQ',5,'Quotes'),(95,'CVLVT',5,'NULL'),(96,'HLT',5,'HelpDesk'),(97,'UA',5,'Calendar'),(98,'GRT',5,'NULL'),(99,'OLTSO',5,'SalesOrder'),(100,'ILTI',5,'Invoice'),(101,'MNL',5,'Leads'),(102,'OLTPO',5,'PurchaseOrder'),(103,'PA',5,'Calendar'),(104,'LTFAQ',5,'Faq'),(106,'ALVT',5,'Accounts'),(107,'HDB',5,'Dashboard'),(108,'PLVT',5,'Potentials'),(109,'QLTQ',5,'Quotes'),(110,'CVLVT',5,'NULL'),(111,'HLT',5,'HelpDesk'),(112,'UA',5,'Calendar'),(113,'GRT',5,'NULL'),(114,'OLTSO',5,'SalesOrder'),(115,'ILTI',5,'Invoice'),(116,'MNL',5,'Leads'),(117,'OLTPO',5,'PurchaseOrder'),(118,'PA',5,'Calendar'),(119,'LTFAQ',5,'Faq');
/*!40000 ALTER TABLE `vtiger_homedefault` ENABLE KEYS */;
UNLOCK TABLES;

--
-- Table structure for table `vtiger_homemodule`
--

DROP TABLE IF EXISTS `vtiger_homemodule`;
/*!40101 SET @saved_cs_client     = @@character_set_client */;
/*!40101 SET character_set_client = utf8 */;
CREATE TABLE `vtiger_homemodule` (
  `stuffid` int(19) NOT NULL,
  `modulename` varchar(100) DEFAULT NULL,
  `maxentries` int(19) NOT NULL,
  `customviewid` int(19) NOT NULL,
  `setype` varchar(30) NOT NULL,
  PRIMARY KEY (`stuffid`),
  KEY `stuff_stuffid_idx` (`stuffid`),
  CONSTRAINT `fk_1_vtiger_homemodule` FOREIGN KEY (`stuffid`) REFERENCES `vtiger_homestuff` (`stuffid`) ON DELETE CASCADE
) ENGINE=InnoDB DEFAULT CHARSET=utf8;
/*!40101 SET character_set_client = @saved_cs_client */;

--
-- Dumping data for table `vtiger_homemodule`
--

LOCK TABLES `vtiger_homemodule` WRITE;
/*!40000 ALTER TABLE `vtiger_homemodule` DISABLE KEYS */;
/*!40000 ALTER TABLE `vtiger_homemodule` ENABLE KEYS */;
UNLOCK TABLES;

--
-- Table structure for table `vtiger_homemoduleflds`
--

DROP TABLE IF EXISTS `vtiger_homemoduleflds`;
/*!40101 SET @saved_cs_client     = @@character_set_client */;
/*!40101 SET character_set_client = utf8 */;
CREATE TABLE `vtiger_homemoduleflds` (
  `stuffid` int(19) DEFAULT NULL,
  `fieldname` varchar(100) DEFAULT NULL,
  KEY `stuff_stuffid_idx` (`stuffid`),
  CONSTRAINT `fk_1_vtiger_homemoduleflds` FOREIGN KEY (`stuffid`) REFERENCES `vtiger_homemodule` (`stuffid`) ON DELETE CASCADE
) ENGINE=InnoDB DEFAULT CHARSET=utf8;
/*!40101 SET character_set_client = @saved_cs_client */;

--
-- Dumping data for table `vtiger_homemoduleflds`
--

LOCK TABLES `vtiger_homemoduleflds` WRITE;
/*!40000 ALTER TABLE `vtiger_homemoduleflds` DISABLE KEYS */;
/*!40000 ALTER TABLE `vtiger_homemoduleflds` ENABLE KEYS */;
UNLOCK TABLES;

--
-- Table structure for table `vtiger_homereportchart`
--

DROP TABLE IF EXISTS `vtiger_homereportchart`;
/*!40101 SET @saved_cs_client     = @@character_set_client */;
/*!40101 SET character_set_client = utf8 */;
CREATE TABLE `vtiger_homereportchart` (
  `stuffid` int(11) NOT NULL,
  `reportid` int(19) DEFAULT NULL,
  `reportcharttype` varchar(100) DEFAULT NULL,
  PRIMARY KEY (`stuffid`)
) ENGINE=InnoDB DEFAULT CHARSET=utf8;
/*!40101 SET character_set_client = @saved_cs_client */;

--
-- Dumping data for table `vtiger_homereportchart`
--

LOCK TABLES `vtiger_homereportchart` WRITE;
/*!40000 ALTER TABLE `vtiger_homereportchart` DISABLE KEYS */;
/*!40000 ALTER TABLE `vtiger_homereportchart` ENABLE KEYS */;
UNLOCK TABLES;

--
-- Table structure for table `vtiger_homerss`
--

DROP TABLE IF EXISTS `vtiger_homerss`;
/*!40101 SET @saved_cs_client     = @@character_set_client */;
/*!40101 SET character_set_client = utf8 */;
CREATE TABLE `vtiger_homerss` (
  `stuffid` int(19) NOT NULL DEFAULT '0',
  `url` varchar(100) DEFAULT NULL,
  `maxentries` int(19) NOT NULL,
  PRIMARY KEY (`stuffid`),
  KEY `stuff_stuffid_idx` (`stuffid`),
  CONSTRAINT `fk_1_vtiger_homerss` FOREIGN KEY (`stuffid`) REFERENCES `vtiger_homestuff` (`stuffid`) ON DELETE CASCADE
) ENGINE=InnoDB DEFAULT CHARSET=utf8;
/*!40101 SET character_set_client = @saved_cs_client */;

--
-- Dumping data for table `vtiger_homerss`
--

LOCK TABLES `vtiger_homerss` WRITE;
/*!40000 ALTER TABLE `vtiger_homerss` DISABLE KEYS */;
/*!40000 ALTER TABLE `vtiger_homerss` ENABLE KEYS */;
UNLOCK TABLES;

--
-- Table structure for table `vtiger_homestuff`
--

DROP TABLE IF EXISTS `vtiger_homestuff`;
/*!40101 SET @saved_cs_client     = @@character_set_client */;
/*!40101 SET character_set_client = utf8 */;
CREATE TABLE `vtiger_homestuff` (
  `stuffid` int(19) NOT NULL DEFAULT '0',
  `stuffsequence` int(19) NOT NULL DEFAULT '0',
  `stufftype` varchar(100) DEFAULT NULL,
  `userid` int(19) NOT NULL,
  `visible` int(10) NOT NULL DEFAULT '0',
  `stufftitle` varchar(100) DEFAULT NULL,
  PRIMARY KEY (`stuffid`),
  KEY `stuff_stuffid_idx` (`stuffid`),
  KEY `fk_1_vtiger_homestuff` (`userid`),
  CONSTRAINT `fk_1_vtiger_homestuff` FOREIGN KEY (`userid`) REFERENCES `vtiger_users` (`id`) ON DELETE CASCADE
) ENGINE=InnoDB DEFAULT CHARSET=utf8;
/*!40101 SET character_set_client = @saved_cs_client */;

--
-- Dumping data for table `vtiger_homestuff`
--

LOCK TABLES `vtiger_homestuff` WRITE;
/*!40000 ALTER TABLE `vtiger_homestuff` DISABLE KEYS */;
INSERT INTO `vtiger_homestuff` VALUES (1,1,'Default',1,1,'Top Accounts'),(2,2,'Default',1,1,'Home Page Dashboard'),(3,3,'Default',1,1,'Top Potentials'),(4,4,'Default',1,1,'Top Quotes'),(5,5,'Default',1,1,'Key Metrics'),(6,6,'Default',1,1,'Top Trouble Tickets'),(7,7,'Default',1,1,'Upcoming Activities'),(8,8,'Default',1,1,'My Group Allocation'),(9,9,'Default',1,1,'Top Sales Orders'),(10,10,'Default',1,1,'Top Invoices'),(11,11,'Default',1,1,'My New Leads'),(12,12,'Default',1,1,'Top Purchase Orders'),(13,13,'Default',1,1,'Pending Activities'),(14,14,'Default',1,1,'My Recent FAQs'),(15,15,'Tag Cloud',1,0,'Tag Cloud'),(16,1,'Default',6,1,'Top Accounts'),(17,2,'Default',6,1,'Home Page Dashboard'),(18,3,'Default',6,1,'Top Potentials'),(19,4,'Default',6,1,'Top Quotes'),(20,5,'Default',6,1,'Key Metrics'),(21,6,'Default',6,1,'Top Trouble Tickets'),(22,7,'Default',6,1,'Upcoming Activities'),(23,8,'Default',6,1,'My Group Allocation'),(24,9,'Default',6,1,'Top Sales Orders'),(25,10,'Default',6,1,'Top Invoices'),(26,11,'Default',6,1,'My New Leads'),(27,12,'Default',6,1,'Top Purchase Orders'),(28,13,'Default',6,1,'Pending Activities'),(29,14,'Default',6,1,'My Recent FAQs'),(30,15,'Tag Cloud',6,0,'Tag Cloud'),(31,1,'Default',7,1,'Top Accounts'),(32,2,'Default',7,1,'Home Page Dashboard'),(33,3,'Default',7,1,'Top Potentials'),(34,4,'Default',7,1,'Top Quotes'),(35,5,'Default',7,1,'Key Metrics'),(36,6,'Default',7,1,'Top Trouble Tickets'),(37,7,'Default',7,1,'Upcoming Activities'),(38,8,'Default',7,1,'My Group Allocation'),(39,9,'Default',7,1,'Top Sales Orders'),(40,10,'Default',7,1,'Top Invoices'),(41,11,'Default',7,1,'My New Leads'),(42,12,'Default',7,1,'Top Purchase Orders'),(43,13,'Default',7,1,'Pending Activities'),(44,14,'Default',7,1,'My Recent FAQs'),(45,15,'Tag Cloud',7,0,'Tag Cloud'),(46,1,'Default',8,1,'Top Accounts'),(47,2,'Default',8,1,'Home Page Dashboard'),(48,3,'Default',8,1,'Top Potentials'),(49,4,'Default',8,1,'Top Quotes'),(50,5,'Default',8,1,'Key Metrics'),(51,6,'Default',8,1,'Top Trouble Tickets'),(52,7,'Default',8,1,'Upcoming Activities'),(53,8,'Default',8,1,'My Group Allocation'),(54,9,'Default',8,1,'Top Sales Orders'),(55,10,'Default',8,1,'Top Invoices'),(56,11,'Default',8,1,'My New Leads'),(57,12,'Default',8,1,'Top Purchase Orders'),(58,13,'Default',8,1,'Pending Activities'),(59,14,'Default',8,1,'My Recent FAQs'),(60,15,'Tag Cloud',8,0,'Tag Cloud'),(61,1,'Default',9,1,'Top Accounts'),(62,2,'Default',9,1,'Home Page Dashboard'),(63,3,'Default',9,1,'Top Potentials'),(64,4,'Default',9,1,'Top Quotes'),(65,5,'Default',9,1,'Key Metrics'),(66,6,'Default',9,1,'Top Trouble Tickets'),(67,7,'Default',9,1,'Upcoming Activities'),(68,8,'Default',9,1,'My Group Allocation'),(69,9,'Default',9,1,'Top Sales Orders'),(70,10,'Default',9,1,'Top Invoices'),(71,11,'Default',9,1,'My New Leads'),(72,12,'Default',9,1,'Top Purchase Orders'),(73,13,'Default',9,1,'Pending Activities'),(74,14,'Default',9,1,'My Recent FAQs'),(75,15,'Tag Cloud',9,0,'Tag Cloud'),(76,1,'Default',10,1,'Top Accounts'),(77,2,'Default',10,1,'Home Page Dashboard'),(78,3,'Default',10,0,'Top Potentials'),(79,4,'Default',10,1,'Top Quotes'),(80,5,'Default',10,0,'Key Metrics'),(81,6,'Default',10,1,'Top Trouble Tickets'),(82,7,'Default',10,0,'Upcoming Activities'),(83,8,'Default',10,1,'My Group Allocation'),(84,9,'Default',10,1,'Top Sales Orders'),(85,10,'Default',10,1,'Top Invoices'),(86,11,'Default',10,1,'My New Leads'),(87,12,'Default',10,1,'Top Purchase Orders'),(88,13,'Default',10,1,'Pending Activities'),(89,14,'Default',10,1,'My Recent FAQs'),(90,15,'Tag Cloud',10,0,'Tag Cloud'),(91,1,'Default',13,1,'Top Accounts'),(92,2,'Default',13,1,'Home Page Dashboard'),(93,3,'Default',13,1,'Top Potentials'),(94,4,'Default',13,1,'Top Quotes'),(95,5,'Default',13,1,'Key Metrics'),(96,6,'Default',13,1,'Top Trouble Tickets'),(97,7,'Default',13,1,'Upcoming Activities'),(98,8,'Default',13,1,'My Group Allocation'),(99,9,'Default',13,1,'Top Sales Orders'),(100,10,'Default',13,1,'Top Invoices'),(101,11,'Default',13,1,'My New Leads'),(102,12,'Default',13,1,'Top Purchase Orders'),(103,13,'Default',13,1,'Pending Activities'),(104,14,'Default',13,1,'My Recent FAQs'),(105,15,'Tag Cloud',13,0,'Tag Cloud'),(106,1,'Default',14,1,'Top Accounts'),(107,2,'Default',14,1,'Home Page Dashboard'),(108,3,'Default',14,0,'Top Potentials'),(109,4,'Default',14,1,'Top Quotes'),(110,5,'Default',14,0,'Key Metrics'),(111,6,'Default',14,1,'Top Trouble Tickets'),(112,7,'Default',14,0,'Upcoming Activities'),(113,8,'Default',14,1,'My Group Allocation'),(114,9,'Default',14,1,'Top Sales Orders'),(115,10,'Default',14,1,'Top Invoices'),(116,11,'Default',14,1,'My New Leads'),(117,12,'Default',14,1,'Top Purchase Orders'),(118,13,'Default',14,1,'Pending Activities'),(119,14,'Default',14,1,'My Recent FAQs'),(120,15,'Tag Cloud',14,0,'Tag Cloud');
/*!40000 ALTER TABLE `vtiger_homestuff` ENABLE KEYS */;
UNLOCK TABLES;

--
-- Table structure for table `vtiger_homestuff_seq`
--

DROP TABLE IF EXISTS `vtiger_homestuff_seq`;
/*!40101 SET @saved_cs_client     = @@character_set_client */;
/*!40101 SET character_set_client = utf8 */;
CREATE TABLE `vtiger_homestuff_seq` (
  `id` int(11) NOT NULL
) ENGINE=InnoDB DEFAULT CHARSET=utf8;
/*!40101 SET character_set_client = @saved_cs_client */;

--
-- Dumping data for table `vtiger_homestuff_seq`
--

LOCK TABLES `vtiger_homestuff_seq` WRITE;
/*!40000 ALTER TABLE `vtiger_homestuff_seq` DISABLE KEYS */;
INSERT INTO `vtiger_homestuff_seq` VALUES (120);
/*!40000 ALTER TABLE `vtiger_homestuff_seq` ENABLE KEYS */;
UNLOCK TABLES;

--
-- Table structure for table `vtiger_hour_format`
--

DROP TABLE IF EXISTS `vtiger_hour_format`;
/*!40101 SET @saved_cs_client     = @@character_set_client */;
/*!40101 SET character_set_client = utf8 */;
CREATE TABLE `vtiger_hour_format` (
  `hour_formatid` int(11) NOT NULL AUTO_INCREMENT,
  `hour_format` varchar(200) NOT NULL,
  `sortorderid` int(11) DEFAULT NULL,
  `presence` int(11) NOT NULL DEFAULT '1',
  PRIMARY KEY (`hour_formatid`)
) ENGINE=InnoDB AUTO_INCREMENT=3 DEFAULT CHARSET=utf8;
/*!40101 SET character_set_client = @saved_cs_client */;

--
-- Dumping data for table `vtiger_hour_format`
--

LOCK TABLES `vtiger_hour_format` WRITE;
/*!40000 ALTER TABLE `vtiger_hour_format` DISABLE KEYS */;
INSERT INTO `vtiger_hour_format` VALUES (1,'12',0,1),(2,'24',1,1);
/*!40000 ALTER TABLE `vtiger_hour_format` ENABLE KEYS */;
UNLOCK TABLES;

--
-- Table structure for table `vtiger_hour_format_seq`
--

DROP TABLE IF EXISTS `vtiger_hour_format_seq`;
/*!40101 SET @saved_cs_client     = @@character_set_client */;
/*!40101 SET character_set_client = utf8 */;
CREATE TABLE `vtiger_hour_format_seq` (
  `id` int(11) NOT NULL
) ENGINE=InnoDB DEFAULT CHARSET=utf8;
/*!40101 SET character_set_client = @saved_cs_client */;

--
-- Dumping data for table `vtiger_hour_format_seq`
--

LOCK TABLES `vtiger_hour_format_seq` WRITE;
/*!40000 ALTER TABLE `vtiger_hour_format_seq` DISABLE KEYS */;
INSERT INTO `vtiger_hour_format_seq` VALUES (2);
/*!40000 ALTER TABLE `vtiger_hour_format_seq` ENABLE KEYS */;
UNLOCK TABLES;

--
-- Table structure for table `vtiger_import_locks`
--

DROP TABLE IF EXISTS `vtiger_import_locks`;
/*!40101 SET @saved_cs_client     = @@character_set_client */;
/*!40101 SET character_set_client = utf8 */;
CREATE TABLE `vtiger_import_locks` (
  `vtiger_import_lock_id` int(11) NOT NULL,
  `userid` int(11) NOT NULL,
  `tabid` int(11) NOT NULL,
  `importid` int(11) NOT NULL,
  `locked_since` datetime DEFAULT NULL,
  PRIMARY KEY (`vtiger_import_lock_id`)
) ENGINE=InnoDB DEFAULT CHARSET=utf8;
/*!40101 SET character_set_client = @saved_cs_client */;

--
-- Dumping data for table `vtiger_import_locks`
--

LOCK TABLES `vtiger_import_locks` WRITE;
/*!40000 ALTER TABLE `vtiger_import_locks` DISABLE KEYS */;
/*!40000 ALTER TABLE `vtiger_import_locks` ENABLE KEYS */;
UNLOCK TABLES;

--
-- Table structure for table `vtiger_import_maps`
--

DROP TABLE IF EXISTS `vtiger_import_maps`;
/*!40101 SET @saved_cs_client     = @@character_set_client */;
/*!40101 SET character_set_client = utf8 */;
CREATE TABLE `vtiger_import_maps` (
  `id` int(19) NOT NULL AUTO_INCREMENT,
  `name` varchar(36) NOT NULL,
  `module` varchar(36) NOT NULL,
  `content` longblob,
  `has_header` int(1) NOT NULL DEFAULT '1',
  `deleted` int(1) NOT NULL DEFAULT '0',
  `date_entered` timestamp NOT NULL DEFAULT CURRENT_TIMESTAMP ON UPDATE CURRENT_TIMESTAMP,
  `date_modified` datetime DEFAULT NULL,
  `assigned_user_id` varchar(36) DEFAULT NULL,
  `is_published` varchar(3) NOT NULL DEFAULT 'no',
  PRIMARY KEY (`id`),
  KEY `import_maps_assigned_user_id_module_name_deleted_idx` (`assigned_user_id`,`module`,`name`,`deleted`)
) ENGINE=InnoDB DEFAULT CHARSET=utf8;
/*!40101 SET character_set_client = @saved_cs_client */;

--
-- Dumping data for table `vtiger_import_maps`
--

LOCK TABLES `vtiger_import_maps` WRITE;
/*!40000 ALTER TABLE `vtiger_import_maps` DISABLE KEYS */;
/*!40000 ALTER TABLE `vtiger_import_maps` ENABLE KEYS */;
UNLOCK TABLES;

--
-- Table structure for table `vtiger_import_queue`
--

DROP TABLE IF EXISTS `vtiger_import_queue`;
/*!40101 SET @saved_cs_client     = @@character_set_client */;
/*!40101 SET character_set_client = utf8 */;
CREATE TABLE `vtiger_import_queue` (
  `importid` int(11) NOT NULL,
  `userid` int(11) NOT NULL,
  `tabid` int(11) NOT NULL,
  `field_mapping` text,
  `default_values` text,
  `merge_type` int(11) DEFAULT NULL,
  `merge_fields` text,
  `status` int(11) DEFAULT '0',
  `lineitem_currency_id` int(5) DEFAULT NULL,
  `paging` int(1) DEFAULT '0',
  PRIMARY KEY (`importid`)
) ENGINE=InnoDB DEFAULT CHARSET=utf8;
/*!40101 SET character_set_client = @saved_cs_client */;

--
-- Dumping data for table `vtiger_import_queue`
--

LOCK TABLES `vtiger_import_queue` WRITE;
/*!40000 ALTER TABLE `vtiger_import_queue` DISABLE KEYS */;
/*!40000 ALTER TABLE `vtiger_import_queue` ENABLE KEYS */;
UNLOCK TABLES;

--
-- Table structure for table `vtiger_industry`
--

DROP TABLE IF EXISTS `vtiger_industry`;
/*!40101 SET @saved_cs_client     = @@character_set_client */;
/*!40101 SET character_set_client = utf8 */;
CREATE TABLE `vtiger_industry` (
  `industryid` int(19) NOT NULL AUTO_INCREMENT,
  `industry` varchar(200) NOT NULL,
  `presence` int(1) NOT NULL DEFAULT '1',
  `picklist_valueid` int(19) NOT NULL DEFAULT '0',
  `sortorderid` int(11) DEFAULT NULL,
  `color` varchar(10) DEFAULT NULL,
  PRIMARY KEY (`industryid`),
  UNIQUE KEY `industry_industry_idx` (`industry`)
) ENGINE=InnoDB AUTO_INCREMENT=33 DEFAULT CHARSET=utf8;
/*!40101 SET character_set_client = @saved_cs_client */;

--
-- Dumping data for table `vtiger_industry`
--

LOCK TABLES `vtiger_industry` WRITE;
/*!40000 ALTER TABLE `vtiger_industry` DISABLE KEYS */;
INSERT INTO `vtiger_industry` VALUES (2,'Apparel',1,61,1,NULL),(3,'Banking',1,62,2,NULL),(4,'Biotechnology',1,63,3,NULL),(5,'Chemicals',1,64,4,NULL),(6,'Communications',1,65,5,NULL),(7,'Construction',1,66,6,NULL),(8,'Consulting',1,67,7,NULL),(9,'Education',1,68,8,NULL),(10,'Electronics',1,69,9,NULL),(11,'Energy',1,70,10,NULL),(12,'Engineering',1,71,11,NULL),(13,'Entertainment',1,72,12,NULL),(14,'Environmental',1,73,13,NULL),(15,'Finance',1,74,14,NULL),(16,'Food & Beverage',1,75,15,NULL),(17,'Government',1,76,16,NULL),(18,'Healthcare',1,77,17,NULL),(19,'Hospitality',1,78,18,NULL),(20,'Insurance',1,79,19,NULL),(21,'Machinery',1,80,20,NULL),(22,'Manufacturing',1,81,21,NULL),(23,'Media',1,82,22,NULL),(24,'Not For Profit',1,83,23,NULL),(25,'Recreation',1,84,24,NULL),(26,'Retail',1,85,25,NULL),(27,'Shipping',1,86,26,NULL),(28,'Technology',1,87,27,NULL),(29,'Telecommunications',1,88,28,NULL),(30,'Transportation',1,89,29,NULL),(31,'Utilities',1,90,30,NULL),(32,'Other',1,91,31,NULL);
/*!40000 ALTER TABLE `vtiger_industry` ENABLE KEYS */;
UNLOCK TABLES;

--
-- Table structure for table `vtiger_industry_seq`
--

DROP TABLE IF EXISTS `vtiger_industry_seq`;
/*!40101 SET @saved_cs_client     = @@character_set_client */;
/*!40101 SET character_set_client = utf8 */;
CREATE TABLE `vtiger_industry_seq` (
  `id` int(11) NOT NULL
) ENGINE=InnoDB DEFAULT CHARSET=utf8;
/*!40101 SET character_set_client = @saved_cs_client */;

--
-- Dumping data for table `vtiger_industry_seq`
--

LOCK TABLES `vtiger_industry_seq` WRITE;
/*!40000 ALTER TABLE `vtiger_industry_seq` DISABLE KEYS */;
INSERT INTO `vtiger_industry_seq` VALUES (32);
/*!40000 ALTER TABLE `vtiger_industry_seq` ENABLE KEYS */;
UNLOCK TABLES;

--
-- Table structure for table `vtiger_inventory_tandc`
--

DROP TABLE IF EXISTS `vtiger_inventory_tandc`;
/*!40101 SET @saved_cs_client     = @@character_set_client */;
/*!40101 SET character_set_client = utf8 */;
CREATE TABLE `vtiger_inventory_tandc` (
  `id` int(19) NOT NULL,
  `type` varchar(30) NOT NULL,
  `tandc` text,
  PRIMARY KEY (`id`)
) ENGINE=InnoDB DEFAULT CHARSET=utf8;
/*!40101 SET character_set_client = @saved_cs_client */;

--
-- Dumping data for table `vtiger_inventory_tandc`
--

LOCK TABLES `vtiger_inventory_tandc` WRITE;
/*!40000 ALTER TABLE `vtiger_inventory_tandc` DISABLE KEYS */;
INSERT INTO `vtiger_inventory_tandc` VALUES (2,'Invoice','- Счет действителен на протяжении 14 календарных дней с даты его выставления, если другое не оговорено в письменной форме. Оплата счета Покупателем означает согласие с условиями поставки.'),(3,'Quotes','- Счет действителен на протяжении 14 календарных дней с даты его выставления, если другое не оговорено в письменной форме. Оплата счета Покупателем означает согласие с условиями поставки.'),(4,'PurchaseOrder','- Счет действителен на протяжении 14 календарных дней с даты его выставления, если другое не оговорено в письменной форме. Оплата счета Покупателем означает согласие с условиями поставки.'),(5,'SalesOrder','- Счет действителен на протяжении 14 календарных дней с даты его выставления, если другое не оговорено в письменной форме. Оплата счета Покупателем означает согласие с условиями поставки.'),(6,'Act','- Счет действителен на протяжении 14 календарных дней с даты его выставления, если другое не оговорено в письменной форме. Оплата счета Покупателем означает согласие с условиями поставки.'),(7,'Consignment','- Счет действителен на протяжении 14 календарных дней с даты его выставления, если другое не оговорено в письменной форме. Оплата счета Покупателем означает согласие с условиями поставки.');
/*!40000 ALTER TABLE `vtiger_inventory_tandc` ENABLE KEYS */;
UNLOCK TABLES;

--
-- Table structure for table `vtiger_inventory_tandc_seq`
--

DROP TABLE IF EXISTS `vtiger_inventory_tandc_seq`;
/*!40101 SET @saved_cs_client     = @@character_set_client */;
/*!40101 SET character_set_client = utf8 */;
CREATE TABLE `vtiger_inventory_tandc_seq` (
  `id` int(11) NOT NULL
) ENGINE=InnoDB DEFAULT CHARSET=utf8;
/*!40101 SET character_set_client = @saved_cs_client */;

--
-- Dumping data for table `vtiger_inventory_tandc_seq`
--

LOCK TABLES `vtiger_inventory_tandc_seq` WRITE;
/*!40000 ALTER TABLE `vtiger_inventory_tandc_seq` DISABLE KEYS */;
INSERT INTO `vtiger_inventory_tandc_seq` VALUES (7);
/*!40000 ALTER TABLE `vtiger_inventory_tandc_seq` ENABLE KEYS */;
UNLOCK TABLES;

--
-- Table structure for table `vtiger_inventorycharges`
--

DROP TABLE IF EXISTS `vtiger_inventorycharges`;
/*!40101 SET @saved_cs_client     = @@character_set_client */;
/*!40101 SET character_set_client = utf8 */;
CREATE TABLE `vtiger_inventorycharges` (
  `chargeid` int(5) NOT NULL AUTO_INCREMENT,
  `name` varchar(100) NOT NULL,
  `format` varchar(10) DEFAULT NULL,
  `type` varchar(10) DEFAULT NULL,
  `value` decimal(12,5) DEFAULT NULL,
  `regions` text,
  `istaxable` int(1) NOT NULL DEFAULT '1',
  `taxes` varchar(1024) DEFAULT NULL,
  `deleted` int(1) NOT NULL DEFAULT '0',
  PRIMARY KEY (`chargeid`)
) ENGINE=InnoDB AUTO_INCREMENT=2 DEFAULT CHARSET=utf8;
/*!40101 SET character_set_client = @saved_cs_client */;

--
-- Dumping data for table `vtiger_inventorycharges`
--

LOCK TABLES `vtiger_inventorycharges` WRITE;
/*!40000 ALTER TABLE `vtiger_inventorycharges` DISABLE KEYS */;
INSERT INTO `vtiger_inventorycharges` VALUES (1,'Shipping & Handling','Flat','Fixed',0.00000,'[]',1,'[\"1\"]',0);
/*!40000 ALTER TABLE `vtiger_inventorycharges` ENABLE KEYS */;
UNLOCK TABLES;

--
-- Table structure for table `vtiger_inventorychargesrel`
--

DROP TABLE IF EXISTS `vtiger_inventorychargesrel`;
/*!40101 SET @saved_cs_client     = @@character_set_client */;
/*!40101 SET character_set_client = utf8 */;
CREATE TABLE `vtiger_inventorychargesrel` (
  `recordid` int(19) NOT NULL,
  `charges` text
) ENGINE=InnoDB DEFAULT CHARSET=utf8;
/*!40101 SET character_set_client = @saved_cs_client */;

--
-- Dumping data for table `vtiger_inventorychargesrel`
--

LOCK TABLES `vtiger_inventorychargesrel` WRITE;
/*!40000 ALTER TABLE `vtiger_inventorychargesrel` DISABLE KEYS */;
/*!40000 ALTER TABLE `vtiger_inventorychargesrel` ENABLE KEYS */;
UNLOCK TABLES;

--
-- Table structure for table `vtiger_inventorynotification`
--

DROP TABLE IF EXISTS `vtiger_inventorynotification`;
/*!40101 SET @saved_cs_client     = @@character_set_client */;
/*!40101 SET character_set_client = utf8 */;
CREATE TABLE `vtiger_inventorynotification` (
  `notificationid` int(19) NOT NULL AUTO_INCREMENT,
  `notificationname` varchar(200) DEFAULT NULL,
  `notificationsubject` varchar(200) DEFAULT NULL,
  `notificationbody` text,
  `label` varchar(50) DEFAULT NULL,
  `status` varchar(30) DEFAULT NULL,
  PRIMARY KEY (`notificationid`)
) ENGINE=InnoDB AUTO_INCREMENT=4 DEFAULT CHARSET=utf8;
/*!40101 SET character_set_client = @saved_cs_client */;

--
-- Dumping data for table `vtiger_inventorynotification`
--

LOCK TABLES `vtiger_inventorynotification` WRITE;
/*!40000 ALTER TABLE `vtiger_inventorynotification` DISABLE KEYS */;
INSERT INTO `vtiger_inventorynotification` VALUES (1,'InvoiceNotification','{PRODUCTNAME} Stock Level is Low','Уважаемый(ая) {HANDLER},\n\nТекущий остаток товара \"{PRODUCTNAME}\" на нашем складе составляет {CURRENTSTOCK}. Просим вас обеспечить поставку необходимого количества товара, так как уровень запасов ниже минимального {REORDERLEVELVALUE}.\n\nПримите это сообщение во внимание, так как Счет уже выставлен Клиенту.\n\nВажность: Критическая\n\nС уважением,\n{CURRENTUSER} ','InvoiceNotificationDescription',NULL),(2,'QuoteNotification','Quote given for {PRODUCTNAME}','Dear {HANDLER},\n\nQuote is generated for {QUOTEQUANTITY} units of {PRODUCTNAME}. The current stock of {PRODUCTNAME} in our warehouse is {CURRENTSTOCK}.\n\nSeverity: Minor\n\nThanks,\n{CURRENTUSER} ','QuoteNotificationDescription',NULL),(3,'SalesOrderNotification','Sales Order generated for {PRODUCTNAME}','Dear {HANDLER},\n\nSalesOrder is generated for {SOQUANTITY} units of {PRODUCTNAME}. The current stock of {PRODUCTNAME} in our warehouse is {CURRENTSTOCK}.\n\nPlease treat this information  with priority as the sales order is already generated.\n\nSeverity: Major\n\nThanks,\n{CURRENTUSER} ','SalesOrderNotificationDescription',NULL);
/*!40000 ALTER TABLE `vtiger_inventorynotification` ENABLE KEYS */;
UNLOCK TABLES;

--
-- Table structure for table `vtiger_inventorynotification_seq`
--

DROP TABLE IF EXISTS `vtiger_inventorynotification_seq`;
/*!40101 SET @saved_cs_client     = @@character_set_client */;
/*!40101 SET character_set_client = utf8 */;
CREATE TABLE `vtiger_inventorynotification_seq` (
  `id` int(11) NOT NULL
) ENGINE=InnoDB DEFAULT CHARSET=utf8;
/*!40101 SET character_set_client = @saved_cs_client */;

--
-- Dumping data for table `vtiger_inventorynotification_seq`
--

LOCK TABLES `vtiger_inventorynotification_seq` WRITE;
/*!40000 ALTER TABLE `vtiger_inventorynotification_seq` DISABLE KEYS */;
INSERT INTO `vtiger_inventorynotification_seq` VALUES (3);
/*!40000 ALTER TABLE `vtiger_inventorynotification_seq` ENABLE KEYS */;
UNLOCK TABLES;

--
-- Table structure for table `vtiger_inventoryproductrel`
--

DROP TABLE IF EXISTS `vtiger_inventoryproductrel`;
/*!40101 SET @saved_cs_client     = @@character_set_client */;
/*!40101 SET character_set_client = utf8 */;
CREATE TABLE `vtiger_inventoryproductrel` (
  `id` int(19) DEFAULT NULL,
  `productid` int(19) DEFAULT NULL,
  `sequence_no` int(4) DEFAULT NULL,
  `quantity` decimal(25,3) DEFAULT NULL,
  `listprice` decimal(27,8) DEFAULT NULL,
  `discount_percent` decimal(7,3) DEFAULT NULL,
  `discount_amount` decimal(27,8) DEFAULT NULL,
  `comment` text,
  `description` text,
  `incrementondel` int(11) NOT NULL DEFAULT '0',
  `lineitem_id` int(11) NOT NULL AUTO_INCREMENT,
  `tax1` decimal(7,3) DEFAULT NULL,
  `tax2` decimal(7,3) DEFAULT NULL,
  `tax3` decimal(7,3) DEFAULT NULL,
  `image` varchar(2) DEFAULT NULL,
  `purchase_cost` decimal(27,8) DEFAULT NULL,
  `margin` decimal(27,8) DEFAULT NULL,
  PRIMARY KEY (`lineitem_id`),
  KEY `inventoryproductrel_id_idx` (`id`),
  KEY `inventoryproductrel_productid_idx` (`productid`),
  CONSTRAINT `fk_crmid_vtiger_inventoryproductrel` FOREIGN KEY (`id`) REFERENCES `vtiger_crmentity` (`crmid`) ON DELETE CASCADE
) ENGINE=InnoDB DEFAULT CHARSET=utf8;
/*!40101 SET character_set_client = @saved_cs_client */;

--
-- Dumping data for table `vtiger_inventoryproductrel`
--

LOCK TABLES `vtiger_inventoryproductrel` WRITE;
/*!40000 ALTER TABLE `vtiger_inventoryproductrel` DISABLE KEYS */;
/*!40000 ALTER TABLE `vtiger_inventoryproductrel` ENABLE KEYS */;
UNLOCK TABLES;

--
-- Table structure for table `vtiger_inventoryproductrel_seq`
--

DROP TABLE IF EXISTS `vtiger_inventoryproductrel_seq`;
/*!40101 SET @saved_cs_client     = @@character_set_client */;
/*!40101 SET character_set_client = utf8 */;
CREATE TABLE `vtiger_inventoryproductrel_seq` (
  `id` int(11) NOT NULL
) ENGINE=InnoDB DEFAULT CHARSET=utf8;
/*!40101 SET character_set_client = @saved_cs_client */;

--
-- Dumping data for table `vtiger_inventoryproductrel_seq`
--

LOCK TABLES `vtiger_inventoryproductrel_seq` WRITE;
/*!40000 ALTER TABLE `vtiger_inventoryproductrel_seq` DISABLE KEYS */;
INSERT INTO `vtiger_inventoryproductrel_seq` VALUES (0);
/*!40000 ALTER TABLE `vtiger_inventoryproductrel_seq` ENABLE KEYS */;
UNLOCK TABLES;

--
-- Table structure for table `vtiger_inventoryshippingrel`
--

DROP TABLE IF EXISTS `vtiger_inventoryshippingrel`;
/*!40101 SET @saved_cs_client     = @@character_set_client */;
/*!40101 SET character_set_client = utf8 */;
CREATE TABLE `vtiger_inventoryshippingrel` (
  `id` int(19) DEFAULT NULL,
  `shtax1` decimal(7,3) DEFAULT NULL,
  `shtax2` decimal(7,3) DEFAULT NULL,
  `shtax3` decimal(7,3) DEFAULT NULL,
  KEY `inventoryishippingrel_id_idx` (`id`)
) ENGINE=InnoDB DEFAULT CHARSET=utf8;
/*!40101 SET character_set_client = @saved_cs_client */;

--
-- Dumping data for table `vtiger_inventoryshippingrel`
--

LOCK TABLES `vtiger_inventoryshippingrel` WRITE;
/*!40000 ALTER TABLE `vtiger_inventoryshippingrel` DISABLE KEYS */;
/*!40000 ALTER TABLE `vtiger_inventoryshippingrel` ENABLE KEYS */;
UNLOCK TABLES;

--
-- Table structure for table `vtiger_inventorysubproductrel`
--

DROP TABLE IF EXISTS `vtiger_inventorysubproductrel`;
/*!40101 SET @saved_cs_client     = @@character_set_client */;
/*!40101 SET character_set_client = utf8 */;
CREATE TABLE `vtiger_inventorysubproductrel` (
  `id` int(19) NOT NULL,
  `sequence_no` int(10) NOT NULL,
  `productid` int(19) NOT NULL,
  `quantity` int(19) DEFAULT '1'
) ENGINE=InnoDB DEFAULT CHARSET=utf8;
/*!40101 SET character_set_client = @saved_cs_client */;

--
-- Dumping data for table `vtiger_inventorysubproductrel`
--

LOCK TABLES `vtiger_inventorysubproductrel` WRITE;
/*!40000 ALTER TABLE `vtiger_inventorysubproductrel` DISABLE KEYS */;
/*!40000 ALTER TABLE `vtiger_inventorysubproductrel` ENABLE KEYS */;
UNLOCK TABLES;

--
-- Table structure for table `vtiger_inventorytaxinfo`
--

DROP TABLE IF EXISTS `vtiger_inventorytaxinfo`;
/*!40101 SET @saved_cs_client     = @@character_set_client */;
/*!40101 SET character_set_client = utf8 */;
CREATE TABLE `vtiger_inventorytaxinfo` (
  `taxid` int(3) NOT NULL,
  `taxname` varchar(50) DEFAULT NULL,
  `taxlabel` varchar(50) DEFAULT NULL,
  `percentage` decimal(7,3) DEFAULT NULL,
  `deleted` int(1) DEFAULT NULL,
  `method` varchar(10) DEFAULT NULL,
  `type` varchar(10) DEFAULT NULL,
  `compoundon` varchar(400) DEFAULT NULL,
  `regions` text,
  PRIMARY KEY (`taxid`),
  KEY `inventorytaxinfo_taxname_idx` (`taxname`)
) ENGINE=InnoDB DEFAULT CHARSET=utf8;
/*!40101 SET character_set_client = @saved_cs_client */;

--
-- Dumping data for table `vtiger_inventorytaxinfo`
--

LOCK TABLES `vtiger_inventorytaxinfo` WRITE;
/*!40000 ALTER TABLE `vtiger_inventorytaxinfo` DISABLE KEYS */;
INSERT INTO `vtiger_inventorytaxinfo` VALUES (1,'tax1','НДС',18.000,0,'Simple','Fixed','[]','[]');
/*!40000 ALTER TABLE `vtiger_inventorytaxinfo` ENABLE KEYS */;
UNLOCK TABLES;

--
-- Table structure for table `vtiger_inventorytaxinfo_seq`
--

DROP TABLE IF EXISTS `vtiger_inventorytaxinfo_seq`;
/*!40101 SET @saved_cs_client     = @@character_set_client */;
/*!40101 SET character_set_client = utf8 */;
CREATE TABLE `vtiger_inventorytaxinfo_seq` (
  `id` int(11) NOT NULL
) ENGINE=InnoDB DEFAULT CHARSET=utf8;
/*!40101 SET character_set_client = @saved_cs_client */;

--
-- Dumping data for table `vtiger_inventorytaxinfo_seq`
--

LOCK TABLES `vtiger_inventorytaxinfo_seq` WRITE;
/*!40000 ALTER TABLE `vtiger_inventorytaxinfo_seq` DISABLE KEYS */;
INSERT INTO `vtiger_inventorytaxinfo_seq` VALUES (3);
/*!40000 ALTER TABLE `vtiger_inventorytaxinfo_seq` ENABLE KEYS */;
UNLOCK TABLES;

--
-- Table structure for table `vtiger_invitees`
--

DROP TABLE IF EXISTS `vtiger_invitees`;
/*!40101 SET @saved_cs_client     = @@character_set_client */;
/*!40101 SET character_set_client = utf8 */;
CREATE TABLE `vtiger_invitees` (
  `activityid` int(19) NOT NULL,
  `inviteeid` int(19) NOT NULL,
  `status` varchar(50) DEFAULT NULL,
  PRIMARY KEY (`activityid`,`inviteeid`)
) ENGINE=InnoDB DEFAULT CHARSET=utf8;
/*!40101 SET character_set_client = @saved_cs_client */;

--
-- Dumping data for table `vtiger_invitees`
--

LOCK TABLES `vtiger_invitees` WRITE;
/*!40000 ALTER TABLE `vtiger_invitees` DISABLE KEYS */;
/*!40000 ALTER TABLE `vtiger_invitees` ENABLE KEYS */;
UNLOCK TABLES;

--
-- Table structure for table `vtiger_invoice`
--

DROP TABLE IF EXISTS `vtiger_invoice`;
/*!40101 SET @saved_cs_client     = @@character_set_client */;
/*!40101 SET character_set_client = utf8 */;
CREATE TABLE `vtiger_invoice` (
  `invoiceid` int(19) NOT NULL DEFAULT '0',
  `subject` varchar(100) DEFAULT NULL,
  `salesorderid` int(19) DEFAULT NULL,
  `customerno` varchar(100) DEFAULT NULL,
  `contactid` int(19) DEFAULT NULL,
  `notes` varchar(100) DEFAULT NULL,
  `invoicedate` date DEFAULT NULL,
  `duedate` date DEFAULT NULL,
  `invoiceterms` varchar(100) DEFAULT NULL,
  `type` varchar(100) DEFAULT NULL,
  `adjustment` decimal(25,8) DEFAULT NULL,
  `salescommission` decimal(25,3) DEFAULT NULL,
  `exciseduty` decimal(25,3) DEFAULT NULL,
  `subtotal` decimal(25,8) DEFAULT NULL,
  `total` decimal(25,8) DEFAULT NULL,
  `taxtype` varchar(25) DEFAULT NULL,
  `discount_percent` decimal(25,3) DEFAULT NULL,
  `discount_amount` decimal(25,8) DEFAULT NULL,
  `s_h_amount` decimal(25,8) DEFAULT NULL,
  `shipping` varchar(100) DEFAULT NULL,
  `accountid` int(19) DEFAULT NULL,
  `terms_conditions` text,
  `purchaseorder` varchar(200) DEFAULT NULL,
  `invoicestatus` varchar(200) DEFAULT NULL,
  `invoice_no` varchar(100) DEFAULT NULL,
  `currency_id` int(19) NOT NULL DEFAULT '1',
  `conversion_rate` decimal(10,3) NOT NULL DEFAULT '1.000',
  `compound_taxes_info` text,
  `sp_act_id` int(11) DEFAULT NULL,
  `pre_tax_total` decimal(25,8) DEFAULT NULL,
  `received` decimal(25,8) DEFAULT NULL,
  `balance` decimal(25,8) DEFAULT NULL,
  `s_h_percent` decimal(25,8) DEFAULT NULL,
  `spcompany` varchar(200) CHARACTER SET utf8 COLLATE utf8_unicode_ci DEFAULT 'Default',
  `potential_id` varchar(100) DEFAULT NULL,
  `tags` varchar(1) DEFAULT NULL,
  `region_id` int(19) DEFAULT NULL,
  PRIMARY KEY (`invoiceid`),
  KEY `invoice_purchaseorderid_idx` (`invoiceid`),
  KEY `fk_2_vtiger_invoice` (`salesorderid`),
  CONSTRAINT `fk_2_vtiger_invoice` FOREIGN KEY (`salesorderid`) REFERENCES `vtiger_salesorder` (`salesorderid`) ON DELETE CASCADE,
  CONSTRAINT `fk_crmid_vtiger_invoice` FOREIGN KEY (`invoiceid`) REFERENCES `vtiger_crmentity` (`crmid`) ON DELETE CASCADE
) ENGINE=InnoDB DEFAULT CHARSET=utf8;
/*!40101 SET character_set_client = @saved_cs_client */;

--
-- Dumping data for table `vtiger_invoice`
--

LOCK TABLES `vtiger_invoice` WRITE;
/*!40000 ALTER TABLE `vtiger_invoice` DISABLE KEYS */;
/*!40000 ALTER TABLE `vtiger_invoice` ENABLE KEYS */;
UNLOCK TABLES;

--
-- Table structure for table `vtiger_invoice_recurring_info`
--

DROP TABLE IF EXISTS `vtiger_invoice_recurring_info`;
/*!40101 SET @saved_cs_client     = @@character_set_client */;
/*!40101 SET character_set_client = utf8 */;
CREATE TABLE `vtiger_invoice_recurring_info` (
  `salesorderid` int(11) NOT NULL,
  `recurring_frequency` varchar(200) DEFAULT NULL,
  `start_period` date DEFAULT NULL,
  `end_period` date DEFAULT NULL,
  `last_recurring_date` date DEFAULT NULL,
  `payment_duration` varchar(200) DEFAULT NULL,
  `invoice_status` varchar(200) DEFAULT NULL,
  PRIMARY KEY (`salesorderid`),
  CONSTRAINT `fk_salesorderid_vtiger_invoice_recurring_info` FOREIGN KEY (`salesorderid`) REFERENCES `vtiger_salesorder` (`salesorderid`) ON DELETE CASCADE
) ENGINE=InnoDB DEFAULT CHARSET=utf8;
/*!40101 SET character_set_client = @saved_cs_client */;

--
-- Dumping data for table `vtiger_invoice_recurring_info`
--

LOCK TABLES `vtiger_invoice_recurring_info` WRITE;
/*!40000 ALTER TABLE `vtiger_invoice_recurring_info` DISABLE KEYS */;
/*!40000 ALTER TABLE `vtiger_invoice_recurring_info` ENABLE KEYS */;
UNLOCK TABLES;

--
-- Table structure for table `vtiger_invoicebillads`
--

DROP TABLE IF EXISTS `vtiger_invoicebillads`;
/*!40101 SET @saved_cs_client     = @@character_set_client */;
/*!40101 SET character_set_client = utf8 */;
CREATE TABLE `vtiger_invoicebillads` (
  `invoicebilladdressid` int(19) NOT NULL DEFAULT '0',
  `bill_city` varchar(30) DEFAULT NULL,
  `bill_code` varchar(30) DEFAULT NULL,
  `bill_country` varchar(30) DEFAULT NULL,
  `bill_state` varchar(30) DEFAULT NULL,
  `bill_street` varchar(250) DEFAULT NULL,
  `bill_pobox` varchar(30) DEFAULT NULL,
  PRIMARY KEY (`invoicebilladdressid`),
  CONSTRAINT `fk_1_vtiger_invoicebillads` FOREIGN KEY (`invoicebilladdressid`) REFERENCES `vtiger_invoice` (`invoiceid`) ON DELETE CASCADE
) ENGINE=InnoDB DEFAULT CHARSET=utf8;
/*!40101 SET character_set_client = @saved_cs_client */;

--
-- Dumping data for table `vtiger_invoicebillads`
--

LOCK TABLES `vtiger_invoicebillads` WRITE;
/*!40000 ALTER TABLE `vtiger_invoicebillads` DISABLE KEYS */;
/*!40000 ALTER TABLE `vtiger_invoicebillads` ENABLE KEYS */;
UNLOCK TABLES;

--
-- Table structure for table `vtiger_invoicecf`
--

DROP TABLE IF EXISTS `vtiger_invoicecf`;
/*!40101 SET @saved_cs_client     = @@character_set_client */;
/*!40101 SET character_set_client = utf8 */;
CREATE TABLE `vtiger_invoicecf` (
  `invoiceid` int(19) NOT NULL DEFAULT '0',
  PRIMARY KEY (`invoiceid`),
  CONSTRAINT `fk_1_vtiger_invoicecf` FOREIGN KEY (`invoiceid`) REFERENCES `vtiger_invoice` (`invoiceid`) ON DELETE CASCADE
) ENGINE=InnoDB DEFAULT CHARSET=utf8;
/*!40101 SET character_set_client = @saved_cs_client */;

--
-- Dumping data for table `vtiger_invoicecf`
--

LOCK TABLES `vtiger_invoicecf` WRITE;
/*!40000 ALTER TABLE `vtiger_invoicecf` DISABLE KEYS */;
/*!40000 ALTER TABLE `vtiger_invoicecf` ENABLE KEYS */;
UNLOCK TABLES;

--
-- Table structure for table `vtiger_invoiceshipads`
--

DROP TABLE IF EXISTS `vtiger_invoiceshipads`;
/*!40101 SET @saved_cs_client     = @@character_set_client */;
/*!40101 SET character_set_client = utf8 */;
CREATE TABLE `vtiger_invoiceshipads` (
  `invoiceshipaddressid` int(19) NOT NULL DEFAULT '0',
  `ship_city` varchar(30) DEFAULT NULL,
  `ship_code` varchar(30) DEFAULT NULL,
  `ship_country` varchar(30) DEFAULT NULL,
  `ship_state` varchar(30) DEFAULT NULL,
  `ship_street` varchar(250) DEFAULT NULL,
  `ship_pobox` varchar(30) DEFAULT NULL,
  PRIMARY KEY (`invoiceshipaddressid`),
  CONSTRAINT `fk_1_vtiger_invoiceshipads` FOREIGN KEY (`invoiceshipaddressid`) REFERENCES `vtiger_invoice` (`invoiceid`) ON DELETE CASCADE
) ENGINE=InnoDB DEFAULT CHARSET=utf8;
/*!40101 SET character_set_client = @saved_cs_client */;

--
-- Dumping data for table `vtiger_invoiceshipads`
--

LOCK TABLES `vtiger_invoiceshipads` WRITE;
/*!40000 ALTER TABLE `vtiger_invoiceshipads` DISABLE KEYS */;
/*!40000 ALTER TABLE `vtiger_invoiceshipads` ENABLE KEYS */;
UNLOCK TABLES;

--
-- Table structure for table `vtiger_invoicestatus`
--

DROP TABLE IF EXISTS `vtiger_invoicestatus`;
/*!40101 SET @saved_cs_client     = @@character_set_client */;
/*!40101 SET character_set_client = utf8 */;
CREATE TABLE `vtiger_invoicestatus` (
  `invoicestatusid` int(19) NOT NULL AUTO_INCREMENT,
  `invoicestatus` varchar(200) NOT NULL,
  `presence` int(1) NOT NULL DEFAULT '1',
  `picklist_valueid` int(19) NOT NULL DEFAULT '0',
  `sortorderid` int(11) DEFAULT NULL,
  `color` varchar(10) DEFAULT NULL,
  PRIMARY KEY (`invoicestatusid`),
  UNIQUE KEY `invoicestatus_invoiestatus_idx` (`invoicestatus`)
) ENGINE=InnoDB AUTO_INCREMENT=8 DEFAULT CHARSET=utf8;
/*!40101 SET character_set_client = @saved_cs_client */;

--
-- Dumping data for table `vtiger_invoicestatus`
--

LOCK TABLES `vtiger_invoicestatus` WRITE;
/*!40000 ALTER TABLE `vtiger_invoicestatus` DISABLE KEYS */;
INSERT INTO `vtiger_invoicestatus` VALUES (1,'AutoCreated',0,92,0,NULL),(2,'Created',0,93,1,NULL),(3,'Approved',0,94,2,NULL),(4,'Sent',0,95,3,NULL),(5,'Credit Invoice',0,96,4,NULL),(6,'Paid',0,97,5,NULL),(7,'Cancel',1,306,1,NULL);
/*!40000 ALTER TABLE `vtiger_invoicestatus` ENABLE KEYS */;
UNLOCK TABLES;

--
-- Table structure for table `vtiger_invoicestatus_seq`
--

DROP TABLE IF EXISTS `vtiger_invoicestatus_seq`;
/*!40101 SET @saved_cs_client     = @@character_set_client */;
/*!40101 SET character_set_client = utf8 */;
CREATE TABLE `vtiger_invoicestatus_seq` (
  `id` int(11) NOT NULL
) ENGINE=InnoDB DEFAULT CHARSET=utf8;
/*!40101 SET character_set_client = @saved_cs_client */;

--
-- Dumping data for table `vtiger_invoicestatus_seq`
--

LOCK TABLES `vtiger_invoicestatus_seq` WRITE;
/*!40000 ALTER TABLE `vtiger_invoicestatus_seq` DISABLE KEYS */;
INSERT INTO `vtiger_invoicestatus_seq` VALUES (7);
/*!40000 ALTER TABLE `vtiger_invoicestatus_seq` ENABLE KEYS */;
UNLOCK TABLES;

--
-- Table structure for table `vtiger_invoicestatushistory`
--

DROP TABLE IF EXISTS `vtiger_invoicestatushistory`;
/*!40101 SET @saved_cs_client     = @@character_set_client */;
/*!40101 SET character_set_client = utf8 */;
CREATE TABLE `vtiger_invoicestatushistory` (
  `historyid` int(19) NOT NULL AUTO_INCREMENT,
  `invoiceid` int(19) NOT NULL,
  `accountname` varchar(100) DEFAULT NULL,
  `total` decimal(10,0) DEFAULT NULL,
  `invoicestatus` varchar(200) DEFAULT NULL,
  `lastmodified` datetime DEFAULT NULL,
  PRIMARY KEY (`historyid`),
  KEY `invoicestatushistory_invoiceid_idx` (`invoiceid`),
  CONSTRAINT `fk_1_vtiger_invoicestatushistory` FOREIGN KEY (`invoiceid`) REFERENCES `vtiger_invoice` (`invoiceid`) ON DELETE CASCADE
) ENGINE=InnoDB DEFAULT CHARSET=utf8;
/*!40101 SET character_set_client = @saved_cs_client */;

--
-- Dumping data for table `vtiger_invoicestatushistory`
--

LOCK TABLES `vtiger_invoicestatushistory` WRITE;
/*!40000 ALTER TABLE `vtiger_invoicestatushistory` DISABLE KEYS */;
/*!40000 ALTER TABLE `vtiger_invoicestatushistory` ENABLE KEYS */;
UNLOCK TABLES;

--
-- Table structure for table `vtiger_language`
--

DROP TABLE IF EXISTS `vtiger_language`;
/*!40101 SET @saved_cs_client     = @@character_set_client */;
/*!40101 SET character_set_client = utf8 */;
CREATE TABLE `vtiger_language` (
  `id` int(11) NOT NULL AUTO_INCREMENT,
  `name` varchar(50) DEFAULT NULL,
  `prefix` varchar(10) DEFAULT NULL,
  `label` varchar(30) DEFAULT NULL,
  `lastupdated` datetime DEFAULT NULL,
  `sequence` int(11) DEFAULT NULL,
  `isdefault` int(1) DEFAULT NULL,
  `active` int(1) DEFAULT NULL,
  PRIMARY KEY (`id`)
) ENGINE=InnoDB AUTO_INCREMENT=17 DEFAULT CHARSET=utf8;
/*!40101 SET character_set_client = @saved_cs_client */;

--
-- Dumping data for table `vtiger_language`
--

LOCK TABLES `vtiger_language` WRITE;
/*!40000 ALTER TABLE `vtiger_language` DISABLE KEYS */;
INSERT INTO `vtiger_language` VALUES (1,'English','en_us','US English','2020-06-04 02:31:43',NULL,1,1),(2,'Русский','ru_ru','RU Русский','2020-06-04 02:31:43',NULL,1,1),(3,'Hungarian','hu_hu','HU Magyar','2020-06-04 02:33:03',NULL,0,1),(4,'Romana','ro_ro','Romana','2020-06-04 02:33:06',NULL,0,1),(5,'Brazilian','pt_br','PT Brasil','2020-06-04 02:33:10',NULL,0,1),(6,'Turkce','tr_tr','Turkce Dil Paketi','2020-06-04 02:33:10',NULL,0,1),(7,'Italian','it_it','IT Italian','2020-06-04 02:33:16',NULL,0,1),(8,'Deutsch','de_de','DE Deutsch','2020-06-04 02:33:16',NULL,0,1),(9,'British English','en_gb','British English','2020-06-04 02:33:23',NULL,0,1),(10,'Dutch','nl_nl','NL-Dutch','2020-06-04 02:33:26',NULL,0,1),(11,'Pack de langue français','fr_fr','Pack de langue français','2020-06-04 02:33:42',NULL,0,1),(12,'Język Polski','pl_pl','Język Polski','2020-06-04 02:33:42',NULL,0,1),(13,'Spanish','es_es','ES Spanish','2020-06-04 02:33:46',NULL,0,1),(14,'Arabic','ar_ae','Arabic','2020-06-04 02:34:38',NULL,0,1),(15,'Swedish','sv_se','Swedish','2020-06-04 02:34:38',NULL,0,1),(16,'Mexican Spanish','es_mx','ES Mexico','2020-06-04 02:33:51',NULL,0,1);
/*!40000 ALTER TABLE `vtiger_language` ENABLE KEYS */;
UNLOCK TABLES;

--
-- Table structure for table `vtiger_language_seq`
--

DROP TABLE IF EXISTS `vtiger_language_seq`;
/*!40101 SET @saved_cs_client     = @@character_set_client */;
/*!40101 SET character_set_client = utf8 */;
CREATE TABLE `vtiger_language_seq` (
  `id` int(11) NOT NULL
) ENGINE=InnoDB DEFAULT CHARSET=utf8;
/*!40101 SET character_set_client = @saved_cs_client */;

--
-- Dumping data for table `vtiger_language_seq`
--

LOCK TABLES `vtiger_language_seq` WRITE;
/*!40000 ALTER TABLE `vtiger_language_seq` DISABLE KEYS */;
INSERT INTO `vtiger_language_seq` VALUES (16);
/*!40000 ALTER TABLE `vtiger_language_seq` ENABLE KEYS */;
UNLOCK TABLES;

--
-- Table structure for table `vtiger_lead_view`
--

DROP TABLE IF EXISTS `vtiger_lead_view`;
/*!40101 SET @saved_cs_client     = @@character_set_client */;
/*!40101 SET character_set_client = utf8 */;
CREATE TABLE `vtiger_lead_view` (
  `lead_viewid` int(19) NOT NULL AUTO_INCREMENT,
  `lead_view` varchar(200) NOT NULL,
  `sortorderid` int(19) NOT NULL DEFAULT '0',
  `presence` int(1) NOT NULL DEFAULT '1',
  PRIMARY KEY (`lead_viewid`)
) ENGINE=InnoDB AUTO_INCREMENT=4 DEFAULT CHARSET=utf8;
/*!40101 SET character_set_client = @saved_cs_client */;

--
-- Dumping data for table `vtiger_lead_view`
--

LOCK TABLES `vtiger_lead_view` WRITE;
/*!40000 ALTER TABLE `vtiger_lead_view` DISABLE KEYS */;
INSERT INTO `vtiger_lead_view` VALUES (1,'Today',0,1),(2,'Last 2 Days',1,1),(3,'Last Week',2,1);
/*!40000 ALTER TABLE `vtiger_lead_view` ENABLE KEYS */;
UNLOCK TABLES;

--
-- Table structure for table `vtiger_lead_view_seq`
--

DROP TABLE IF EXISTS `vtiger_lead_view_seq`;
/*!40101 SET @saved_cs_client     = @@character_set_client */;
/*!40101 SET character_set_client = utf8 */;
CREATE TABLE `vtiger_lead_view_seq` (
  `id` int(11) NOT NULL
) ENGINE=InnoDB DEFAULT CHARSET=utf8;
/*!40101 SET character_set_client = @saved_cs_client */;

--
-- Dumping data for table `vtiger_lead_view_seq`
--

LOCK TABLES `vtiger_lead_view_seq` WRITE;
/*!40000 ALTER TABLE `vtiger_lead_view_seq` DISABLE KEYS */;
INSERT INTO `vtiger_lead_view_seq` VALUES (3);
/*!40000 ALTER TABLE `vtiger_lead_view_seq` ENABLE KEYS */;
UNLOCK TABLES;

--
-- Table structure for table `vtiger_leadaddress`
--

DROP TABLE IF EXISTS `vtiger_leadaddress`;
/*!40101 SET @saved_cs_client     = @@character_set_client */;
/*!40101 SET character_set_client = utf8 */;
CREATE TABLE `vtiger_leadaddress` (
  `leadaddressid` int(19) NOT NULL DEFAULT '0',
  `city` varchar(30) DEFAULT NULL,
  `code` varchar(30) DEFAULT NULL,
  `state` varchar(30) DEFAULT NULL,
  `pobox` varchar(30) DEFAULT NULL,
  `country` varchar(30) DEFAULT NULL,
  `phone` varchar(50) DEFAULT NULL,
  `mobile` varchar(50) DEFAULT NULL,
  `fax` varchar(50) DEFAULT NULL,
  `lane` varchar(250) DEFAULT NULL,
  `leadaddresstype` varchar(30) DEFAULT 'Billing',
  PRIMARY KEY (`leadaddressid`),
  CONSTRAINT `fk_1_vtiger_leadaddress` FOREIGN KEY (`leadaddressid`) REFERENCES `vtiger_leaddetails` (`leadid`) ON DELETE CASCADE
) ENGINE=InnoDB DEFAULT CHARSET=utf8;
/*!40101 SET character_set_client = @saved_cs_client */;

--
-- Dumping data for table `vtiger_leadaddress`
--

LOCK TABLES `vtiger_leadaddress` WRITE;
/*!40000 ALTER TABLE `vtiger_leadaddress` DISABLE KEYS */;
/*!40000 ALTER TABLE `vtiger_leadaddress` ENABLE KEYS */;
UNLOCK TABLES;

--
-- Table structure for table `vtiger_leaddetails`
--

DROP TABLE IF EXISTS `vtiger_leaddetails`;
/*!40101 SET @saved_cs_client     = @@character_set_client */;
/*!40101 SET character_set_client = utf8 */;
CREATE TABLE `vtiger_leaddetails` (
  `leadid` int(19) NOT NULL,
  `lead_no` varchar(100) NOT NULL,
  `email` varchar(100) DEFAULT NULL,
  `interest` varchar(50) DEFAULT NULL,
  `firstname` varchar(40) DEFAULT NULL,
  `salutation` varchar(200) DEFAULT NULL,
  `lastname` varchar(80) NOT NULL,
  `company` varchar(100) NOT NULL,
  `annualrevenue` decimal(25,8) DEFAULT NULL,
  `industry` varchar(200) DEFAULT NULL,
  `campaign` varchar(30) DEFAULT NULL,
  `rating` varchar(200) DEFAULT NULL,
  `leadstatus` varchar(200) DEFAULT NULL,
  `leadsource` varchar(200) DEFAULT NULL,
  `converted` int(1) DEFAULT '0',
  `designation` varchar(50) DEFAULT 'SalesMan',
  `licencekeystatus` varchar(50) DEFAULT NULL,
  `space` varchar(250) DEFAULT NULL,
  `comments` text,
  `priority` varchar(50) DEFAULT NULL,
  `demorequest` varchar(50) DEFAULT NULL,
  `partnercontact` varchar(50) DEFAULT NULL,
  `productversion` varchar(20) DEFAULT NULL,
  `product` varchar(50) DEFAULT NULL,
  `maildate` date DEFAULT NULL,
  `nextstepdate` date DEFAULT NULL,
  `fundingsituation` varchar(50) DEFAULT NULL,
  `purpose` varchar(50) DEFAULT NULL,
  `evaluationstatus` varchar(50) DEFAULT NULL,
  `transferdate` date DEFAULT NULL,
  `revenuetype` varchar(50) DEFAULT NULL,
  `noofemployees` int(50) DEFAULT NULL,
  `secondaryemail` varchar(100) DEFAULT NULL,
  `assignleadchk` int(1) DEFAULT '0',
  `splastsms` datetime DEFAULT NULL,
  `emailoptout` varchar(3) DEFAULT NULL,
  `tags` varchar(1) DEFAULT NULL,
  PRIMARY KEY (`leadid`),
  KEY `leaddetails_converted_leadstatus_idx` (`converted`,`leadstatus`),
  KEY `email_idx` (`email`),
  CONSTRAINT `fk_1_vtiger_leaddetails` FOREIGN KEY (`leadid`) REFERENCES `vtiger_crmentity` (`crmid`) ON DELETE CASCADE
) ENGINE=InnoDB DEFAULT CHARSET=utf8;
/*!40101 SET character_set_client = @saved_cs_client */;

--
-- Dumping data for table `vtiger_leaddetails`
--

LOCK TABLES `vtiger_leaddetails` WRITE;
/*!40000 ALTER TABLE `vtiger_leaddetails` DISABLE KEYS */;
/*!40000 ALTER TABLE `vtiger_leaddetails` ENABLE KEYS */;
UNLOCK TABLES;

--
-- Table structure for table `vtiger_leadscf`
--

DROP TABLE IF EXISTS `vtiger_leadscf`;
/*!40101 SET @saved_cs_client     = @@character_set_client */;
/*!40101 SET character_set_client = utf8 */;
CREATE TABLE `vtiger_leadscf` (
  `leadid` int(19) NOT NULL DEFAULT '0',
  `vk_url` varchar(155) DEFAULT NULL,
  `tw_url` varchar(155) DEFAULT NULL,
  PRIMARY KEY (`leadid`),
  CONSTRAINT `fk_1_vtiger_leadscf` FOREIGN KEY (`leadid`) REFERENCES `vtiger_leaddetails` (`leadid`) ON DELETE CASCADE
) ENGINE=InnoDB DEFAULT CHARSET=utf8;
/*!40101 SET character_set_client = @saved_cs_client */;

--
-- Dumping data for table `vtiger_leadscf`
--

LOCK TABLES `vtiger_leadscf` WRITE;
/*!40000 ALTER TABLE `vtiger_leadscf` DISABLE KEYS */;
/*!40000 ALTER TABLE `vtiger_leadscf` ENABLE KEYS */;
UNLOCK TABLES;

--
-- Table structure for table `vtiger_leadsource`
--

DROP TABLE IF EXISTS `vtiger_leadsource`;
/*!40101 SET @saved_cs_client     = @@character_set_client */;
/*!40101 SET character_set_client = utf8 */;
CREATE TABLE `vtiger_leadsource` (
  `leadsourceid` int(19) NOT NULL AUTO_INCREMENT,
  `leadsource` varchar(200) NOT NULL,
  `presence` int(1) NOT NULL DEFAULT '1',
  `picklist_valueid` int(19) NOT NULL DEFAULT '0',
  `sortorderid` int(11) DEFAULT NULL,
  `color` varchar(10) DEFAULT NULL,
  PRIMARY KEY (`leadsourceid`)
) ENGINE=InnoDB AUTO_INCREMENT=14 DEFAULT CHARSET=utf8;
/*!40101 SET character_set_client = @saved_cs_client */;

--
-- Dumping data for table `vtiger_leadsource`
--

LOCK TABLES `vtiger_leadsource` WRITE;
/*!40000 ALTER TABLE `vtiger_leadsource` DISABLE KEYS */;
INSERT INTO `vtiger_leadsource` VALUES (2,'Cold Call',1,99,1,NULL),(3,'Existing Customer',1,100,2,NULL),(4,'Self Generated',1,101,3,NULL),(5,'Employee',1,102,4,NULL),(6,'Partner',1,103,5,NULL),(7,'Public Relations',1,104,6,NULL),(8,'Direct Mail',1,105,7,NULL),(9,'Conference',1,106,8,NULL),(10,'Trade Show',1,107,9,NULL),(11,'Web Site',1,108,10,NULL),(12,'Word of mouth',1,109,11,NULL),(13,'Other',1,110,12,NULL);
/*!40000 ALTER TABLE `vtiger_leadsource` ENABLE KEYS */;
UNLOCK TABLES;

--
-- Table structure for table `vtiger_leadsource_seq`
--

DROP TABLE IF EXISTS `vtiger_leadsource_seq`;
/*!40101 SET @saved_cs_client     = @@character_set_client */;
/*!40101 SET character_set_client = utf8 */;
CREATE TABLE `vtiger_leadsource_seq` (
  `id` int(11) NOT NULL
) ENGINE=InnoDB DEFAULT CHARSET=utf8;
/*!40101 SET character_set_client = @saved_cs_client */;

--
-- Dumping data for table `vtiger_leadsource_seq`
--

LOCK TABLES `vtiger_leadsource_seq` WRITE;
/*!40000 ALTER TABLE `vtiger_leadsource_seq` DISABLE KEYS */;
INSERT INTO `vtiger_leadsource_seq` VALUES (13);
/*!40000 ALTER TABLE `vtiger_leadsource_seq` ENABLE KEYS */;
UNLOCK TABLES;

--
-- Table structure for table `vtiger_leadstage`
--

DROP TABLE IF EXISTS `vtiger_leadstage`;
/*!40101 SET @saved_cs_client     = @@character_set_client */;
/*!40101 SET character_set_client = utf8 */;
CREATE TABLE `vtiger_leadstage` (
  `leadstageid` int(19) NOT NULL AUTO_INCREMENT,
  `stage` varchar(200) NOT NULL,
  `sortorderid` int(19) NOT NULL DEFAULT '0',
  `presence` int(1) NOT NULL DEFAULT '1',
  PRIMARY KEY (`leadstageid`),
  UNIQUE KEY `leadstage_stage_idx` (`stage`)
) ENGINE=InnoDB DEFAULT CHARSET=utf8;
/*!40101 SET character_set_client = @saved_cs_client */;

--
-- Dumping data for table `vtiger_leadstage`
--

LOCK TABLES `vtiger_leadstage` WRITE;
/*!40000 ALTER TABLE `vtiger_leadstage` DISABLE KEYS */;
/*!40000 ALTER TABLE `vtiger_leadstage` ENABLE KEYS */;
UNLOCK TABLES;

--
-- Table structure for table `vtiger_leadstatus`
--

DROP TABLE IF EXISTS `vtiger_leadstatus`;
/*!40101 SET @saved_cs_client     = @@character_set_client */;
/*!40101 SET character_set_client = utf8 */;
CREATE TABLE `vtiger_leadstatus` (
  `leadstatusid` int(19) NOT NULL AUTO_INCREMENT,
  `leadstatus` varchar(200) NOT NULL,
  `presence` int(1) NOT NULL DEFAULT '1',
  `picklist_valueid` int(19) NOT NULL DEFAULT '0',
  `sortorderid` int(11) DEFAULT NULL,
  `color` varchar(10) DEFAULT NULL,
  PRIMARY KEY (`leadstatusid`)
) ENGINE=InnoDB AUTO_INCREMENT=13 DEFAULT CHARSET=utf8;
/*!40101 SET character_set_client = @saved_cs_client */;

--
-- Dumping data for table `vtiger_leadstatus`
--

LOCK TABLES `vtiger_leadstatus` WRITE;
/*!40000 ALTER TABLE `vtiger_leadstatus` DISABLE KEYS */;
INSERT INTO `vtiger_leadstatus` VALUES (2,'Attempted to Contact',1,112,1,NULL),(3,'Cold',1,113,2,NULL),(4,'Contact in Future',1,114,3,NULL),(5,'Contacted',1,115,4,NULL),(6,'Hot',1,116,5,NULL),(7,'Junk Lead',1,117,6,NULL),(8,'Lost Lead',1,118,7,NULL),(9,'Not Contacted',1,119,8,NULL),(10,'Pre Qualified',1,120,9,NULL),(11,'Qualified',1,121,10,NULL),(12,'Warm',1,122,11,NULL);
/*!40000 ALTER TABLE `vtiger_leadstatus` ENABLE KEYS */;
UNLOCK TABLES;

--
-- Table structure for table `vtiger_leadstatus_seq`
--

DROP TABLE IF EXISTS `vtiger_leadstatus_seq`;
/*!40101 SET @saved_cs_client     = @@character_set_client */;
/*!40101 SET character_set_client = utf8 */;
CREATE TABLE `vtiger_leadstatus_seq` (
  `id` int(11) NOT NULL
) ENGINE=InnoDB DEFAULT CHARSET=utf8;
/*!40101 SET character_set_client = @saved_cs_client */;

--
-- Dumping data for table `vtiger_leadstatus_seq`
--

LOCK TABLES `vtiger_leadstatus_seq` WRITE;
/*!40000 ALTER TABLE `vtiger_leadstatus_seq` DISABLE KEYS */;
INSERT INTO `vtiger_leadstatus_seq` VALUES (12);
/*!40000 ALTER TABLE `vtiger_leadstatus_seq` ENABLE KEYS */;
UNLOCK TABLES;

--
-- Table structure for table `vtiger_leadsubdetails`
--

DROP TABLE IF EXISTS `vtiger_leadsubdetails`;
/*!40101 SET @saved_cs_client     = @@character_set_client */;
/*!40101 SET character_set_client = utf8 */;
CREATE TABLE `vtiger_leadsubdetails` (
  `leadsubscriptionid` int(19) NOT NULL DEFAULT '0',
  `website` varchar(255) DEFAULT NULL,
  `callornot` int(1) DEFAULT '0',
  `readornot` int(1) DEFAULT '0',
  `empct` int(10) DEFAULT '0',
  PRIMARY KEY (`leadsubscriptionid`),
  CONSTRAINT `fk_1_vtiger_leadsubdetails` FOREIGN KEY (`leadsubscriptionid`) REFERENCES `vtiger_leaddetails` (`leadid`) ON DELETE CASCADE
) ENGINE=InnoDB DEFAULT CHARSET=utf8;
/*!40101 SET character_set_client = @saved_cs_client */;

--
-- Dumping data for table `vtiger_leadsubdetails`
--

LOCK TABLES `vtiger_leadsubdetails` WRITE;
/*!40000 ALTER TABLE `vtiger_leadsubdetails` DISABLE KEYS */;
/*!40000 ALTER TABLE `vtiger_leadsubdetails` ENABLE KEYS */;
UNLOCK TABLES;

--
-- Table structure for table `vtiger_links`
--

DROP TABLE IF EXISTS `vtiger_links`;
/*!40101 SET @saved_cs_client     = @@character_set_client */;
/*!40101 SET character_set_client = utf8 */;
CREATE TABLE `vtiger_links` (
  `linkid` int(11) NOT NULL,
  `tabid` int(11) DEFAULT NULL,
  `linktype` varchar(50) DEFAULT NULL,
  `linklabel` varchar(50) DEFAULT NULL,
  `linkurl` varchar(255) DEFAULT NULL,
  `linkicon` varchar(100) DEFAULT NULL,
  `sequence` int(11) DEFAULT NULL,
  `handler_path` varchar(128) DEFAULT NULL,
  `handler_class` varchar(50) DEFAULT NULL,
  `handler` varchar(50) DEFAULT NULL,
  `parent_link` int(19) DEFAULT NULL,
  PRIMARY KEY (`linkid`),
  KEY `link_tabidtype_idx` (`tabid`,`linktype`)
) ENGINE=InnoDB DEFAULT CHARSET=utf8;
/*!40101 SET character_set_client = @saved_cs_client */;

--
-- Dumping data for table `vtiger_links`
--

LOCK TABLES `vtiger_links` WRITE;
/*!40000 ALTER TABLE `vtiger_links` DISABLE KEYS */;
INSERT INTO `vtiger_links` VALUES (2,6,'DETAILVIEW','LBL_SHOW_ACCOUNT_HIERARCHY','index.php?module=Accounts&action=AccountHierarchy&accountid=$RECORD$','themes/images/products.gif',0,NULL,NULL,NULL,NULL),(5,8,'DETAILVIEWWIDGET','LBL_RELATED_TO','module=Documents&action=DocumentsAjax&file=DetailViewAjax&recordid=$RECORD$&ajxaction=LOADRELATEDLISTWIDGET','',0,NULL,NULL,NULL,NULL),(7,18,'DETAILVIEWBASIC','LBL_VENDORS_ADD_EVENT','index.php?module=Calendar&view=Edit&mode=Events&sourceModule=Vendors&sourceRecord=$RECORD$&relationOperation=true&parent_id=$RECORD$','themes/images/AddEvent.gif',0,NULL,NULL,NULL,NULL),(8,18,'DETAILVIEWBASIC','LBL_VENDORS_ADD_TASK','index.php?module=Calendar&view=Edit&mode=Calendar&sourceModule=Vendors&sourceRecord=$RECORD$&relationOperation=true&parent_id=$RECORD$','themes/images/AddToDo.gif',0,NULL,NULL,NULL,NULL),(9,13,'DETAILVIEWWIDGET','LBL_RELATED_TO','module=HelpDesk&action=HelpDeskAjax&file=DetailViewAjax&recordid=$RECORD$&ajxaction=LOADRELATEDLISTWIDGET','',0,NULL,NULL,NULL,NULL),(10,0,'HEADERSCRIPT','Incoming Calls','modules/PBXManager/resources/PBXManagerJS.js','',0,'modules/PBXManager/PBXManager.php','PBXManager','checkLinkPermission',NULL),(11,40,'HEADERSCRIPT','ModCommentsCommonHeaderScript','modules/ModComments/ModCommentsCommon.js','',0,'','','',NULL),(12,7,'DETAILVIEWWIDGET','DetailViewBlockCommentWidget','block://ModComments:modules/ModComments/ModComments.php','',0,NULL,NULL,NULL,NULL),(13,4,'DETAILVIEWWIDGET','DetailViewBlockCommentWidget','block://ModComments:modules/ModComments/ModComments.php','',0,NULL,NULL,NULL,NULL),(14,6,'DETAILVIEWWIDGET','DetailViewBlockCommentWidget','block://ModComments:modules/ModComments/ModComments.php','',0,NULL,NULL,NULL,NULL),(15,2,'DETAILVIEWWIDGET','DetailViewBlockCommentWidget','block://ModComments:modules/ModComments/ModComments.php','',0,NULL,NULL,NULL,NULL),(16,0,'HEADERSCRIPT','SPDynamicBlocks','modules/SPDynamicBlocks/resources/SPDynamicBlocks.js','',0,NULL,NULL,NULL,NULL),(17,4,'DETAILVIEWBASIC','Send to social nets','javascript:SPSocialConnector_Detail_Js.triggerSendMessage(\'index.php?module=$MODULE$&view=MassActionAjax&mode=showSendMessageForm\');','',0,NULL,NULL,NULL,NULL),(18,4,'DETAILVIEWBASIC','Get from social nets','javascript:SPSocialConnector_Detail_Js.triggerGetMessage(\'source_module=$MODULE$&source_record=$RECORD$\');','',0,NULL,NULL,NULL,NULL),(19,7,'DETAILVIEWBASIC','Send to social nets','javascript:SPSocialConnector_Detail_Js.triggerSendMessage(\'index.php?module=$MODULE$&view=MassActionAjax&mode=showSendMessageForm\');','',0,NULL,NULL,NULL,NULL),(20,7,'DETAILVIEWBASIC','Get from social nets','javascript:SPSocialConnector_Detail_Js.triggerGetMessage(\'source_module=$MODULE$&source_record=$RECORD$\');','',0,NULL,NULL,NULL,NULL),(21,6,'DETAILVIEWBASIC','Send to social nets','javascript:SPSocialConnector_Detail_Js.triggerSendMessage(\'index.php?module=$MODULE$&view=MassActionAjax&mode=showSendMessageForm\');','',0,NULL,NULL,NULL,NULL),(22,6,'DETAILVIEWBASIC','Get from social nets','javascript:SPSocialConnector_Detail_Js.triggerGetMessage(\'source_module=$MODULE$&source_record=$RECORD$\');','',0,NULL,NULL,NULL,NULL),(24,46,'HEADERSCRIPT','SMSNotifierCommonJS','modules/SMSNotifier/SMSNotifierCommon.js','',0,NULL,NULL,NULL,NULL),(25,7,'LISTVIEWBASIC','Send SMS','SMSNotifierCommon.displaySelectWizard(this, \'$MODULE$\');','',0,NULL,NULL,NULL,NULL),(26,7,'DETAILVIEW','Send SMS','javascript:SMSNotifierCommon.displaySelectWizard_DetailView(\'$MODULE$\', \'$RECORD$\');','',0,NULL,NULL,NULL,NULL),(27,4,'LISTVIEWBASIC','Send SMS','SMSNotifierCommon.displaySelectWizard(this, \'$MODULE$\');','',0,NULL,NULL,NULL,NULL),(28,4,'DETAILVIEW','Send SMS','javascript:SMSNotifierCommon.displaySelectWizard_DetailView(\'$MODULE$\', \'$RECORD$\');','',0,NULL,NULL,NULL,NULL),(29,6,'LISTVIEWBASIC','Send SMS','SMSNotifierCommon.displaySelectWizard(this, \'$MODULE$\');','',0,NULL,NULL,NULL,NULL),(30,6,'DETAILVIEW','Send SMS','javascript:SMSNotifierCommon.displaySelectWizard_DetailView(\'$MODULE$\', \'$RECORD$\');','',0,NULL,NULL,NULL,NULL),(31,0,'HEADERSCRIPT','Kladr','modules/SPKladr/resources/SPKladr.js','',0,NULL,NULL,NULL,NULL),(32,0,'HEADERSCRIPT','SPVoipIntegration','modules/SPVoipIntegration/resources/SPVoipIntegration.js','',0,NULL,NULL,NULL,NULL),(33,4,'DETAILVIEWSIDEBARWIDGET','Google Map','module=Google&view=Map&mode=showMap&viewtype=detail','',0,NULL,NULL,NULL,NULL),(34,7,'DETAILVIEWSIDEBARWIDGET','Google Map','module=Google&view=Map&mode=showMap&viewtype=detail','',0,NULL,NULL,NULL,NULL),(35,6,'DETAILVIEWSIDEBARWIDGET','Google Map','module=Google&view=Map&mode=showMap&viewtype=detail','',0,NULL,NULL,NULL,NULL),(36,4,'LISTVIEWSIDEBARWIDGET','Google Contacts','module=Google&view=List&sourcemodule=Contacts','',0,NULL,NULL,NULL,NULL),(37,9,'LISTVIEWSIDEBARWIDGET','Google Calendar','module=Google&view=List&sourcemodule=Calendar','',0,NULL,NULL,NULL,NULL),(38,0,'HEADERSCRIPT','SPTips','modules/SPTips/resources/SPTips.js','',0,NULL,NULL,NULL,NULL),(44,6,'DETAILVIEWBASIC','LBL_ACCOUNTS_ADD_ACT','index.php?module=Act&action=EditView&return_module=Accounts&return_action=DetailView&convertmode=accountstoact&createmode=link&return_id=$RECORD$&account_id=$RECORD$&parenttab=Sales','themes/images/actionGenerateInvoice.gif',0,NULL,NULL,NULL,NULL),(45,23,'DETAILVIEWBASIC','LBL_INVOICE_ADD_ACT','index.php?module=Act&view=Edit&sourceModule=$MODULE$&sourceRecord=$RECORD$&invoice_id=$RECORD$&relationOperation=true','themes/images/actionGenerateInvoice.gif',0,NULL,NULL,NULL,NULL),(46,6,'DETAILVIEWBASIC','LBL_SP_ADD_SPPAYMENTS','index.php?module=SPPayments&action=EditView&return_module=$MODULE$&return_action=DetailView&return_id=$RECORD$&parent_id=$RECORD$','themes/images/actionGenerateInvoice_new.gif',1,'NULL','NULL','NULL',NULL),(47,4,'DETAILVIEWBASIC','LBL_SP_ADD_SPPAYMENTS','index.php?module=SPPayments&action=EditView&return_module=$MODULE$&return_action=DetailView&return_id=$RECORD$&parent_id=$RECORD$','themes/images/actionGenerateInvoice_new.gif',1,'NULL','NULL','NULL',NULL),(48,18,'DETAILVIEWBASIC','LBL_SP_ADD_SPPAYMENTS','index.php?module=SPPayments&action=EditView&return_module=$MODULE$&return_action=DetailView&return_id=$RECORD$&parent_id=$RECORD$','themes/images/actionGenerateInvoice_new.gif',1,'NULL','NULL','NULL',NULL),(49,23,'DETAILVIEWBASIC','LBL_SP_ADD_SPPAYMENTS','index.php?module=SPPayments&action=EditView&return_module=$MODULE$&return_action=DetailView&return_id=$RECORD$&parent_id=$RECORD$','themes/images/actionGenerateInvoice_new.gif',1,'NULL','NULL','NULL',NULL),(50,22,'DETAILVIEWBASIC','LBL_SP_ADD_SPPAYMENTS','index.php?module=SPPayments&action=EditView&return_module=$MODULE$&return_action=DetailView&return_id=$RECORD$&parent_id=$RECORD$','themes/images/actionGenerateInvoice_new.gif',1,'NULL','NULL','NULL',NULL),(51,21,'DETAILVIEWBASIC','LBL_SP_ADD_SPPAYMENTS','index.php?module=SPPayments&action=EditView&return_module=$MODULE$&return_action=DetailView&return_id=$RECORD$&parent_id=$RECORD$','themes/images/actionGenerateInvoice_new.gif',1,'NULL','NULL','NULL',NULL),(52,6,'DETAILVIEWBASIC','LBL_ACCOUNTS_ADD_CONSIGNMENT','index.php?module=Consignment&action=EditView&return_module=Accounts&return_action=DetailView&convertmode=acctoconsignment&createmode=link&return_id=$RECORD$&account_id=$RECORD$&parenttab=Sales','themes/images/actionGenerateInvoice.gif',0,NULL,NULL,NULL,NULL),(53,23,'DETAILVIEWBASIC','LBL_INVOICE_ADD_CONSIGNMENT','index.php?module=Consignment&view=Edit&sourceModule=$MODULE$&sourceRecord=$RECORD$&invoice_id=$RECORD$&relationOperation=true','',0,NULL,NULL,NULL,NULL),(54,61,'HEADERSCRIPT','ExtensionStoreCommonHeaderScript','modules/ExtensionStore/ExtensionStore.js','',0,NULL,NULL,NULL,NULL),(56,55,'DETAILVIEWWIDGET','DetailViewBlockCommentWidget','block://ModComments:modules/ModComments/ModComments.php','',0,NULL,NULL,NULL,NULL),(57,56,'DETAILVIEWBASIC','Add Project Task','index.php?module=ProjectTask&action=EditView&projectid=$RECORD$&return_module=Project&return_action=DetailView&return_id=$RECORD$','',0,'modules/ProjectTask/ProjectTask.php','ProjectTask','isLinkPermitted',NULL),(59,56,'DETAILVIEWWIDGET','DetailViewBlockCommentWidget','block://ModComments:modules/ModComments/ModComments.php','',0,NULL,NULL,NULL,NULL),(60,2,'DASHBOARDWIDGET','History','index.php?module=Potentials&view=ShowWidget&name=History','',1,NULL,NULL,NULL,NULL),(61,2,'DASHBOARDWIDGET','Upcoming Activities','index.php?module=Potentials&view=ShowWidget&name=CalendarActivities','',2,NULL,NULL,NULL,NULL),(62,2,'DASHBOARDWIDGET','Funnel','index.php?module=Potentials&view=ShowWidget&name=GroupedBySalesStage','',3,NULL,NULL,NULL,NULL),(63,2,'DASHBOARDWIDGET','Potentials by Stage','index.php?module=Potentials&view=ShowWidget&name=GroupedBySalesPerson','',4,NULL,NULL,NULL,NULL),(64,2,'DASHBOARDWIDGET','Pipelined Amount','index.php?module=Potentials&view=ShowWidget&name=PipelinedAmountPerSalesPerson','',5,NULL,NULL,NULL,NULL),(65,2,'DASHBOARDWIDGET','Total Revenue','index.php?module=Potentials&view=ShowWidget&name=TotalRevenuePerSalesPerson','',6,NULL,NULL,NULL,NULL),(66,2,'DASHBOARDWIDGET','Top Potentials','index.php?module=Potentials&view=ShowWidget&name=TopPotentials','',7,NULL,NULL,NULL,NULL),(67,2,'DASHBOARDWIDGET','Overdue Activities','index.php?module=Potentials&view=ShowWidget&name=OverdueActivities','',9,NULL,NULL,NULL,NULL),(68,6,'DASHBOARDWIDGET','History','index.php?module=Accounts&view=ShowWidget&name=History','',1,NULL,NULL,NULL,NULL),(69,6,'DASHBOARDWIDGET','Upcoming Activities','index.php?module=Accounts&view=ShowWidget&name=CalendarActivities','',2,NULL,NULL,NULL,NULL),(70,6,'DASHBOARDWIDGET','Overdue Activities','index.php?module=Accounts&view=ShowWidget&name=OverdueActivities','',3,NULL,NULL,NULL,NULL),(71,4,'DASHBOARDWIDGET','History','index.php?module=Contacts&view=ShowWidget&name=History','',1,NULL,NULL,NULL,NULL),(72,4,'DASHBOARDWIDGET','Upcoming Activities','index.php?module=Contacts&view=ShowWidget&name=CalendarActivities','',2,NULL,NULL,NULL,NULL),(73,4,'DASHBOARDWIDGET','Overdue Activities','index.php?module=Contacts&view=ShowWidget&name=OverdueActivities','',3,NULL,NULL,NULL,NULL),(74,7,'DASHBOARDWIDGET','History','index.php?module=Leads&view=ShowWidget&name=History','',1,NULL,NULL,NULL,NULL),(75,7,'DASHBOARDWIDGET','Upcoming Activities','index.php?module=Leads&view=ShowWidget&name=CalendarActivities','',2,NULL,NULL,NULL,NULL),(76,7,'DASHBOARDWIDGET','Leads by Status','index.php?module=Leads&view=ShowWidget&name=LeadsByStatus','',4,NULL,NULL,NULL,NULL),(77,7,'DASHBOARDWIDGET','Leads by Source','index.php?module=Leads&view=ShowWidget&name=LeadsBySource','',5,NULL,NULL,NULL,NULL),(78,7,'DASHBOARDWIDGET','Leads by Industry','index.php?module=Leads&view=ShowWidget&name=LeadsByIndustry','',6,NULL,NULL,NULL,NULL),(79,7,'DASHBOARDWIDGET','Overdue Activities','index.php?module=Leads&view=ShowWidget&name=OverdueActivities','',7,NULL,NULL,NULL,NULL),(80,13,'DASHBOARDWIDGET','Tickets by Status','index.php?module=HelpDesk&view=ShowWidget&name=TicketsByStatus','',1,NULL,NULL,NULL,NULL),(81,13,'DASHBOARDWIDGET','Open Tickets','index.php?module=HelpDesk&view=ShowWidget&name=OpenTickets','',2,NULL,NULL,NULL,NULL),(82,3,'DASHBOARDWIDGET','History','index.php?module=Home&view=ShowWidget&name=History','',1,NULL,NULL,NULL,NULL),(83,3,'DASHBOARDWIDGET','Upcoming Activities','index.php?module=Home&view=ShowWidget&name=CalendarActivities','',2,NULL,NULL,NULL,NULL),(84,3,'DASHBOARDWIDGET','Funnel','index.php?module=Potentials&view=ShowWidget&name=GroupedBySalesStage','',3,NULL,NULL,NULL,NULL),(85,3,'DASHBOARDWIDGET','Potentials by Stage','index.php?module=Potentials&view=ShowWidget&name=GroupedBySalesPerson','',4,NULL,NULL,NULL,NULL),(86,3,'DASHBOARDWIDGET','Pipelined Amount','index.php?module=Potentials&view=ShowWidget&name=PipelinedAmountPerSalesPerson','',5,NULL,NULL,NULL,NULL),(87,3,'DASHBOARDWIDGET','Total Revenue','index.php?module=Potentials&view=ShowWidget&name=TotalRevenuePerSalesPerson','',6,NULL,NULL,NULL,NULL),(88,3,'DASHBOARDWIDGET','Top Potentials','index.php?module=Potentials&view=ShowWidget&name=TopPotentials','',7,NULL,NULL,NULL,NULL),(89,3,'DASHBOARDWIDGET','Leads by Status','index.php?module=Leads&view=ShowWidget&name=LeadsByStatus','',10,NULL,NULL,NULL,NULL),(90,3,'DASHBOARDWIDGET','Leads by Source','index.php?module=Leads&view=ShowWidget&name=LeadsBySource','',11,NULL,NULL,NULL,NULL),(91,3,'DASHBOARDWIDGET','Leads by Industry','index.php?module=Leads&view=ShowWidget&name=LeadsByIndustry','',12,NULL,NULL,NULL,NULL),(92,3,'DASHBOARDWIDGET','Overdue Activities','index.php?module=Home&view=ShowWidget&name=OverdueActivities','',13,NULL,NULL,NULL,NULL),(93,3,'DASHBOARDWIDGET','Tickets by Status','index.php?module=HelpDesk&view=ShowWidget&name=TicketsByStatus','',13,NULL,NULL,NULL,NULL),(94,3,'DASHBOARDWIDGET','Open Tickets','index.php?module=HelpDesk&view=ShowWidget&name=OpenTickets','',14,NULL,NULL,NULL,NULL),(95,13,'DETAILVIEWWIDGET','DetailViewBlockCommentWidget','block://ModComments:modules/ModComments/ModComments.php','',0,NULL,NULL,NULL,NULL),(96,15,'DETAILVIEWWIDGET','DetailViewBlockCommentWidget','block://ModComments:modules/ModComments/ModComments.php','',0,NULL,NULL,NULL,NULL),(130,3,'DASHBOARDWIDGET','Key Metrics','index.php?module=Home&view=ShowWidget&name=KeyMetrics','',0,NULL,NULL,NULL,NULL),(131,3,'DASHBOARDWIDGET','Mini List','index.php?module=Home&view=ShowWidget&name=MiniList','',0,NULL,NULL,NULL,NULL),(132,3,'DASHBOARDWIDGET','Tag Cloud','index.php?module=Home&view=ShowWidget&name=TagCloud','',0,NULL,NULL,NULL,NULL),(133,2,'DASHBOARDWIDGET','Funnel Amount','index.php?module=Potentials&view=ShowWidget&name=FunnelAmount','',10,NULL,NULL,NULL,NULL),(134,3,'DASHBOARDWIDGET','Funnel Amount','index.php?module=Potentials&view=ShowWidget&name=FunnelAmount','',10,NULL,NULL,NULL,NULL),(135,3,'DASHBOARDWIDGET','Notebook','index.php?module=Home&view=ShowWidget&name=Notebook','',0,NULL,NULL,NULL,NULL),(137,25,'LISTVIEWBASIC','LBL_ADD_RECORD','','',0,NULL,NULL,NULL,NULL),(138,25,'LISTVIEWBASIC','LBL_DETAIL_REPORT','javascript:Reports_List_Js.addReport(\"index.php?module=Reports&view=Edit\")','',0,'modules/Reports/models/Module.php','Reports_Module_Model','checkLinkAccess',137),(139,25,'LISTVIEWBASIC','LBL_CHARTS','javascript:Reports_List_Js.addReport(\"index.php?module=Reports&view=ChartEdit\")','',0,'modules/Reports/models/Module.php','Reports_Module_Model','checkLinkAccess',137),(140,25,'LISTVIEWBASIC','LBL_ADD_FOLDER','javascript:Reports_List_Js.triggerAddFolder(\"index.php?module=Reports&view=EditFolder\")','',0,'modules/Reports/models/Module.php','Reports_Module_Model','checkLinkAccess',NULL),(141,4,'EXTENSIONLINK','Google','index.php?module=Contacts&view=Extension&extensionModule=Google&extensionView=Index','',0,NULL,NULL,NULL,NULL),(142,9,'EXTENSIONLINK','Google','index.php?module=Calendar&view=Extension&extensionModule=Google&extensionView=Index','',0,NULL,NULL,NULL,NULL);
/*!40000 ALTER TABLE `vtiger_links` ENABLE KEYS */;
UNLOCK TABLES;

--
-- Table structure for table `vtiger_links_seq`
--

DROP TABLE IF EXISTS `vtiger_links_seq`;
/*!40101 SET @saved_cs_client     = @@character_set_client */;
/*!40101 SET character_set_client = utf8 */;
CREATE TABLE `vtiger_links_seq` (
  `id` int(11) NOT NULL
) ENGINE=InnoDB DEFAULT CHARSET=utf8;
/*!40101 SET character_set_client = @saved_cs_client */;

--
-- Dumping data for table `vtiger_links_seq`
--

LOCK TABLES `vtiger_links_seq` WRITE;
/*!40000 ALTER TABLE `vtiger_links_seq` DISABLE KEYS */;
INSERT INTO `vtiger_links_seq` VALUES (142);
/*!40000 ALTER TABLE `vtiger_links_seq` ENABLE KEYS */;
UNLOCK TABLES;

--
-- Table structure for table `vtiger_loginhistory`
--

DROP TABLE IF EXISTS `vtiger_loginhistory`;
/*!40101 SET @saved_cs_client     = @@character_set_client */;
/*!40101 SET character_set_client = utf8 */;
CREATE TABLE `vtiger_loginhistory` (
  `login_id` int(11) NOT NULL AUTO_INCREMENT,
  `user_name` varchar(255) DEFAULT NULL,
  `user_ip` varchar(25) NOT NULL,
  `logout_time` timestamp NOT NULL DEFAULT CURRENT_TIMESTAMP ON UPDATE CURRENT_TIMESTAMP,
  `login_time` datetime DEFAULT NULL,
  `status` varchar(25) DEFAULT NULL,
  PRIMARY KEY (`login_id`)
) ENGINE=InnoDB AUTO_INCREMENT=35 DEFAULT CHARSET=utf8;
/*!40101 SET character_set_client = @saved_cs_client */;

--
-- Dumping data for table `vtiger_loginhistory`
--

LOCK TABLES `vtiger_loginhistory` WRITE;
/*!40000 ALTER TABLE `vtiger_loginhistory` DISABLE KEYS */;
INSERT INTO `vtiger_loginhistory` VALUES (1,'admin','78.69.72.43','2020-06-04 04:35:41','2020-06-04 04:35:41','Signed in'),(2,'admin','188.170.78.74','2020-06-04 04:58:12','2020-06-04 04:58:12','Signed in'),(3,'admin','188.170.78.74','2020-06-04 11:58:01','2020-06-04 10:44:48','Signed off'),(4,'testuser01','188.170.78.74','2020-06-04 11:58:20','2020-06-04 11:58:20','Signed in'),(5,'admin','188.170.76.35','2020-06-05 12:57:52','2020-06-05 12:57:52','Signed in'),(6,'admin','188.170.76.35','2020-06-05 20:13:50','2020-06-05 19:56:57','Signed off'),(7,'ab_01','188.170.76.35','2020-06-05 20:17:09','2020-06-05 20:14:15','Signed off'),(8,'admin','188.170.76.35','2020-06-05 21:43:19','2020-06-05 20:59:29','Signed off'),(9,'admin','78.69.72.43','2020-06-05 21:16:58','2020-06-05 21:12:43','Signed off'),(10,'admin','78.69.72.43','2020-06-05 21:49:02','2020-06-05 21:49:02','Signed in'),(11,'admin','188.170.76.35','2020-06-06 01:51:39','2020-06-05 23:40:12','Signed off'),(12,'vit.admin','188.170.76.35','2020-06-06 01:23:55','2020-06-06 01:17:55','Signed off'),(13,'testzadarma','188.170.76.35','2020-06-06 01:24:09','2020-06-06 01:24:09','Signed in'),(14,'testzadarma','188.170.76.35','2020-06-06 01:51:52','2020-06-06 01:51:52','Signed in'),(15,'testzadarma','188.170.76.35','2020-06-06 02:10:15','2020-06-06 02:07:00','Signed off'),(16,'admin','188.170.76.35','2020-06-06 02:10:47','2020-06-06 02:10:17','Signed off'),(17,'vit.admin','188.170.76.35','2020-06-06 02:10:55','2020-06-06 02:10:55','Signed in'),(18,'ab_01','91.235.247.253','2020-06-06 07:57:35','2020-06-06 07:57:35','Signed in'),(19,'admin','188.170.76.35','2020-06-06 16:39:17','2020-06-06 16:39:17','Signed in'),(20,'ab_01','91.235.247.253','2020-06-06 21:53:26','2020-06-06 21:53:26','Signed in'),(21,'ab_01','212.24.51.246','2020-06-09 17:06:09','2020-06-09 17:06:09','Signed in'),(22,'ab_01','212.24.51.246','2020-06-10 09:32:28','2020-06-10 09:32:28','Signed in'),(23,'admin','188.170.74.27','2020-06-10 22:43:38','2020-06-10 11:20:38','Signed off'),(24,'admin','78.69.72.43','2020-06-10 19:58:24','2020-06-10 19:58:24','Signed in'),(25,'admin','78.69.72.43','2020-06-10 21:09:58','2020-06-10 21:09:58','Signed in'),(26,'vit.admin','188.170.74.27','2020-06-10 22:43:45','2020-06-10 22:43:45','Signed in'),(27,'vit.admin','188.170.74.27','2020-06-11 09:16:32','2020-06-11 09:16:32','Signed in'),(28,'admin','188.170.74.27','2020-06-11 11:51:00','2020-06-11 11:07:17','Signed off'),(29,'admin','78.69.72.43','2020-06-11 11:10:54','2020-06-11 11:10:54','Signed in'),(30,'vit.admin','188.170.74.27','2020-06-11 11:51:11','2020-06-11 11:51:11','Signed in'),(31,'vg_01','217.68.43.47','2020-06-11 16:18:04','2020-06-11 16:18:04','Signed in'),(32,'admin','188.170.74.27','2020-06-11 16:57:25','2020-06-11 16:57:15','Signed off'),(33,'vit.admin','188.170.74.27','2020-06-11 17:37:55','2020-06-11 17:37:55','Signed in'),(34,'vit.admin','188.170.74.27','2020-06-12 10:22:24','2020-06-12 10:22:24','Signed in');
/*!40000 ALTER TABLE `vtiger_loginhistory` ENABLE KEYS */;
UNLOCK TABLES;

--
-- Table structure for table `vtiger_mail_accounts`
--

DROP TABLE IF EXISTS `vtiger_mail_accounts`;
/*!40101 SET @saved_cs_client     = @@character_set_client */;
/*!40101 SET character_set_client = utf8 */;
CREATE TABLE `vtiger_mail_accounts` (
  `account_id` int(11) NOT NULL,
  `user_id` int(11) NOT NULL,
  `display_name` varchar(50) DEFAULT NULL,
  `mail_id` varchar(50) DEFAULT NULL,
  `account_name` varchar(50) DEFAULT NULL,
  `mail_protocol` varchar(20) DEFAULT NULL,
  `mail_username` varchar(50) NOT NULL,
  `mail_password` text,
  `mail_servername` varchar(50) DEFAULT NULL,
  `box_refresh` int(10) DEFAULT NULL,
  `mails_per_page` int(10) DEFAULT NULL,
  `ssltype` varchar(50) DEFAULT NULL,
  `sslmeth` varchar(50) DEFAULT NULL,
  `int_mailer` int(1) DEFAULT '0',
  `status` varchar(10) DEFAULT NULL,
  `set_default` int(2) DEFAULT NULL,
  `sent_folder` varchar(50) DEFAULT NULL,
  `trash_folder` varchar(50) DEFAULT NULL,
  PRIMARY KEY (`account_id`)
) ENGINE=InnoDB DEFAULT CHARSET=utf8;
/*!40101 SET character_set_client = @saved_cs_client */;

--
-- Dumping data for table `vtiger_mail_accounts`
--

LOCK TABLES `vtiger_mail_accounts` WRITE;
/*!40000 ALTER TABLE `vtiger_mail_accounts` DISABLE KEYS */;
INSERT INTO `vtiger_mail_accounts` VALUES (1,6,'vit@itilus.com',NULL,'vit@itilus.com','IMAP4','vit@itilus.com','z87Pz87Oz8_Pz87Oz8_Pz8_Ozs_Pz87Pz87Ozs_Pzs7Pzs7Oz87Pz8_Ozs_Pzs_Oz87Ozs_Pzs_Pzs_Ozs7Ozs_Pzs7Pzs7Oz8_Ozs_Pzs7Pz87Oz8_Oz8_Pzs7Pzs7Pz8_Ozs_Ozs_Pz87Oz87Pzs_Pzs7Pz87P','mail.itilus.com',0,20,'ssl','novalidate-cert',0,'1',0,'24@itilus.com','');
/*!40000 ALTER TABLE `vtiger_mail_accounts` ENABLE KEYS */;
UNLOCK TABLES;

--
-- Table structure for table `vtiger_mailer_queue`
--

DROP TABLE IF EXISTS `vtiger_mailer_queue`;
/*!40101 SET @saved_cs_client     = @@character_set_client */;
/*!40101 SET character_set_client = utf8 */;
CREATE TABLE `vtiger_mailer_queue` (
  `id` int(11) NOT NULL,
  `fromname` varchar(100) DEFAULT NULL,
  `fromemail` varchar(100) DEFAULT NULL,
  `mailer` varchar(10) DEFAULT NULL,
  `content_type` varchar(15) DEFAULT NULL,
  `subject` varchar(999) DEFAULT NULL,
  `body` text,
  `relcrmid` int(11) DEFAULT NULL,
  `failed` int(1) NOT NULL DEFAULT '0',
  `failreason` varchar(255) DEFAULT NULL,
  PRIMARY KEY (`id`)
) ENGINE=InnoDB DEFAULT CHARSET=utf8;
/*!40101 SET character_set_client = @saved_cs_client */;

--
-- Dumping data for table `vtiger_mailer_queue`
--

LOCK TABLES `vtiger_mailer_queue` WRITE;
/*!40000 ALTER TABLE `vtiger_mailer_queue` DISABLE KEYS */;
/*!40000 ALTER TABLE `vtiger_mailer_queue` ENABLE KEYS */;
UNLOCK TABLES;

--
-- Table structure for table `vtiger_mailer_queueattachments`
--

DROP TABLE IF EXISTS `vtiger_mailer_queueattachments`;
/*!40101 SET @saved_cs_client     = @@character_set_client */;
/*!40101 SET character_set_client = utf8 */;
CREATE TABLE `vtiger_mailer_queueattachments` (
  `id` int(11) DEFAULT NULL,
  `path` text,
  `name` varchar(100) DEFAULT NULL,
  `encoding` varchar(50) DEFAULT NULL,
  `type` varchar(100) DEFAULT NULL
) ENGINE=InnoDB DEFAULT CHARSET=utf8;
/*!40101 SET character_set_client = @saved_cs_client */;

--
-- Dumping data for table `vtiger_mailer_queueattachments`
--

LOCK TABLES `vtiger_mailer_queueattachments` WRITE;
/*!40000 ALTER TABLE `vtiger_mailer_queueattachments` DISABLE KEYS */;
/*!40000 ALTER TABLE `vtiger_mailer_queueattachments` ENABLE KEYS */;
UNLOCK TABLES;

--
-- Table structure for table `vtiger_mailer_queueinfo`
--

DROP TABLE IF EXISTS `vtiger_mailer_queueinfo`;
/*!40101 SET @saved_cs_client     = @@character_set_client */;
/*!40101 SET character_set_client = utf8 */;
CREATE TABLE `vtiger_mailer_queueinfo` (
  `id` int(11) DEFAULT NULL,
  `name` varchar(100) DEFAULT NULL,
  `email` varchar(100) DEFAULT NULL,
  `type` varchar(7) DEFAULT NULL
) ENGINE=InnoDB DEFAULT CHARSET=utf8;
/*!40101 SET character_set_client = @saved_cs_client */;

--
-- Dumping data for table `vtiger_mailer_queueinfo`
--

LOCK TABLES `vtiger_mailer_queueinfo` WRITE;
/*!40000 ALTER TABLE `vtiger_mailer_queueinfo` DISABLE KEYS */;
/*!40000 ALTER TABLE `vtiger_mailer_queueinfo` ENABLE KEYS */;
UNLOCK TABLES;

--
-- Table structure for table `vtiger_mailmanager_mailattachments`
--

DROP TABLE IF EXISTS `vtiger_mailmanager_mailattachments`;
/*!40101 SET @saved_cs_client     = @@character_set_client */;
/*!40101 SET character_set_client = utf8 */;
CREATE TABLE `vtiger_mailmanager_mailattachments` (
  `userid` int(11) DEFAULT NULL,
  `muid` int(11) DEFAULT NULL,
  `aname` varchar(100) DEFAULT NULL,
  `lastsavedtime` int(11) DEFAULT NULL,
  `attachid` int(19) NOT NULL,
  `path` varchar(200) NOT NULL,
  `cid` varchar(100) DEFAULT NULL,
  KEY `userid_muid_idx` (`userid`,`muid`)
) ENGINE=InnoDB DEFAULT CHARSET=utf8;
/*!40101 SET character_set_client = @saved_cs_client */;

--
-- Dumping data for table `vtiger_mailmanager_mailattachments`
--

LOCK TABLES `vtiger_mailmanager_mailattachments` WRITE;
/*!40000 ALTER TABLE `vtiger_mailmanager_mailattachments` DISABLE KEYS */;
INSERT INTO `vtiger_mailmanager_mailattachments` VALUES (1,24797,'noname',1591865046,21,'storage/2020/June/week2/','1729dcea487c204bfcc1'),(1,24797,'noname',1591865046,22,'storage/2020/June/week2/','1729dcea487c204bfcc2'),(1,24797,'noname',1591865046,23,'storage/2020/June/week2/','1729dcea487c204bfcc3'),(1,24797,'noname',1591865046,24,'storage/2020/June/week2/','1729dcea487c204bfcc4'),(1,21981,'Счет_№_10007.pdf',1591865270,25,'storage/2020/June/week2/',NULL),(1,21982,'Акт_№_000396.pdf',1591865271,26,'storage/2020/June/week2/',NULL),(1,22003,'banninnmchglfjcb.png',1591865271,27,'storage/2020/June/week2/','part4.C0E2D6A0.E404776D@itilus.com'),(1,22035,'banninnmchglfjcb.png',1591865272,28,'storage/2020/June/week2/','part7.AC527C15.B9C53341@itilus.com'),(1,22048,'image001.png',1591865272,29,'storage/2020/June/week2/','part9.00C7548B.5434B290@lgstmail.ru'),(1,22740,'noname',1591865272,30,'storage/2020/June/week2/','171402b7170c204bfcc1'),(1,23368,'Акт_сверки_взаиморасчетов_по_контрагенту_ПТГ,_Транспортная_компания_Партнер-Транс-Гарант_(г.МСК).pdf',1591865273,31,'storage/2020/June/week2/',NULL),(1,23720,'1_003.jpg',1591865275,32,'storage/2020/June/week2/',NULL),(1,23720,'1_002.jpg',1591865275,33,'storage/2020/June/week2/',NULL),(1,23720,'1_004.jpg',1591865275,34,'storage/2020/June/week2/',NULL),(1,23720,'1_001.jpg',1591865275,35,'storage/2020/June/week2/',NULL),(1,23721,'Message01.eml',1591865275,36,'storage/2020/June/week2/',NULL),(1,23721,'ojfiepbkialehdbp.png',1591865275,37,'storage/2020/June/week2/','8B930D8D.01D61EC9.2E87B88A.7C2204B4_csseditor'),(1,23721,'ojfiepbkialehdbp.png',1591865275,38,'storage/2020/June/week2/','171ca23d2bf211fc4281'),(1,23745,'int_1.jpg',1591865276,39,'storage/2020/June/week2/','AC41BBA5.01D61EE2.754C5B63.28C19AF6_csseditor'),(1,23747,'int_1.jpg',1591865276,40,'storage/2020/June/week2/','F4E1008C.01D61EF3.6357FD34.64F3880B_csseditor'),(1,24799,'4_002.jpg',1591865276,41,'storage/2020/June/week2/',NULL),(1,24799,'4_001.jpg',1591865276,42,'storage/2020/June/week2/',NULL),(6,24797,'noname',1591865508,45,'storage/2020/June/week2/','1729dcea487c204bfcc1'),(6,24797,'noname',1591865508,46,'storage/2020/June/week2/','1729dcea487c204bfcc2'),(6,24797,'noname',1591865508,47,'storage/2020/June/week2/','1729dcea487c204bfcc3'),(6,24797,'noname',1591865508,48,'storage/2020/June/week2/','1729dcea487c204bfcc4'),(6,24808,'dlogo.png',1591866146,51,'storage/2020/June/week2/',NULL),(6,24808,'Transportnaya-Kompaniya3.png',1591866146,52,'storage/2020/June/week2/',NULL);
/*!40000 ALTER TABLE `vtiger_mailmanager_mailattachments` ENABLE KEYS */;
UNLOCK TABLES;

--
-- Table structure for table `vtiger_mailmanager_mailrecord`
--

DROP TABLE IF EXISTS `vtiger_mailmanager_mailrecord`;
/*!40101 SET @saved_cs_client     = @@character_set_client */;
/*!40101 SET character_set_client = utf8 */;
CREATE TABLE `vtiger_mailmanager_mailrecord` (
  `userid` int(11) DEFAULT NULL,
  `mfrom` varchar(255) DEFAULT NULL,
  `mto` varchar(255) DEFAULT NULL,
  `mcc` varchar(500) DEFAULT NULL,
  `mbcc` varchar(500) DEFAULT NULL,
  `mdate` varchar(20) DEFAULT NULL,
  `msubject` varchar(500) DEFAULT NULL,
  `mbody` text,
  `mcharset` varchar(10) DEFAULT NULL,
  `misbodyhtml` int(1) DEFAULT NULL,
  `mplainmessage` int(1) DEFAULT NULL,
  `mhtmlmessage` int(1) DEFAULT NULL,
  `muniqueid` varchar(500) DEFAULT NULL,
  `mbodyparsed` int(1) DEFAULT NULL,
  `muid` int(11) DEFAULT NULL,
  `lastsavedtime` int(11) DEFAULT NULL,
  `folder` varchar(250) DEFAULT NULL,
  `mfolder` varchar(250) DEFAULT NULL,
  KEY `userid_lastsavedtime_idx` (`userid`,`lastsavedtime`),
  KEY `userid_muid_idx` (`userid`,`muid`)
) ENGINE=InnoDB DEFAULT CHARSET=utf8;
/*!40101 SET character_set_client = @saved_cs_client */;

--
-- Dumping data for table `vtiger_mailmanager_mailrecord`
--

LOCK TABLES `vtiger_mailmanager_mailrecord` WRITE;
/*!40000 ALTER TABLE `vtiger_mailmanager_mailrecord` DISABLE KEYS */;
INSERT INTO `vtiger_mailmanager_mailrecord` VALUES (1,'[\"vit@itilus.com\"]','[\"count.sub@t-logist.com\"]','[\"24@itilus.com\",\"cnt.lgst@t-logist.com\",\"count.es@t-logist.com\"]','[]','1591610732','Re: не видно ключей','<html>\r\n  <head>\r\n    <meta http-equiv=\"Content-Type\" content=\"text/html; charset=UTF-8\">\r\n  </head>\r\n  <body text=\"#000000\" bgcolor=\"#FFFFFF\">\r\n    <p>Не за что !<br>\r\n    </p>\r\n    <div class=\"moz-signature\">\r\n      <meta http-equiv=\"content-type\" content=\"text/html; charset=UTF-8\">\r\n      <title></title>\r\n      <pre class=\"moz-signature\" style=\"white-space: pre-wrap; overflow-wrap: break-word !important; color: rgb(0, 0, 0); font-size: 14.16px; font-style: normal; font-variant-ligatures: normal; font-variant-caps: normal; font-weight: 400; letter-spacing: normal; orphans: 2; text-align: start; text-indent: 0px; text-transform: none; widows: 2; word-spacing: 0px; -webkit-text-stroke-width: 0px; background-color: rgb(253, 253, 253); text-decoration-style: initial; text-decoration-color: initial;\">\r\nС Уважением, Виталий «Айтилус»\r\n<span class=\"Object\" role=\"link\" id=\"OBJ_PREFIX_DWT348_ZmEmailObjectHandler\" style=\"white-space: pre-wrap; overflow-wrap: break-word !important; color: rgb(0, 61, 121); text-decoration: none; cursor: pointer;\"><span class=\"Object\" role=\"link\" id=\"OBJ_PREFIX_DWT392_ZmEmailObjectHandler\" style=\"white-space: pre-wrap; overflow-wrap: break-word !important; color: rgb(0, 61, 121); text-decoration: none; cursor: pointer;\"><a class=\"moz-txt-link-abbreviated\" href=\"mailto:24@itilus.com\" target=\"_blank\" style=\"white-space: pre-wrap; overflow-wrap: break-word !important; color: rgb(0, 61, 121); text-decoration: none; cursor: pointer;\">vit@itilus.com</a></span></span>\r\nSip to: 203\r\n<span class=\"Object\" role=\"link\" id=\"OBJ_PREFIX_DWT349_com_zimbra_url\" style=\"white-space: pre-wrap; overflow-wrap: break-word !important; color: rgb(0, 61, 121); text-decoration: none; cursor: pointer;\"><span class=\"Object\" role=\"link\" id=\"OBJ_PREFIX_DWT393_com_zimbra_url\" style=\"white-space: pre-wrap; overflow-wrap: break-word !important; color: rgb(0, 61, 121); text-decoration: none; cursor: pointer;\"><a class=\"moz-txt-link-abbreviated\" href=\"http://www.itilus.com/\" target=\"_blank\" style=\"white-space: pre-wrap; overflow-wrap: break-word !important; color: rgb(0, 61, 121); text-decoration: none; cursor: pointer;\">www.itilus.com</a></span></span>\r\n<span class=\"Object\" role=\"link\" id=\"OBJ_PREFIX_DWT350_com_zimbra_url\" style=\"white-space: pre-wrap; overflow-wrap: break-word !important; color: rgb(0, 61, 121); text-decoration: none; cursor: pointer;\"><span class=\"Object\" role=\"link\" id=\"OBJ_PREFIX_DWT394_com_zimbra_url\" style=\"white-space: pre-wrap; overflow-wrap: break-word !important; color: rgb(0, 61, 121); text-decoration: none; cursor: pointer;\"><a class=\"moz-txt-link-abbreviated\" href=\"http://www.itilus.ru/\" target=\"_blank\" style=\"white-space: pre-wrap; overflow-wrap: break-word !important; color: rgb(0, 61, 121); text-decoration: none; cursor: pointer;\">www.itilus.ru</a></span></span></pre>\r\n    </div>\r\n    <div class=\"moz-cite-prefix\">08.06.2020 13:00, AAD t-logist пишет:<br>\r\n    </div>\r\n    <blockquote type=\"cite\"\r\n      cite=\"mid:1892385625.221469.1591610444363.JavaMail.zimbra@t-logist.com\">\r\n      <meta http-equiv=\"content-type\" content=\"text/html; charset=UTF-8\">\r\n      <div id=\"zimbraEditorContainer\" style=\"font-family: arial,\r\n        helvetica, sans-serif; font-size: 12pt; color: #000000\"\r\n        class=\"11\">\r\n        <div>Все работает, спасибо!!!!</div>\r\n        <div><br data-mce-bogus=\"1\">\r\n        </div>\r\n        <div><br>\r\n        </div>\r\n        <hr id=\"zwchr\" data-marker=\"__DIVIDER__\">\r\n        <div data-marker=\"__HEADERS__\"><b>От: </b>\"vit\"\r\n          <a class=\"moz-txt-link-rfc2396E\" href=\"mailto:vit@itilus.com\">&lt;vit@itilus.com&gt;</a><br>\r\n          <b>Кому: </b>\"AAD t-logist\" <a class=\"moz-txt-link-rfc2396E\" href=\"mailto:count.sub@t-logist.com\">&lt;count.sub@t-logist.com&gt;</a>,\r\n          \"24\" <a class=\"moz-txt-link-rfc2396E\" href=\"mailto:24@itilus.com\">&lt;24@itilus.com&gt;</a>, \"Svet\"\r\n          <a class=\"moz-txt-link-rfc2396E\" href=\"mailto:cnt.lgst@t-logist.com\">&lt;cnt.lgst@t-logist.com&gt;</a>, \"Екатерина count-es\"\r\n          <a class=\"moz-txt-link-rfc2396E\" href=\"mailto:count.es@t-logist.com\">&lt;count.es@t-logist.com&gt;</a><br>\r\n          <b>Отправленные: </b>Понедельник, 8 Июнь 2020 г 11:15:49<br>\r\n          <b>Тема: </b>Re: не видно ключей<br>\r\n        </div>\r\n        <div><br>\r\n        </div>\r\n        <div data-marker=\"__QUOTED_TEXT__\">\r\n          <p>Доброе утро<br>\r\n          </p>\r\n          <p>На стороне, где установлены ключи, периодически пропадал\r\n            интернет. <br>\r\n          </p>\r\n          <p>Посмотрим как будет продолжаться. Проблема доступа к\r\n            ключам, из-за перебоев с интернетом может повторяться.</p>\r\n          <p>ИП сделаем в ближ время.<br>\r\n          </p>\r\n          <p><br>\r\n          </p>\r\n          <div class=\"moz-signature\"> С Уважением, Виталий «Айтилус»\r\n            <pre class=\"moz-signature\" style=\"white-space: pre-wrap; overflow-wrap: break-word !important; color: rgb(0, 0, 0); font-size: 14.16px; font-style: normal; font-variant-ligatures: normal; font-variant-caps: normal; font-weight: 400; letter-spacing: normal; orphans: 2; text-align: start; text-indent: 0px; text-transform: none; widows: 2; word-spacing: 0px; -webkit-text-stroke-width: 0px; background-color: rgb(253, 253, 253); text-decoration-style: initial; text-decoration-color: initial;\"><span class=\"Object\" id=\"OBJ_PREFIX_DWT348_ZmEmailObjectHandler\" style=\"white-space: pre-wrap; overflow-wrap: break-word !important; color: rgb(0, 61, 121); text-decoration: none; cursor: pointer;\"><span class=\"Object\" id=\"OBJ_PREFIX_DWT392_ZmEmailObjectHandler\" style=\"white-space: pre-wrap; overflow-wrap: break-word !important; color: rgb(0, 61, 121); text-decoration: none; cursor: pointer;\"><a class=\"moz-txt-link-abbreviated\" href=\"mailto:24@itilus.com\" target=\"_blank\" style=\"white-space: pre-wrap; overflow-wrap: break-word !important; color: rgb(0, 61, 121); text-decoration: none; cursor: pointer;\" moz-do-not-send=\"true\">vit@itilus.com</a></span></span>\r\nSip to: 203\r\n<span class=\"Object\" id=\"OBJ_PREFIX_DWT349_com_zimbra_url\" style=\"white-space: pre-wrap; overflow-wrap: break-word !important; color: rgb(0, 61, 121); text-decoration: none; cursor: pointer;\"><span class=\"Object\" id=\"OBJ_PREFIX_DWT393_com_zimbra_url\" style=\"white-space: pre-wrap; overflow-wrap: break-word !important; color: rgb(0, 61, 121); text-decoration: none; cursor: pointer;\"><a class=\"moz-txt-link-abbreviated\" href=\"http://www.itilus.com/\" target=\"_blank\" style=\"white-space: pre-wrap; overflow-wrap: break-word !important; color: rgb(0, 61, 121); text-decoration: none; cursor: pointer;\" moz-do-not-send=\"true\">www.itilus.com</a></span></span>\r\n<span class=\"Object\" id=\"OBJ_PREFIX_DWT350_com_zimbra_url\" style=\"white-space: pre-wrap; overflow-wrap: break-word !important; color: rgb(0, 61, 121); text-decoration: none; cursor: pointer;\"><span class=\"Object\" id=\"OBJ_PREFIX_DWT394_com_zimbra_url\" style=\"white-space: pre-wrap; overflow-wrap: break-word !important; color: rgb(0, 61, 121); text-decoration: none; cursor: pointer;\"><a class=\"moz-txt-link-abbreviated\" href=\"http://www.itilus.ru/\" target=\"_blank\" style=\"white-space: pre-wrap; overflow-wrap: break-word !important; color: rgb(0, 61, 121); text-decoration: none; cursor: pointer;\" moz-do-not-send=\"true\">www.itilus.ru</a></span></span></pre>\r\n          </div>\r\n          <div class=\"moz-cite-prefix\">08.06.2020 11:11, Svet пишет:<br>\r\n          </div>\r\n          <blockquote\r\n            cite=\"mid:7cc22f6f-1b12-be11-5f37-9d67eafdd0bf@t-logist.com\">\r\n            <p>Все работает.</p>\r\n            <p>Спасибо.<br>\r\n            </p>\r\n            <br>\r\n            <div class=\"moz-cite-prefix\">08.06.2020 11:06, Айтилус\r\n              пишет:<br>\r\n            </div>\r\n            <blockquote\r\n              cite=\"mid:f95aedf2-0799-13cc-6c64-782747b43396@itilus.com\">\r\n              <p>Пробуй<br>\r\n              </p>\r\n              <div class=\"moz-signature\">\r\n                <title></title>\r\n                <pre class=\"moz-signature\" style=\"white-space: pre-wrap; overflow-wrap: break-word !important; color: rgb(0, 0, 0); font-size: 14.16px; font-style: normal; font-variant-ligatures: normal; font-variant-caps: normal; font-weight: 400; letter-spacing: normal; orphans: 2; text-align: start; text-indent: 0px; text-transform: none; widows: 2; word-spacing: 0px; -webkit-text-stroke-width: 0px; text-decoration-style: initial; text-decoration-color: initial; background-color: rgb(253, 253, 253);\">С Уважением, Служба технической поддержки «Айтилус»\r\n<span class=\"Object\" id=\"OBJ_PREFIX_DWT348_ZmEmailObjectHandler\" style=\"white-space: pre-wrap; overflow-wrap: break-word !important; color: rgb(0, 61, 121); text-decoration: none; cursor: pointer;\"><span class=\"Object\" id=\"OBJ_PREFIX_DWT392_ZmEmailObjectHandler\" style=\"white-space: pre-wrap; overflow-wrap: break-word !important; color: rgb(0, 61, 121); text-decoration: none; cursor: pointer;\"><span class=\"Object\" id=\"OBJ_PREFIX_DWT100_ZmEmailObjectHandler\" style=\"white-space: pre-wrap; overflow-wrap: break-word !important; color: rgb(0, 61, 121); text-decoration: none; cursor: pointer;\"><span class=\"Object\" id=\"OBJ_PREFIX_DWT104_ZmEmailObjectHandler\" style=\"white-space: pre-wrap; overflow-wrap: break-word !important; color: rgb(0, 61, 121); text-decoration: none; cursor: pointer;\"><a class=\"moz-txt-link-abbreviated\" href=\"mailto:24@itilus.com\" target=\"_blank\" style=\"white-space: pre-wrap; overflow-wrap: break-word !important; color: rgb(0, 61, 121); text-decoration: none; cursor: pointer;\" moz-do-not-send=\"true\">24@itilus.com</a></span></span></span></span>\r\nSip to: 3301\r\nSip to: 203\r\n<span class=\"Object\" id=\"OBJ_PREFIX_DWT349_com_zimbra_url\" style=\"white-space: pre-wrap; overflow-wrap: break-word !important; color: rgb(0, 61, 121); text-decoration: none; cursor: pointer;\"><span class=\"Object\" id=\"OBJ_PREFIX_DWT393_com_zimbra_url\" style=\"white-space: pre-wrap; overflow-wrap: break-word !important; color: rgb(0, 61, 121); text-decoration: none; cursor: pointer;\"><span class=\"Object\" id=\"OBJ_PREFIX_DWT101_com_zimbra_url\" style=\"white-space: pre-wrap; overflow-wrap: break-word !important; color: rgb(0, 61, 121); text-decoration: none; cursor: pointer;\"><span class=\"Object\" id=\"OBJ_PREFIX_DWT105_com_zimbra_url\" style=\"white-space: pre-wrap; overflow-wrap: break-word !important; color: rgb(0, 61, 121); text-decoration: none; cursor: pointer;\"><a class=\"moz-txt-link-abbreviated\" href=\"http://www.itilus.com/\" target=\"_blank\" style=\"white-space: pre-wrap; overflow-wrap: break-word !important; color: rgb(0, 61, 121); text-decoration: none; cursor: pointer;\" moz-do-not-send=\"true\">www.itilus.com</a></span></span></span></span>\r\n<span class=\"Object\" id=\"OBJ_PREFIX_DWT350_com_zimbra_url\" style=\"white-space: pre-wrap; overflow-wrap: break-word !important; color: rgb(0, 61, 121); text-decoration: none; cursor: pointer;\"><span class=\"Object\" id=\"OBJ_PREFIX_DWT394_com_zimbra_url\" style=\"white-space: pre-wrap; overflow-wrap: break-word !important; color: rgb(0, 61, 121); text-decoration: none; cursor: pointer;\"><span class=\"Object\" id=\"OBJ_PREFIX_DWT102_com_zimbra_url\" style=\"white-space: pre-wrap; overflow-wrap: break-word !important; color: rgb(0, 61, 121); text-decoration: none; cursor: pointer;\"><span class=\"Object\" id=\"OBJ_PREFIX_DWT106_com_zimbra_url\" style=\"white-space: pre-wrap; overflow-wrap: break-word !important; color: rgb(0, 61, 121); text-decoration: none; cursor: pointer;\"><a class=\"moz-txt-link-abbreviated\" href=\"http://www.itilus.ru/\" target=\"_blank\" style=\"white-space: pre-wrap; overflow-wrap: break-word !important; color: rgb(0, 61, 121); text-decoration: none; cursor: pointer;\" moz-do-not-send=\"true\">www.itilus.ru</a></span></span></span></span></pre>\r\n              </div>\r\n              <div class=\"moz-cite-prefix\">08.06.2020 10:33, Виталий\r\n                \"АЙТИЛУС\" пишет:<br>\r\n              </div>\r\n              <blockquote\r\n                cite=\"mid:1f700e61-eb9d-6302-d72b-8d3fb65c45c3@itilus.com\">\r\n                <p>Да. понял. Я тоже заметил</p>\r\n                <p>Щаз займусь<br>\r\n                </p>\r\n                <div class=\"moz-signature\">\r\n                  <title></title>\r\n                  <pre class=\"moz-signature\" style=\"white-space: pre-wrap; overflow-wrap: break-word !important; color: rgb(0, 0, 0); font-size: 14.16px; font-style: normal; font-variant-ligatures: normal; font-variant-caps: normal; font-weight: 400; letter-spacing: normal; orphans: 2; text-align: start; text-indent: 0px; text-transform: none; widows: 2; word-spacing: 0px; -webkit-text-stroke-width: 0px; background-color: rgb(253, 253, 253); text-decoration-style: initial; text-decoration-color: initial;\">С Уважением, Виталий «Айтилус»\r\n<span class=\"Object\" id=\"OBJ_PREFIX_DWT348_ZmEmailObjectHandler\" style=\"white-space: pre-wrap; overflow-wrap: break-word !important; color: rgb(0, 61, 121); text-decoration: none; cursor: pointer;\"><span class=\"Object\" id=\"OBJ_PREFIX_DWT392_ZmEmailObjectHandler\" style=\"white-space: pre-wrap; overflow-wrap: break-word !important; color: rgb(0, 61, 121); text-decoration: none; cursor: pointer;\"><a class=\"moz-txt-link-abbreviated\" href=\"mailto:24@itilus.com\" target=\"_blank\" style=\"white-space: pre-wrap; overflow-wrap: break-word !important; color: rgb(0, 61, 121); text-decoration: none; cursor: pointer;\" moz-do-not-send=\"true\">vit@itilus.com</a></span></span>\r\nSip to: 203\r\n<span class=\"Object\" id=\"OBJ_PREFIX_DWT349_com_zimbra_url\" style=\"white-space: pre-wrap; overflow-wrap: break-word !important; color: rgb(0, 61, 121); text-decoration: none; cursor: pointer;\"><span class=\"Object\" id=\"OBJ_PREFIX_DWT393_com_zimbra_url\" style=\"white-space: pre-wrap; overflow-wrap: break-word !important; color: rgb(0, 61, 121); text-decoration: none; cursor: pointer;\"><a class=\"moz-txt-link-abbreviated\" href=\"http://www.itilus.com/\" target=\"_blank\" style=\"white-space: pre-wrap; overflow-wrap: break-word !important; color: rgb(0, 61, 121); text-decoration: none; cursor: pointer;\" moz-do-not-send=\"true\">www.itilus.com</a></span></span>\r\n<span class=\"Object\" id=\"OBJ_PREFIX_DWT350_com_zimbra_url\" style=\"white-space: pre-wrap; overflow-wrap: break-word !important; color: rgb(0, 61, 121); text-decoration: none; cursor: pointer;\"><span class=\"Object\" id=\"OBJ_PREFIX_DWT394_com_zimbra_url\" style=\"white-space: pre-wrap; overflow-wrap: break-word !important; color: rgb(0, 61, 121); text-decoration: none; cursor: pointer;\"><a class=\"moz-txt-link-abbreviated\" href=\"http://www.itilus.ru/\" target=\"_blank\" style=\"white-space: pre-wrap; overflow-wrap: break-word !important; color: rgb(0, 61, 121); text-decoration: none; cursor: pointer;\" moz-do-not-send=\"true\">www.itilus.ru</a></span></span></pre>\r\n                </div>\r\n                <div class=\"moz-cite-prefix\">08.06.2020 10:32, Svet\r\n                  пишет:<br>\r\n                </div>\r\n                <blockquote\r\n                  cite=\"mid:33a012a6-8ce8-5a57-5a9c-2e6ab942ec58@t-logist.com\">\r\n                  <p>в 73 и 72 <br>\r\n                  </p>\r\n                  <p>Сейчас при входе их было видно. Но при попытке в 73\r\n                    трубе подключить банк ИНтеза - оба ключа пропали. <br>\r\n                  </p>\r\n                  <br>\r\n                  <div class=\"moz-cite-prefix\">08.06.2020 10:31, Виталий\r\n                    \"АЙТИЛУС\" пишет:<br>\r\n                  </div>\r\n                  <blockquote\r\n                    cite=\"mid:a9dd718d-d492-9277-d296-576ca3ba49ac@itilus.com\">\r\n                    в какой трубе ?<br>\r\n                    я смотрел в 72 - ОК<br>\r\n                    <div class=\"moz-signature\">\r\n                      <title></title>\r\n                      <pre class=\"moz-signature\" style=\"white-space: pre-wrap; overflow-wrap: break-word !important; color: rgb(0, 0, 0); font-size: 14.16px; font-style: normal; font-variant-ligatures: normal; font-variant-caps: normal; font-weight: 400; letter-spacing: normal; orphans: 2; text-align: start; text-indent: 0px; text-transform: none; widows: 2; word-spacing: 0px; -webkit-text-stroke-width: 0px; background-color: rgb(253, 253, 253); text-decoration-style: initial; text-decoration-color: initial;\">С Уважением, Виталий «Айтилус»\r\n<span class=\"Object\" id=\"OBJ_PREFIX_DWT348_ZmEmailObjectHandler\" style=\"white-space: pre-wrap; overflow-wrap: break-word !important; color: rgb(0, 61, 121); text-decoration: none; cursor: pointer;\"><span class=\"Object\" id=\"OBJ_PREFIX_DWT392_ZmEmailObjectHandler\" style=\"white-space: pre-wrap; overflow-wrap: break-word !important; color: rgb(0, 61, 121); text-decoration: none; cursor: pointer;\"><a class=\"moz-txt-link-abbreviated\" href=\"mailto:24@itilus.com\" target=\"_blank\" style=\"white-space: pre-wrap; overflow-wrap: break-word !important; color: rgb(0, 61, 121); text-decoration: none; cursor: pointer;\" moz-do-not-send=\"true\">vit@itilus.com</a></span></span>\r\nSip to: 203\r\n<span class=\"Object\" id=\"OBJ_PREFIX_DWT349_com_zimbra_url\" style=\"white-space: pre-wrap; overflow-wrap: break-word !important; color: rgb(0, 61, 121); text-decoration: none; cursor: pointer;\"><span class=\"Object\" id=\"OBJ_PREFIX_DWT393_com_zimbra_url\" style=\"white-space: pre-wrap; overflow-wrap: break-word !important; color: rgb(0, 61, 121); text-decoration: none; cursor: pointer;\"><a class=\"moz-txt-link-abbreviated\" href=\"http://www.itilus.com/\" target=\"_blank\" style=\"white-space: pre-wrap; overflow-wrap: break-word !important; color: rgb(0, 61, 121); text-decoration: none; cursor: pointer;\" moz-do-not-send=\"true\">www.itilus.com</a></span></span>\r\n<span class=\"Object\" id=\"OBJ_PREFIX_DWT350_com_zimbra_url\" style=\"white-space: pre-wrap; overflow-wrap: break-word !important; color: rgb(0, 61, 121); text-decoration: none; cursor: pointer;\"><span class=\"Object\" id=\"OBJ_PREFIX_DWT394_com_zimbra_url\" style=\"white-space: pre-wrap; overflow-wrap: break-word !important; color: rgb(0, 61, 121); text-decoration: none; cursor: pointer;\"><a class=\"moz-txt-link-abbreviated\" href=\"http://www.itilus.ru/\" target=\"_blank\" style=\"white-space: pre-wrap; overflow-wrap: break-word !important; color: rgb(0, 61, 121); text-decoration: none; cursor: pointer;\" moz-do-not-send=\"true\">www.itilus.ru</a></span></span></pre>\r\n                    </div>\r\n                    <div class=\"moz-cite-prefix\">08.06.2020 10:30, Svet\r\n                      пишет:<br>\r\n                    </div>\r\n                    <blockquote\r\n                      cite=\"mid:1a38b0cb-15f1-d7f8-3e3f-903ac95e7eed@t-logist.com\">\r\n                      <p>Не видно ключей. (((((<br>\r\n                      </p>\r\n                      <br>\r\n                      <div class=\"moz-cite-prefix\">08.06.2020 10:20,\r\n                        Виталий \"АЙТИЛУС\" пишет:<br>\r\n                      </div>\r\n                      <blockquote\r\n                        cite=\"mid:0ded3d49-81e8-f002-3130-91ce7e839fa0@itilus.com\">\r\n                        <p>Проверьте пжл сейчас<br>\r\n                        </p>\r\n                        <div class=\"moz-signature\">\r\n                          <title></title>\r\n                          <pre class=\"moz-signature\" style=\"white-space: pre-wrap; overflow-wrap: break-word !important; color: rgb(0, 0, 0); font-size: 14.16px; font-style: normal; font-variant-ligatures: normal; font-variant-caps: normal; font-weight: 400; letter-spacing: normal; orphans: 2; text-align: start; text-indent: 0px; text-transform: none; widows: 2; word-spacing: 0px; -webkit-text-stroke-width: 0px; background-color: rgb(253, 253, 253); text-decoration-style: initial; text-decoration-color: initial;\">С Уважением, Виталий «Айтилус»\r\n<span class=\"Object\" id=\"OBJ_PREFIX_DWT348_ZmEmailObjectHandler\" style=\"white-space: pre-wrap; overflow-wrap: break-word !important; color: rgb(0, 61, 121); text-decoration: none; cursor: pointer;\"><span class=\"Object\" id=\"OBJ_PREFIX_DWT392_ZmEmailObjectHandler\" style=\"white-space: pre-wrap; overflow-wrap: break-word !important; color: rgb(0, 61, 121); text-decoration: none; cursor: pointer;\"><a class=\"moz-txt-link-abbreviated\" href=\"mailto:24@itilus.com\" target=\"_blank\" style=\"white-space: pre-wrap; overflow-wrap: break-word !important; color: rgb(0, 61, 121); text-decoration: none; cursor: pointer;\" moz-do-not-send=\"true\">vit@itilus.com</a></span></span>\r\nSip to: 203\r\n<span class=\"Object\" id=\"OBJ_PREFIX_DWT349_com_zimbra_url\" style=\"white-space: pre-wrap; overflow-wrap: break-word !important; color: rgb(0, 61, 121); text-decoration: none; cursor: pointer;\"><span class=\"Object\" id=\"OBJ_PREFIX_DWT393_com_zimbra_url\" style=\"white-space: pre-wrap; overflow-wrap: break-word !important; color: rgb(0, 61, 121); text-decoration: none; cursor: pointer;\"><a class=\"moz-txt-link-abbreviated\" href=\"http://www.itilus.com/\" target=\"_blank\" style=\"white-space: pre-wrap; overflow-wrap: break-word !important; color: rgb(0, 61, 121); text-decoration: none; cursor: pointer;\" moz-do-not-send=\"true\">www.itilus.com</a></span></span>\r\n<span class=\"Object\" id=\"OBJ_PREFIX_DWT350_com_zimbra_url\" style=\"white-space: pre-wrap; overflow-wrap: break-word !important; color: rgb(0, 61, 121); text-decoration: none; cursor: pointer;\"><span class=\"Object\" id=\"OBJ_PREFIX_DWT394_com_zimbra_url\" style=\"white-space: pre-wrap; overflow-wrap: break-word !important; color: rgb(0, 61, 121); text-decoration: none; cursor: pointer;\"><a class=\"moz-txt-link-abbreviated\" href=\"http://www.itilus.ru/\" target=\"_blank\" style=\"white-space: pre-wrap; overflow-wrap: break-word !important; color: rgb(0, 61, 121); text-decoration: none; cursor: pointer;\" moz-do-not-send=\"true\">www.itilus.ru</a></span></span></pre>\r\n                        </div>\r\n                        <div class=\"moz-cite-prefix\">08.06.2020 10:06,\r\n                          Виталий \"АЙТИЛУС\" пишет:<br>\r\n                        </div>\r\n                        <blockquote\r\n                          cite=\"mid:949ea13b-e2b5-3e13-b6ca-22afcf1d04bc@itilus.com\">\r\n                          <p>Доброе утро</p>\r\n                          <p>Проверим<br>\r\n                          </p>\r\n                          <div class=\"moz-signature\">\r\n                            <title></title>\r\n                            <pre class=\"moz-signature\" style=\"white-space: pre-wrap; overflow-wrap: break-word !important; color: rgb(0, 0, 0); font-size: 14.16px; font-style: normal; font-variant-ligatures: normal; font-variant-caps: normal; font-weight: 400; letter-spacing: normal; orphans: 2; text-align: start; text-indent: 0px; text-transform: none; widows: 2; word-spacing: 0px; -webkit-text-stroke-width: 0px; background-color: rgb(253, 253, 253); text-decoration-style: initial; text-decoration-color: initial;\">С Уважением, Виталий «Айтилус»\r\n<span class=\"Object\" id=\"OBJ_PREFIX_DWT348_ZmEmailObjectHandler\" style=\"white-space: pre-wrap; overflow-wrap: break-word !important; color: rgb(0, 61, 121); text-decoration: none; cursor: pointer;\"><span class=\"Object\" id=\"OBJ_PREFIX_DWT392_ZmEmailObjectHandler\" style=\"white-space: pre-wrap; overflow-wrap: break-word !important; color: rgb(0, 61, 121); text-decoration: none; cursor: pointer;\"><a class=\"moz-txt-link-abbreviated\" href=\"mailto:24@itilus.com\" target=\"_blank\" style=\"white-space: pre-wrap; overflow-wrap: break-word !important; color: rgb(0, 61, 121); text-decoration: none; cursor: pointer;\" moz-do-not-send=\"true\">vit@itilus.com</a></span></span>\r\nSip to: 203\r\n<span class=\"Object\" id=\"OBJ_PREFIX_DWT349_com_zimbra_url\" style=\"white-space: pre-wrap; overflow-wrap: break-word !important; color: rgb(0, 61, 121); text-decoration: none; cursor: pointer;\"><span class=\"Object\" id=\"OBJ_PREFIX_DWT393_com_zimbra_url\" style=\"white-space: pre-wrap; overflow-wrap: break-word !important; color: rgb(0, 61, 121); text-decoration: none; cursor: pointer;\"><a class=\"moz-txt-link-abbreviated\" href=\"http://www.itilus.com/\" target=\"_blank\" style=\"white-space: pre-wrap; overflow-wrap: break-word !important; color: rgb(0, 61, 121); text-decoration: none; cursor: pointer;\" moz-do-not-send=\"true\">www.itilus.com</a></span></span>\r\n<span class=\"Object\" id=\"OBJ_PREFIX_DWT350_com_zimbra_url\" style=\"white-space: pre-wrap; overflow-wrap: break-word !important; color: rgb(0, 61, 121); text-decoration: none; cursor: pointer;\"><span class=\"Object\" id=\"OBJ_PREFIX_DWT394_com_zimbra_url\" style=\"white-space: pre-wrap; overflow-wrap: break-word !important; color: rgb(0, 61, 121); text-decoration: none; cursor: pointer;\"><a class=\"moz-txt-link-abbreviated\" href=\"http://www.itilus.ru/\" target=\"_blank\" style=\"white-space: pre-wrap; overflow-wrap: break-word !important; color: rgb(0, 61, 121); text-decoration: none; cursor: pointer;\" moz-do-not-send=\"true\">www.itilus.ru</a></span></span></pre>\r\n                          </div>\r\n                          <div class=\"moz-cite-prefix\">08.06.2020 10:01,\r\n                            Svet пишет:<br>\r\n                          </div>\r\n                          <blockquote\r\n                            cite=\"mid:97f8d5c0-5769-d34e-8b39-1d967bd6ee4a@t-logist.com\">Доброе\r\n                            утро! <br>\r\n                            <br>\r\n                            во в2 и 3 трубах не получается подключить\r\n                            ключи банка через usb over network <br>\r\n                            <br>\r\n                            Не высвечиваются ключи. <br>\r\n                            <br>\r\n                          </blockquote>\r\n                        </blockquote>\r\n                      </blockquote>\r\n                      <br>\r\n                    </blockquote>\r\n                  </blockquote>\r\n                  <br>\r\n                </blockquote>\r\n              </blockquote>\r\n            </blockquote>\r\n            <br>\r\n          </blockquote>\r\n          <br>\r\n        </div>\r\n      </div>\r\n    </blockquote>\r\n  </body>\r\n</html>\r\n<br><br>','utf-8',1,0,0,'<26c74ce3-1f33-d00e-4d99-268cf5962a84@itilus.com>',1,24775,1591865043,NULL,'INBOX'),(1,'[\"count.sub@t-logist.com\"]','[\"24@itilus.com\"]','[\"main.lgst@t-logist.com\"]','[]','1591620876','пароль Надежды','<html><body><div id=\"zimbraEditorContainer\" style=\"font-family: arial, helvetica, sans-serif; font-size: 12pt; color: #000000\" class=\"11\"><div>День,</div><div>Надя на удаленку попасть не может, ей пароль не меняли?&nbsp;</div></div></body></html><br><br>','utf-8',1,0,0,'<1113877212.223728.1591620874090.JavaMail.zimbra@t-logist.com>',1,24777,1591865044,NULL,'INBOX'),(1,'[\"vit@itilus.com\"]','[\"count.sub@t-logist.com\",\"24@itilus.com\"]','[\"main.lgst@t-logist.com\"]','[]','1591621127','Re: пароль Надежды','<html>\r\n  <head>\r\n    <meta http-equiv=\"Content-Type\" content=\"text/html; charset=UTF-8\">\r\n  </head>\r\n  <body text=\"#000000\" bgcolor=\"#FFFFFF\">\r\n    Зачем поменяли ?<br>\r\n    <div class=\"moz-signature\">\r\n      <meta http-equiv=\"content-type\" content=\"text/html; charset=UTF-8\">\r\n      <title></title>\r\n      <pre class=\"moz-signature\" style=\"white-space: pre-wrap; overflow-wrap: break-word !important; color: rgb(0, 0, 0); font-size: 14.16px; font-style: normal; font-variant-ligatures: normal; font-variant-caps: normal; font-weight: 400; letter-spacing: normal; orphans: 2; text-align: start; text-indent: 0px; text-transform: none; widows: 2; word-spacing: 0px; -webkit-text-stroke-width: 0px; background-color: rgb(253, 253, 253); text-decoration-style: initial; text-decoration-color: initial;\">\r\nС Уважением, Виталий «Айтилус»\r\n<span class=\"Object\" role=\"link\" id=\"OBJ_PREFIX_DWT348_ZmEmailObjectHandler\" style=\"white-space: pre-wrap; overflow-wrap: break-word !important; color: rgb(0, 61, 121); text-decoration: none; cursor: pointer;\"><span class=\"Object\" role=\"link\" id=\"OBJ_PREFIX_DWT392_ZmEmailObjectHandler\" style=\"white-space: pre-wrap; overflow-wrap: break-word !important; color: rgb(0, 61, 121); text-decoration: none; cursor: pointer;\"><a class=\"moz-txt-link-abbreviated\" href=\"mailto:24@itilus.com\" target=\"_blank\" style=\"white-space: pre-wrap; overflow-wrap: break-word !important; color: rgb(0, 61, 121); text-decoration: none; cursor: pointer;\">vit@itilus.com</a></span></span>\r\nSip to: 203\r\n<span class=\"Object\" role=\"link\" id=\"OBJ_PREFIX_DWT349_com_zimbra_url\" style=\"white-space: pre-wrap; overflow-wrap: break-word !important; color: rgb(0, 61, 121); text-decoration: none; cursor: pointer;\"><span class=\"Object\" role=\"link\" id=\"OBJ_PREFIX_DWT393_com_zimbra_url\" style=\"white-space: pre-wrap; overflow-wrap: break-word !important; color: rgb(0, 61, 121); text-decoration: none; cursor: pointer;\"><a class=\"moz-txt-link-abbreviated\" href=\"http://www.itilus.com/\" target=\"_blank\" style=\"white-space: pre-wrap; overflow-wrap: break-word !important; color: rgb(0, 61, 121); text-decoration: none; cursor: pointer;\">www.itilus.com</a></span></span>\r\n<span class=\"Object\" role=\"link\" id=\"OBJ_PREFIX_DWT350_com_zimbra_url\" style=\"white-space: pre-wrap; overflow-wrap: break-word !important; color: rgb(0, 61, 121); text-decoration: none; cursor: pointer;\"><span class=\"Object\" role=\"link\" id=\"OBJ_PREFIX_DWT394_com_zimbra_url\" style=\"white-space: pre-wrap; overflow-wrap: break-word !important; color: rgb(0, 61, 121); text-decoration: none; cursor: pointer;\"><a class=\"moz-txt-link-abbreviated\" href=\"http://www.itilus.ru/\" target=\"_blank\" style=\"white-space: pre-wrap; overflow-wrap: break-word !important; color: rgb(0, 61, 121); text-decoration: none; cursor: pointer;\">www.itilus.ru</a></span></span></pre>\r\n    </div>\r\n    <div class=\"moz-cite-prefix\">08.06.2020 15:54, AAD t-logist пишет:<br>\r\n    </div>\r\n    <blockquote type=\"cite\"\r\n      cite=\"mid:1113877212.223728.1591620874090.JavaMail.zimbra@t-logist.com\">\r\n      <meta http-equiv=\"content-type\" content=\"text/html; charset=UTF-8\">\r\n      <div id=\"zimbraEditorContainer\" style=\"font-family: arial,\r\n        helvetica, sans-serif; font-size: 12pt; color: #000000\"\r\n        class=\"11\">\r\n        <div>День,</div>\r\n        <div>Надя на удаленку попасть не может, ей пароль не меняли? </div>\r\n      </div>\r\n    </blockquote>\r\n  </body>\r\n</html>\r\n<br><br>','utf-8',1,0,0,'<401bc15d-7618-f800-6d53-9f6f3f2879f6@itilus.com>',1,24778,1591865044,NULL,'INBOX'),(1,'[\"vit@itilus.com\"]','[\"count.sub@t-logist.com\",\"24@itilus.com\"]','[\"main.lgst@t-logist.com\"]','[]','1591621197','Re: пароль Надежды','<html>\r\n  <head>\r\n    <meta http-equiv=\"Content-Type\" content=\"text/html; charset=UTF-8\">\r\n  </head>\r\n  <body text=\"#000000\" bgcolor=\"#FFFFFF\">\r\n    <p>Ничего не меняем просто так без предупреждения. <br>\r\n      Спасибо за доверие !</p>\r\n    <p>Мы не меняли ничего<br>\r\n    </p>\r\n    <div class=\"moz-signature\">\r\n      <meta http-equiv=\"content-type\" content=\"text/html; charset=UTF-8\">\r\n      <title></title>\r\n      <pre class=\"moz-signature\" style=\"white-space: pre-wrap; overflow-wrap: break-word !important; color: rgb(0, 0, 0); font-size: 14.16px; font-style: normal; font-variant-ligatures: normal; font-variant-caps: normal; font-weight: 400; letter-spacing: normal; orphans: 2; text-align: start; text-indent: 0px; text-transform: none; widows: 2; word-spacing: 0px; -webkit-text-stroke-width: 0px; background-color: rgb(253, 253, 253); text-decoration-style: initial; text-decoration-color: initial;\">\r\nС Уважением, Виталий «Айтилус»\r\n<span class=\"Object\" role=\"link\" id=\"OBJ_PREFIX_DWT348_ZmEmailObjectHandler\" style=\"white-space: pre-wrap; overflow-wrap: break-word !important; color: rgb(0, 61, 121); text-decoration: none; cursor: pointer;\"><span class=\"Object\" role=\"link\" id=\"OBJ_PREFIX_DWT392_ZmEmailObjectHandler\" style=\"white-space: pre-wrap; overflow-wrap: break-word !important; color: rgb(0, 61, 121); text-decoration: none; cursor: pointer;\"><a class=\"moz-txt-link-abbreviated\" href=\"mailto:24@itilus.com\" target=\"_blank\" style=\"white-space: pre-wrap; overflow-wrap: break-word !important; color: rgb(0, 61, 121); text-decoration: none; cursor: pointer;\">vit@itilus.com</a></span></span>\r\nSip to: 203\r\n<span class=\"Object\" role=\"link\" id=\"OBJ_PREFIX_DWT349_com_zimbra_url\" style=\"white-space: pre-wrap; overflow-wrap: break-word !important; color: rgb(0, 61, 121); text-decoration: none; cursor: pointer;\"><span class=\"Object\" role=\"link\" id=\"OBJ_PREFIX_DWT393_com_zimbra_url\" style=\"white-space: pre-wrap; overflow-wrap: break-word !important; color: rgb(0, 61, 121); text-decoration: none; cursor: pointer;\"><a class=\"moz-txt-link-abbreviated\" href=\"http://www.itilus.com/\" target=\"_blank\" style=\"white-space: pre-wrap; overflow-wrap: break-word !important; color: rgb(0, 61, 121); text-decoration: none; cursor: pointer;\">www.itilus.com</a></span></span>\r\n<span class=\"Object\" role=\"link\" id=\"OBJ_PREFIX_DWT350_com_zimbra_url\" style=\"white-space: pre-wrap; overflow-wrap: break-word !important; color: rgb(0, 61, 121); text-decoration: none; cursor: pointer;\"><span class=\"Object\" role=\"link\" id=\"OBJ_PREFIX_DWT394_com_zimbra_url\" style=\"white-space: pre-wrap; overflow-wrap: break-word !important; color: rgb(0, 61, 121); text-decoration: none; cursor: pointer;\"><a class=\"moz-txt-link-abbreviated\" href=\"http://www.itilus.ru/\" target=\"_blank\" style=\"white-space: pre-wrap; overflow-wrap: break-word !important; color: rgb(0, 61, 121); text-decoration: none; cursor: pointer;\">www.itilus.ru</a></span></span></pre>\r\n    </div>\r\n    <div class=\"moz-cite-prefix\">08.06.2020 15:58, Виталий \"АЙТИЛУС\"\r\n      пишет:<br>\r\n    </div>\r\n    <blockquote type=\"cite\"\r\n      cite=\"mid:401bc15d-7618-f800-6d53-9f6f3f2879f6@itilus.com\">\r\n      <meta http-equiv=\"Content-Type\" content=\"text/html; charset=UTF-8\">\r\n      Зачем поменяли ?<br>\r\n      <div class=\"moz-signature\">\r\n        <meta http-equiv=\"content-type\" content=\"text/html;\r\n          charset=UTF-8\">\r\n        <title></title>\r\n        <pre class=\"moz-signature\" style=\"white-space: pre-wrap; overflow-wrap: break-word !important; color: rgb(0, 0, 0); font-size: 14.16px; font-style: normal; font-variant-ligatures: normal; font-variant-caps: normal; font-weight: 400; letter-spacing: normal; orphans: 2; text-align: start; text-indent: 0px; text-transform: none; widows: 2; word-spacing: 0px; -webkit-text-stroke-width: 0px; background-color: rgb(253, 253, 253); text-decoration-style: initial; text-decoration-color: initial;\">С Уважением, Виталий «Айтилус»\r\n<span class=\"Object\" role=\"link\" id=\"OBJ_PREFIX_DWT348_ZmEmailObjectHandler\" style=\"white-space: pre-wrap; overflow-wrap: break-word !important; color: rgb(0, 61, 121); text-decoration: none; cursor: pointer;\"><span class=\"Object\" role=\"link\" id=\"OBJ_PREFIX_DWT392_ZmEmailObjectHandler\" style=\"white-space: pre-wrap; overflow-wrap: break-word !important; color: rgb(0, 61, 121); text-decoration: none; cursor: pointer;\"><a class=\"moz-txt-link-abbreviated\" href=\"mailto:24@itilus.com\" target=\"_blank\" style=\"white-space: pre-wrap; overflow-wrap: break-word !important; color: rgb(0, 61, 121); text-decoration: none; cursor: pointer;\" moz-do-not-send=\"true\">vit@itilus.com</a></span></span>\r\nSip to: 203\r\n<span class=\"Object\" role=\"link\" id=\"OBJ_PREFIX_DWT349_com_zimbra_url\" style=\"white-space: pre-wrap; overflow-wrap: break-word !important; color: rgb(0, 61, 121); text-decoration: none; cursor: pointer;\"><span class=\"Object\" role=\"link\" id=\"OBJ_PREFIX_DWT393_com_zimbra_url\" style=\"white-space: pre-wrap; overflow-wrap: break-word !important; color: rgb(0, 61, 121); text-decoration: none; cursor: pointer;\"><a class=\"moz-txt-link-abbreviated\" href=\"http://www.itilus.com/\" target=\"_blank\" style=\"white-space: pre-wrap; overflow-wrap: break-word !important; color: rgb(0, 61, 121); text-decoration: none; cursor: pointer;\" moz-do-not-send=\"true\">www.itilus.com</a></span></span>\r\n<span class=\"Object\" role=\"link\" id=\"OBJ_PREFIX_DWT350_com_zimbra_url\" style=\"white-space: pre-wrap; overflow-wrap: break-word !important; color: rgb(0, 61, 121); text-decoration: none; cursor: pointer;\"><span class=\"Object\" role=\"link\" id=\"OBJ_PREFIX_DWT394_com_zimbra_url\" style=\"white-space: pre-wrap; overflow-wrap: break-word !important; color: rgb(0, 61, 121); text-decoration: none; cursor: pointer;\"><a class=\"moz-txt-link-abbreviated\" href=\"http://www.itilus.ru/\" target=\"_blank\" style=\"white-space: pre-wrap; overflow-wrap: break-word !important; color: rgb(0, 61, 121); text-decoration: none; cursor: pointer;\" moz-do-not-send=\"true\">www.itilus.ru</a></span></span></pre>\r\n      </div>\r\n      <div class=\"moz-cite-prefix\">08.06.2020 15:54, AAD t-logist пишет:<br>\r\n      </div>\r\n      <blockquote type=\"cite\"\r\n        cite=\"mid:1113877212.223728.1591620874090.JavaMail.zimbra@t-logist.com\">\r\n        <meta http-equiv=\"content-type\" content=\"text/html;\r\n          charset=UTF-8\">\r\n        <div id=\"zimbraEditorContainer\" style=\"font-family: arial,\r\n          helvetica, sans-serif; font-size: 12pt; color: #000000\"\r\n          class=\"11\">\r\n          <div>День,</div>\r\n          <div>Надя на удаленку попасть не может, ей пароль не меняли? </div>\r\n        </div>\r\n      </blockquote>\r\n    </blockquote>\r\n  </body>\r\n</html>\r\n<br><br>','utf-8',1,0,0,'<17b2e409-1dac-60f6-6507-4b0e636f9b88@itilus.com>',1,24782,1591865044,NULL,'INBOX'),(1,'[\"count.sub@t-logist.com\"]','[\"vit@itilus.com\"]','[\"24@itilus.com\",\"main.lgst@t-logist.com\"]','[]','1591621492','Re: пароль Надежды','<html><body><div style=\"font-family: arial, helvetica, sans-serif; font-size: 12pt; color: #000000\"><div>Вит,</div><div>а можно тебя попросить если у нее ничего не получится с ней связаться или дай ее пароль - я попробую как-то вместе с ней</div><div><br></div><hr id=\"zwchr\" data-marker=\"__DIVIDER__\"><div data-marker=\"__HEADERS__\"><b>От: </b>\"vit\" &lt;vit@itilus.com&gt;<br><b>Кому: </b>\"AAD t-logist\" &lt;count.sub@t-logist.com&gt;, \"24\" &lt;24@itilus.com&gt;<br><b>Копия: </b>\"ДК\" &lt;main.lgst@t-logist.com&gt;<br><b>Отправленные: </b>Понедельник, 8 Июнь 2020 г 15:59:54<br><b>Тема: </b>Re: пароль Надежды<br></div><div><br></div><div data-marker=\"__QUOTED_TEXT__\"><p>Ничего не меняем просто так без предупреждения. <br>\r\n      Спасибо за доверие !</p>\r\n    <p>Мы не меняли ничего<br>\r\n    </p>\r\n    <div class=\"moz-signature\">\r\n      \r\n      <title></title>\r\n      <pre class=\"moz-signature\" style=\"white-space: pre-wrap; overflow-wrap: break-word !important; color: rgb(0, 0, 0); font-size: 14.16px; font-style: normal; font-variant-ligatures: normal; font-variant-caps: normal; font-weight: 400; letter-spacing: normal; orphans: 2; text-align: start; text-indent: 0px; text-transform: none; widows: 2; word-spacing: 0px; -webkit-text-stroke-width: 0px; background-color: rgb(253, 253, 253); text-decoration-style: initial; text-decoration-color: initial;\">С Уважением, Виталий «Айтилус»\r\n<span class=\"Object\" id=\"OBJ_PREFIX_DWT348_ZmEmailObjectHandler\" style=\"white-space: pre-wrap; overflow-wrap: break-word !important; color: rgb(0, 61, 121); text-decoration: none; cursor: pointer;\"><span class=\"Object\" id=\"OBJ_PREFIX_DWT392_ZmEmailObjectHandler\" style=\"white-space: pre-wrap; overflow-wrap: break-word !important; color: rgb(0, 61, 121); text-decoration: none; cursor: pointer;\"><a class=\"moz-txt-link-abbreviated\" href=\"mailto:24@itilus.com\" target=\"_blank\" style=\"white-space: pre-wrap; overflow-wrap: break-word !important; color: rgb(0, 61, 121); text-decoration: none; cursor: pointer;\">vit@itilus.com</a></span></span>\r\nSip to: 203\r\n<span class=\"Object\" id=\"OBJ_PREFIX_DWT349_com_zimbra_url\" style=\"white-space: pre-wrap; overflow-wrap: break-word !important; color: rgb(0, 61, 121); text-decoration: none; cursor: pointer;\"><span class=\"Object\" id=\"OBJ_PREFIX_DWT393_com_zimbra_url\" style=\"white-space: pre-wrap; overflow-wrap: break-word !important; color: rgb(0, 61, 121); text-decoration: none; cursor: pointer;\"><a class=\"moz-txt-link-abbreviated\" href=\"http://www.itilus.com/\" target=\"_blank\" style=\"white-space: pre-wrap; overflow-wrap: break-word !important; color: rgb(0, 61, 121); text-decoration: none; cursor: pointer;\">www.itilus.com</a></span></span>\r\n<span class=\"Object\" id=\"OBJ_PREFIX_DWT350_com_zimbra_url\" style=\"white-space: pre-wrap; overflow-wrap: break-word !important; color: rgb(0, 61, 121); text-decoration: none; cursor: pointer;\"><span class=\"Object\" id=\"OBJ_PREFIX_DWT394_com_zimbra_url\" style=\"white-space: pre-wrap; overflow-wrap: break-word !important; color: rgb(0, 61, 121); text-decoration: none; cursor: pointer;\"><a class=\"moz-txt-link-abbreviated\" href=\"http://www.itilus.ru/\" target=\"_blank\" style=\"white-space: pre-wrap; overflow-wrap: break-word !important; color: rgb(0, 61, 121); text-decoration: none; cursor: pointer;\">www.itilus.ru</a></span></span></pre>\r\n    </div>\r\n    <div class=\"moz-cite-prefix\">08.06.2020 15:58, Виталий \"АЙТИЛУС\"\r\n      пишет:<br>\r\n    </div>\r\n    <blockquote cite=\"mid:401bc15d-7618-f800-6d53-9f6f3f2879f6@itilus.com\">\r\n      \r\n      Зачем поменяли ?<br>\r\n      <div class=\"moz-signature\">\r\n        \r\n        <title></title>\r\n        <pre class=\"moz-signature\" style=\"white-space: pre-wrap; overflow-wrap: break-word !important; color: rgb(0, 0, 0); font-size: 14.16px; font-style: normal; font-variant-ligatures: normal; font-variant-caps: normal; font-weight: 400; letter-spacing: normal; orphans: 2; text-align: start; text-indent: 0px; text-transform: none; widows: 2; word-spacing: 0px; -webkit-text-stroke-width: 0px; background-color: rgb(253, 253, 253); text-decoration-style: initial; text-decoration-color: initial;\">С Уважением, Виталий «Айтилус»\r\n<span class=\"Object\" id=\"OBJ_PREFIX_DWT348_ZmEmailObjectHandler\" style=\"white-space: pre-wrap; overflow-wrap: break-word !important; color: rgb(0, 61, 121); text-decoration: none; cursor: pointer;\"><span class=\"Object\" id=\"OBJ_PREFIX_DWT392_ZmEmailObjectHandler\" style=\"white-space: pre-wrap; overflow-wrap: break-word !important; color: rgb(0, 61, 121); text-decoration: none; cursor: pointer;\"><a class=\"moz-txt-link-abbreviated\" href=\"mailto:24@itilus.com\" target=\"_blank\" style=\"white-space: pre-wrap; overflow-wrap: break-word !important; color: rgb(0, 61, 121); text-decoration: none; cursor: pointer;\">vit@itilus.com</a></span></span>\r\nSip to: 203\r\n<span class=\"Object\" id=\"OBJ_PREFIX_DWT349_com_zimbra_url\" style=\"white-space: pre-wrap; overflow-wrap: break-word !important; color: rgb(0, 61, 121); text-decoration: none; cursor: pointer;\"><span class=\"Object\" id=\"OBJ_PREFIX_DWT393_com_zimbra_url\" style=\"white-space: pre-wrap; overflow-wrap: break-word !important; color: rgb(0, 61, 121); text-decoration: none; cursor: pointer;\"><a class=\"moz-txt-link-abbreviated\" href=\"http://www.itilus.com/\" target=\"_blank\" style=\"white-space: pre-wrap; overflow-wrap: break-word !important; color: rgb(0, 61, 121); text-decoration: none; cursor: pointer;\">www.itilus.com</a></span></span>\r\n<span class=\"Object\" id=\"OBJ_PREFIX_DWT350_com_zimbra_url\" style=\"white-space: pre-wrap; overflow-wrap: break-word !important; color: rgb(0, 61, 121); text-decoration: none; cursor: pointer;\"><span class=\"Object\" id=\"OBJ_PREFIX_DWT394_com_zimbra_url\" style=\"white-space: pre-wrap; overflow-wrap: break-word !important; color: rgb(0, 61, 121); text-decoration: none; cursor: pointer;\"><a class=\"moz-txt-link-abbreviated\" href=\"http://www.itilus.ru/\" target=\"_blank\" style=\"white-space: pre-wrap; overflow-wrap: break-word !important; color: rgb(0, 61, 121); text-decoration: none; cursor: pointer;\">www.itilus.ru</a></span></span></pre>\r\n      </div>\r\n      <div class=\"moz-cite-prefix\">08.06.2020 15:54, AAD t-logist пишет:<br>\r\n      </div>\r\n      <blockquote cite=\"mid:1113877212.223728.1591620874090.JavaMail.zimbra@t-logist.com\">\r\n        \r\n        <div id=\"zimbraEditorContainer\" style=\"font-family: arial,\r\n          helvetica, sans-serif; font-size: 12pt; color: #000000\" class=\"11\">\r\n          <div>День,</div>\r\n          <div>Надя на удаленку попасть не может, ей пароль не меняли?&nbsp;</div>\r\n        </div>\r\n      </blockquote>\r\n    </blockquote><br></div></div></body></html><br><br>','utf-8',1,0,0,'<1312522935.223838.1591621490765.JavaMail.zimbra@t-logist.com>',1,24783,1591865044,NULL,'INBOX'),(1,'[\"24@itilus.com\"]','[\"count.sub@t-logist.com\",\"vit@itilus.com\"]','[\"main.lgst@t-logist.com\"]','[]','1591621575','Re: пароль Надежды','<html>\r\n  <head>\r\n    <meta http-equiv=\"Content-Type\" content=\"text/html; charset=UTF-8\">\r\n  </head>\r\n  <body text=\"#000000\" bgcolor=\"#FFFFFF\">\r\n    <p>я только что попробовал - всё работает</p>\r\n    <p>Пусть перезагрузит локалььный комп, посмотрит КАПС ЛОК и\r\n      раскладку и снова подключится или дайте тимвьюэр, сделаю я сам\r\n      вместе с ней</p>\r\n    <p>(можно через телеграм)<br>\r\n    </p>\r\n    <div class=\"moz-signature\">\r\n      <meta http-equiv=\"content-type\" content=\"text/html; charset=UTF-8\">\r\n      <title></title>\r\n      <pre class=\"moz-signature\" style=\"white-space: pre-wrap; overflow-wrap: break-word !important; color: rgb(0, 0, 0); font-size: 14.16px; font-style: normal; font-variant-ligatures: normal; font-variant-caps: normal; font-weight: 400; letter-spacing: normal; orphans: 2; text-align: start; text-indent: 0px; text-transform: none; widows: 2; word-spacing: 0px; -webkit-text-stroke-width: 0px; text-decoration-style: initial; text-decoration-color: initial; background-color: rgb(253, 253, 253);\">\r\nС Уважением, Служба технической поддержки «Айтилус»\r\n<span class=\"Object\" id=\"OBJ_PREFIX_DWT348_ZmEmailObjectHandler\" style=\"white-space: pre-wrap; overflow-wrap: break-word !important; color: rgb(0, 61, 121); text-decoration: none; cursor: pointer;\"><span class=\"Object\" id=\"OBJ_PREFIX_DWT392_ZmEmailObjectHandler\" style=\"white-space: pre-wrap; overflow-wrap: break-word !important; color: rgb(0, 61, 121); text-decoration: none; cursor: pointer;\"><span class=\"Object\" role=\"link\" id=\"OBJ_PREFIX_DWT100_ZmEmailObjectHandler\" style=\"white-space: pre-wrap; overflow-wrap: break-word !important; color: rgb(0, 61, 121); text-decoration: none; cursor: pointer;\"><span class=\"Object\" role=\"link\" id=\"OBJ_PREFIX_DWT104_ZmEmailObjectHandler\" style=\"white-space: pre-wrap; overflow-wrap: break-word !important; color: rgb(0, 61, 121); text-decoration: none; cursor: pointer;\"><a class=\"moz-txt-link-abbreviated\" href=\"mailto:24@itilus.com\" target=\"_blank\" style=\"white-space: pre-wrap; overflow-wrap: break-word !important; color: rgb(0, 61, 121); text-decoration: none; cursor: pointer;\">24@itilus.com</a></span></span></span></span>\r\nSip to: 3301\r\nSip to: 203\r\n<span class=\"Object\" id=\"OBJ_PREFIX_DWT349_com_zimbra_url\" style=\"white-space: pre-wrap; overflow-wrap: break-word !important; color: rgb(0, 61, 121); text-decoration: none; cursor: pointer;\"><span class=\"Object\" id=\"OBJ_PREFIX_DWT393_com_zimbra_url\" style=\"white-space: pre-wrap; overflow-wrap: break-word !important; color: rgb(0, 61, 121); text-decoration: none; cursor: pointer;\"><span class=\"Object\" role=\"link\" id=\"OBJ_PREFIX_DWT101_com_zimbra_url\" style=\"white-space: pre-wrap; overflow-wrap: break-word !important; color: rgb(0, 61, 121); text-decoration: none; cursor: pointer;\"><span class=\"Object\" role=\"link\" id=\"OBJ_PREFIX_DWT105_com_zimbra_url\" style=\"white-space: pre-wrap; overflow-wrap: break-word !important; color: rgb(0, 61, 121); text-decoration: none; cursor: pointer;\"><a class=\"moz-txt-link-abbreviated\" href=\"http://www.itilus.com/\" target=\"_blank\" style=\"white-space: pre-wrap; overflow-wrap: break-word !important; color: rgb(0, 61, 121); text-decoration: none; cursor: pointer;\">www.itilus.com</a></span></span></span></span>\r\n<span class=\"Object\" id=\"OBJ_PREFIX_DWT350_com_zimbra_url\" style=\"white-space: pre-wrap; overflow-wrap: break-word !important; color: rgb(0, 61, 121); text-decoration: none; cursor: pointer;\"><span class=\"Object\" id=\"OBJ_PREFIX_DWT394_com_zimbra_url\" style=\"white-space: pre-wrap; overflow-wrap: break-word !important; color: rgb(0, 61, 121); text-decoration: none; cursor: pointer;\"><span class=\"Object\" role=\"link\" id=\"OBJ_PREFIX_DWT102_com_zimbra_url\" style=\"white-space: pre-wrap; overflow-wrap: break-word !important; color: rgb(0, 61, 121); text-decoration: none; cursor: pointer;\"><span class=\"Object\" role=\"link\" id=\"OBJ_PREFIX_DWT106_com_zimbra_url\" style=\"white-space: pre-wrap; overflow-wrap: break-word !important; color: rgb(0, 61, 121); text-decoration: none; cursor: pointer;\"><a class=\"moz-txt-link-abbreviated\" href=\"http://www.itilus.ru/\" target=\"_blank\" style=\"white-space: pre-wrap; overflow-wrap: break-word !important; color: rgb(0, 61, 121); text-decoration: none; cursor: pointer;\">www.itilus.ru</a></span></span></span></span></pre>\r\n    </div>\r\n    <div class=\"moz-cite-prefix\">08.06.2020 16:04, AAD t-logist пишет:<br>\r\n    </div>\r\n    <blockquote type=\"cite\"\r\n      cite=\"mid:1312522935.223838.1591621490765.JavaMail.zimbra@t-logist.com\">\r\n      <meta http-equiv=\"content-type\" content=\"text/html; charset=UTF-8\">\r\n      <div style=\"font-family: arial, helvetica, sans-serif; font-size:\r\n        12pt; color: #000000\">\r\n        <div>Вит,</div>\r\n        <div>а можно тебя попросить если у нее ничего не получится с ней\r\n          связаться или дай ее пароль - я попробую как-то вместе с ней</div>\r\n        <div><br>\r\n        </div>\r\n        <hr id=\"zwchr\" data-marker=\"__DIVIDER__\">\r\n        <div data-marker=\"__HEADERS__\"><b>От: </b>\"vit\"\r\n          <a class=\"moz-txt-link-rfc2396E\" href=\"mailto:vit@itilus.com\">&lt;vit@itilus.com&gt;</a><br>\r\n          <b>Кому: </b>\"AAD t-logist\" <a class=\"moz-txt-link-rfc2396E\" href=\"mailto:count.sub@t-logist.com\">&lt;count.sub@t-logist.com&gt;</a>,\r\n          \"24\" <a class=\"moz-txt-link-rfc2396E\" href=\"mailto:24@itilus.com\">&lt;24@itilus.com&gt;</a><br>\r\n          <b>Копия: </b>\"ДК\" <a class=\"moz-txt-link-rfc2396E\" href=\"mailto:main.lgst@t-logist.com\">&lt;main.lgst@t-logist.com&gt;</a><br>\r\n          <b>Отправленные: </b>Понедельник, 8 Июнь 2020 г 15:59:54<br>\r\n          <b>Тема: </b>Re: пароль Надежды<br>\r\n        </div>\r\n        <div><br>\r\n        </div>\r\n        <div data-marker=\"__QUOTED_TEXT__\">\r\n          <p>Ничего не меняем просто так без предупреждения. <br>\r\n            Спасибо за доверие !</p>\r\n          <p>Мы не меняли ничего<br>\r\n          </p>\r\n          <div class=\"moz-signature\">\r\n            <title></title>\r\n            <pre class=\"moz-signature\" style=\"white-space: pre-wrap; overflow-wrap: break-word !important; color: rgb(0, 0, 0); font-size: 14.16px; font-style: normal; font-variant-ligatures: normal; font-variant-caps: normal; font-weight: 400; letter-spacing: normal; orphans: 2; text-align: start; text-indent: 0px; text-transform: none; widows: 2; word-spacing: 0px; -webkit-text-stroke-width: 0px; background-color: rgb(253, 253, 253); text-decoration-style: initial; text-decoration-color: initial;\">С Уважением, Виталий «Айтилус»\r\n<span class=\"Object\" id=\"OBJ_PREFIX_DWT348_ZmEmailObjectHandler\" style=\"white-space: pre-wrap; overflow-wrap: break-word !important; color: rgb(0, 61, 121); text-decoration: none; cursor: pointer;\"><span class=\"Object\" id=\"OBJ_PREFIX_DWT392_ZmEmailObjectHandler\" style=\"white-space: pre-wrap; overflow-wrap: break-word !important; color: rgb(0, 61, 121); text-decoration: none; cursor: pointer;\"><a class=\"moz-txt-link-abbreviated\" href=\"mailto:24@itilus.com\" target=\"_blank\" style=\"white-space: pre-wrap; overflow-wrap: break-word !important; color: rgb(0, 61, 121); text-decoration: none; cursor: pointer;\" moz-do-not-send=\"true\">vit@itilus.com</a></span></span>\r\nSip to: 203\r\n<span class=\"Object\" id=\"OBJ_PREFIX_DWT349_com_zimbra_url\" style=\"white-space: pre-wrap; overflow-wrap: break-word !important; color: rgb(0, 61, 121); text-decoration: none; cursor: pointer;\"><span class=\"Object\" id=\"OBJ_PREFIX_DWT393_com_zimbra_url\" style=\"white-space: pre-wrap; overflow-wrap: break-word !important; color: rgb(0, 61, 121); text-decoration: none; cursor: pointer;\"><a class=\"moz-txt-link-abbreviated\" href=\"http://www.itilus.com/\" target=\"_blank\" style=\"white-space: pre-wrap; overflow-wrap: break-word !important; color: rgb(0, 61, 121); text-decoration: none; cursor: pointer;\" moz-do-not-send=\"true\">www.itilus.com</a></span></span>\r\n<span class=\"Object\" id=\"OBJ_PREFIX_DWT350_com_zimbra_url\" style=\"white-space: pre-wrap; overflow-wrap: break-word !important; color: rgb(0, 61, 121); text-decoration: none; cursor: pointer;\"><span class=\"Object\" id=\"OBJ_PREFIX_DWT394_com_zimbra_url\" style=\"white-space: pre-wrap; overflow-wrap: break-word !important; color: rgb(0, 61, 121); text-decoration: none; cursor: pointer;\"><a class=\"moz-txt-link-abbreviated\" href=\"http://www.itilus.ru/\" target=\"_blank\" style=\"white-space: pre-wrap; overflow-wrap: break-word !important; color: rgb(0, 61, 121); text-decoration: none; cursor: pointer;\" moz-do-not-send=\"true\">www.itilus.ru</a></span></span></pre>\r\n          </div>\r\n          <div class=\"moz-cite-prefix\">08.06.2020 15:58, Виталий\r\n            \"АЙТИЛУС\" пишет:<br>\r\n          </div>\r\n          <blockquote\r\n            cite=\"mid:401bc15d-7618-f800-6d53-9f6f3f2879f6@itilus.com\">\r\n            Зачем поменяли ?<br>\r\n            <div class=\"moz-signature\">\r\n              <title></title>\r\n              <pre class=\"moz-signature\" style=\"white-space: pre-wrap; overflow-wrap: break-word !important; color: rgb(0, 0, 0); font-size: 14.16px; font-style: normal; font-variant-ligatures: normal; font-variant-caps: normal; font-weight: 400; letter-spacing: normal; orphans: 2; text-align: start; text-indent: 0px; text-transform: none; widows: 2; word-spacing: 0px; -webkit-text-stroke-width: 0px; background-color: rgb(253, 253, 253); text-decoration-style: initial; text-decoration-color: initial;\">С Уважением, Виталий «Айтилус»\r\n<span class=\"Object\" id=\"OBJ_PREFIX_DWT348_ZmEmailObjectHandler\" style=\"white-space: pre-wrap; overflow-wrap: break-word !important; color: rgb(0, 61, 121); text-decoration: none; cursor: pointer;\"><span class=\"Object\" id=\"OBJ_PREFIX_DWT392_ZmEmailObjectHandler\" style=\"white-space: pre-wrap; overflow-wrap: break-word !important; color: rgb(0, 61, 121); text-decoration: none; cursor: pointer;\"><a class=\"moz-txt-link-abbreviated\" href=\"mailto:24@itilus.com\" target=\"_blank\" style=\"white-space: pre-wrap; overflow-wrap: break-word !important; color: rgb(0, 61, 121); text-decoration: none; cursor: pointer;\" moz-do-not-send=\"true\">vit@itilus.com</a></span></span>\r\nSip to: 203\r\n<span class=\"Object\" id=\"OBJ_PREFIX_DWT349_com_zimbra_url\" style=\"white-space: pre-wrap; overflow-wrap: break-word !important; color: rgb(0, 61, 121); text-decoration: none; cursor: pointer;\"><span class=\"Object\" id=\"OBJ_PREFIX_DWT393_com_zimbra_url\" style=\"white-space: pre-wrap; overflow-wrap: break-word !important; color: rgb(0, 61, 121); text-decoration: none; cursor: pointer;\"><a class=\"moz-txt-link-abbreviated\" href=\"http://www.itilus.com/\" target=\"_blank\" style=\"white-space: pre-wrap; overflow-wrap: break-word !important; color: rgb(0, 61, 121); text-decoration: none; cursor: pointer;\" moz-do-not-send=\"true\">www.itilus.com</a></span></span>\r\n<span class=\"Object\" id=\"OBJ_PREFIX_DWT350_com_zimbra_url\" style=\"white-space: pre-wrap; overflow-wrap: break-word !important; color: rgb(0, 61, 121); text-decoration: none; cursor: pointer;\"><span class=\"Object\" id=\"OBJ_PREFIX_DWT394_com_zimbra_url\" style=\"white-space: pre-wrap; overflow-wrap: break-word !important; color: rgb(0, 61, 121); text-decoration: none; cursor: pointer;\"><a class=\"moz-txt-link-abbreviated\" href=\"http://www.itilus.ru/\" target=\"_blank\" style=\"white-space: pre-wrap; overflow-wrap: break-word !important; color: rgb(0, 61, 121); text-decoration: none; cursor: pointer;\" moz-do-not-send=\"true\">www.itilus.ru</a></span></span></pre>\r\n            </div>\r\n            <div class=\"moz-cite-prefix\">08.06.2020 15:54, AAD t-logist\r\n              пишет:<br>\r\n            </div>\r\n            <blockquote\r\n              cite=\"mid:1113877212.223728.1591620874090.JavaMail.zimbra@t-logist.com\">\r\n              <div id=\"zimbraEditorContainer\" style=\"font-family: arial,\r\n                helvetica, sans-serif; font-size: 12pt; color: #000000\"\r\n                class=\"11\">\r\n                <div>День,</div>\r\n                <div>Надя на удаленку попасть не может, ей пароль не\r\n                  меняли? </div>\r\n              </div>\r\n            </blockquote>\r\n          </blockquote>\r\n          <br>\r\n        </div>\r\n      </div>\r\n    </blockquote>\r\n  </body>\r\n</html>\r\n<br><br>','utf-8',1,0,0,'<e1012637-4d38-4c48-beec-399ef9383977@itilus.com>',1,24784,1591865044,NULL,'INBOX'),(1,'[\"count.sub@t-logist.com\"]','[\"24@itilus.com\"]','[\"vit@itilus.com\",\"main.lgst@t-logist.com\"]','[]','1591622234','Re: пароль Надежды','<html><body><div style=\"font-family: arial, helvetica, sans-serif; font-size: 12pt; color: #000000\"><div>пишет, чт осправилась</div><div>Спасибо</div><div>видимо, перегрев</div><div><br></div><hr id=\"zwchr\" data-marker=\"__DIVIDER__\"><div data-marker=\"__HEADERS__\"><b>От: </b>\"24\" &lt;24@itilus.com&gt;<br><b>Кому: </b>\"AAD t-logist\" &lt;count.sub@t-logist.com&gt;, \"vit\" &lt;vit@itilus.com&gt;<br><b>Копия: </b>\"ДК\" &lt;main.lgst@t-logist.com&gt;<br><b>Отправленные: </b>Понедельник, 8 Июнь 2020 г 16:06:11<br><b>Тема: </b>Re: пароль Надежды<br></div><div><br></div><div data-marker=\"__QUOTED_TEXT__\"><p>я только что попробовал - всё работает</p>\r\n    <p>Пусть перезагрузит локалььный комп, посмотрит КАПС ЛОК и\r\n      раскладку и снова подключится или дайте тимвьюэр, сделаю я сам\r\n      вместе с ней</p>\r\n    <p>(можно через телеграм)<br>\r\n    </p>\r\n    <div class=\"moz-signature\">\r\n      \r\n      <title></title>\r\n      <pre class=\"moz-signature\" style=\"white-space: pre-wrap; overflow-wrap: break-word !important; color: rgb(0, 0, 0); font-size: 14.16px; font-style: normal; font-variant-ligatures: normal; font-variant-caps: normal; font-weight: 400; letter-spacing: normal; orphans: 2; text-align: start; text-indent: 0px; text-transform: none; widows: 2; word-spacing: 0px; -webkit-text-stroke-width: 0px; text-decoration-style: initial; text-decoration-color: initial; background-color: rgb(253, 253, 253);\">С Уважением, Служба технической поддержки «Айтилус»\r\n<span class=\"Object\" id=\"OBJ_PREFIX_DWT348_ZmEmailObjectHandler\" style=\"white-space: pre-wrap; overflow-wrap: break-word !important; color: rgb(0, 61, 121); text-decoration: none; cursor: pointer;\"><span class=\"Object\" id=\"OBJ_PREFIX_DWT392_ZmEmailObjectHandler\" style=\"white-space: pre-wrap; overflow-wrap: break-word !important; color: rgb(0, 61, 121); text-decoration: none; cursor: pointer;\"><span class=\"Object\" id=\"OBJ_PREFIX_DWT100_ZmEmailObjectHandler\" style=\"white-space: pre-wrap; overflow-wrap: break-word !important; color: rgb(0, 61, 121); text-decoration: none; cursor: pointer;\"><span class=\"Object\" id=\"OBJ_PREFIX_DWT104_ZmEmailObjectHandler\" style=\"white-space: pre-wrap; overflow-wrap: break-word !important; color: rgb(0, 61, 121); text-decoration: none; cursor: pointer;\"><a class=\"moz-txt-link-abbreviated\" href=\"mailto:24@itilus.com\" target=\"_blank\" style=\"white-space: pre-wrap; overflow-wrap: break-word !important; color: rgb(0, 61, 121); text-decoration: none; cursor: pointer;\">24@itilus.com</a></span></span></span></span>\r\nSip to: 3301\r\nSip to: 203\r\n<span class=\"Object\" id=\"OBJ_PREFIX_DWT349_com_zimbra_url\" style=\"white-space: pre-wrap; overflow-wrap: break-word !important; color: rgb(0, 61, 121); text-decoration: none; cursor: pointer;\"><span class=\"Object\" id=\"OBJ_PREFIX_DWT393_com_zimbra_url\" style=\"white-space: pre-wrap; overflow-wrap: break-word !important; color: rgb(0, 61, 121); text-decoration: none; cursor: pointer;\"><span class=\"Object\" id=\"OBJ_PREFIX_DWT101_com_zimbra_url\" style=\"white-space: pre-wrap; overflow-wrap: break-word !important; color: rgb(0, 61, 121); text-decoration: none; cursor: pointer;\"><span class=\"Object\" id=\"OBJ_PREFIX_DWT105_com_zimbra_url\" style=\"white-space: pre-wrap; overflow-wrap: break-word !important; color: rgb(0, 61, 121); text-decoration: none; cursor: pointer;\"><a class=\"moz-txt-link-abbreviated\" href=\"http://www.itilus.com/\" target=\"_blank\" style=\"white-space: pre-wrap; overflow-wrap: break-word !important; color: rgb(0, 61, 121); text-decoration: none; cursor: pointer;\">www.itilus.com</a></span></span></span></span>\r\n<span class=\"Object\" id=\"OBJ_PREFIX_DWT350_com_zimbra_url\" style=\"white-space: pre-wrap; overflow-wrap: break-word !important; color: rgb(0, 61, 121); text-decoration: none; cursor: pointer;\"><span class=\"Object\" id=\"OBJ_PREFIX_DWT394_com_zimbra_url\" style=\"white-space: pre-wrap; overflow-wrap: break-word !important; color: rgb(0, 61, 121); text-decoration: none; cursor: pointer;\"><span class=\"Object\" id=\"OBJ_PREFIX_DWT102_com_zimbra_url\" style=\"white-space: pre-wrap; overflow-wrap: break-word !important; color: rgb(0, 61, 121); text-decoration: none; cursor: pointer;\"><span class=\"Object\" id=\"OBJ_PREFIX_DWT106_com_zimbra_url\" style=\"white-space: pre-wrap; overflow-wrap: break-word !important; color: rgb(0, 61, 121); text-decoration: none; cursor: pointer;\"><a class=\"moz-txt-link-abbreviated\" href=\"http://www.itilus.ru/\" target=\"_blank\" style=\"white-space: pre-wrap; overflow-wrap: break-word !important; color: rgb(0, 61, 121); text-decoration: none; cursor: pointer;\">www.itilus.ru</a></span></span></span></span></pre>\r\n    </div>\r\n    <div class=\"moz-cite-prefix\">08.06.2020 16:04, AAD t-logist пишет:<br>\r\n    </div>\r\n    <blockquote cite=\"mid:1312522935.223838.1591621490765.JavaMail.zimbra@t-logist.com\">\r\n      \r\n      <div style=\"font-family: arial, helvetica, sans-serif; font-size:\r\n        12pt; color: #000000\">\r\n        <div>Вит,</div>\r\n        <div>а можно тебя попросить если у нее ничего не получится с ней\r\n          связаться или дай ее пароль - я попробую как-то вместе с ней</div>\r\n        <div><br>\r\n        </div>\r\n        <hr id=\"zwchr\">\r\n        <div><b>От: </b>\"vit\"\r\n          <a class=\"moz-txt-link-rfc2396E\" href=\"mailto:vit@itilus.com\" target=\"_blank\">&lt;vit@itilus.com&gt;</a><br>\r\n          <b>Кому: </b>\"AAD t-logist\" <a class=\"moz-txt-link-rfc2396E\" href=\"mailto:count.sub@t-logist.com\" target=\"_blank\">&lt;count.sub@t-logist.com&gt;</a>,\r\n          \"24\" <a class=\"moz-txt-link-rfc2396E\" href=\"mailto:24@itilus.com\" target=\"_blank\">&lt;24@itilus.com&gt;</a><br>\r\n          <b>Копия: </b>\"ДК\" <a class=\"moz-txt-link-rfc2396E\" href=\"mailto:main.lgst@t-logist.com\" target=\"_blank\">&lt;main.lgst@t-logist.com&gt;</a><br>\r\n          <b>Отправленные: </b>Понедельник, 8 Июнь 2020 г 15:59:54<br>\r\n          <b>Тема: </b>Re: пароль Надежды<br>\r\n        </div>\r\n        <div><br>\r\n        </div>\r\n        <div>\r\n          <p>Ничего не меняем просто так без предупреждения. <br>\r\n            Спасибо за доверие !</p>\r\n          <p>Мы не меняли ничего<br>\r\n          </p>\r\n          <div class=\"moz-signature\">\r\n            <title></title>\r\n            <pre class=\"moz-signature\" style=\"white-space: pre-wrap; overflow-wrap: break-word !important; color: rgb(0, 0, 0); font-size: 14.16px; font-style: normal; font-variant-ligatures: normal; font-variant-caps: normal; font-weight: 400; letter-spacing: normal; orphans: 2; text-align: start; text-indent: 0px; text-transform: none; widows: 2; word-spacing: 0px; -webkit-text-stroke-width: 0px; background-color: rgb(253, 253, 253); text-decoration-style: initial; text-decoration-color: initial;\">С Уважением, Виталий «Айтилус»\r\n<span class=\"Object\" id=\"OBJ_PREFIX_DWT348_ZmEmailObjectHandler\" style=\"white-space: pre-wrap; overflow-wrap: break-word !important; color: rgb(0, 61, 121); text-decoration: none; cursor: pointer;\"><span class=\"Object\" id=\"OBJ_PREFIX_DWT392_ZmEmailObjectHandler\" style=\"white-space: pre-wrap; overflow-wrap: break-word !important; color: rgb(0, 61, 121); text-decoration: none; cursor: pointer;\"><a class=\"moz-txt-link-abbreviated\" href=\"mailto:24@itilus.com\" target=\"_blank\" style=\"white-space: pre-wrap; overflow-wrap: break-word !important; color: rgb(0, 61, 121); text-decoration: none; cursor: pointer;\">vit@itilus.com</a></span></span>\r\nSip to: 203\r\n<span class=\"Object\" id=\"OBJ_PREFIX_DWT349_com_zimbra_url\" style=\"white-space: pre-wrap; overflow-wrap: break-word !important; color: rgb(0, 61, 121); text-decoration: none; cursor: pointer;\"><span class=\"Object\" id=\"OBJ_PREFIX_DWT393_com_zimbra_url\" style=\"white-space: pre-wrap; overflow-wrap: break-word !important; color: rgb(0, 61, 121); text-decoration: none; cursor: pointer;\"><a class=\"moz-txt-link-abbreviated\" href=\"http://www.itilus.com/\" target=\"_blank\" style=\"white-space: pre-wrap; overflow-wrap: break-word !important; color: rgb(0, 61, 121); text-decoration: none; cursor: pointer;\">www.itilus.com</a></span></span>\r\n<span class=\"Object\" id=\"OBJ_PREFIX_DWT350_com_zimbra_url\" style=\"white-space: pre-wrap; overflow-wrap: break-word !important; color: rgb(0, 61, 121); text-decoration: none; cursor: pointer;\"><span class=\"Object\" id=\"OBJ_PREFIX_DWT394_com_zimbra_url\" style=\"white-space: pre-wrap; overflow-wrap: break-word !important; color: rgb(0, 61, 121); text-decoration: none; cursor: pointer;\"><a class=\"moz-txt-link-abbreviated\" href=\"http://www.itilus.ru/\" target=\"_blank\" style=\"white-space: pre-wrap; overflow-wrap: break-word !important; color: rgb(0, 61, 121); text-decoration: none; cursor: pointer;\">www.itilus.ru</a></span></span></pre>\r\n          </div>\r\n          <div class=\"moz-cite-prefix\">08.06.2020 15:58, Виталий\r\n            \"АЙТИЛУС\" пишет:<br>\r\n          </div>\r\n          <blockquote cite=\"mid:401bc15d-7618-f800-6d53-9f6f3f2879f6@itilus.com\">\r\n            Зачем поменяли ?<br>\r\n            <div class=\"moz-signature\">\r\n              <title></title>\r\n              <pre class=\"moz-signature\" style=\"white-space: pre-wrap; overflow-wrap: break-word !important; color: rgb(0, 0, 0); font-size: 14.16px; font-style: normal; font-variant-ligatures: normal; font-variant-caps: normal; font-weight: 400; letter-spacing: normal; orphans: 2; text-align: start; text-indent: 0px; text-transform: none; widows: 2; word-spacing: 0px; -webkit-text-stroke-width: 0px; background-color: rgb(253, 253, 253); text-decoration-style: initial; text-decoration-color: initial;\">С Уважением, Виталий «Айтилус»\r\n<span class=\"Object\" id=\"OBJ_PREFIX_DWT348_ZmEmailObjectHandler\" style=\"white-space: pre-wrap; overflow-wrap: break-word !important; color: rgb(0, 61, 121); text-decoration: none; cursor: pointer;\"><span class=\"Object\" id=\"OBJ_PREFIX_DWT392_ZmEmailObjectHandler\" style=\"white-space: pre-wrap; overflow-wrap: break-word !important; color: rgb(0, 61, 121); text-decoration: none; cursor: pointer;\"><a class=\"moz-txt-link-abbreviated\" href=\"mailto:24@itilus.com\" target=\"_blank\" style=\"white-space: pre-wrap; overflow-wrap: break-word !important; color: rgb(0, 61, 121); text-decoration: none; cursor: pointer;\">vit@itilus.com</a></span></span>\r\nSip to: 203\r\n<span class=\"Object\" id=\"OBJ_PREFIX_DWT349_com_zimbra_url\" style=\"white-space: pre-wrap; overflow-wrap: break-word !important; color: rgb(0, 61, 121); text-decoration: none; cursor: pointer;\"><span class=\"Object\" id=\"OBJ_PREFIX_DWT393_com_zimbra_url\" style=\"white-space: pre-wrap; overflow-wrap: break-word !important; color: rgb(0, 61, 121); text-decoration: none; cursor: pointer;\"><a class=\"moz-txt-link-abbreviated\" href=\"http://www.itilus.com/\" target=\"_blank\" style=\"white-space: pre-wrap; overflow-wrap: break-word !important; color: rgb(0, 61, 121); text-decoration: none; cursor: pointer;\">www.itilus.com</a></span></span>\r\n<span class=\"Object\" id=\"OBJ_PREFIX_DWT350_com_zimbra_url\" style=\"white-space: pre-wrap; overflow-wrap: break-word !important; color: rgb(0, 61, 121); text-decoration: none; cursor: pointer;\"><span class=\"Object\" id=\"OBJ_PREFIX_DWT394_com_zimbra_url\" style=\"white-space: pre-wrap; overflow-wrap: break-word !important; color: rgb(0, 61, 121); text-decoration: none; cursor: pointer;\"><a class=\"moz-txt-link-abbreviated\" href=\"http://www.itilus.ru/\" target=\"_blank\" style=\"white-space: pre-wrap; overflow-wrap: break-word !important; color: rgb(0, 61, 121); text-decoration: none; cursor: pointer;\">www.itilus.ru</a></span></span></pre>\r\n            </div>\r\n            <div class=\"moz-cite-prefix\">08.06.2020 15:54, AAD t-logist\r\n              пишет:<br>\r\n            </div>\r\n            <blockquote cite=\"mid:1113877212.223728.1591620874090.JavaMail.zimbra@t-logist.com\">\r\n              <div id=\"zimbraEditorContainer\" style=\"font-family: arial,\r\n                helvetica, sans-serif; font-size: 12pt; color: #000000\" class=\"11\">\r\n                <div>День,</div>\r\n                <div>Надя на удаленку попасть не может, ей пароль не\r\n                  меняли?&nbsp;</div>\r\n              </div>\r\n            </blockquote>\r\n          </blockquote>\r\n          <br>\r\n        </div>\r\n      </div>\r\n    </blockquote><br></div></div></body></html><br><br>','utf-8',1,0,0,'<708236195.224033.1591622231932.JavaMail.zimbra@t-logist.com>',1,24785,1591865044,NULL,'INBOX'),(1,'[\"vit@itilus.com\"]','[\"count.sub@t-logist.com\",\"24@itilus.com\"]','[\"main.lgst@t-logist.com\"]','[]','1591624034','Re: пароль Надежды','<html>\r\n  <head>\r\n    <meta http-equiv=\"Content-Type\" content=\"text/html; charset=UTF-8\">\r\n  </head>\r\n  <body text=\"#000000\" bgcolor=\"#FFFFFF\">\r\n    чудно!\r\n    <div class=\"moz-signature\">\r\n      <meta http-equiv=\"content-type\" content=\"text/html; charset=UTF-8\">\r\n      <title></title>\r\n      <pre class=\"moz-signature\" style=\"white-space: pre-wrap; overflow-wrap: break-word !important; color: rgb(0, 0, 0); font-size: 14.16px; font-style: normal; font-variant-ligatures: normal; font-variant-caps: normal; font-weight: 400; letter-spacing: normal; orphans: 2; text-align: start; text-indent: 0px; text-transform: none; widows: 2; word-spacing: 0px; -webkit-text-stroke-width: 0px; background-color: rgb(253, 253, 253); text-decoration-style: initial; text-decoration-color: initial;\">\r\nС Уважением, Виталий «Айтилус»\r\n<span class=\"Object\" role=\"link\" id=\"OBJ_PREFIX_DWT348_ZmEmailObjectHandler\" style=\"white-space: pre-wrap; overflow-wrap: break-word !important; color: rgb(0, 61, 121); text-decoration: none; cursor: pointer;\"><span class=\"Object\" role=\"link\" id=\"OBJ_PREFIX_DWT392_ZmEmailObjectHandler\" style=\"white-space: pre-wrap; overflow-wrap: break-word !important; color: rgb(0, 61, 121); text-decoration: none; cursor: pointer;\"><a class=\"moz-txt-link-abbreviated\" href=\"mailto:24@itilus.com\" target=\"_blank\" style=\"white-space: pre-wrap; overflow-wrap: break-word !important; color: rgb(0, 61, 121); text-decoration: none; cursor: pointer;\">vit@itilus.com</a></span></span>\r\nSip to: 203\r\n<span class=\"Object\" role=\"link\" id=\"OBJ_PREFIX_DWT349_com_zimbra_url\" style=\"white-space: pre-wrap; overflow-wrap: break-word !important; color: rgb(0, 61, 121); text-decoration: none; cursor: pointer;\"><span class=\"Object\" role=\"link\" id=\"OBJ_PREFIX_DWT393_com_zimbra_url\" style=\"white-space: pre-wrap; overflow-wrap: break-word !important; color: rgb(0, 61, 121); text-decoration: none; cursor: pointer;\"><a class=\"moz-txt-link-abbreviated\" href=\"http://www.itilus.com/\" target=\"_blank\" style=\"white-space: pre-wrap; overflow-wrap: break-word !important; color: rgb(0, 61, 121); text-decoration: none; cursor: pointer;\">www.itilus.com</a></span></span>\r\n<span class=\"Object\" role=\"link\" id=\"OBJ_PREFIX_DWT350_com_zimbra_url\" style=\"white-space: pre-wrap; overflow-wrap: break-word !important; color: rgb(0, 61, 121); text-decoration: none; cursor: pointer;\"><span class=\"Object\" role=\"link\" id=\"OBJ_PREFIX_DWT394_com_zimbra_url\" style=\"white-space: pre-wrap; overflow-wrap: break-word !important; color: rgb(0, 61, 121); text-decoration: none; cursor: pointer;\"><a class=\"moz-txt-link-abbreviated\" href=\"http://www.itilus.ru/\" target=\"_blank\" style=\"white-space: pre-wrap; overflow-wrap: break-word !important; color: rgb(0, 61, 121); text-decoration: none; cursor: pointer;\">www.itilus.ru</a></span></span></pre>\r\n    </div>\r\n    <div class=\"moz-cite-prefix\">08.06.2020 16:17, AAD t-logist пишет:<br>\r\n    </div>\r\n    <blockquote type=\"cite\"\r\n      cite=\"mid:708236195.224033.1591622231932.JavaMail.zimbra@t-logist.com\">\r\n      <meta http-equiv=\"content-type\" content=\"text/html; charset=UTF-8\">\r\n      <div style=\"font-family: arial, helvetica, sans-serif; font-size:\r\n        12pt; color: #000000\">\r\n        <div>пишет, чт осправилась</div>\r\n        <div>Спасибо</div>\r\n        <div>видимо, перегрев</div>\r\n        <div><br>\r\n        </div>\r\n        <hr id=\"zwchr\" data-marker=\"__DIVIDER__\">\r\n        <div data-marker=\"__HEADERS__\"><b>От: </b>\"24\"\r\n          <a class=\"moz-txt-link-rfc2396E\" href=\"mailto:24@itilus.com\">&lt;24@itilus.com&gt;</a><br>\r\n          <b>Кому: </b>\"AAD t-logist\" <a class=\"moz-txt-link-rfc2396E\" href=\"mailto:count.sub@t-logist.com\">&lt;count.sub@t-logist.com&gt;</a>,\r\n          \"vit\" <a class=\"moz-txt-link-rfc2396E\" href=\"mailto:vit@itilus.com\">&lt;vit@itilus.com&gt;</a><br>\r\n          <b>Копия: </b>\"ДК\" <a class=\"moz-txt-link-rfc2396E\" href=\"mailto:main.lgst@t-logist.com\">&lt;main.lgst@t-logist.com&gt;</a><br>\r\n          <b>Отправленные: </b>Понедельник, 8 Июнь 2020 г 16:06:11<br>\r\n          <b>Тема: </b>Re: пароль Надежды<br>\r\n        </div>\r\n        <div><br>\r\n        </div>\r\n        <div data-marker=\"__QUOTED_TEXT__\">\r\n          <p>я только что попробовал - всё работает</p>\r\n          <p>Пусть перезагрузит локалььный комп, посмотрит КАПС ЛОК и\r\n            раскладку и снова подключится или дайте тимвьюэр, сделаю я\r\n            сам вместе с ней</p>\r\n          <p>(можно через телеграм)<br>\r\n          </p>\r\n          <div class=\"moz-signature\">\r\n            <title></title>\r\n            <pre class=\"moz-signature\" style=\"white-space: pre-wrap; overflow-wrap: break-word !important; color: rgb(0, 0, 0); font-size: 14.16px; font-style: normal; font-variant-ligatures: normal; font-variant-caps: normal; font-weight: 400; letter-spacing: normal; orphans: 2; text-align: start; text-indent: 0px; text-transform: none; widows: 2; word-spacing: 0px; -webkit-text-stroke-width: 0px; text-decoration-style: initial; text-decoration-color: initial; background-color: rgb(253, 253, 253);\">С Уважением, Служба технической поддержки «Айтилус»\r\n<span class=\"Object\" id=\"OBJ_PREFIX_DWT348_ZmEmailObjectHandler\" style=\"white-space: pre-wrap; overflow-wrap: break-word !important; color: rgb(0, 61, 121); text-decoration: none; cursor: pointer;\"><span class=\"Object\" id=\"OBJ_PREFIX_DWT392_ZmEmailObjectHandler\" style=\"white-space: pre-wrap; overflow-wrap: break-word !important; color: rgb(0, 61, 121); text-decoration: none; cursor: pointer;\"><span class=\"Object\" id=\"OBJ_PREFIX_DWT100_ZmEmailObjectHandler\" style=\"white-space: pre-wrap; overflow-wrap: break-word !important; color: rgb(0, 61, 121); text-decoration: none; cursor: pointer;\"><span class=\"Object\" id=\"OBJ_PREFIX_DWT104_ZmEmailObjectHandler\" style=\"white-space: pre-wrap; overflow-wrap: break-word !important; color: rgb(0, 61, 121); text-decoration: none; cursor: pointer;\"><a class=\"moz-txt-link-abbreviated\" href=\"mailto:24@itilus.com\" target=\"_blank\" style=\"white-space: pre-wrap; overflow-wrap: break-word !important; color: rgb(0, 61, 121); text-decoration: none; cursor: pointer;\" moz-do-not-send=\"true\">24@itilus.com</a></span></span></span></span>\r\nSip to: 3301\r\nSip to: 203\r\n<span class=\"Object\" id=\"OBJ_PREFIX_DWT349_com_zimbra_url\" style=\"white-space: pre-wrap; overflow-wrap: break-word !important; color: rgb(0, 61, 121); text-decoration: none; cursor: pointer;\"><span class=\"Object\" id=\"OBJ_PREFIX_DWT393_com_zimbra_url\" style=\"white-space: pre-wrap; overflow-wrap: break-word !important; color: rgb(0, 61, 121); text-decoration: none; cursor: pointer;\"><span class=\"Object\" id=\"OBJ_PREFIX_DWT101_com_zimbra_url\" style=\"white-space: pre-wrap; overflow-wrap: break-word !important; color: rgb(0, 61, 121); text-decoration: none; cursor: pointer;\"><span class=\"Object\" id=\"OBJ_PREFIX_DWT105_com_zimbra_url\" style=\"white-space: pre-wrap; overflow-wrap: break-word !important; color: rgb(0, 61, 121); text-decoration: none; cursor: pointer;\"><a class=\"moz-txt-link-abbreviated\" href=\"http://www.itilus.com/\" target=\"_blank\" style=\"white-space: pre-wrap; overflow-wrap: break-word !important; color: rgb(0, 61, 121); text-decoration: none; cursor: pointer;\" moz-do-not-send=\"true\">www.itilus.com</a></span></span></span></span>\r\n<span class=\"Object\" id=\"OBJ_PREFIX_DWT350_com_zimbra_url\" style=\"white-space: pre-wrap; overflow-wrap: break-word !important; color: rgb(0, 61, 121); text-decoration: none; cursor: pointer;\"><span class=\"Object\" id=\"OBJ_PREFIX_DWT394_com_zimbra_url\" style=\"white-space: pre-wrap; overflow-wrap: break-word !important; color: rgb(0, 61, 121); text-decoration: none; cursor: pointer;\"><span class=\"Object\" id=\"OBJ_PREFIX_DWT102_com_zimbra_url\" style=\"white-space: pre-wrap; overflow-wrap: break-word !important; color: rgb(0, 61, 121); text-decoration: none; cursor: pointer;\"><span class=\"Object\" id=\"OBJ_PREFIX_DWT106_com_zimbra_url\" style=\"white-space: pre-wrap; overflow-wrap: break-word !important; color: rgb(0, 61, 121); text-decoration: none; cursor: pointer;\"><a class=\"moz-txt-link-abbreviated\" href=\"http://www.itilus.ru/\" target=\"_blank\" style=\"white-space: pre-wrap; overflow-wrap: break-word !important; color: rgb(0, 61, 121); text-decoration: none; cursor: pointer;\" moz-do-not-send=\"true\">www.itilus.ru</a></span></span></span></span></pre>\r\n          </div>\r\n          <div class=\"moz-cite-prefix\">08.06.2020 16:04, AAD t-logist\r\n            пишет:<br>\r\n          </div>\r\n          <blockquote\r\n            cite=\"mid:1312522935.223838.1591621490765.JavaMail.zimbra@t-logist.com\">\r\n            <div style=\"font-family: arial, helvetica, sans-serif;\r\n              font-size: 12pt; color: #000000\">\r\n              <div>Вит,</div>\r\n              <div>а можно тебя попросить если у нее ничего не получится\r\n                с ней связаться или дай ее пароль - я попробую как-то\r\n                вместе с ней</div>\r\n              <div><br>\r\n              </div>\r\n              <hr id=\"zwchr\">\r\n              <div><b>От: </b>\"vit\" <a class=\"moz-txt-link-rfc2396E\"\r\n                  href=\"mailto:vit@itilus.com\" target=\"_blank\"\r\n                  moz-do-not-send=\"true\">&lt;vit@itilus.com&gt;</a><br>\r\n                <b>Кому: </b>\"AAD t-logist\" <a\r\n                  class=\"moz-txt-link-rfc2396E\"\r\n                  href=\"mailto:count.sub@t-logist.com\" target=\"_blank\"\r\n                  moz-do-not-send=\"true\">&lt;count.sub@t-logist.com&gt;</a>,\r\n                \"24\" <a class=\"moz-txt-link-rfc2396E\"\r\n                  href=\"mailto:24@itilus.com\" target=\"_blank\"\r\n                  moz-do-not-send=\"true\">&lt;24@itilus.com&gt;</a><br>\r\n                <b>Копия: </b>\"ДК\" <a class=\"moz-txt-link-rfc2396E\"\r\n                  href=\"mailto:main.lgst@t-logist.com\" target=\"_blank\"\r\n                  moz-do-not-send=\"true\">&lt;main.lgst@t-logist.com&gt;</a><br>\r\n                <b>Отправленные: </b>Понедельник, 8 Июнь 2020 г\r\n                15:59:54<br>\r\n                <b>Тема: </b>Re: пароль Надежды<br>\r\n              </div>\r\n              <div><br>\r\n              </div>\r\n              <div>\r\n                <p>Ничего не меняем просто так без предупреждения. <br>\r\n                  Спасибо за доверие !</p>\r\n                <p>Мы не меняли ничего<br>\r\n                </p>\r\n                <div class=\"moz-signature\">\r\n                  <title></title>\r\n                  <pre class=\"moz-signature\" style=\"white-space: pre-wrap; overflow-wrap: break-word !important; color: rgb(0, 0, 0); font-size: 14.16px; font-style: normal; font-variant-ligatures: normal; font-variant-caps: normal; font-weight: 400; letter-spacing: normal; orphans: 2; text-align: start; text-indent: 0px; text-transform: none; widows: 2; word-spacing: 0px; -webkit-text-stroke-width: 0px; background-color: rgb(253, 253, 253); text-decoration-style: initial; text-decoration-color: initial;\">С Уважением, Виталий «Айтилус»\r\n<span class=\"Object\" id=\"OBJ_PREFIX_DWT348_ZmEmailObjectHandler\" style=\"white-space: pre-wrap; overflow-wrap: break-word !important; color: rgb(0, 61, 121); text-decoration: none; cursor: pointer;\"><span class=\"Object\" id=\"OBJ_PREFIX_DWT392_ZmEmailObjectHandler\" style=\"white-space: pre-wrap; overflow-wrap: break-word !important; color: rgb(0, 61, 121); text-decoration: none; cursor: pointer;\"><a class=\"moz-txt-link-abbreviated\" href=\"mailto:24@itilus.com\" target=\"_blank\" style=\"white-space: pre-wrap; overflow-wrap: break-word !important; color: rgb(0, 61, 121); text-decoration: none; cursor: pointer;\" moz-do-not-send=\"true\">vit@itilus.com</a></span></span>\r\nSip to: 203\r\n<span class=\"Object\" id=\"OBJ_PREFIX_DWT349_com_zimbra_url\" style=\"white-space: pre-wrap; overflow-wrap: break-word !important; color: rgb(0, 61, 121); text-decoration: none; cursor: pointer;\"><span class=\"Object\" id=\"OBJ_PREFIX_DWT393_com_zimbra_url\" style=\"white-space: pre-wrap; overflow-wrap: break-word !important; color: rgb(0, 61, 121); text-decoration: none; cursor: pointer;\"><a class=\"moz-txt-link-abbreviated\" href=\"http://www.itilus.com/\" target=\"_blank\" style=\"white-space: pre-wrap; overflow-wrap: break-word !important; color: rgb(0, 61, 121); text-decoration: none; cursor: pointer;\" moz-do-not-send=\"true\">www.itilus.com</a></span></span>\r\n<span class=\"Object\" id=\"OBJ_PREFIX_DWT350_com_zimbra_url\" style=\"white-space: pre-wrap; overflow-wrap: break-word !important; color: rgb(0, 61, 121); text-decoration: none; cursor: pointer;\"><span class=\"Object\" id=\"OBJ_PREFIX_DWT394_com_zimbra_url\" style=\"white-space: pre-wrap; overflow-wrap: break-word !important; color: rgb(0, 61, 121); text-decoration: none; cursor: pointer;\"><a class=\"moz-txt-link-abbreviated\" href=\"http://www.itilus.ru/\" target=\"_blank\" style=\"white-space: pre-wrap; overflow-wrap: break-word !important; color: rgb(0, 61, 121); text-decoration: none; cursor: pointer;\" moz-do-not-send=\"true\">www.itilus.ru</a></span></span></pre>\r\n                </div>\r\n                <div class=\"moz-cite-prefix\">08.06.2020 15:58, Виталий\r\n                  \"АЙТИЛУС\" пишет:<br>\r\n                </div>\r\n                <blockquote\r\n                  cite=\"mid:401bc15d-7618-f800-6d53-9f6f3f2879f6@itilus.com\">\r\n                  Зачем поменяли ?<br>\r\n                  <div class=\"moz-signature\">\r\n                    <title></title>\r\n                    <pre class=\"moz-signature\" style=\"white-space: pre-wrap; overflow-wrap: break-word !important; color: rgb(0, 0, 0); font-size: 14.16px; font-style: normal; font-variant-ligatures: normal; font-variant-caps: normal; font-weight: 400; letter-spacing: normal; orphans: 2; text-align: start; text-indent: 0px; text-transform: none; widows: 2; word-spacing: 0px; -webkit-text-stroke-width: 0px; background-color: rgb(253, 253, 253); text-decoration-style: initial; text-decoration-color: initial;\">С Уважением, Виталий «Айтилус»\r\n<span class=\"Object\" id=\"OBJ_PREFIX_DWT348_ZmEmailObjectHandler\" style=\"white-space: pre-wrap; overflow-wrap: break-word !important; color: rgb(0, 61, 121); text-decoration: none; cursor: pointer;\"><span class=\"Object\" id=\"OBJ_PREFIX_DWT392_ZmEmailObjectHandler\" style=\"white-space: pre-wrap; overflow-wrap: break-word !important; color: rgb(0, 61, 121); text-decoration: none; cursor: pointer;\"><a class=\"moz-txt-link-abbreviated\" href=\"mailto:24@itilus.com\" target=\"_blank\" style=\"white-space: pre-wrap; overflow-wrap: break-word !important; color: rgb(0, 61, 121); text-decoration: none; cursor: pointer;\" moz-do-not-send=\"true\">vit@itilus.com</a></span></span>\r\nSip to: 203\r\n<span class=\"Object\" id=\"OBJ_PREFIX_DWT349_com_zimbra_url\" style=\"white-space: pre-wrap; overflow-wrap: break-word !important; color: rgb(0, 61, 121); text-decoration: none; cursor: pointer;\"><span class=\"Object\" id=\"OBJ_PREFIX_DWT393_com_zimbra_url\" style=\"white-space: pre-wrap; overflow-wrap: break-word !important; color: rgb(0, 61, 121); text-decoration: none; cursor: pointer;\"><a class=\"moz-txt-link-abbreviated\" href=\"http://www.itilus.com/\" target=\"_blank\" style=\"white-space: pre-wrap; overflow-wrap: break-word !important; color: rgb(0, 61, 121); text-decoration: none; cursor: pointer;\" moz-do-not-send=\"true\">www.itilus.com</a></span></span>\r\n<span class=\"Object\" id=\"OBJ_PREFIX_DWT350_com_zimbra_url\" style=\"white-space: pre-wrap; overflow-wrap: break-word !important; color: rgb(0, 61, 121); text-decoration: none; cursor: pointer;\"><span class=\"Object\" id=\"OBJ_PREFIX_DWT394_com_zimbra_url\" style=\"white-space: pre-wrap; overflow-wrap: break-word !important; color: rgb(0, 61, 121); text-decoration: none; cursor: pointer;\"><a class=\"moz-txt-link-abbreviated\" href=\"http://www.itilus.ru/\" target=\"_blank\" style=\"white-space: pre-wrap; overflow-wrap: break-word !important; color: rgb(0, 61, 121); text-decoration: none; cursor: pointer;\" moz-do-not-send=\"true\">www.itilus.ru</a></span></span></pre>\r\n                  </div>\r\n                  <div class=\"moz-cite-prefix\">08.06.2020 15:54, AAD\r\n                    t-logist пишет:<br>\r\n                  </div>\r\n                  <blockquote\r\n                    cite=\"mid:1113877212.223728.1591620874090.JavaMail.zimbra@t-logist.com\">\r\n                    <div id=\"zimbraEditorContainer\" style=\"font-family:\r\n                      arial, helvetica, sans-serif; font-size: 12pt;\r\n                      color: #000000\" class=\"11\">\r\n                      <div>День,</div>\r\n                      <div>Надя на удаленку попасть не может, ей пароль\r\n                        не меняли? </div>\r\n                    </div>\r\n                  </blockquote>\r\n                </blockquote>\r\n                <br>\r\n              </div>\r\n            </div>\r\n          </blockquote>\r\n          <br>\r\n        </div>\r\n      </div>\r\n    </blockquote>\r\n  </body>\r\n</html>\r\n<br><br>','utf-8',1,0,0,'<755e33f0-085b-deec-b3b3-76bec9f523aa@itilus.com>',1,24786,1591865044,NULL,'INBOX'),(1,'[\"cnt.lgst@t-logist.com\"]','[\"24@itilus.com\"]','[]','[]','1591625903','сбис','Добрый день!\r\n\r\nВ третьей трубе (73) требуется настройка плагина.\r\n\r\nПросьба помочь.\r\n\r\nОставила открытым окно и вышла.\n\n','utf-8',0,0,0,'<c5528c02-e5fd-019a-740b-4c99053810cb@t-logist.com>',1,24788,1591865045,NULL,'INBOX'),(1,'[\"llc.ringo@gmail.com\"]','[\"24@itilus.com\"]','[]','[]','1591626184','ключи','Еще раз, здравствуйте!\r\n\r\nВо 2 трубе. ключ (ПСБ) вижу, но подключить не дает - пишет, что занят.\r\n\r\nПосмотрите, пожалуйста.\n\n','utf-8',0,0,0,'<d4e8513c-c1eb-c568-6fa4-3aa55cfc463a@gmail.com>',1,24789,1591865045,NULL,'INBOX'),(1,'[\"vit@itilus.com\"]','[\"llc.ringo@gmail.com\",\"24@itilus.com\"]','[]','[]','1591627400','Re: ключи','<html>\r\n  <head>\r\n    <meta http-equiv=\"Content-Type\" content=\"text/html; charset=UTF-8\">\r\n  </head>\r\n  <body text=\"#000000\" bgcolor=\"#FFFFFF\">\r\n    <p>Подключил ключ. Проверьте пжл<br>\r\n    </p>\r\n    <div class=\"moz-signature\">\r\n      <meta http-equiv=\"content-type\" content=\"text/html; charset=UTF-8\">\r\n      <title></title>\r\n      <pre class=\"moz-signature\" style=\"white-space: pre-wrap; overflow-wrap: break-word !important; color: rgb(0, 0, 0); font-size: 14.16px; font-style: normal; font-variant-ligatures: normal; font-variant-caps: normal; font-weight: 400; letter-spacing: normal; orphans: 2; text-align: start; text-indent: 0px; text-transform: none; widows: 2; word-spacing: 0px; -webkit-text-stroke-width: 0px; background-color: rgb(253, 253, 253); text-decoration-style: initial; text-decoration-color: initial;\">\r\nС Уважением, Виталий «Айтилус»\r\n<span class=\"Object\" role=\"link\" id=\"OBJ_PREFIX_DWT348_ZmEmailObjectHandler\" style=\"white-space: pre-wrap; overflow-wrap: break-word !important; color: rgb(0, 61, 121); text-decoration: none; cursor: pointer;\"><span class=\"Object\" role=\"link\" id=\"OBJ_PREFIX_DWT392_ZmEmailObjectHandler\" style=\"white-space: pre-wrap; overflow-wrap: break-word !important; color: rgb(0, 61, 121); text-decoration: none; cursor: pointer;\"><a class=\"moz-txt-link-abbreviated\" href=\"mailto:24@itilus.com\" target=\"_blank\" style=\"white-space: pre-wrap; overflow-wrap: break-word !important; color: rgb(0, 61, 121); text-decoration: none; cursor: pointer;\">vit@itilus.com</a></span></span>\r\nSip to: 203\r\n<span class=\"Object\" role=\"link\" id=\"OBJ_PREFIX_DWT349_com_zimbra_url\" style=\"white-space: pre-wrap; overflow-wrap: break-word !important; color: rgb(0, 61, 121); text-decoration: none; cursor: pointer;\"><span class=\"Object\" role=\"link\" id=\"OBJ_PREFIX_DWT393_com_zimbra_url\" style=\"white-space: pre-wrap; overflow-wrap: break-word !important; color: rgb(0, 61, 121); text-decoration: none; cursor: pointer;\"><a class=\"moz-txt-link-abbreviated\" href=\"http://www.itilus.com/\" target=\"_blank\" style=\"white-space: pre-wrap; overflow-wrap: break-word !important; color: rgb(0, 61, 121); text-decoration: none; cursor: pointer;\">www.itilus.com</a></span></span>\r\n<span class=\"Object\" role=\"link\" id=\"OBJ_PREFIX_DWT350_com_zimbra_url\" style=\"white-space: pre-wrap; overflow-wrap: break-word !important; color: rgb(0, 61, 121); text-decoration: none; cursor: pointer;\"><span class=\"Object\" role=\"link\" id=\"OBJ_PREFIX_DWT394_com_zimbra_url\" style=\"white-space: pre-wrap; overflow-wrap: break-word !important; color: rgb(0, 61, 121); text-decoration: none; cursor: pointer;\"><a class=\"moz-txt-link-abbreviated\" href=\"http://www.itilus.ru/\" target=\"_blank\" style=\"white-space: pre-wrap; overflow-wrap: break-word !important; color: rgb(0, 61, 121); text-decoration: none; cursor: pointer;\">www.itilus.ru</a></span></span></pre>\r\n    </div>\r\n    <div class=\"moz-cite-prefix\">08.06.2020 17:22, OOO Ringo пишет:<br>\r\n    </div>\r\n    <blockquote type=\"cite\"\r\n      cite=\"mid:d4e8513c-c1eb-c568-6fa4-3aa55cfc463a@gmail.com\">Еще раз,\r\n      здравствуйте!\r\n      <br>\r\n      <br>\r\n      Во 2 трубе. ключ (ПСБ) вижу, но подключить не дает - пишет, что\r\n      занят.\r\n      <br>\r\n      <br>\r\n      Посмотрите, пожалуйста.\r\n      <br>\r\n      <br>\r\n    </blockquote>\r\n  </body>\r\n</html>\r\n<br><br>','utf-8',1,0,0,'<2e30a939-3677-7646-c119-5fe7228a01d6@itilus.com>',1,24790,1591865045,NULL,'INBOX'),(1,'[\"cnt.lgst@t-logist.com\"]','[\"24@itilus.com\"]','[]','[]','1591627424','Re: сбис','<html>\r\n  <head>\r\n    <meta http-equiv=\"Content-Type\" content=\"text/html; charset=utf-8\">\r\n  </head>\r\n  <body text=\"#000000\" bgcolor=\"#FFFFFF\">\r\n    <p>заработал <br>\r\n    </p>\r\n    <p>Спасибо!<br>\r\n    </p>\r\n    <br>\r\n    <div class=\"moz-cite-prefix\">08.06.2020 17:36, Айтилус пишет:<br>\r\n    </div>\r\n    <blockquote type=\"cite\"\r\n      cite=\"mid:3cc8e263-5b57-bc51-7ead-8d864778c5e8@itilus.com\">\r\n      <meta http-equiv=\"Content-Type\" content=\"text/html; charset=utf-8\">\r\n      <p>Кажется - завис СБИС плагин<br>\r\n        Перезапустил плагин. Пробуй<br>\r\n      </p>\r\n      <div class=\"moz-signature\">\r\n        <meta http-equiv=\"content-type\" content=\"text/html;\r\n          charset=utf-8\">\r\n        <title></title>\r\n        <pre class=\"moz-signature\" style=\"white-space: pre-wrap; overflow-wrap: break-word !important; color: rgb(0, 0, 0); font-size: 14.16px; font-style: normal; font-variant-ligatures: normal; font-variant-caps: normal; font-weight: 400; letter-spacing: normal; orphans: 2; text-align: start; text-indent: 0px; text-transform: none; widows: 2; word-spacing: 0px; -webkit-text-stroke-width: 0px; text-decoration-style: initial; text-decoration-color: initial; background-color: rgb(253, 253, 253);\">С Уважением, Служба технической поддержки «Айтилус»\r\n<span class=\"Object\" id=\"OBJ_PREFIX_DWT348_ZmEmailObjectHandler\" style=\"white-space: pre-wrap; overflow-wrap: break-word !important; color: rgb(0, 61, 121); text-decoration: none; cursor: pointer;\"><span class=\"Object\" id=\"OBJ_PREFIX_DWT392_ZmEmailObjectHandler\" style=\"white-space: pre-wrap; overflow-wrap: break-word !important; color: rgb(0, 61, 121); text-decoration: none; cursor: pointer;\"><span class=\"Object\" role=\"link\" id=\"OBJ_PREFIX_DWT100_ZmEmailObjectHandler\" style=\"white-space: pre-wrap; overflow-wrap: break-word !important; color: rgb(0, 61, 121); text-decoration: none; cursor: pointer;\"><span class=\"Object\" role=\"link\" id=\"OBJ_PREFIX_DWT104_ZmEmailObjectHandler\" style=\"white-space: pre-wrap; overflow-wrap: break-word !important; color: rgb(0, 61, 121); text-decoration: none; cursor: pointer;\"><a class=\"moz-txt-link-abbreviated\" href=\"mailto:24@itilus.com\" target=\"_blank\" style=\"white-space: pre-wrap; overflow-wrap: break-word !important; color: rgb(0, 61, 121); text-decoration: none; cursor: pointer;\" moz-do-not-send=\"true\">24@itilus.com</a></span></span></span></span>\r\nSip to: 3301\r\nSip to: 203\r\n<span class=\"Object\" id=\"OBJ_PREFIX_DWT349_com_zimbra_url\" style=\"white-space: pre-wrap; overflow-wrap: break-word !important; color: rgb(0, 61, 121); text-decoration: none; cursor: pointer;\"><span class=\"Object\" id=\"OBJ_PREFIX_DWT393_com_zimbra_url\" style=\"white-space: pre-wrap; overflow-wrap: break-word !important; color: rgb(0, 61, 121); text-decoration: none; cursor: pointer;\"><span class=\"Object\" role=\"link\" id=\"OBJ_PREFIX_DWT101_com_zimbra_url\" style=\"white-space: pre-wrap; overflow-wrap: break-word !important; color: rgb(0, 61, 121); text-decoration: none; cursor: pointer;\"><span class=\"Object\" role=\"link\" id=\"OBJ_PREFIX_DWT105_com_zimbra_url\" style=\"white-space: pre-wrap; overflow-wrap: break-word !important; color: rgb(0, 61, 121); text-decoration: none; cursor: pointer;\"><a class=\"moz-txt-link-abbreviated\" href=\"http://www.itilus.com/\" target=\"_blank\" style=\"white-space: pre-wrap; overflow-wrap: break-word !important; color: rgb(0, 61, 121); text-decoration: none; cursor: pointer;\" moz-do-not-send=\"true\">www.itilus.com</a></span></span></span></span>\r\n<span class=\"Object\" id=\"OBJ_PREFIX_DWT350_com_zimbra_url\" style=\"white-space: pre-wrap; overflow-wrap: break-word !important; color: rgb(0, 61, 121); text-decoration: none; cursor: pointer;\"><span class=\"Object\" id=\"OBJ_PREFIX_DWT394_com_zimbra_url\" style=\"white-space: pre-wrap; overflow-wrap: break-word !important; color: rgb(0, 61, 121); text-decoration: none; cursor: pointer;\"><span class=\"Object\" role=\"link\" id=\"OBJ_PREFIX_DWT102_com_zimbra_url\" style=\"white-space: pre-wrap; overflow-wrap: break-word !important; color: rgb(0, 61, 121); text-decoration: none; cursor: pointer;\"><span class=\"Object\" role=\"link\" id=\"OBJ_PREFIX_DWT106_com_zimbra_url\" style=\"white-space: pre-wrap; overflow-wrap: break-word !important; color: rgb(0, 61, 121); text-decoration: none; cursor: pointer;\"><a class=\"moz-txt-link-abbreviated\" href=\"http://www.itilus.ru/\" target=\"_blank\" style=\"white-space: pre-wrap; overflow-wrap: break-word !important; color: rgb(0, 61, 121); text-decoration: none; cursor: pointer;\" moz-do-not-send=\"true\">www.itilus.ru</a></span></span></span></span></pre>\r\n      </div>\r\n      <div class=\"moz-cite-prefix\">08.06.2020 17:18, Svet пишет:<br>\r\n      </div>\r\n      <blockquote type=\"cite\"\r\n        cite=\"mid:c5528c02-e5fd-019a-740b-4c99053810cb@t-logist.com\">Добрый\r\n        день! <br>\r\n        <br>\r\n        В третьей трубе (73) требуется настройка плагина. <br>\r\n        <br>\r\n        Просьба помочь. <br>\r\n        <br>\r\n        Оставила открытым окно и вышла. <br>\r\n        <br>\r\n      </blockquote>\r\n    </blockquote>\r\n    <br>\r\n  </body>\r\n</html>\r\n<br><br>','utf-8',1,0,0,'<9c993d58-d5a6-0485-7cce-add989993df9@t-logist.com>',1,24793,1591865045,NULL,'INBOX'),(1,'[\"cnt.lgst@t-logist.com\"]','[\"vit@itilus.com\",\"24@itilus.com\"]','[]','[]','1591629720','Re: ключи','<html>\r\n  <head>\r\n    <meta http-equiv=\"Content-Type\" content=\"text/html; charset=utf-8\">\r\n  </head>\r\n  <body text=\"#000000\" bgcolor=\"#FFFFFF\">\r\n    спасибо все работает.<br>\r\n    <br>\r\n    первый раз ошибочно не с той почты написала. сорри. в ней письмо\r\n    писала в банк, и Вам нечаянно оттуда же.<br>\r\n    <br>\r\n    <br>\r\n    <div class=\"moz-cite-prefix\">08.06.2020 17:43, Виталий \"АЙТИЛУС\"\r\n      пишет:<br>\r\n    </div>\r\n    <blockquote type=\"cite\"\r\n      cite=\"mid:2e30a939-3677-7646-c119-5fe7228a01d6@itilus.com\">\r\n      <meta http-equiv=\"Content-Type\" content=\"text/html; charset=utf-8\">\r\n      <p>Подключил ключ. Проверьте пжл<br>\r\n      </p>\r\n      <div class=\"moz-signature\">\r\n        <meta http-equiv=\"content-type\" content=\"text/html;\r\n          charset=utf-8\">\r\n        <title></title>\r\n        <pre class=\"moz-signature\" style=\"white-space: pre-wrap; overflow-wrap: break-word !important; color: rgb(0, 0, 0); font-size: 14.16px; font-style: normal; font-variant-ligatures: normal; font-variant-caps: normal; font-weight: 400; letter-spacing: normal; orphans: 2; text-align: start; text-indent: 0px; text-transform: none; widows: 2; word-spacing: 0px; -webkit-text-stroke-width: 0px; background-color: rgb(253, 253, 253); text-decoration-style: initial; text-decoration-color: initial;\">С Уважением, Виталий «Айтилус»\r\n<span class=\"Object\" role=\"link\" id=\"OBJ_PREFIX_DWT348_ZmEmailObjectHandler\" style=\"white-space: pre-wrap; overflow-wrap: break-word !important; color: rgb(0, 61, 121); text-decoration: none; cursor: pointer;\"><span class=\"Object\" role=\"link\" id=\"OBJ_PREFIX_DWT392_ZmEmailObjectHandler\" style=\"white-space: pre-wrap; overflow-wrap: break-word !important; color: rgb(0, 61, 121); text-decoration: none; cursor: pointer;\"><a class=\"moz-txt-link-abbreviated\" href=\"mailto:24@itilus.com\" target=\"_blank\" style=\"white-space: pre-wrap; overflow-wrap: break-word !important; color: rgb(0, 61, 121); text-decoration: none; cursor: pointer;\" moz-do-not-send=\"true\">vit@itilus.com</a></span></span>\r\nSip to: 203\r\n<span class=\"Object\" role=\"link\" id=\"OBJ_PREFIX_DWT349_com_zimbra_url\" style=\"white-space: pre-wrap; overflow-wrap: break-word !important; color: rgb(0, 61, 121); text-decoration: none; cursor: pointer;\"><span class=\"Object\" role=\"link\" id=\"OBJ_PREFIX_DWT393_com_zimbra_url\" style=\"white-space: pre-wrap; overflow-wrap: break-word !important; color: rgb(0, 61, 121); text-decoration: none; cursor: pointer;\"><a class=\"moz-txt-link-abbreviated\" href=\"http://www.itilus.com/\" target=\"_blank\" style=\"white-space: pre-wrap; overflow-wrap: break-word !important; color: rgb(0, 61, 121); text-decoration: none; cursor: pointer;\" moz-do-not-send=\"true\">www.itilus.com</a></span></span>\r\n<span class=\"Object\" role=\"link\" id=\"OBJ_PREFIX_DWT350_com_zimbra_url\" style=\"white-space: pre-wrap; overflow-wrap: break-word !important; color: rgb(0, 61, 121); text-decoration: none; cursor: pointer;\"><span class=\"Object\" role=\"link\" id=\"OBJ_PREFIX_DWT394_com_zimbra_url\" style=\"white-space: pre-wrap; overflow-wrap: break-word !important; color: rgb(0, 61, 121); text-decoration: none; cursor: pointer;\"><a class=\"moz-txt-link-abbreviated\" href=\"http://www.itilus.ru/\" target=\"_blank\" style=\"white-space: pre-wrap; overflow-wrap: break-word !important; color: rgb(0, 61, 121); text-decoration: none; cursor: pointer;\" moz-do-not-send=\"true\">www.itilus.ru</a></span></span></pre>\r\n      </div>\r\n      <div class=\"moz-cite-prefix\">08.06.2020 17:22, OOO Ringo пишет:<br>\r\n      </div>\r\n      <blockquote type=\"cite\"\r\n        cite=\"mid:d4e8513c-c1eb-c568-6fa4-3aa55cfc463a@gmail.com\">Еще\r\n        раз, здравствуйте! <br>\r\n        <br>\r\n        Во 2 трубе. ключ (ПСБ) вижу, но подключить не дает - пишет, что\r\n        занят. <br>\r\n        <br>\r\n        Посмотрите, пожалуйста. <br>\r\n        <br>\r\n      </blockquote>\r\n    </blockquote>\r\n    <br>\r\n  </body>\r\n</html>\r\n<br><br>','utf-8',1,0,0,'<5d31545c-5510-0716-09f7-91d16c407273@t-logist.com>',1,24795,1591865045,NULL,'INBOX'),(1,'[\"buhgalter@tk-ptg.ru\"]','[\"boxkvt@gmail.com\",\"vit@itilus.com\"]','[]','[]','1591781914','Транспортная компания Партнер-Транс-Гарант ИНН 7725765634','<!DOCTYPE html PUBLIC \"-//W3C//DTD HTML 4.01 Transitional//EN\">\r\n<html>\r\n<head>\r\n  <meta content=\"text/html;charset=UTF-8\" http-equiv=\"Content-Type\">\r\n</head>\r\n<body bgcolor=\"#ffffff\" text=\"#000000\">\r\nКонстантин, добрый день!<br>\r\nНиже ответ наших партнеров. Можно сделать как они просят?<br>\r\nС уважением<br>\r\nОльга<br>\r\n<blockquote\r\n cite=\"mid6AD37D7557A0A34C91E3CCEF4B2D136004134B59@spline-mx2.spline.center\"\r\n type=\"cite\">\r\n  <meta http-equiv=\"Content-Type\" content=\"text/html; \">\r\n  <meta name=\"Generator\" content=\"Microsoft Word 14 (filtered medium)\">\r\n<!--[if !mso]><style>v\\:* {behavior:url(#default#VML);}\r\no\\:* {behavior:url(#default#VML);}\r\nw\\:* {behavior:url(#default#VML);}\r\n.shape {behavior:url(#default#VML);}\r\n</style><![endif]-->\r\n  <style><!--\r\n/* Font Definitions */\r\n@font-face\r\n	{font-family:Calibri;\r\n	panose-1:2 15 5 2 2 2 4 3 2 4;}\r\n@font-face\r\n	{font-family:Tahoma;\r\n	panose-1:2 11 6 4 3 5 4 4 2 4;}\r\n/* Style Definitions */\r\np.MsoNormal, li.MsoNormal, div.MsoNormal\r\n	{margin:0cm;\r\n	margin-bottom:.0001pt;\r\n	font-size:12.0pt;\r\n	font-family:\"Times New Roman\",\"serif\";\r\n	color:black;}\r\na:link, span.MsoHyperlink\r\n	{mso-style-priority:99;\r\n	color:blue;\r\n	text-decoration:underline;}\r\na:visited, span.MsoHyperlinkFollowed\r\n	{mso-style-priority:99;\r\n	color:purple;\r\n	text-decoration:underline;}\r\np.MsoAcetate, li.MsoAcetate, div.MsoAcetate\r\n	{mso-style-priority:99;\r\n	mso-style-link:\"Текст выноски Знак\";\r\n	margin:0cm;\r\n	margin-bottom:.0001pt;\r\n	font-size:8.0pt;\r\n	font-family:\"Tahoma\",\"sans-serif\";\r\n	color:black;}\r\nspan.EmailStyle17\r\n	{mso-style-type:personal-reply;\r\n	font-family:\"Calibri\",\"sans-serif\";\r\n	color:#1F497D;}\r\nspan.a\r\n	{mso-style-name:\"Текст выноски Знак\";\r\n	mso-style-priority:99;\r\n	mso-style-link:\"Текст выноски\";\r\n	font-family:\"Tahoma\",\"sans-serif\";\r\n	color:black;}\r\n.MsoChpDefault\r\n	{mso-style-type:export-only;\r\n	font-size:10.0pt;}\r\n@page WordSection1\r\n	{size:612.0pt 792.0pt;\r\n	margin:2.0cm 42.5pt 2.0cm 3.0cm;}\r\ndiv.WordSection1\r\n	{page:WordSection1;}\r\n--></style><!--[if gte mso 9]><xml>\r\n<o:shapedefaults v:ext=\"edit\" spidmax=\"1026\" />\r\n</xml><![endif]--><!--[if gte mso 9]><xml>\r\n<o:shapelayout v:ext=\"edit\">\r\n<o:idmap v:ext=\"edit\" data=\"1\" />\r\n</o:shapelayout></xml><![endif]-->\r\n  <div class=\"WordSection1\">\r\n  <p class=\"MsoNormal\"><span\r\n style=\"font-size: 11pt; font-family: &quot;Calibri&quot;,&quot;sans-serif&quot;; color: rgb(31, 73, 125);\">Добрый\r\nдень!<o:p></o:p></span></p>\r\n  <p class=\"MsoNormal\"><span\r\n style=\"font-size: 11pt; font-family: &quot;Calibri&quot;,&quot;sans-serif&quot;; color: rgb(31, 73, 125);\">Мы\r\nне можем скачать этот файл, попробуйте выложить на другой источник,<o:p></o:p></span></p>\r\n  <p class=\"MsoNormal\"><span\r\n style=\"font-size: 11pt; font-family: &quot;Calibri&quot;,&quot;sans-serif&quot;; color: rgb(31, 73, 125);\">Например,\r\nна Яндекс.Диск<o:p></o:p></span></p>\r\n  <p class=\"MsoNormal\"><span\r\n style=\"font-size: 11pt; font-family: &quot;Calibri&quot;,&quot;sans-serif&quot;; color: rgb(31, 73, 125);\"><o:p> </o:p></span></p>\r\n  <div>\r\n  <p class=\"MsoNormal\"><b><span\r\n style=\"font-size: 11pt; font-family: &quot;Calibri&quot;,&quot;sans-serif&quot;; color: rgb(0, 112, 192);\">С\r\nуважением, <o:p></o:p></span></b></p>\r\n  <p class=\"MsoNormal\"><b><span\r\n style=\"font-size: 11pt; font-family: &quot;Calibri&quot;,&quot;sans-serif&quot;; color: rgb(0, 112, 192);\">Маланова\r\nОльга<o:p></o:p></span></b></p>\r\n  <p class=\"MsoNormal\"><b><span\r\n style=\"font-size: 11pt; font-family: &quot;Calibri&quot;,&quot;sans-serif&quot;; color: rgb(0, 112, 192);\">руководитель\r\nсектора<o:p></o:p></span></b></p>\r\n  <p class=\"MsoNormal\"><b><span\r\n style=\"font-size: 11pt; font-family: &quot;Calibri&quot;,&quot;sans-serif&quot;; color: rgb(0, 112, 192);\">бухгалтерского\r\nПО<o:p></o:p></span></b></p>\r\n  <p class=\"MsoNormal\"><b><span\r\n style=\"font-size: 11pt; font-family: &quot;Calibri&quot;,&quot;sans-serif&quot;; color: rgb(0, 112, 192);\">ООО\r\n\"Сплайн-Сервис\"<o:p></o:p></span></b></p>\r\n  <p class=\"MsoNormal\"><b><span\r\n style=\"font-size: 11pt; font-family: &quot;Calibri&quot;,&quot;sans-serif&quot;; color: rgb(0, 112, 192);\">код\r\nпартнера 02507-45<o:p></o:p></span></b></p>\r\n  <table class=\"MsoNormalTable\" style=\"border-collapse: collapse;\"\r\n border=\"0\" cellpadding=\"0\" cellspacing=\"0\">\r\n    <tbody>\r\n      <tr>\r\n        <td style=\"padding: 0cm 5.4pt;\" valign=\"top\">\r\n        <p class=\"MsoNormal\"><span\r\n style=\"font-size: 11pt; font-family: &quot;Calibri&quot;,&quot;sans-serif&quot;; color: rgb(0, 112, 192);\"><img\r\n id=\"Рисунок_x0020_1\" src=\"cid:part1.03000903.02030701@tk-ptg.ru\"\r\n alt=\"cid:image001.png@01D4C1F8.A62DDA20\" height=\"25\" width=\"25\"></span><span\r\n style=\"font-size: 11pt; font-family: &quot;Calibri&quot;,&quot;sans-serif&quot;; color: rgb(0, 112, 192);\"><o:p></o:p></span></p>\r\n        </td>\r\n        <td style=\"padding: 0cm 5.4pt;\">\r\n        <p class=\"MsoNormal\"><b><span\r\n style=\"font-size: 11pt; font-family: &quot;Calibri&quot;,&quot;sans-serif&quot;; color: rgb(0, 112, 192);\"\r\n lang=\"EN-US\">(</span></b><b><span\r\n style=\"font-size: 11pt; font-family: &quot;Calibri&quot;,&quot;sans-serif&quot;; color: rgb(0, 112, 192);\">495)\r\n580-25-58<o:p></o:p></span></b></p>\r\n        </td>\r\n      </tr>\r\n      <tr>\r\n        <td style=\"padding: 0cm 5.4pt;\" valign=\"top\">\r\n        <p class=\"MsoNormal\"><span\r\n style=\"font-size: 11pt; font-family: &quot;Calibri&quot;,&quot;sans-serif&quot;; color: rgb(0, 112, 192);\"><img\r\n id=\"Рисунок_x0020_2\" src=\"cid:part2.08030304.08020202@tk-ptg.ru\"\r\n alt=\"cid:image002.png@01D4C1F8.A62DDA20\" height=\"23\" width=\"23\"></span><span\r\n style=\"font-size: 11pt; font-family: &quot;Calibri&quot;,&quot;sans-serif&quot;; color: rgb(0, 112, 192);\"><o:p></o:p></span></p>\r\n        </td>\r\n        <td style=\"padding: 0cm 5.4pt;\">\r\n        <p class=\"MsoNormal\"><b><span\r\n style=\"font-size: 11pt; font-family: &quot;Calibri&quot;,&quot;sans-serif&quot;; color: rgb(0, 112, 192);\"\r\n lang=\"EN-US\">1c<a href=\"mailto:soft@debet.ru\"><span\r\n style=\"color: rgb(0, 112, 192); text-decoration: none;\">soft@debet.ru</span></a></span></b><span\r\n style=\"font-size: 11pt; font-family: &quot;Calibri&quot;,&quot;sans-serif&quot;; color: rgb(0, 112, 192);\"><o:p></o:p></span></p>\r\n        </td>\r\n      </tr>\r\n      <tr>\r\n        <td style=\"padding: 0cm 5.4pt;\" valign=\"top\">\r\n        <p class=\"MsoNormal\"><span\r\n style=\"font-size: 11pt; font-family: &quot;Calibri&quot;,&quot;sans-serif&quot;; color: rgb(0, 112, 192);\"><img\r\n id=\"Рисунок_x0020_3\" src=\"cid:part3.05070409.03070605@tk-ptg.ru\"\r\n alt=\"cid:image003.jpg@01D4C1F8.A62DDA20\" border=\"0\" height=\"24\"\r\n width=\"24\"></span><span\r\n style=\"font-size: 11pt; font-family: &quot;Calibri&quot;,&quot;sans-serif&quot;; color: rgb(0, 112, 192);\"><o:p></o:p></span></p>\r\n        </td>\r\n        <td style=\"padding: 0cm 5.4pt;\">\r\n        <p class=\"MsoNormal\" style=\"text-align: center;\" align=\"center\"><b><span\r\n style=\"font-size: 11pt; font-family: &quot;Calibri&quot;,&quot;sans-serif&quot;; color: rgb(0, 112, 192);\"\r\n lang=\"EN-US\"><a href=\"www.spline-service.ru\"><span\r\n style=\"color: rgb(0, 112, 192);\">www.spline-service.ru</span></a><o:p></o:p></span></b></p>\r\n        </td>\r\n      </tr>\r\n    </tbody>\r\n  </table>\r\n  <p class=\"MsoNormal\"><span\r\n style=\"font-size: 11pt; font-family: &quot;Calibri&quot;,&quot;sans-serif&quot;; color: rgb(31, 73, 125);\"><o:p> </o:p></span></p>\r\n  </div>\r\n  <p class=\"MsoNormal\"><span\r\n style=\"font-size: 11pt; font-family: &quot;Calibri&quot;,&quot;sans-serif&quot;; color: rgb(31, 73, 125);\"><o:p> </o:p></span></p>\r\n  <div>\r\n  <div\r\n style=\"border-style: solid none none; border-color: rgb(181, 196, 223) -moz-use-text-color -moz-use-text-color; border-width: 1pt medium medium; padding: 3pt 0cm 0cm;\">\r\n  <p class=\"MsoNormal\"><b><span\r\n style=\"font-size: 10pt; font-family: &quot;Tahoma&quot;,&quot;sans-serif&quot;; color: windowtext;\">From:</span></b><span\r\n style=\"font-size: 10pt; font-family: &quot;Tahoma&quot;,&quot;sans-serif&quot;; color: windowtext;\">\r\nОльга [<a class=\"moz-txt-link-freetext\" href=\"mailto:buhgalter@tk-ptg.ru\">mailto:buhgalter@tk-ptg.ru</a>] <br>\r\n  <b>Posted At:</b> Wednesday, June 10, 2020 10:44 AM<br>\r\n  <b>Posted To:</b> bsoft<br>\r\n  <b>Conversation:</b> Транспортная компания Партнер-Транс-Гарант ИНН\r\n7725765634<br>\r\n  <b>Subject:</b> Транспортная компания Партнер-Транс-Гарант ИНН\r\n7725765634<o:p></o:p></span></p>\r\n  </div>\r\n  </div>\r\n  <p class=\"MsoNormal\"><o:p> </o:p></p>\r\n  <p class=\"MsoNormal\" style=\"margin-bottom: 12pt;\">Добрый день!<br>\r\nДоступ к копии базы 1-С ООО \"ТК ПТГ\"<o:p></o:p></p>\r\n  <div\r\n style=\"border-style: none solid; border-color: -moz-use-text-color rgb(240, 240, 240); border-width: medium 1pt; padding: 0cm;\">\r\n  <div\r\n style=\"border-style: none solid; border-color: -moz-use-text-color rgb(234, 234, 234); border-width: medium 1pt; padding: 0cm 24pt; -moz-background-clip: -moz-initial; -moz-background-origin: -moz-initial; -moz-background-inline-policy: -moz-initial; background-attachment: scroll;\">\r\n  <div>\r\n  <p class=\"MsoNormal\"\r\n style=\"background: white none repeat scroll 0%; line-height: 13.5pt; -moz-background-clip: -moz-initial; -moz-background-origin: -moz-initial; -moz-background-inline-policy: -moz-initial;\"><span\r\n style=\"font-size: 10.5pt; font-family: &quot;Arial&quot;,&quot;sans-serif&quot;; color: rgb(68, 68, 68);\">Пользователь\r\n  <a href=\"mailto:boxkvt@gmail.com\"><span style=\"text-decoration: none;\">boxkvt@gmail.com</span></a>\r\nоткрыл Вам доступ к следующему файлу:<o:p></o:p></span></p>\r\n  </div>\r\n  <div>\r\n  <div\r\n style=\"border-style: none none solid; border-color: -moz-use-text-color -moz-use-text-color white; border-width: medium medium 3pt; padding: 0cm; display: table-row;\">\r\n  <div>\r\n  <p class=\"MsoNormal\"\r\n style=\"background: white none repeat scroll 0%; -moz-background-clip: -moz-initial; -moz-background-origin: -moz-initial; -moz-background-inline-policy: -moz-initial;\"><span\r\n style=\"border: 1pt solid windowtext; padding: 0cm; font-size: 13.5pt; font-family: &quot;Arial&quot;,&quot;sans-serif&quot;;\"><img\r\n id=\"_x0000_i1025\" src=\"cid:part4.00060206.01070706@tk-ptg.ru\"\r\n alt=\"Рисунок удален отправителем.\" border=\"0\" height=\"100\" width=\"100\"></span><span\r\n style=\"font-size: 13.5pt; font-family: &quot;Arial&quot;,&quot;sans-serif&quot;;\"><o:p></o:p></span></p>\r\n  </div>\r\n  <p class=\"MsoNormal\"\r\n style=\"background: white none repeat scroll 0%; -moz-background-clip: -moz-initial; -moz-background-origin: -moz-initial; -moz-background-inline-policy: -moz-initial;\"><span\r\n style=\"font-size: 13.5pt; font-family: &quot;Arial&quot;,&quot;sans-serif&quot;;\"><a\r\n href=\"https://drive.google.com/file/d/1ZaUdJULIelJc2e9KscCzV_Myq1YA_fw6/view?usp=sharing_eil&amp;invite=CNqs980K&amp;ts=5ee07fbf\"><span\r\n style=\"color: rgb(51, 103, 214); text-decoration: none;\">1Cv8exp10062020.dt</span></a>\r\n  <o:p></o:p></span></p>\r\n  </div>\r\n  </div>\r\n  <div>\r\n  <p class=\"MsoNormal\"\r\n style=\"background: white none repeat scroll 0%; -moz-background-clip: -moz-initial; -moz-background-origin: -moz-initial; -moz-background-inline-policy: -moz-initial;\"><span\r\n style=\"font-family: &quot;Arial&quot;,&quot;sans-serif&quot;;\"><a\r\n href=\"https://drive.google.com/file/d/1ZaUdJULIelJc2e9KscCzV_Myq1YA_fw6/view?usp=sharing_eip&amp;invite=CNqs980K&amp;ts=5ee07fbf\"\r\n target=\"_blank\"><b><span\r\n style=\"border: 1pt solid rgb(48, 121, 237); padding: 0cm; background: rgb(77, 144, 254) none repeat scroll 0%; font-size: 8.5pt; color: white; -moz-background-clip: -moz-initial; -moz-background-origin: -moz-initial; -moz-background-inline-policy: -moz-initial; text-decoration: none;\">Открыть</span></b></a><o:p></o:p></span></p>\r\n  </div>\r\n  <div>\r\n  <p class=\"MsoNormal\"\r\n style=\"background: rgb(252, 232, 178) none repeat scroll 0%; -moz-background-clip: -moz-initial; -moz-background-origin: -moz-initial; -moz-background-inline-policy: -moz-initial;\"><span\r\n style=\"font-size: 10pt; font-family: &quot;Arial&quot;,&quot;sans-serif&quot;; color: rgb(68, 68, 68);\">С\r\nпомощью этого приглашения можно получить доступ к файлу или папке без\r\nвхода в аккаунт. Поэтому не отправляйте данное письмо тем, кому не\r\nдоверяете.<o:p></o:p></span></p>\r\n  </div>\r\n  </div>\r\n  </div>\r\n  <table class=\"MsoNormalTable\"\r\n style=\"width: 100%; border-collapse: collapse;\" border=\"0\"\r\n cellpadding=\"0\" cellspacing=\"0\" width=\"100%\">\r\n    <tbody>\r\n      <tr>\r\n        <td style=\"padding: 0cm;\">\r\n        <table class=\"MsoNormalTable\"\r\n style=\"width: 2.25pt; border-collapse: collapse;\" border=\"0\"\r\n cellpadding=\"0\" cellspacing=\"0\" width=\"3\">\r\n          <tbody>\r\n            <tr style=\"height: 0.75pt;\">\r\n              <td\r\n style=\"padding: 0cm; background: rgb(240, 240, 240) none repeat scroll 0%; width: 0.75pt; -moz-background-clip: -moz-initial; -moz-background-origin: -moz-initial; -moz-background-inline-policy: -moz-initial; height: 0.75pt;\"\r\n width=\"1\"><br>\r\n              </td>\r\n              <td\r\n style=\"padding: 0cm; background: rgb(234, 234, 234) none repeat scroll 0%; width: 0.75pt; -moz-background-clip: -moz-initial; -moz-background-origin: -moz-initial; -moz-background-inline-policy: -moz-initial; height: 0.75pt;\"\r\n width=\"1\"><br>\r\n              </td>\r\n              <td\r\n style=\"padding: 0cm; background: rgb(229, 229, 229) none repeat scroll 0%; width: 0.75pt; -moz-background-clip: -moz-initial; -moz-background-origin: -moz-initial; -moz-background-inline-policy: -moz-initial; height: 0.75pt;\"\r\n width=\"1\"><br>\r\n              </td>\r\n            </tr>\r\n            <tr style=\"height: 0.75pt;\">\r\n              <td\r\n style=\"padding: 0cm; background: rgb(240, 240, 240) none repeat scroll 0%; width: 0.75pt; -moz-background-clip: -moz-initial; -moz-background-origin: -moz-initial; -moz-background-inline-policy: -moz-initial; height: 0.75pt;\"\r\n width=\"1\"><br>\r\n              </td>\r\n              <td\r\n style=\"padding: 0cm; background: rgb(234, 234, 234) none repeat scroll 0%; width: 0.75pt; -moz-background-clip: -moz-initial; -moz-background-origin: -moz-initial; -moz-background-inline-policy: -moz-initial; height: 0.75pt;\"\r\n width=\"1\"><br>\r\n              </td>\r\n              <td\r\n style=\"padding: 0cm; background: rgb(234, 234, 234) none repeat scroll 0%; width: 0.75pt; -moz-background-clip: -moz-initial; -moz-background-origin: -moz-initial; -moz-background-inline-policy: -moz-initial; height: 0.75pt;\"\r\n width=\"1\"><br>\r\n              </td>\r\n            </tr>\r\n            <tr style=\"height: 0.75pt;\">\r\n              <td\r\n style=\"padding: 0cm; background: whitesmoke none repeat scroll 0%; width: 0.75pt; -moz-background-clip: -moz-initial; -moz-background-origin: -moz-initial; -moz-background-inline-policy: -moz-initial; height: 0.75pt;\"\r\n width=\"1\"><br>\r\n              </td>\r\n              <td\r\n style=\"padding: 0cm; background: rgb(240, 240, 240) none repeat scroll 0%; width: 0.75pt; -moz-background-clip: -moz-initial; -moz-background-origin: -moz-initial; -moz-background-inline-policy: -moz-initial; height: 0.75pt;\"\r\n width=\"1\"><br>\r\n              </td>\r\n              <td\r\n style=\"padding: 0cm; background: rgb(240, 240, 240) none repeat scroll 0%; width: 0.75pt; -moz-background-clip: -moz-initial; -moz-background-origin: -moz-initial; -moz-background-inline-policy: -moz-initial; height: 0.75pt;\"\r\n width=\"1\"><br>\r\n              </td>\r\n            </tr>\r\n          </tbody>\r\n        </table>\r\n        </td>\r\n        <td style=\"padding: 0cm; width: 100%;\" width=\"100%\"><br>\r\n        </td>\r\n        <td style=\"padding: 0cm;\">\r\n        <table class=\"MsoNormalTable\"\r\n style=\"width: 2.25pt; border-collapse: collapse;\" border=\"0\"\r\n cellpadding=\"0\" cellspacing=\"0\" width=\"3\">\r\n          <tbody>\r\n            <tr style=\"height: 0.75pt;\">\r\n              <td\r\n style=\"padding: 0cm; background: rgb(229, 229, 229) none repeat scroll 0%; width: 0.75pt; -moz-background-clip: -moz-initial; -moz-background-origin: -moz-initial; -moz-background-inline-policy: -moz-initial; height: 0.75pt;\"\r\n width=\"1\"><br>\r\n              </td>\r\n              <td\r\n style=\"padding: 0cm; background: rgb(234, 234, 234) none repeat scroll 0%; width: 0.75pt; -moz-background-clip: -moz-initial; -moz-background-origin: -moz-initial; -moz-background-inline-policy: -moz-initial; height: 0.75pt;\"\r\n width=\"1\"><br>\r\n              </td>\r\n              <td\r\n style=\"padding: 0cm; background: rgb(240, 240, 240) none repeat scroll 0%; width: 0.75pt; -moz-background-clip: -moz-initial; -moz-background-origin: -moz-initial; -moz-background-inline-policy: -moz-initial; height: 0.75pt;\"\r\n width=\"1\"><br>\r\n              </td>\r\n            </tr>\r\n            <tr style=\"height: 0.75pt;\">\r\n              <td\r\n style=\"padding: 0cm; background: rgb(234, 234, 234) none repeat scroll 0%; width: 0.75pt; -moz-background-clip: -moz-initial; -moz-background-origin: -moz-initial; -moz-background-inline-policy: -moz-initial; height: 0.75pt;\"\r\n width=\"1\"><br>\r\n              </td>\r\n              <td\r\n style=\"padding: 0cm; background: rgb(234, 234, 234) none repeat scroll 0%; width: 0.75pt; -moz-background-clip: -moz-initial; -moz-background-origin: -moz-initial; -moz-background-inline-policy: -moz-initial; height: 0.75pt;\"\r\n width=\"1\"><br>\r\n              </td>\r\n              <td\r\n style=\"padding: 0cm; background: rgb(240, 240, 240) none repeat scroll 0%; width: 0.75pt; -moz-background-clip: -moz-initial; -moz-background-origin: -moz-initial; -moz-background-inline-policy: -moz-initial; height: 0.75pt;\"\r\n width=\"1\"><br>\r\n              </td>\r\n            </tr>\r\n            <tr style=\"height: 0.75pt;\">\r\n              <td\r\n style=\"padding: 0cm; background: rgb(240, 240, 240) none repeat scroll 0%; width: 0.75pt; -moz-background-clip: -moz-initial; -moz-background-origin: -moz-initial; -moz-background-inline-policy: -moz-initial; height: 0.75pt;\"\r\n width=\"1\"><br>\r\n              </td>\r\n              <td\r\n style=\"padding: 0cm; background: rgb(240, 240, 240) none repeat scroll 0%; width: 0.75pt; -moz-background-clip: -moz-initial; -moz-background-origin: -moz-initial; -moz-background-inline-policy: -moz-initial; height: 0.75pt;\"\r\n width=\"1\"><br>\r\n              </td>\r\n              <td\r\n style=\"padding: 0cm; background: whitesmoke none repeat scroll 0%; width: 0.75pt; -moz-background-clip: -moz-initial; -moz-background-origin: -moz-initial; -moz-background-inline-policy: -moz-initial; height: 0.75pt;\"\r\n width=\"1\"><br>\r\n              </td>\r\n            </tr>\r\n          </tbody>\r\n        </table>\r\n        </td>\r\n      </tr>\r\n    </tbody>\r\n  </table>\r\n  <p class=\"MsoNormal\"\r\n style=\"background: whitesmoke none repeat scroll 0%; -moz-background-clip: -moz-initial; -moz-background-origin: -moz-initial; -moz-background-inline-policy: -moz-initial;\"><span\r\n style=\"font-family: &quot;Arial&quot;,&quot;sans-serif&quot;; display: none;\"><o:p> </o:p></span></p>\r\n  <table class=\"MsoNormalTable\" border=\"0\" cellpadding=\"0\">\r\n    <tbody>\r\n      <tr>\r\n        <td\r\n style=\"padding: 10.5pt 7.5pt 0cm; width: 100%; font-size-adjust: none; font-stretch: normal; min-height: 40px;\"\r\n width=\"100%\">\r\n        <p class=\"MsoNormal\" style=\"line-height: 15pt;\"><span\r\n style=\"font-size: 8.5pt; font-family: &quot;Arial&quot;,&quot;sans-serif&quot;; color: rgb(100, 100, 100);\">Google\r\nДиск. Ваши файлы всегда у вас под рукой. <br>\r\nGoogle LLC, 1600 Amphitheatre Parkway, Mountain View, CA 94043, USA<o:p></o:p></span></p>\r\n        </td>\r\n        <td style=\"padding: 10.5pt 7.5pt 0cm 15pt;\">\r\n        <p class=\"MsoNormal\"><a href=\"http://drive.google.com\"\r\n target=\"_blank\"><span\r\n style=\"border: 1pt solid windowtext; padding: 0cm; text-decoration: none;\"><img\r\n id=\"_x0000_i1026\" src=\"cid:part4.00060206.01070706@tk-ptg.ru\"\r\n alt=\"Рисунок удален отправителем. Логотип (Google Диск)\" border=\"0\"\r\n height=\"96\" width=\"96\"></span></a><o:p></o:p></p>\r\n        </td>\r\n      </tr>\r\n    </tbody>\r\n  </table>\r\n  <p class=\"MsoNormal\"><span style=\"color: windowtext;\"><o:p> </o:p></span></p>\r\n  </div>\r\n</blockquote>\r\n<br>\r\n<br>\r\n</body>\r\n</html>\r\n<br><br>','UTF-8',1,0,0,'<5EE0AA10.10508@tk-ptg.ru>',1,24796,1591865045,NULL,'INBOX'),(1,'[\"boxkvt@gmail.com\"]','[\"buhgalter@tk-ptg.ru\"]','[\"vit@itilus.com\"]','[]','1591785519','Re: Транспортная компания Партнер-Транс-Гарант ИНН 7725765634','<div dir=\"ltr\">Примерно в течение часа переложу на другой ресурс.</div><br><div class=\"gmail_quote\"><div dir=\"ltr\" class=\"gmail_attr\">ср, 10 июн. 2020 г. в 12:38, Ольга &lt;<a href=\"mailto:buhgalter@tk-ptg.ru\">buhgalter@tk-ptg.ru</a>&gt;:<br></div><blockquote class=\"gmail_quote\" style=\"margin:0px 0px 0px 0.8ex;border-left:1px solid rgb(204,204,204);padding-left:1ex\"><u></u>\r\n\r\n\r\n  \r\n\r\n<div bgcolor=\"#ffffff\">\r\nКонстантин, добрый день!<br>\r\nНиже ответ наших партнеров. Можно сделать как они просят?<br>\r\nС уважением<br>\r\nОльга<br>\r\n<blockquote cite=\"http://mid6AD37D7557A0A34C91E3CCEF4B2D136004134B59@spline-mx2.spline.center\" type=\"cite\">\r\n  \r\n  \r\n\r\n  \r\n  <div>\r\n  <p class=\"MsoNormal\"><span style=\"font-size:11pt;font-family:Calibri,sans-serif;color:rgb(31,73,125)\">Добрый\r\nдень!<u></u><u></u></span></p>\r\n  <p class=\"MsoNormal\"><span style=\"font-size:11pt;font-family:Calibri,sans-serif;color:rgb(31,73,125)\">Мы\r\nне можем скачать этот файл, попробуйте выложить на другой источник,<u></u><u></u></span></p>\r\n  <p class=\"MsoNormal\"><span style=\"font-size:11pt;font-family:Calibri,sans-serif;color:rgb(31,73,125)\">Например,\r\nна Яндекс.Диск<u></u><u></u></span></p>\r\n  <p class=\"MsoNormal\"><span style=\"font-size:11pt;font-family:Calibri,sans-serif;color:rgb(31,73,125)\"><u></u> <u></u></span></p>\r\n  <div>\r\n  <p class=\"MsoNormal\"><b><span style=\"font-size:11pt;font-family:Calibri,sans-serif;color:rgb(0,112,192)\">С\r\nуважением, <u></u><u></u></span></b></p>\r\n  <p class=\"MsoNormal\"><b><span style=\"font-size:11pt;font-family:Calibri,sans-serif;color:rgb(0,112,192)\">Маланова\r\nОльга<u></u><u></u></span></b></p>\r\n  <p class=\"MsoNormal\"><b><span style=\"font-size:11pt;font-family:Calibri,sans-serif;color:rgb(0,112,192)\">руководитель\r\nсектора<u></u><u></u></span></b></p>\r\n  <p class=\"MsoNormal\"><b><span style=\"font-size:11pt;font-family:Calibri,sans-serif;color:rgb(0,112,192)\">бухгалтерского\r\nПО<u></u><u></u></span></b></p>\r\n  <p class=\"MsoNormal\"><b><span style=\"font-size:11pt;font-family:Calibri,sans-serif;color:rgb(0,112,192)\">ООО\r\n&quot;Сплайн-Сервис&quot;<u></u><u></u></span></b></p>\r\n  <p class=\"MsoNormal\"><b><span style=\"font-size:11pt;font-family:Calibri,sans-serif;color:rgb(0,112,192)\">код\r\nпартнера 02507-45<u></u><u></u></span></b></p>\r\n  <table style=\"border-collapse:collapse\" border=\"0\" cellpadding=\"0\" cellspacing=\"0\">\r\n    <tbody>\r\n      <tr>\r\n        <td style=\"padding:0cm 5.4pt\" valign=\"top\">\r\n        <p class=\"MsoNormal\"><span style=\"font-size:11pt;font-family:Calibri,sans-serif;color:rgb(0,112,192)\"><img id=\"gmail-m_-5784813197792173546Рисунок_x0020_1\" src=\"cid:1729dcea487c204bfcc1\" alt=\"cid:image001.png@01D4C1F8.A62DDA20\" height=\"25\" width=\"25\"></span><span style=\"font-size:11pt;font-family:Calibri,sans-serif;color:rgb(0,112,192)\"><u></u><u></u></span></p>\r\n        </td>\r\n        <td style=\"padding:0cm 5.4pt\">\r\n        <p class=\"MsoNormal\"><b><span style=\"font-size:11pt;font-family:Calibri,sans-serif;color:rgb(0,112,192)\" lang=\"EN-US\">(</span></b><b><span style=\"font-size:11pt;font-family:Calibri,sans-serif;color:rgb(0,112,192)\">495)\r\n580-25-58<u></u><u></u></span></b></p>\r\n        </td>\r\n      </tr>\r\n      <tr>\r\n        <td style=\"padding:0cm 5.4pt\" valign=\"top\">\r\n        <p class=\"MsoNormal\"><span style=\"font-size:11pt;font-family:Calibri,sans-serif;color:rgb(0,112,192)\"><img id=\"gmail-m_-5784813197792173546Рисунок_x0020_2\" src=\"cid:1729dcea487c204bfcc2\" alt=\"cid:image002.png@01D4C1F8.A62DDA20\" height=\"23\" width=\"23\"></span><span style=\"font-size:11pt;font-family:Calibri,sans-serif;color:rgb(0,112,192)\"><u></u><u></u></span></p>\r\n        </td>\r\n        <td style=\"padding:0cm 5.4pt\">\r\n        <p class=\"MsoNormal\"><b><span style=\"font-size:11pt;font-family:Calibri,sans-serif;color:rgb(0,112,192)\" lang=\"EN-US\">1c<a href=\"mailto:soft@debet.ru\" target=\"_blank\"><span style=\"color:rgb(0,112,192);text-decoration:none\">soft@debet.ru</span></a></span></b><span style=\"font-size:11pt;font-family:Calibri,sans-serif;color:rgb(0,112,192)\"><u></u><u></u></span></p>\r\n        </td>\r\n      </tr>\r\n      <tr>\r\n        <td style=\"padding:0cm 5.4pt\" valign=\"top\">\r\n        <p class=\"MsoNormal\"><span style=\"font-size:11pt;font-family:Calibri,sans-serif;color:rgb(0,112,192)\"><img id=\"gmail-m_-5784813197792173546Рисунок_x0020_3\" src=\"cid:1729dcea487c204bfcc3\" alt=\"cid:image003.jpg@01D4C1F8.A62DDA20\" border=\"0\" height=\"24\" width=\"24\"></span><span style=\"font-size:11pt;font-family:Calibri,sans-serif;color:rgb(0,112,192)\"><u></u><u></u></span></p>\r\n        </td>\r\n        <td style=\"padding:0cm 5.4pt\">\r\n        <p class=\"MsoNormal\" style=\"text-align:center\" align=\"center\"><b><span style=\"font-size:11pt;font-family:Calibri,sans-serif;color:rgb(0,112,192)\" lang=\"EN-US\"><a href=\"http://www.spline-service.ru\" target=\"_blank\"><span style=\"color:rgb(0,112,192)\">www.spline-service.ru</span></a><u></u><u></u></span></b></p>\r\n        </td>\r\n      </tr>\r\n    </tbody>\r\n  </table>\r\n  <p class=\"MsoNormal\"><span style=\"font-size:11pt;font-family:Calibri,sans-serif;color:rgb(31,73,125)\"><u></u> <u></u></span></p>\r\n  </div>\r\n  <p class=\"MsoNormal\"><span style=\"font-size:11pt;font-family:Calibri,sans-serif;color:rgb(31,73,125)\"><u></u> <u></u></span></p>\r\n  <div>\r\n  <div style=\"border-style:solid none none;border-width:1pt medium medium;padding:3pt 0cm 0cm\">\r\n  <p class=\"MsoNormal\"><b><span style=\"font-size:10pt;font-family:Tahoma,sans-serif;color:windowtext\">From:</span></b><span style=\"font-size:10pt;font-family:Tahoma,sans-serif;color:windowtext\">\r\nОльга [<a href=\"mailto:buhgalter@tk-ptg.ru\" target=\"_blank\">mailto:buhgalter@tk-ptg.ru</a>] <br>\r\n  <b>Posted At:</b> Wednesday, June 10, 2020 10:44 AM<br>\r\n  <b>Posted To:</b> bsoft<br>\r\n  <b>Conversation:</b> Транспортная компания Партнер-Транс-Гарант ИНН\r\n7725765634<br>\r\n  <b>Subject:</b> Транспортная компания Партнер-Транс-Гарант ИНН\r\n7725765634<u></u><u></u></span></p>\r\n  </div>\r\n  </div>\r\n  <p class=\"MsoNormal\"><u></u> <u></u></p>\r\n  <p class=\"MsoNormal\" style=\"margin-bottom:12pt\">Добрый день!<br>\r\nДоступ к копии базы 1-С ООО &quot;ТК ПТГ&quot;<u></u><u></u></p>\r\n  <div style=\"border-style:none solid;border-width:medium 1pt;padding:0cm\">\r\n  <div style=\"border-style:none solid;border-width:medium 1pt;padding:0cm 24pt\">\r\n  <div>\r\n  <p class=\"MsoNormal\" style=\"background:none 0% 50% repeat scroll white;line-height:13.5pt\"><span style=\"font-size:10.5pt;font-family:Arial,sans-serif;color:rgb(68,68,68)\">Пользователь\r\n  <a href=\"mailto:boxkvt@gmail.com\" target=\"_blank\"><span style=\"text-decoration:none\">boxkvt@gmail.com</span></a>\r\nоткрыл Вам доступ к следующему файлу:<u></u><u></u></span></p>\r\n  </div>\r\n  <div>\r\n  <div style=\"border-style:none none solid;border-width:medium medium 3pt;padding:0cm;display:table-row\">\r\n  <div>\r\n  <p class=\"MsoNormal\" style=\"background:none 0% 50% repeat scroll white\"><span style=\"border:1pt solid windowtext;padding:0cm;font-size:13.5pt;font-family:Arial,sans-serif\"><img id=\"gmail-m_-5784813197792173546_x0000_i1025\" src=\"cid:1729dcea487c204bfcc4\" alt=\"Рисунок удален отправителем.\" border=\"0\" height=\"100\" width=\"100\"></span><span style=\"font-size:13.5pt;font-family:Arial,sans-serif\"><u></u><u></u></span></p>\r\n  </div>\r\n  <p class=\"MsoNormal\" style=\"background:none 0% 50% repeat scroll white\"><span style=\"font-size:13.5pt;font-family:Arial,sans-serif\"><a href=\"https://drive.google.com/file/d/1ZaUdJULIelJc2e9KscCzV_Myq1YA_fw6/view?usp=sharing_eil&amp;invite=CNqs980K&amp;ts=5ee07fbf\" target=\"_blank\"><span style=\"color:rgb(51,103,214);text-decoration:none\">1Cv8exp10062020.dt</span></a>\r\n  <u></u><u></u></span></p>\r\n  </div>\r\n  </div>\r\n  <div>\r\n  <p class=\"MsoNormal\" style=\"background:none 0% 50% repeat scroll white\"><span style=\"font-family:Arial,sans-serif\"><a href=\"https://drive.google.com/file/d/1ZaUdJULIelJc2e9KscCzV_Myq1YA_fw6/view?usp=sharing_eip&amp;invite=CNqs980K&amp;ts=5ee07fbf\" target=\"_blank\"><b><span style=\"border:1pt solid rgb(48,121,237);padding:0cm;background:none 0% 50% repeat scroll rgb(77,144,254);font-size:8.5pt;color:white;text-decoration:none\">Открыть</span></b></a><u></u><u></u></span></p>\r\n  </div>\r\n  <div>\r\n  <p class=\"MsoNormal\" style=\"background:none 0% 50% repeat scroll rgb(252,232,178)\"><span style=\"font-size:10pt;font-family:Arial,sans-serif;color:rgb(68,68,68)\">С\r\nпомощью этого приглашения можно получить доступ к файлу или папке без\r\nвхода в аккаунт. Поэтому не отправляйте данное письмо тем, кому не\r\nдоверяете.<u></u><u></u></span></p>\r\n  </div>\r\n  </div>\r\n  </div>\r\n  <table style=\"width:100%;border-collapse:collapse\" border=\"0\" cellpadding=\"0\" cellspacing=\"0\" width=\"100%\">\r\n    <tbody>\r\n      <tr>\r\n        <td style=\"padding:0cm\">\r\n        <table style=\"width:2.25pt;border-collapse:collapse\" border=\"0\" cellpadding=\"0\" cellspacing=\"0\" width=\"3\">\r\n          <tbody>\r\n            <tr style=\"height:0.75pt\">\r\n              <td style=\"padding:0cm;background:none 0% 50% repeat scroll rgb(240,240,240);width:0.75pt;height:0.75pt\" width=\"1\"><br>\r\n              </td>\r\n              <td style=\"padding:0cm;background:none 0% 50% repeat scroll rgb(234,234,234);width:0.75pt;height:0.75pt\" width=\"1\"><br>\r\n              </td>\r\n              <td style=\"padding:0cm;background:none 0% 50% repeat scroll rgb(229,229,229);width:0.75pt;height:0.75pt\" width=\"1\"><br>\r\n              </td>\r\n            </tr>\r\n            <tr style=\"height:0.75pt\">\r\n              <td style=\"padding:0cm;background:none 0% 50% repeat scroll rgb(240,240,240);width:0.75pt;height:0.75pt\" width=\"1\"><br>\r\n              </td>\r\n              <td style=\"padding:0cm;background:none 0% 50% repeat scroll rgb(234,234,234);width:0.75pt;height:0.75pt\" width=\"1\"><br>\r\n              </td>\r\n              <td style=\"padding:0cm;background:none 0% 50% repeat scroll rgb(234,234,234);width:0.75pt;height:0.75pt\" width=\"1\"><br>\r\n              </td>\r\n            </tr>\r\n            <tr style=\"height:0.75pt\">\r\n              <td style=\"padding:0cm;background:none 0% 50% repeat scroll whitesmoke;width:0.75pt;height:0.75pt\" width=\"1\"><br>\r\n              </td>\r\n              <td style=\"padding:0cm;background:none 0% 50% repeat scroll rgb(240,240,240);width:0.75pt;height:0.75pt\" width=\"1\"><br>\r\n              </td>\r\n              <td style=\"padding:0cm;background:none 0% 50% repeat scroll rgb(240,240,240);width:0.75pt;height:0.75pt\" width=\"1\"><br>\r\n              </td>\r\n            </tr>\r\n          </tbody>\r\n        </table>\r\n        </td>\r\n        <td style=\"padding:0cm;width:100%\" width=\"100%\"><br>\r\n        </td>\r\n        <td style=\"padding:0cm\">\r\n        <table style=\"width:2.25pt;border-collapse:collapse\" border=\"0\" cellpadding=\"0\" cellspacing=\"0\" width=\"3\">\r\n          <tbody>\r\n            <tr style=\"height:0.75pt\">\r\n              <td style=\"padding:0cm;background:none 0% 50% repeat scroll rgb(229,229,229);width:0.75pt;height:0.75pt\" width=\"1\"><br>\r\n              </td>\r\n              <td style=\"padding:0cm;background:none 0% 50% repeat scroll rgb(234,234,234);width:0.75pt;height:0.75pt\" width=\"1\"><br>\r\n              </td>\r\n              <td style=\"padding:0cm;background:none 0% 50% repeat scroll rgb(240,240,240);width:0.75pt;height:0.75pt\" width=\"1\"><br>\r\n              </td>\r\n            </tr>\r\n            <tr style=\"height:0.75pt\">\r\n              <td style=\"padding:0cm;background:none 0% 50% repeat scroll rgb(234,234,234);width:0.75pt;height:0.75pt\" width=\"1\"><br>\r\n              </td>\r\n              <td style=\"padding:0cm;background:none 0% 50% repeat scroll rgb(234,234,234);width:0.75pt;height:0.75pt\" width=\"1\"><br>\r\n              </td>\r\n              <td style=\"padding:0cm;background:none 0% 50% repeat scroll rgb(240,240,240);width:0.75pt;height:0.75pt\" width=\"1\"><br>\r\n              </td>\r\n            </tr>\r\n            <tr style=\"height:0.75pt\">\r\n              <td style=\"padding:0cm;background:none 0% 50% repeat scroll rgb(240,240,240);width:0.75pt;height:0.75pt\" width=\"1\"><br>\r\n              </td>\r\n              <td style=\"padding:0cm;background:none 0% 50% repeat scroll rgb(240,240,240);width:0.75pt;height:0.75pt\" width=\"1\"><br>\r\n              </td>\r\n              <td style=\"padding:0cm;background:none 0% 50% repeat scroll whitesmoke;width:0.75pt;height:0.75pt\" width=\"1\"><br>\r\n              </td>\r\n            </tr>\r\n          </tbody>\r\n        </table>\r\n        </td>\r\n      </tr>\r\n    </tbody>\r\n  </table>\r\n  <p class=\"MsoNormal\" style=\"background:none 0% 50% repeat scroll whitesmoke\"><span style=\"font-family:Arial,sans-serif;display:none\"><u></u> <u></u></span></p>\r\n  <table border=\"0\" cellpadding=\"0\">\r\n    <tbody>\r\n      <tr>\r\n        <td style=\"padding:10.5pt 7.5pt 0cm;width:100%;font-stretch:normal;min-height:40px\" width=\"100%\">\r\n        <p class=\"MsoNormal\" style=\"line-height:15pt\"><span style=\"font-size:8.5pt;font-family:Arial,sans-serif;color:rgb(100,100,100)\">Google\r\nДиск. Ваши файлы всегда у вас под рукой. <br>\r\nGoogle LLC, 1600 Amphitheatre Parkway, Mountain View, CA 94043, USA<u></u><u></u></span></p>\r\n        </td>\r\n        <td style=\"padding:10.5pt 7.5pt 0cm 15pt\">\r\n        <p class=\"MsoNormal\"><a href=\"http://drive.google.com\" target=\"_blank\"><span style=\"border:1pt solid windowtext;padding:0cm;text-decoration:none\"><img id=\"gmail-m_-5784813197792173546_x0000_i1026\" src=\"cid:1729dcea487c204bfcc4\" alt=\"Рисунок удален отправителем. Логотип (Google Диск)\" border=\"0\" height=\"96\" width=\"96\"></span></a><u></u><u></u></p>\r\n        </td>\r\n      </tr>\r\n    </tbody>\r\n  </table>\r\n  <p class=\"MsoNormal\"><span style=\"color:windowtext\"><u></u> <u></u></span></p>\r\n  </div>\r\n</blockquote>\r\n<br>\r\n<br>\r\n</div>\r\n\r\n</blockquote></div>\r\n<br><br>','UTF-8',1,0,0,'<CANB8VDf7wRT1BgrvXmBVmbXWsOK7E6MN6EtKxDqPh=u4nF+7Zw@mail.gmail.com>',1,24797,1591865046,NULL,'INBOX'),(1,'[\"support@sigmasms.ru\"]','[\"vit@itilus.com\"]','[]','[]','1591863724','Критическое значение баланса в личном кабинете по адресу: online.sigmasms.ru','<p>Уважаемый Клиент,<br />Логин: vitali187 на online.sigmasms.ru</p><p>Внимание!</p><p>Ваш баланс преодолел критическое значение.<br />Доступно к использованию: 20 руб.</p><p></p><p>Напоминаем о необходимости его пополнить.<br /></p><p>&nbsp;</p><p><br />Если у вас остались вопросы, напишите по адресу info@sigmasms.ru.</p><p>С уважением Sigma SMS</p><br><br>','utf-8',1,0,0,'<80fc9d5a-1895-1e9b-b3d7-d3ad41e2807f@sigmasms.ru>',1,24800,1591865046,NULL,'INBOX'),(1,'[\"support@sigmasms.ru\"]','[\"vit@itilus.com\"]','[]','[]','1591863726','Спасибо за регистрацию на платформе СМС рассылок','Спасибо за регистрацию на платформе СМС рассылок.<br><br>Ваш логин и пароль для входа в платформу:<br>Логин: vitali187<br>Пароль: mlc7iws8<br><br>Внимание!<br>Вам начислен тестовый баланс 20 рублей. Начинайте прямо сейчас!<br><br>','utf-8',1,0,0,'<d7b75d50-c31c-8c20-b24c-cc220a451d25@sigmasms.ru>',1,24801,1591865046,NULL,'INBOX'),(1,'[\"info@sigmasms.ru\"]','[\"vit@itilus.com\"]','[]','[]','1591863802','Спасибо за регистрацию на online.sigmasms.ru','<!DOCTYPE html><html xmlns:v=\"urn:schemas-microsoft-com:vml\" xmlns:o=\"urn:schemas-microsoft-com:office:office\"><head><title></title><meta http-equiv=\"Content-Type\" content=\"text/html; charset=utf-8\"><meta http-equiv=\"X-UA-Compatible\" content=\"IE=edge\"><meta name=\"viewport\" content=\"width=device-width, initial-scale=1.0\"><meta name=\"format-detection\" content=\"telephone=no\"><!--[if !mso]><!--><link href=\"https://fonts.googleapis.com/css?family=Lato:100,100i,300,300i,400,700,700i,900,900i\" rel=\"stylesheet\"><!--<![endif]--><style type=\"text/css\">/*<![CDATA[*/body {margin: 0;padding: 0;-webkit-text-size-adjust: 100% !important;-ms-text-size-adjust: 100% !important;-webkit-font-smoothing: antialiased !important;}img {border: 0 !important;outline: none !important;}table {border-collapse: collapse;mso-table-lspace: 0px;mso-table-rspace: 0px;}td, a, span {border-collapse: collapse;mso-line-height-rule: exactly;}/*]]>*/</style></head><body class=\"em_body\" style=\"margin:0px auto; padding:0px;\" bgcolor=\"#EFEFEF\"><table style=\"width: 100%\" width=\"100%\"><tr style=\"line-height: 0\"><td>&nbsp;</td><td align=\"center\" width=\"1\" style=\"text-align: center; width: 1px;\"><img width=\"1\" height=\"1\" style=\"width: 1px; height: 1px;\" src=\"https://s7190865.sendpul.se/events/statistic/v2/open/eyJldmVudF9pZCI6ImNkNjc1MGFiZjhkMzQyYjdlOTE4ZjBjOGNiNjM3MTUzIiwiZXZlbnRzX3VzZXJfbGlzdF9pZCI6MSwiZmxvd19pZCI6MTUzNTczLCJwYXJlbnRfaWQiOjE1MzU3MCwidXNlcl9pZCI6NzE5MDg2NX0=\" alt=\"pry\" /></td><td>&nbsp;</td></tr></table><br><table width=\"100%\" border=\"0\" cellspacing=\"0\" cellpadding=\"0\" class=\"em_full_wrap\" align=\"center\" bgcolor=\"#EFEFEF\"><tbody><tr><td align=\"center\" valign=\"top\"><table align=\"center\" width=\"650\" border=\"0\" cellspacing=\"0\" cellpadding=\"0\" class=\"em_main_table\" style=\"width: 650px; table-layout: fixed;\"><tbody><tr><td align=\"center\" valign=\"top\" style=\"padding: 0 25px;\" class=\"em_aside10\"><table width=\"100%\" border=\"0\" cellspacing=\"0\" cellpadding=\"0\" align=\"center\"><tbody><tr><td height=\"26\" style=\"height: 26px;\" class=\"em_h20\"> </td></tr><tr><td align=\"center\" valign=\"top\"><a rel=\"noopener noreferrer\" rel=\"noopener noreferrer\" href=\"https://s7190865.sendpul.se/events/statistic/v2/click/eyJ0eXBlIjoiZW1haWwiLCJldmVudF9pZCI6ImNkNjc1MGFiZjhkMzQyYjdlOTE4ZjBjOGNiNjM3MTUzIiwiZXZlbnRzX3VzZXJfbGlzdF9pZCI6MSwibGlua19pZCI6MSwibGlua191cmwiOiJodHRwOlwvXC9odHRwcz91dG1fY2FtcGFpZ249YTM2MC1hbW8tdGVzdG92YXlhJnV0bV9zb3VyY2U9c2VuZHB1bHNlJnV0bV9tZWRpdW09ZW1haWwiLCJmbG93X2lkIjoxNTM1NzMsInBhcmVudF9pZCI6MTUzNTcwLCJ1c2VyX2lkIjo3MTkwODY1LCJ1cmxfaGFzaCI6IjM3NGQ0YTI5ZWFmMWIzZTI0ZjhkOWVhODAzNzMyMmE0In0=\" target=\"_blank\" style=\"text-decoration: none;\"><img src=\"https://sigmasms.ru/images/sigmasms_logo.png\" width=\"208\" height=\"78\" alt=\"meowgun\" border=\"0\" style=\"display: block; font-family: Arial, sans-serif; font-size: 18px; line-height: 25px; text-align: center; color: #1d4685; font-weight: bold; max-width: 208px;\" class=\"em_w150\"></a></td></tr></tbody></table></td></tr></tbody></table></td></tr></tbody></table><table width=\"100%\" border=\"0\" cellspacing=\"0\" cellpadding=\"0\" class=\"em_full_wrap\" align=\"center\" bgcolor=\"#EFEFEF\"><tbody><tr><td align=\"center\" valign=\"top\"><table align=\"center\" width=\"650\" border=\"0\" cellspacing=\"0\" cellpadding=\"0\" class=\"em_main_table\" style=\"width: 650px; table-layout: fixed; background-color: #f8f8f8;\"><tbody><tr><td align=\"center\" valign=\"top\" style=\"padding: 0 25px; background-color: #efefef;\" bgcolor=\"#EFEFEF\" class=\"em_aside10\"><table width=\"100%\" border=\"0\" cellspacing=\"0\" cellpadding=\"0\" align=\"center\"><tbody><tr><td height=\"22\" class=\"em_h20\" style=\"height: 22px; font-size: 0px; line-height: 0px;\"> </td></tr><tr><td valign=\"top\" align=\"left\" bgcolor=\"#FFFFFF\" style=\"padding-left: 25px; padding-right: 35px; background-color: #ffffff;\" class=\"em_aside10\"><table width=\"100%\" border=\"0\" cellspacing=\"0\" cellpadding=\"0\" align=\"left\"><tbody><tr><td height=\"22\" style=\"height: 22px;\" class=\"em_h20\"> </td></tr><tr><td class=\"em_blue em_center\" align=\"left\" valign=\"top\" style=\"font-family: Arial, sans-serif; font-size: 20px; line-height: 24px; color: #000000; font-weight: bold;\">Здравствуйте, Виталий!</td></tr><tr><td height=\"8\" style=\"height: 8px; font-size: 0px; line-height: 0px;\"> </td></tr><tr><td class=\"em_grey em_center\" align=\"left\" valign=\"top\" style=\"font-family: Arial, sans-serif; font-size: 16px; line-height: 24px; color: #434343;\"><p>Спасибо за обращение в нашу компанию.</p><p>Мы ценим доверие, оказанное нашей команде, создавшей лучшее техническое решение в своем сегменте рынка. Мы будем дальше заботиться о результативности вашего бизнеса.</p><p>Сообщаем, что <strong>регистрация прошла успешно</strong>.</p><p>Ваш логин и пароль для авторизации на <a rel=\"noopener noreferrer\" rel=\"noopener noreferrer\" href=\"https://s7190865.sendpul.se/events/statistic/v2/click/eyJ0eXBlIjoiZW1haWwiLCJldmVudF9pZCI6ImNkNjc1MGFiZjhkMzQyYjdlOTE4ZjBjOGNiNjM3MTUzIiwiZXZlbnRzX3VzZXJfbGlzdF9pZCI6MSwibGlua19pZCI6MSwibGlua191cmwiOiJodHRwczpcL1wvb25saW5lLnNpZ21hc21zLnJ1XC8/dXRtX2NhbXBhaWduPWEzNjAtYW1vLXRlc3RvdmF5YSZ1dG1fc291cmNlPXNlbmRwdWxzZSZ1dG1fbWVkaXVtPWVtYWlsI1wvbG9naW4iLCJmbG93X2lkIjoxNTM1NzMsInBhcmVudF9pZCI6MTUzNTcwLCJ1c2VyX2lkIjo3MTkwODY1LCJ1cmxfaGFzaCI6IjA1N2FhODk3MWYyMTI3OWU2NjIxZWE2YWI4MTFjODAyIn0=\">https://online.sigmasms.ru/#/login</a>:<br>Ваш логин:  vitali187<br>Ваш пароль:mlc7iws8</p><p>Начинайте пользоваться прямо сейчас, мы <strong>начислили вам тестовый баланс</strong>!</p><p>Далее мы вышлем вам несколько коротких, но важных писем.<br>Большая просьба не игнорировать их и <strong>не удалять</strong>. С ними будет проще настроить систему, сэкономив время и деньги.</p><p>Если нам надо ускориться и уделить вам больше внимания, свяжитесь с нами прямо сейчас:</p><ul><li>позвонив на телефон горячей линии <a rel=\"noopener noreferrer\" rel=\"noopener noreferrer\" href=\"https://s7190865.sendpul.se/events/statistic/v2/click/eyJ0eXBlIjoiZW1haWwiLCJldmVudF9pZCI6ImNkNjc1MGFiZjhkMzQyYjdlOTE4ZjBjOGNiNjM3MTUzIiwiZXZlbnRzX3VzZXJfbGlzdF9pZCI6MSwibGlua19pZCI6MSwibGlua191cmwiOiJ0ZWw6ODgwMDMzMzE2NTAiLCJmbG93X2lkIjoxNTM1NzMsInBhcmVudF9pZCI6MTUzNTcwLCJ1c2VyX2lkIjo3MTkwODY1LCJ1cmxfaGFzaCI6IjY4MzY0OGIxMmJhNDI3OGNhYzM4MDdiMDdmNzZjNTEzIn0=\" style=\"text-decoration: underline; color: #fe9f00;\">8 800 333-16-50</a></li><li>отправить ответное письмо в службу поддержки на адрес <a rel=\"noopener noreferrer\" rel=\"noopener noreferrer\" href=\"mailto:\" style=\"text-decoration: underline; color: #fe9f00;\">info@sigmasms.ru</a></li><li>написать нам в официальные группы в соцсетях и чатах мессенджеров <a rel=\"noopener noreferrer\" rel=\"noopener noreferrer\" href=\"https://s7190865.sendpul.se/events/statistic/v2/click/eyJ0eXBlIjoiZW1haWwiLCJldmVudF9pZCI6ImNkNjc1MGFiZjhkMzQyYjdlOTE4ZjBjOGNiNjM3MTUzIiwiZXZlbnRzX3VzZXJfbGlzdF9pZCI6MSwibGlua19pZCI6MSwibGlua191cmwiOiJodHRwczpcL1wvdmsuY29tXC9zaWdtYXNtc3J1P3V0bV9jYW1wYWlnbj1hMzYwLWFtby10ZXN0b3ZheWEmdXRtX3NvdXJjZT1zZW5kcHVsc2UmdXRtX21lZGl1bT1lbWFpbCIsImZsb3dfaWQiOjE1MzU3MywicGFyZW50X2lkIjoxNTM1NzAsInVzZXJfaWQiOjcxOTA4NjUsInVybF9oYXNoIjoiY2UxYWQ1M2FhNzBlNjk0YWY0N2RlODhhY2NmOTRiYjgifQ==\" target=\"_blank\" style=\"text-decoration: underline; color: #fe9f00;\">ВКонтакте</a>, <a rel=\"noopener noreferrer\" rel=\"noopener noreferrer\" href=\"https://s7190865.sendpul.se/events/statistic/v2/click/eyJ0eXBlIjoiZW1haWwiLCJldmVudF9pZCI6ImNkNjc1MGFiZjhkMzQyYjdlOTE4ZjBjOGNiNjM3MTUzIiwiZXZlbnRzX3VzZXJfbGlzdF9pZCI6MSwibGlua19pZCI6MSwibGlua191cmwiOiJodHRwczpcL1wvd3d3LmZhY2Vib29rLmNvbVwvU2lnbWFzbXMtMjE4MzU4NzIxMTkwMjgxMlwvP3V0bV9jYW1wYWlnbj1hMzYwLWFtby10ZXN0b3ZheWEmdXRtX3NvdXJjZT1zZW5kcHVsc2UmdXRtX21lZGl1bT1lbWFpbCIsImZsb3dfaWQiOjE1MzU3MywicGFyZW50X2lkIjoxNTM1NzAsInVzZXJfaWQiOjcxOTA4NjUsInVybF9oYXNoIjoiYmUwNDc4ODEyYWMwZGU3YzVmZTVhYmM1ZDY3ZTgwYTkifQ==\" target=\"_blank\" style=\"text-decoration: underline; color: #fe9f00;\">Facebook</a>, <a rel=\"noopener noreferrer\" rel=\"noopener noreferrer\" href=\"https://s7190865.sendpul.se/events/statistic/v2/click/eyJ0eXBlIjoiZW1haWwiLCJldmVudF9pZCI6ImNkNjc1MGFiZjhkMzQyYjdlOTE4ZjBjOGNiNjM3MTUzIiwiZXZlbnRzX3VzZXJfbGlzdF9pZCI6MSwibGlua19pZCI6MSwibGlua191cmwiOiJ2aWJlcjpcL1wvcGE/Y2hhdFVSST1zaWdtYXNtc3J1IiwiZmxvd19pZCI6MTUzNTczLCJwYXJlbnRfaWQiOjE1MzU3MCwidXNlcl9pZCI6NzE5MDg2NSwidXJsX2hhc2giOiIyNjVkNTBmNzgyODkyOTQ4N2M0MjY3YzA5N2RlZTBiYiJ9\" target=\"_blank\" style=\"text-decoration: underline; color: #fe9f00;\">Viber</a>, <a rel=\"noopener noreferrer\" rel=\"noopener noreferrer\" href=\"https://s7190865.sendpul.se/events/statistic/v2/click/eyJ0eXBlIjoiZW1haWwiLCJldmVudF9pZCI6ImNkNjc1MGFiZjhkMzQyYjdlOTE4ZjBjOGNiNjM3MTUzIiwiZXZlbnRzX3VzZXJfbGlzdF9pZCI6MSwibGlua19pZCI6MSwibGlua191cmwiOiJodHRwczpcL1wvdC5tZVwvc2lnbWFzbXNfYm90P3V0bV9jYW1wYWlnbj1hMzYwLWFtby10ZXN0b3ZheWEmdXRtX3NvdXJjZT1zZW5kcHVsc2UmdXRtX21lZGl1bT1lbWFpbCIsImZsb3dfaWQiOjE1MzU3MywicGFyZW50X2lkIjoxNTM1NzAsInVzZXJfaWQiOjcxOTA4NjUsInVybF9oYXNoIjoiNWMwNTBjM2ZmN2IxODM2NTgwYThjZTZhMTE3MDgyMzQifQ==\" target=\"_blank\" style=\"text-decoration: underline; color: #fe9f00;\">Telegram</a>, <a rel=\"noopener noreferrer\" rel=\"noopener noreferrer\" href=\"https://s7190865.sendpul.se/events/statistic/v2/click/eyJ0eXBlIjoiZW1haWwiLCJldmVudF9pZCI6ImNkNjc1MGFiZjhkMzQyYjdlOTE4ZjBjOGNiNjM3MTUzIiwiZXZlbnRzX3VzZXJfbGlzdF9pZCI6MSwibGlua19pZCI6MSwibGlua191cmwiOiJodHRwczpcL1wvd2EubWVcLzc5NjUwMDA1NTY2P3V0bV9jYW1wYWlnbj1hMzYwLWFtby10ZXN0b3ZheWEmdXRtX3NvdXJjZT1zZW5kcHVsc2UmdXRtX21lZGl1bT1lbWFpbCIsImZsb3dfaWQiOjE1MzU3MywicGFyZW50X2lkIjoxNTM1NzAsInVzZXJfaWQiOjcxOTA4NjUsInVybF9oYXNoIjoiYzI4MGMxZTZkNjZmNmVmN2MxM2I4MGNkZGI1NTM4NDYifQ==\" target=\"_blank\" style=\"text-decoration: underline; color: #fe9f00;\">WhatsApp</a>.</li></ul><p>С уважением к вашему делу,<br>команда SigmaSMS</p></td></tr><tr><td height=\"16\" style=\"height: 16px; font-size: 1px; line-height: 1px;\"> </td></tr></tbody></table></td></tr></tbody></table></td></tr><tr><td height=\"20\" class=\"em_h10\" bgcolor=\"#EFEFEF\" style=\"height: 20px; font-size: 1px; line-height: 1px; background-color: #efefef;\"> </td></tr></tbody></table></td></tr></tbody></table><table width=\"100%\" border=\"0\" cellspacing=\"0\" cellpadding=\"0\" class=\"em_full_wrap\" align=\"center\" bgcolor=\"#EFEFEF\"><tbody><tr><td align=\"center\" valign=\"top\"><table align=\"center\" width=\"650\" border=\"0\" cellspacing=\"0\" cellpadding=\"0\" class=\"em_main_table\" style=\"width: 650px; table-layout: fixed;\"><tbody><tr><td align=\"center\" valign=\"top\" style=\"padding: 0 25px;\" class=\"em_aside10\"></td></tr><tr><td class=\"em_hide\" style=\"line-height: 1px; min-width: 650px; background-color: #efefef;\"><img alt=\"\" src=\"https://app.eu.mailgun.com/assets/templates/spacer.gif\" height=\"1\" width=\"650\" style=\"max-height: 1px; min-height: 1px; display: block; width: 650px; min-width: 650px;\" border=\"0\"></td></tr></tbody></table></td></tr></tbody></table></body></html><div><a  href=\"https://s7190865.sendpul.se/events/unsubscribe/ru/cd6750abf8d342b7e918f0c8cb637153/153573/7190865\">Отказаться от рассылки</a><div><br><br>','utf-8',1,0,0,'<1jjIUR-000T1P-SF@mx214.sendpulse.me>',1,24802,1591865047,NULL,'INBOX'),(1,'[\"info@sigmasms.ru\"]','[\"vit@itilus.com\"]','[]','[]','1591864287','Спасибо за регистрацию на online.sigmasms.ru','<!DOCTYPE html><html xmlns:v=\"urn:schemas-microsoft-com:vml\" xmlns:o=\"urn:schemas-microsoft-com:office:office\"><head><title></title><meta http-equiv=\"Content-Type\" content=\"text/html; charset=utf-8\"><meta http-equiv=\"X-UA-Compatible\" content=\"IE=edge\"><meta name=\"viewport\" content=\"width=device-width, initial-scale=1.0\"><meta name=\"format-detection\" content=\"telephone=no\"><!--[if !mso]><!--><link href=\"https://fonts.googleapis.com/css?family=Lato:100,100i,300,300i,400,700,700i,900,900i\" rel=\"stylesheet\"><!--<![endif]--><style type=\"text/css\">/*<![CDATA[*/body {margin: 0;padding: 0;-webkit-text-size-adjust: 100% !important;-ms-text-size-adjust: 100% !important;-webkit-font-smoothing: antialiased !important;}img {border: 0 !important;outline: none !important;}table {border-collapse: collapse;mso-table-lspace: 0px;mso-table-rspace: 0px;}td, a, span {border-collapse: collapse;mso-line-height-rule: exactly;}/*]]>*/</style></head><body class=\"em_body\" style=\"margin:0px auto; padding:0px;\" bgcolor=\"#EFEFEF\"><table style=\"width: 100%\" width=\"100%\"><tr style=\"line-height: 0\"><td>&nbsp;</td><td align=\"center\" width=\"1\" style=\"text-align: center; width: 1px;\"><img width=\"1\" height=\"1\" style=\"width: 1px; height: 1px;\" src=\"https://s7190865.sendpul.se/events/statistic/v2/open/eyJldmVudF9pZCI6ImJkOTU5MWZhODI4MDQ4YTNjN2Y0NGM4NzM4ZDdkYjFlIiwiZXZlbnRzX3VzZXJfbGlzdF9pZCI6MSwiZmxvd19pZCI6MTUzNTczLCJwYXJlbnRfaWQiOjE1MzU3MCwidXNlcl9pZCI6NzE5MDg2NX0=\" alt=\"pry\" /></td><td>&nbsp;</td></tr></table><br><table width=\"100%\" border=\"0\" cellspacing=\"0\" cellpadding=\"0\" class=\"em_full_wrap\" align=\"center\" bgcolor=\"#EFEFEF\"><tbody><tr><td align=\"center\" valign=\"top\"><table align=\"center\" width=\"650\" border=\"0\" cellspacing=\"0\" cellpadding=\"0\" class=\"em_main_table\" style=\"width: 650px; table-layout: fixed;\"><tbody><tr><td align=\"center\" valign=\"top\" style=\"padding: 0 25px;\" class=\"em_aside10\"><table width=\"100%\" border=\"0\" cellspacing=\"0\" cellpadding=\"0\" align=\"center\"><tbody><tr><td height=\"26\" style=\"height: 26px;\" class=\"em_h20\"> </td></tr><tr><td align=\"center\" valign=\"top\"><a rel=\"noopener noreferrer\" rel=\"noopener noreferrer\" href=\"https://s7190865.sendpul.se/events/statistic/v2/click/eyJ0eXBlIjoiZW1haWwiLCJldmVudF9pZCI6ImJkOTU5MWZhODI4MDQ4YTNjN2Y0NGM4NzM4ZDdkYjFlIiwiZXZlbnRzX3VzZXJfbGlzdF9pZCI6MSwibGlua19pZCI6MSwibGlua191cmwiOiJodHRwOlwvXC9odHRwcz91dG1fY2FtcGFpZ249YTM2MC1hbW8tdGVzdG92YXlhJnV0bV9zb3VyY2U9c2VuZHB1bHNlJnV0bV9tZWRpdW09ZW1haWwiLCJmbG93X2lkIjoxNTM1NzMsInBhcmVudF9pZCI6MTUzNTcwLCJ1c2VyX2lkIjo3MTkwODY1LCJ1cmxfaGFzaCI6IjM3NGQ0YTI5ZWFmMWIzZTI0ZjhkOWVhODAzNzMyMmE0In0=\" target=\"_blank\" style=\"text-decoration: none;\"><img src=\"https://sigmasms.ru/images/sigmasms_logo.png\" width=\"208\" height=\"78\" alt=\"meowgun\" border=\"0\" style=\"display: block; font-family: Arial, sans-serif; font-size: 18px; line-height: 25px; text-align: center; color: #1d4685; font-weight: bold; max-width: 208px;\" class=\"em_w150\"></a></td></tr></tbody></table></td></tr></tbody></table></td></tr></tbody></table><table width=\"100%\" border=\"0\" cellspacing=\"0\" cellpadding=\"0\" class=\"em_full_wrap\" align=\"center\" bgcolor=\"#EFEFEF\"><tbody><tr><td align=\"center\" valign=\"top\"><table align=\"center\" width=\"650\" border=\"0\" cellspacing=\"0\" cellpadding=\"0\" class=\"em_main_table\" style=\"width: 650px; table-layout: fixed; background-color: #f8f8f8;\"><tbody><tr><td align=\"center\" valign=\"top\" style=\"padding: 0 25px; background-color: #efefef;\" bgcolor=\"#EFEFEF\" class=\"em_aside10\"><table width=\"100%\" border=\"0\" cellspacing=\"0\" cellpadding=\"0\" align=\"center\"><tbody><tr><td height=\"22\" class=\"em_h20\" style=\"height: 22px; font-size: 0px; line-height: 0px;\"> </td></tr><tr><td valign=\"top\" align=\"left\" bgcolor=\"#FFFFFF\" style=\"padding-left: 25px; padding-right: 35px; background-color: #ffffff;\" class=\"em_aside10\"><table width=\"100%\" border=\"0\" cellspacing=\"0\" cellpadding=\"0\" align=\"left\"><tbody><tr><td height=\"22\" style=\"height: 22px;\" class=\"em_h20\"> </td></tr><tr><td class=\"em_blue em_center\" align=\"left\" valign=\"top\" style=\"font-family: Arial, sans-serif; font-size: 20px; line-height: 24px; color: #000000; font-weight: bold;\">Здравствуйте, Виталий!</td></tr><tr><td height=\"8\" style=\"height: 8px; font-size: 0px; line-height: 0px;\"> </td></tr><tr><td class=\"em_grey em_center\" align=\"left\" valign=\"top\" style=\"font-family: Arial, sans-serif; font-size: 16px; line-height: 24px; color: #434343;\"><p>Спасибо за обращение в нашу компанию.</p><p>Мы ценим доверие, оказанное нашей команде, создавшей лучшее техническое решение в своем сегменте рынка. Мы будем дальше заботиться о результативности вашего бизнеса.</p><p>Сообщаем, что <strong>регистрация прошла успешно</strong>.</p><p>Ваш логин и пароль для авторизации на <a rel=\"noopener noreferrer\" rel=\"noopener noreferrer\" href=\"https://s7190865.sendpul.se/events/statistic/v2/click/eyJ0eXBlIjoiZW1haWwiLCJldmVudF9pZCI6ImJkOTU5MWZhODI4MDQ4YTNjN2Y0NGM4NzM4ZDdkYjFlIiwiZXZlbnRzX3VzZXJfbGlzdF9pZCI6MSwibGlua19pZCI6MSwibGlua191cmwiOiJodHRwczpcL1wvb25saW5lLnNpZ21hc21zLnJ1XC8/dXRtX2NhbXBhaWduPWEzNjAtYW1vLXRlc3RvdmF5YSZ1dG1fc291cmNlPXNlbmRwdWxzZSZ1dG1fbWVkaXVtPWVtYWlsI1wvbG9naW4iLCJmbG93X2lkIjoxNTM1NzMsInBhcmVudF9pZCI6MTUzNTcwLCJ1c2VyX2lkIjo3MTkwODY1LCJ1cmxfaGFzaCI6IjA1N2FhODk3MWYyMTI3OWU2NjIxZWE2YWI4MTFjODAyIn0=\">https://online.sigmasms.ru/#/login</a>:<br>Ваш логин:  vitali187<br>Ваш пароль:mlc7iws8</p><p>Начинайте пользоваться прямо сейчас, мы <strong>начислили вам тестовый баланс</strong>!</p><p>Далее мы вышлем вам несколько коротких, но важных писем.<br>Большая просьба не игнорировать их и <strong>не удалять</strong>. С ними будет проще настроить систему, сэкономив время и деньги.</p><p>Если нам надо ускориться и уделить вам больше внимания, свяжитесь с нами прямо сейчас:</p><ul><li>позвонив на телефон горячей линии <a rel=\"noopener noreferrer\" rel=\"noopener noreferrer\" href=\"https://s7190865.sendpul.se/events/statistic/v2/click/eyJ0eXBlIjoiZW1haWwiLCJldmVudF9pZCI6ImJkOTU5MWZhODI4MDQ4YTNjN2Y0NGM4NzM4ZDdkYjFlIiwiZXZlbnRzX3VzZXJfbGlzdF9pZCI6MSwibGlua19pZCI6MSwibGlua191cmwiOiJ0ZWw6ODgwMDMzMzE2NTAiLCJmbG93X2lkIjoxNTM1NzMsInBhcmVudF9pZCI6MTUzNTcwLCJ1c2VyX2lkIjo3MTkwODY1LCJ1cmxfaGFzaCI6IjY4MzY0OGIxMmJhNDI3OGNhYzM4MDdiMDdmNzZjNTEzIn0=\" style=\"text-decoration: underline; color: #fe9f00;\">8 800 333-16-50</a></li><li>отправить ответное письмо в службу поддержки на адрес <a rel=\"noopener noreferrer\" rel=\"noopener noreferrer\" href=\"mailto:\" style=\"text-decoration: underline; color: #fe9f00;\">info@sigmasms.ru</a></li><li>написать нам в официальные группы в соцсетях и чатах мессенджеров <a rel=\"noopener noreferrer\" rel=\"noopener noreferrer\" href=\"https://s7190865.sendpul.se/events/statistic/v2/click/eyJ0eXBlIjoiZW1haWwiLCJldmVudF9pZCI6ImJkOTU5MWZhODI4MDQ4YTNjN2Y0NGM4NzM4ZDdkYjFlIiwiZXZlbnRzX3VzZXJfbGlzdF9pZCI6MSwibGlua19pZCI6MSwibGlua191cmwiOiJodHRwczpcL1wvdmsuY29tXC9zaWdtYXNtc3J1P3V0bV9jYW1wYWlnbj1hMzYwLWFtby10ZXN0b3ZheWEmdXRtX3NvdXJjZT1zZW5kcHVsc2UmdXRtX21lZGl1bT1lbWFpbCIsImZsb3dfaWQiOjE1MzU3MywicGFyZW50X2lkIjoxNTM1NzAsInVzZXJfaWQiOjcxOTA4NjUsInVybF9oYXNoIjoiY2UxYWQ1M2FhNzBlNjk0YWY0N2RlODhhY2NmOTRiYjgifQ==\" target=\"_blank\" style=\"text-decoration: underline; color: #fe9f00;\">ВКонтакте</a>, <a rel=\"noopener noreferrer\" rel=\"noopener noreferrer\" href=\"https://s7190865.sendpul.se/events/statistic/v2/click/eyJ0eXBlIjoiZW1haWwiLCJldmVudF9pZCI6ImJkOTU5MWZhODI4MDQ4YTNjN2Y0NGM4NzM4ZDdkYjFlIiwiZXZlbnRzX3VzZXJfbGlzdF9pZCI6MSwibGlua19pZCI6MSwibGlua191cmwiOiJodHRwczpcL1wvd3d3LmZhY2Vib29rLmNvbVwvU2lnbWFzbXMtMjE4MzU4NzIxMTkwMjgxMlwvP3V0bV9jYW1wYWlnbj1hMzYwLWFtby10ZXN0b3ZheWEmdXRtX3NvdXJjZT1zZW5kcHVsc2UmdXRtX21lZGl1bT1lbWFpbCIsImZsb3dfaWQiOjE1MzU3MywicGFyZW50X2lkIjoxNTM1NzAsInVzZXJfaWQiOjcxOTA4NjUsInVybF9oYXNoIjoiYmUwNDc4ODEyYWMwZGU3YzVmZTVhYmM1ZDY3ZTgwYTkifQ==\" target=\"_blank\" style=\"text-decoration: underline; color: #fe9f00;\">Facebook</a>, <a rel=\"noopener noreferrer\" rel=\"noopener noreferrer\" href=\"https://s7190865.sendpul.se/events/statistic/v2/click/eyJ0eXBlIjoiZW1haWwiLCJldmVudF9pZCI6ImJkOTU5MWZhODI4MDQ4YTNjN2Y0NGM4NzM4ZDdkYjFlIiwiZXZlbnRzX3VzZXJfbGlzdF9pZCI6MSwibGlua19pZCI6MSwibGlua191cmwiOiJ2aWJlcjpcL1wvcGE/Y2hhdFVSST1zaWdtYXNtc3J1IiwiZmxvd19pZCI6MTUzNTczLCJwYXJlbnRfaWQiOjE1MzU3MCwidXNlcl9pZCI6NzE5MDg2NSwidXJsX2hhc2giOiIyNjVkNTBmNzgyODkyOTQ4N2M0MjY3YzA5N2RlZTBiYiJ9\" target=\"_blank\" style=\"text-decoration: underline; color: #fe9f00;\">Viber</a>, <a rel=\"noopener noreferrer\" rel=\"noopener noreferrer\" href=\"https://s7190865.sendpul.se/events/statistic/v2/click/eyJ0eXBlIjoiZW1haWwiLCJldmVudF9pZCI6ImJkOTU5MWZhODI4MDQ4YTNjN2Y0NGM4NzM4ZDdkYjFlIiwiZXZlbnRzX3VzZXJfbGlzdF9pZCI6MSwibGlua19pZCI6MSwibGlua191cmwiOiJodHRwczpcL1wvdC5tZVwvc2lnbWFzbXNfYm90P3V0bV9jYW1wYWlnbj1hMzYwLWFtby10ZXN0b3ZheWEmdXRtX3NvdXJjZT1zZW5kcHVsc2UmdXRtX21lZGl1bT1lbWFpbCIsImZsb3dfaWQiOjE1MzU3MywicGFyZW50X2lkIjoxNTM1NzAsInVzZXJfaWQiOjcxOTA4NjUsInVybF9oYXNoIjoiNWMwNTBjM2ZmN2IxODM2NTgwYThjZTZhMTE3MDgyMzQifQ==\" target=\"_blank\" style=\"text-decoration: underline; color: #fe9f00;\">Telegram</a>, <a rel=\"noopener noreferrer\" rel=\"noopener noreferrer\" href=\"https://s7190865.sendpul.se/events/statistic/v2/click/eyJ0eXBlIjoiZW1haWwiLCJldmVudF9pZCI6ImJkOTU5MWZhODI4MDQ4YTNjN2Y0NGM4NzM4ZDdkYjFlIiwiZXZlbnRzX3VzZXJfbGlzdF9pZCI6MSwibGlua19pZCI6MSwibGlua191cmwiOiJodHRwczpcL1wvd2EubWVcLzc5NjUwMDA1NTY2P3V0bV9jYW1wYWlnbj1hMzYwLWFtby10ZXN0b3ZheWEmdXRtX3NvdXJjZT1zZW5kcHVsc2UmdXRtX21lZGl1bT1lbWFpbCIsImZsb3dfaWQiOjE1MzU3MywicGFyZW50X2lkIjoxNTM1NzAsInVzZXJfaWQiOjcxOTA4NjUsInVybF9oYXNoIjoiYzI4MGMxZTZkNjZmNmVmN2MxM2I4MGNkZGI1NTM4NDYifQ==\" target=\"_blank\" style=\"text-decoration: underline; color: #fe9f00;\">WhatsApp</a>.</li></ul><p>С уважением к вашему делу,<br>команда SigmaSMS</p></td></tr><tr><td height=\"16\" style=\"height: 16px; font-size: 1px; line-height: 1px;\"> </td></tr></tbody></table></td></tr></tbody></table></td></tr><tr><td height=\"20\" class=\"em_h10\" bgcolor=\"#EFEFEF\" style=\"height: 20px; font-size: 1px; line-height: 1px; background-color: #efefef;\"> </td></tr></tbody></table></td></tr></tbody></table><table width=\"100%\" border=\"0\" cellspacing=\"0\" cellpadding=\"0\" class=\"em_full_wrap\" align=\"center\" bgcolor=\"#EFEFEF\"><tbody><tr><td align=\"center\" valign=\"top\"><table align=\"center\" width=\"650\" border=\"0\" cellspacing=\"0\" cellpadding=\"0\" class=\"em_main_table\" style=\"width: 650px; table-layout: fixed;\"><tbody><tr><td align=\"center\" valign=\"top\" style=\"padding: 0 25px;\" class=\"em_aside10\"></td></tr><tr><td class=\"em_hide\" style=\"line-height: 1px; min-width: 650px; background-color: #efefef;\"><img alt=\"\" src=\"https://app.eu.mailgun.com/assets/templates/spacer.gif\" height=\"1\" width=\"650\" style=\"max-height: 1px; min-height: 1px; display: block; width: 650px; min-width: 650px;\" border=\"0\"></td></tr></tbody></table></td></tr></tbody></table></body></html><div><a  href=\"https://s7190865.sendpul.se/events/unsubscribe/ru/bd9591fa828048a3c7f44c8738d7db1e/153573/7190865\">Отказаться от рассылки</a><div><br><br>','utf-8',1,0,0,'<1jjIcH-000GYH-T1@mx211.sendpulse.me>',1,24803,1591865047,NULL,'INBOX'),(1,'[\"ar@sigmasms.ru\"]','[\"vit@itilus.com\"]','[]','[]','1591864381','Заявка на сайте SigmaSMS','<div>Здравствуйте, Виталий.</div><div><br></div><div>Не удалось с вами связаться по телефону. Напишите как можно с вами связаться или какой у вас вопрос?</div><div><br></div><div>Я всегда буду рада помочь вам как по почте, так и по телефону.</div><div>Все мои контакты указаны ниже.</div><div><br></div><div>--</div><div><em style=\"font-size: 11px; color: rgb(0, 124, 195);\">С уважением к Вам и Вашему делу,</em></div><div><strong style=\"font-size: 11px; color: rgb(0, 124, 195);\"><em>Антонина Ручьева</em></strong></div><div><a href=\"http://www.sigmasms.ru/\" target=\"_blank\" style=\"font-size: 16px; color: blue;\"><strong><em>SIGMASMS.RU</em></strong></a></div><div><strong style=\"font-size: 11px; color: rgb(0, 124, 195);\"><em>ООО «Медиа технолоджи»</em></strong></div><div><strong style=\"font-size: 11px; color: rgb(0, 124, 195);\"><em>+7 (800) 333-16-50&nbsp;</em></strong><em style=\"font-size: 11px; color: rgb(0, 124, 195);\">Бесплатная линия по России</em></div><div><strong style=\"font-size: 11px; color: rgb(0, 124, 195);\"><em>+7 (495) 225-50-36&nbsp;</em></strong><em style=\"font-size: 11px; color: rgb(0, 124, 195);\">Москва</em></div><div><strong style=\"font-size: 11px; color: rgb(0, 124, 195);\"><em>+7 (812) 313-24-88&nbsp;</em></strong><em style=\"font-size: 11px; color: rgb(0, 124, 195);\">Санкт-Петербург</em></div><div><em style=\"font-size: 11px; color: rgb(0, 124, 195);\">Внутренний: </em><strong style=\"font-size: 11px; color: rgb(0, 124, 195);\"><em>214</em></strong></div><div><span style=\"font-size: 11px; color: navy;\">Лицензия МИНКОМСВЯЗИ РФ № 170251</span></div><img id=\"amomail-tracking-marker\" alt=\"&#11038;\" width=\"1\" height=\"1\" src=\"https://amomail.amocrm.ru/delivery/v1/tracking?token=WTFlQklxL3pRWXZQa2hQU0hnOXl3SXBYZmFWb3dPcUdNM1ZjaURqQ3BySVIzNkgxeGN4WDBIdDRiUVQ0a00rYS9nUzljcy9pSitvSzVFQzRoeFZhMWtpdHZKL3FTMUppS1hmWFJuaFRDSk0xV1hxMlRMM3pvRG9QUzh2MTFJMzF3RHl1WU9Vd3JvbjdTNy84WTBDdkI4QnNRclBJZVo4TjVsUklnTWo3UE13YnMzbC9FSlBJNnZhdThqR2J0ZUJwSUN0ejArZmJpOHkvbVdsZmtOQ29MQT09OkZZWHZRaVVHWjU4MjVmS1U4R1R4b1dTTW05MzZzMk5XUDAvOHR0WGEvNnhCd0YxM2NURmNhUmhueUNLTDFXaGJNRTgyZ2RzQnhOVXNrWGQ1Z0xHZkhVa1FzLzdKUHJuV1BIUGl3V1d1TkJrd2Fhbm5veE5GelN0Zml5WFpXeVpaUlVvSDBORkJiUUdDSVliZFdobWo1VTNoVUg5VEREV2p1bVF1WmJPdkNkS1IxdklTRDU1RkQwNm1XTlUyZnpOcC9ZeEx5QzVYRGEyVk9FTU5rYXp3bjNsd1ZFMzRia3dDdnRvWURGWVlvSnJQbUV0aUJ1ZThUQTF5T2lRZmNVNEkrOU5IR0F4SUJuZUUxSzN0REwwQWQzb1RPM2JyVitRaEtDdU1IYmxHQi9wdkxwNGpVdGZUTndUZTRFdUxqZDhaZDdJdWtTZVFnNkhpTFR4OGt4eFpDdz09\">\r\n<br><br>','utf-8',1,0,0,'<6a6f1f77.102bcda28a234cb18f41661de1e8ab7b@smtp-id.amocrm.com>',1,24804,1591865047,NULL,'INBOX'),(1,'[\"i.ivanova@coralway.ru\"]','[\"coralproject@itilus.com\",\"privozim111@lgstmail.ru\",\"buhgalter@tk-ptg.ru\"]','[]','[]','1585146044','Счет от ООО \"КОРАЛ ВЭЙ\" на оплату по договору №АО-1906/001 от 31.05.2019 (Обслуживание 1С)','Добрый день!\r\n\r\nВысылаем Вам счет на предоплату по договору №АО-1906/001 от 31.05.2019 (обслуживание 1С) за апрель 2020 г.\r\n\r\n\r\nООО \"КОРАЛ ВЭЙ\"\r\nТел.: +7 (812) 600-9177\r\nhttp://www.coralway.ru\n\n','utf-8',0,0,0,'<b55852ef-9c76-48c8-9d68-73c1214ada95@itilus.com>',1,21981,1591865270,NULL,'INBOX/ptg/CoralWay/Coral Support'),(1,'[\"i.ivanova@coralway.ru\"]','[\"coralproject@itilus.com\",\"privozim111@lgstmail.ru\",\"buhgalter@tk-ptg.ru\"]','[]','[]','1585146369','Акт сдачи-приемки работ от ООО \"КОРАЛ ВЭЙ\" по договору №АО-1906/001 от 31.05.2019 (Обслуживание 1С)','Добрый день!\r\n\r\nВысылаем Вам акт сдачи-приемки  работ  по  договору №АО-1906/001 от 31.05.2019 (обслуживание 1С) за март 2020 г.\r\n\r\nООО \"КОРАЛ ВЭЙ\"\r\nТел. раб.: +7(812)600-91-77\n\n','utf-8',0,0,0,'<24a7986c-7a18-454e-9cde-c88727f21d2e@itilus.com>',1,21982,1591865271,NULL,'INBOX/ptg/CoralWay/Coral Support'),(1,'[\"24@itilus.com\"]','[\"coralproject@itilus.com\",\"boxkvt@gmail.com\"]','[\"vit@itilus.com\"]','[]','1585214259','Re: база на открытом раб столе','<html>\r\n  <head>\r\n    <meta http-equiv=\"Content-Type\" content=\"text/html; charset=utf-8\">\r\n  </head>\r\n  <body text=\"#000000\" bgcolor=\"#FFFFFF\">\r\n    <p>Сделано<br>\r\n    </p>\r\n    <div class=\"moz-signature\">\r\n      <meta http-equiv=\"content-type\" content=\"text/html; charset=utf-8\">\r\n      <title></title>\r\n      <pre wrap=\"\">С Уважением, Группа технической поддержки «Айтилус»\r\n<a class=\"moz-txt-link-abbreviated\" href=\"mailto:24@itilus.com\">24@itilus.com</a> \r\nSip to: 3301\r\nSip to: 203\r\n<a class=\"moz-txt-link-abbreviated\" href=\"http://www.itilus.com\">www.itilus.com</a>\r\n<a class=\"moz-txt-link-abbreviated\" href=\"http://www.itilus.ru\">www.itilus.ru</a></pre>\r\n    </div>\r\n    <div class=\"moz-cite-prefix\">26.03.2020 11:12, Sergey пишет:<br>\r\n    </div>\r\n    <blockquote type=\"cite\"\r\n      cite=\"mid:7ee639fe-bffa-ea4d-07f0-2718ba009bee@itilus.com\">\r\n      <meta http-equiv=\"content-type\" content=\"text/html; charset=utf-8\">\r\n      <p>  Константин ДД .</p>\r\n      <p>Сегодня обнаружили , что у пользователей не запускается база с\r\n        открытого рабочего стола .(обычно работаем из удаленки ) .</p>\r\n      <p>Декларанту( Петрову)  удобнее работать с открытого стола <br>\r\n      </p>\r\n      <p>Обнаружили у Петрова , у меня такая же картина , Смирнов ,\r\n        Степанов .<br>\r\n      </p>\r\n      <p>Скан картинки прикладываю:</p>\r\n      <p> <img src=\"cid:part4.C0E2D6A0.E404776D@itilus.com\" alt=\"\"\r\n          class=\"\"></p>\r\n    </blockquote>\r\n    <br>\r\n  </body>\r\n</html>\r\n<br><br>','utf-8',1,0,0,'<aa56299d-284a-df07-36fb-0b461aad347d@itilus.com>',1,22003,1591865271,NULL,'INBOX/ptg/CoralWay/Coral Support'),(1,'[\"24@itilus.com\"]','[\"coralproject@itilus.com\",\"boxkvt@gmail.com\"]','[\"vit@itilus.com\"]','[]','1585225038','Re: база на открытом раб столе','<html>\r\n  <head>\r\n    <meta http-equiv=\"Content-Type\" content=\"text/html; charset=utf-8\">\r\n  </head>\r\n  <body text=\"#000000\" bgcolor=\"#FFFFFF\">\r\n    <p>Был обновлен клиент 1с на локальном компе.</p>\r\n    <p>Путь к инфо базе тот же через веб сервер :\r\n      <a class=\"moz-txt-link-freetext\" href=\"http://192.168.61.206:33080/accforward/\">http://192.168.61.206:33080/accforward/</a><br>\r\n    </p>\r\n    <div class=\"moz-signature\">\r\n      <meta http-equiv=\"content-type\" content=\"text/html; charset=utf-8\">\r\n      <title></title>\r\n      <pre wrap=\"\">С Уважением, Группа технической поддержки «Айтилус»\r\n<a class=\"moz-txt-link-abbreviated\" href=\"mailto:24@itilus.com\">24@itilus.com</a> \r\nSip to: 3301\r\nSip to: 203\r\n<a class=\"moz-txt-link-abbreviated\" href=\"http://www.itilus.com\">www.itilus.com</a>\r\n<a class=\"moz-txt-link-abbreviated\" href=\"http://www.itilus.ru\">www.itilus.ru</a></pre>\r\n    </div>\r\n    <div class=\"moz-cite-prefix\">26.03.2020 12:28, Sergey пишет:<br>\r\n    </div>\r\n    <blockquote type=\"cite\"\r\n      cite=\"mid:9e4c42d7-8670-c50c-26ad-b1bb363874d8@itilus.com\">\r\n      <meta http-equiv=\"Content-Type\" content=\"text/html; charset=utf-8\">\r\n      <p> Спасибо<br>\r\n      </p>\r\n      <br>\r\n      <div class=\"moz-cite-prefix\">26.03.2020 12:17, ITILUS support\r\n        пишет:<br>\r\n      </div>\r\n      <blockquote type=\"cite\"\r\n        cite=\"mid:aa56299d-284a-df07-36fb-0b461aad347d@itilus.com\">\r\n        <meta http-equiv=\"Context-Type\" content=\"text/html;\r\n          charset=utf-8\">\r\n        <p>Сделано<br>\r\n        </p>\r\n        <div class=\"moz-signature\">\r\n          <title></title>\r\n          <pre wrap=\"\">С Уважением, Группа технической поддержки «Айтилус»\r\n<a class=\"moz-txt-link-abbreviated\" href=\"mailto:24@itilus.com\" moz-do-not-send=\"true\">24@itilus.com</a> \r\nSip to: 3301\r\nSip to: 203\r\n<a class=\"moz-txt-link-abbreviated\" href=\"http://www.itilus.com\" moz-do-not-send=\"true\">www.itilus.com</a>\r\n<a class=\"moz-txt-link-abbreviated\" href=\"http://www.itilus.ru\" moz-do-not-send=\"true\">www.itilus.ru</a></pre>\r\n        </div>\r\n        <div class=\"moz-cite-prefix\">26.03.2020 11:12, Sergey пишет:<br>\r\n        </div>\r\n        <blockquote type=\"cite\"\r\n          cite=\"mid:7ee639fe-bffa-ea4d-07f0-2718ba009bee@itilus.com\">\r\n          <p>  Константин ДД .</p>\r\n          <p>Сегодня обнаружили , что у пользователей не запускается\r\n            база с открытого рабочего стола .(обычно работаем из\r\n            удаленки ) .</p>\r\n          <p>Декларанту( Петрову)  удобнее работать с открытого стола <br>\r\n          </p>\r\n          <p>Обнаружили у Петрова , у меня такая же картина , Смирнов ,\r\n            Степанов .<br>\r\n          </p>\r\n          <p>Скан картинки прикладываю:</p>\r\n          <p> <img src=\"cid:part7.AC527C15.B9C53341@itilus.com\" alt=\"\"\r\n              class=\"\"></p>\r\n        </blockquote>\r\n        <br>\r\n      </blockquote>\r\n      <br>\r\n    </blockquote>\r\n    <br>\r\n  </body>\r\n</html>\r\n<br><br>','utf-8',1,0,0,'<eb16693a-116a-d8e2-72c4-ec4f1928f345@itilus.com>',1,22035,1591865272,NULL,'INBOX/ptg/CoralWay/Coral Support'),(1,'[\"24@itilus.com\"]','[\"coralproject@itilus.com\",\"vit@itilus.com\"]','[]','[]','1585227493','Re: вход в уд-ку','<html>\r\n  <head>\r\n    <meta http-equiv=\"Content-Type\" content=\"text/html; charset=utf-8\">\r\n  </head>\r\n  <body text=\"#000000\" bgcolor=\"#FFFFFF\">\r\n    <p>Установил опен впн, добавил конфигурацию, проверил\r\n      работоспособность - Ок.<br>\r\n    </p>\r\n    <div class=\"moz-signature\">\r\n      <meta http-equiv=\"content-type\" content=\"text/html; charset=utf-8\">\r\n      <title></title>\r\n      <pre wrap=\"\">С Уважением, Группа технической поддержки «Айтилус»\r\n<a class=\"moz-txt-link-abbreviated\" href=\"mailto:24@itilus.com\">24@itilus.com</a> \r\nSip to: 3301\r\nSip to: 203\r\n<a class=\"moz-txt-link-abbreviated\" href=\"http://www.itilus.com\">www.itilus.com</a>\r\n<a class=\"moz-txt-link-abbreviated\" href=\"http://www.itilus.ru\">www.itilus.ru</a></pre>\r\n    </div>\r\n    <div class=\"moz-cite-prefix\">26.03.2020 14:13, Sergey пишет:<br>\r\n    </div>\r\n    <blockquote type=\"cite\"\r\n      cite=\"mid:ea3674a7-541a-039a-bec0-2100798d4812@itilus.com\">  Прошу\r\n      установить удаленку на офисном ноуте\r\n      <br>\r\n      <br>\r\n    </blockquote>\r\n    <br>\r\n  </body>\r\n</html>\r\n<br><br>','utf-8',1,0,0,'<4e74f6d1-2a9c-6fe4-5937-933fd2ccb5fb@itilus.com>',1,22045,1591865272,NULL,'INBOX/ptg/CoralWay/Coral Support'),(1,'[\"manage.brg18@lgstmail.ru\"]','[\"coralproject@itilus.com\"]','[]','[]','1585234272','Fwd: Re: срочный вопрос','<html>\r\n  <head>\r\n\r\n    <meta http-equiv=\"content-type\" content=\"text/html; charset=utf-8\">\r\n  </head>\r\n  <body text=\"#000000\" bgcolor=\"#FFFFFF\">\r\n    <p>извините, это не Вам<br>\r\n    </p>\r\n    <div class=\"moz-forward-container\"><br>\r\n      <br>\r\n      <br>\r\n      <div class=\"moz-cite-prefix\">26.03.2020 17:22, <a\r\n          class=\"moz-txt-link-abbreviated\" href=\"mailto:adi@shridam.biz\"\r\n          moz-do-not-send=\"true\">adi@shridam.biz</a> пишет:<br>\r\n      </div>\r\n      <blockquote type=\"cite\"\r\n        cite=\"mid:010401d60379$f700cfc0$e5026f40$@shridam.biz\">\r\n        <meta http-equiv=\"Content-Type\" content=\"text/html;\r\n          charset=utf-8\">\r\n        <meta name=\"Generator\" content=\"Microsoft Word 15 (filtered\r\n          medium)\">\r\n        <!--[if !mso]><style>v\\:* {behavior:url(#default#VML);}\r\no\\:* {behavior:url(#default#VML);}\r\nw\\:* {behavior:url(#default#VML);}\r\n.shape {behavior:url(#default#VML);}\r\n</style><![endif]-->\r\n        <style><!--\r\n/* Font Definitions */\r\n@font-face\r\n	{font-family:\"Cambria Math\";\r\n	panose-1:2 4 5 3 5 4 6 3 2 4;}\r\n@font-face\r\n	{font-family:Calibri;\r\n	panose-1:2 15 5 2 2 2 4 3 2 4;}\r\n@font-face\r\n	{font-family:\"Times New Roman \\,serif\";\r\n	panose-1:0 0 0 0 0 0 0 0 0 0;}\r\n/* Style Definitions */\r\np.MsoNormal, li.MsoNormal, div.MsoNormal\r\n	{margin:0cm;\r\n	margin-bottom:.0001pt;\r\n	font-size:11.0pt;\r\n	font-family:\"Calibri\",sans-serif;\r\n	color:black;}\r\na:link, span.MsoHyperlink\r\n	{mso-style-priority:99;\r\n	color:blue;\r\n	text-decoration:underline;}\r\na:visited, span.MsoHyperlinkFollowed\r\n	{mso-style-priority:99;\r\n	color:purple;\r\n	text-decoration:underline;}\r\np\r\n	{mso-style-priority:99;\r\n	mso-margin-top-alt:auto;\r\n	margin-right:0cm;\r\n	mso-margin-bottom-alt:auto;\r\n	margin-left:0cm;\r\n	font-size:11.0pt;\r\n	font-family:\"Calibri\",sans-serif;\r\n	color:black;}\r\np.MsoListParagraph, li.MsoListParagraph, div.MsoListParagraph\r\n	{mso-style-priority:34;\r\n	margin-top:0cm;\r\n	margin-right:0cm;\r\n	margin-bottom:0cm;\r\n	margin-left:36.0pt;\r\n	margin-bottom:.0001pt;\r\n	font-size:11.0pt;\r\n	font-family:\"Calibri\",sans-serif;\r\n	color:black;}\r\nspan.EmailStyle19\r\n	{mso-style-type:personal;\r\n	font-family:\"Calibri\",sans-serif;\r\n	color:windowtext;}\r\nspan.EmailStyle20\r\n	{mso-style-type:personal;\r\n	font-family:\"Calibri\",sans-serif;\r\n	color:#1F497D;}\r\nspan.EmailStyle21\r\n	{mso-style-type:personal-reply;\r\n	font-family:\"Calibri\",sans-serif;\r\n	color:#1F497D;}\r\n.MsoChpDefault\r\n	{mso-style-type:export-only;\r\n	font-size:10.0pt;}\r\n@page WordSection1\r\n	{size:612.0pt 792.0pt;\r\n	margin:72.0pt 90.0pt 72.0pt 90.0pt;}\r\ndiv.WordSection1\r\n	{page:WordSection1;}\r\n/* List Definitions */\r\n@list l0\r\n	{mso-list-id:1961296984;\r\n	mso-list-type:hybrid;\r\n	mso-list-template-ids:172394782 69664785 69664793 69664795 69664783 69664793 69664795 69664783 69664793 69664795;}\r\n@list l0:level1\r\n	{mso-level-text:\"%1\\)\";\r\n	mso-level-tab-stop:none;\r\n	mso-level-number-position:left;\r\n	text-indent:-18.0pt;}\r\n@list l0:level2\r\n	{mso-level-number-format:alpha-lower;\r\n	mso-level-tab-stop:none;\r\n	mso-level-number-position:left;\r\n	text-indent:-18.0pt;}\r\n@list l0:level3\r\n	{mso-level-number-format:roman-lower;\r\n	mso-level-tab-stop:none;\r\n	mso-level-number-position:right;\r\n	text-indent:-9.0pt;}\r\n@list l0:level4\r\n	{mso-level-tab-stop:none;\r\n	mso-level-number-position:left;\r\n	text-indent:-18.0pt;}\r\n@list l0:level5\r\n	{mso-level-number-format:alpha-lower;\r\n	mso-level-tab-stop:none;\r\n	mso-level-number-position:left;\r\n	text-indent:-18.0pt;}\r\n@list l0:level6\r\n	{mso-level-number-format:roman-lower;\r\n	mso-level-tab-stop:none;\r\n	mso-level-number-position:right;\r\n	text-indent:-9.0pt;}\r\n@list l0:level7\r\n	{mso-level-tab-stop:none;\r\n	mso-level-number-position:left;\r\n	text-indent:-18.0pt;}\r\n@list l0:level8\r\n	{mso-level-number-format:alpha-lower;\r\n	mso-level-tab-stop:none;\r\n	mso-level-number-position:left;\r\n	text-indent:-18.0pt;}\r\n@list l0:level9\r\n	{mso-level-number-format:roman-lower;\r\n	mso-level-tab-stop:none;\r\n	mso-level-number-position:right;\r\n	text-indent:-9.0pt;}\r\nol\r\n	{margin-bottom:0cm;}\r\nul\r\n	{margin-bottom:0cm;}\r\n--></style><!--[if gte mso 9]><xml>\r\n<o:shapedefaults v:ext=\"edit\" spidmax=\"1026\" />\r\n</xml><![endif]--><!--[if gte mso 9]><xml>\r\n<o:shapelayout v:ext=\"edit\">\r\n<o:idmap v:ext=\"edit\" data=\"1\" />\r\n</o:shapelayout></xml><![endif]-->\r\n        <div class=\"WordSection1\">\r\n          <p class=\"MsoNormal\"><span\r\n              style=\"color:windowtext;mso-fareast-language:EN-US\">Добрый\r\n              день!<o:p></o:p></span></p>\r\n          <p class=\"MsoNormal\"><span\r\n              style=\"color:windowtext;mso-fareast-language:EN-US\">СоюзТехника\r\n              не может участвовать в судебном процессе </span><span\r\n              style=\"color:windowtext\">поводу кражи кожгалантереи</span><span\r\n              style=\"color:windowtext;mso-fareast-language:EN-US\">, даже\r\n              через представителя <o:p></o:p></span></p>\r\n          <p class=\"MsoNormal\"><span\r\n              style=\"color:windowtext;mso-fareast-language:EN-US\">СоюзТехника\r\n              оказывает транспортные услуги и занимается оптовой\r\n              торговлей оборудованием и  запчастями к оборудованию!<o:p></o:p></span></p>\r\n          <p class=\"MsoNormal\"><span\r\n              style=\"color:#1F497D;mso-fareast-language:EN-US\"><o:p> </o:p></span></p>\r\n          <div>\r\n            <div style=\"border:none;border-top:solid #E1E1E1\r\n              1.0pt;padding:3.0pt 0cm 0cm 0cm\">\r\n              <p class=\"MsoNormal\"><b><span style=\"color:windowtext\">From:</span></b><span\r\n                  style=\"color:windowtext\"> man18 [<a\r\n                    class=\"moz-txt-link-freetext\"\r\n                    href=\"mailto:manage.brg18@lgstmail.ru\"\r\n                    moz-do-not-send=\"true\">mailto:manage.brg18@lgstmail.ru</a>]\r\n                  <br>\r\n                  <b>Sent:</b> Thursday, March 26, 2020 4:32 PM<br>\r\n                  <b>To:</b> <a class=\"moz-txt-link-abbreviated\"\r\n                    href=\"mailto:adi@shridam.biz\" moz-do-not-send=\"true\">adi@shridam.biz</a><br>\r\n                  <b>Subject:</b> срочный вопрос<o:p></o:p></span></p>\r\n            </div>\r\n          </div>\r\n          <p class=\"MsoNormal\"><o:p> </o:p></p>\r\n          <p>просьба срочно прислать  документы!!!<span\r\n              style=\"font-size:12.0pt\"><o:p></o:p></span></p>\r\n          <div>\r\n            <p class=\"MsoNormal\"><br>\r\n              <br>\r\n              -------- Перенаправленное сообщение -------- <o:p></o:p></p>\r\n            <table class=\"MsoNormalTable\" cellspacing=\"0\"\r\n              cellpadding=\"0\" border=\"0\">\r\n              <tbody>\r\n                <tr>\r\n                  <td style=\"padding:0cm 0cm 0cm 0cm\" nowrap=\"nowrap\"\r\n                    valign=\"top\">\r\n                    <p class=\"MsoNormal\" style=\"text-align:right\"\r\n                      align=\"right\"><b>Тема: <o:p></o:p></b></p>\r\n                  </td>\r\n                  <td style=\"padding:0cm 0cm 0cm 0cm\">\r\n                    <p class=\"MsoNormal\">Re: срочный вопрос<o:p></o:p></p>\r\n                  </td>\r\n                </tr>\r\n                <tr>\r\n                  <td style=\"padding:0cm 0cm 0cm 0cm\" nowrap=\"nowrap\"\r\n                    valign=\"top\">\r\n                    <p class=\"MsoNormal\" style=\"text-align:right\"\r\n                      align=\"right\"><b>Дата: <o:p></o:p></b></p>\r\n                  </td>\r\n                  <td style=\"padding:0cm 0cm 0cm 0cm\">\r\n                    <p class=\"MsoNormal\">Tue, 24 Mar 2020 18:25:24 +0300<o:p></o:p></p>\r\n                  </td>\r\n                </tr>\r\n                <tr>\r\n                  <td style=\"padding:0cm 0cm 0cm 0cm\" nowrap=\"nowrap\"\r\n                    valign=\"top\">\r\n                    <p class=\"MsoNormal\" style=\"text-align:right\"\r\n                      align=\"right\"><b>От: <o:p></o:p></b></p>\r\n                  </td>\r\n                  <td style=\"padding:0cm 0cm 0cm 0cm\">\r\n                    <p class=\"MsoNormal\">man18 <a\r\n                        href=\"mailto:manage.brg18@lgstmail.ru\"\r\n                        moz-do-not-send=\"true\">&lt;manage.brg18@lgstmail.ru&gt;</a><o:p></o:p></p>\r\n                  </td>\r\n                </tr>\r\n                <tr>\r\n                  <td style=\"padding:0cm 0cm 0cm 0cm\" nowrap=\"nowrap\"\r\n                    valign=\"top\">\r\n                    <p class=\"MsoNormal\" style=\"text-align:right\"\r\n                      align=\"right\"><b>Кому: <o:p></o:p></b></p>\r\n                  </td>\r\n                  <td style=\"padding:0cm 0cm 0cm 0cm\">\r\n                    <p class=\"MsoNormal\"><a\r\n                        href=\"mailto:adi@shridam.biz\"\r\n                        moz-do-not-send=\"true\">adi@shridam.biz</a><o:p></o:p></p>\r\n                  </td>\r\n                </tr>\r\n              </tbody>\r\n            </table>\r\n            <p class=\"MsoNormal\" style=\"margin-bottom:12.0pt\"><o:p> </o:p></p>\r\n            <p>в данном случае, нам гарантируют, что процесс пройдет в\r\n              течение 3-4 месяцев, т.к. проведена большая\r\n              подготовительная работа,<o:p></o:p></p>\r\n            <p>и компания не  участвует в самом процессе, а отправляет\r\n              представителя, в случае положительного решения, ср-ва\r\n              будут переведены не на счет<o:p></o:p></p>\r\n            <p>СоюзТехники а на счет поставщика клиента, поэтому просьба\r\n              срочно подписать, это формальность, спасибо<o:p></o:p></p>\r\n            <p><o:p> </o:p></p>\r\n            <p class=\"MsoNormal\"><o:p> </o:p></p>\r\n            <div>\r\n              <p class=\"MsoNormal\">24.03.2020 18:16, <a\r\n                  href=\"mailto:adi@shridam.biz\" moz-do-not-send=\"true\">adi@shridam.biz</a>\r\n                пишет:<o:p></o:p></p>\r\n            </div>\r\n            <blockquote style=\"margin-top:5.0pt;margin-bottom:5.0pt\">\r\n              <p class=\"MsoNormal\"><span\r\n                  style=\"color:#1F497D;mso-fareast-language:EN-US\">Добрый\r\n                  день!</span><o:p></o:p></p>\r\n              <p class=\"MsoNormal\"><span\r\n                  style=\"color:#1F497D;mso-fareast-language:EN-US\">СоюзТехника\r\n                  не может быть заявителем в суде, т.к мы не можем\r\n                  гарантировать жизнь компании более года, а судебный\r\n                  процесс,  как правило продолжается длительное время.</span><o:p></o:p></p>\r\n              <p class=\"MsoNormal\"><span\r\n                  style=\"color:#1F497D;mso-fareast-language:EN-US\">С\r\n                  уважением ,</span><o:p></o:p></p>\r\n              <p class=\"MsoNormal\"><span\r\n                  style=\"color:#1F497D;mso-fareast-language:EN-US\"> </span><o:p></o:p></p>\r\n              <p class=\"MsoNormal\"><span\r\n                  style=\"color:#1F497D;mso-fareast-language:EN-US\"> </span><o:p></o:p></p>\r\n              <div>\r\n                <div style=\"border:none;border-top:solid #E1E1E1\r\n                  1.0pt;padding:3.0pt 0cm 0cm 0cm\">\r\n                  <p class=\"MsoNormal\"><b><span style=\"color:windowtext\">From:</span></b><span\r\n                      style=\"color:windowtext\"> man18 [<a\r\n                        href=\"mailto:manage.brg18@lgstmail.ru\"\r\n                        moz-do-not-send=\"true\">mailto:manage.brg18@lgstmail.ru</a>]\r\n                      <br>\r\n                      <b>Sent:</b> Tuesday, March 24, 2020 2:06 PM<br>\r\n                      <b>To:</b> <a href=\"mailto:adi@shridam.biz\"\r\n                        moz-do-not-send=\"true\">adi@shridam.biz</a><br>\r\n                      <b>Subject:</b> срочный вопрос</span><o:p></o:p></p>\r\n                </div>\r\n              </div>\r\n              <p class=\"MsoNormal\"> <o:p></o:p></p>\r\n              <div>\r\n                <p class=\"MsoNormal\">  Добрый день!  Ранее я сообщала,\r\n                  что ведется судебное дело по поводу кражи\r\n                  кожгалантереи нашего клиента Вояж на складе в Риге.<br>\r\n                  А ранее мы оплачивали за склад от СоюзТехники на\r\n                  ТМТранс.  Ниже список документов, которые необходимо\r\n                  предоставить до 11 утра <b>26.03.2020.<br>\r\n                    Просьба ответственно подойти к данному вопросу,\r\n                    спасибо большое!<br>\r\n                  </b>Ниже адвокат Корнелиус пишет, что со стороны\r\n                  Союзтехники необходимо пропечатать и подписать\r\n                  директором Соглашение о правовой помощи Представителя.\r\n                  Я перевёл текст соглашения на русский (отдельным\r\n                  файлом). Также в самом соглашение поставил номер ИНН\r\n                  Союзтехники - 7724417306 <o:p></o:p></p>\r\n                <p>Жёлтой заливкой выделено также то, что я не\r\n                  уполномочен указывать - <u>Банк и номер счёта в Банке</u>.<o:p></o:p></p>\r\n                <p>Просьба рассмотреть это соглашение и, соответственно,\r\n                  указать то, что недостаёт, подписать и пропечатать.<o:p></o:p></p>\r\n                <p>Помимо этого Корнелиусу необходима либо выписка из\r\n                  реестра России о компании Союзтехника (в ней должен\r\n                  быть обязательно указан директор) либо если получить\r\n                  выписку невозможно, то следующее:<o:p></o:p></p>\r\n                <p>1. Устав<o:p></o:p></p>\r\n                <p>2. Протокол о назначении директора<o:p></o:p></p>\r\n                <p>3. Копия паспорта директора (требуется в любом\r\n                  случае, и при выписке из реестра)<o:p></o:p></p>\r\n                <p class=\"MsoNormal\"> <o:p></o:p></p>\r\n                <div>\r\n                  <p class=\"MsoNormal\">24.03.2020 10:35, Kornelijus\r\n                    Pivoriūnas пишет:<o:p></o:p></p>\r\n                </div>\r\n                <blockquote style=\"margin-top:5.0pt;margin-bottom:5.0pt\">\r\n                  <p class=\"MsoNormal\"><span\r\n                      style=\"color:windowtext;mso-fareast-language:EN-US\">Dobroe\r\n                      utro.</span><o:p></o:p></p>\r\n                  <p class=\"MsoNormal\"><span\r\n                      style=\"color:windowtext;mso-fareast-language:EN-US\">Esli\r\n                      est problemy s poluceniem dokumentov ot registra,\r\n                      mozno oboitis i bez etovo.</span><o:p></o:p></p>\r\n                  <p class=\"MsoNormal\"><span\r\n                      style=\"color:windowtext;mso-fareast-language:EN-US\"> </span><o:p></o:p></p>\r\n                  <p class=\"MsoNormal\"><span\r\n                      style=\"color:windowtext;mso-fareast-language:EN-US\">Togda\r\n                      nuzno:</span><o:p></o:p></p>\r\n                  <p class=\"MsoNormal\"\r\n                    style=\"margin-left:36.0pt;text-indent:-18.0pt;mso-list:l0\r\n                    level1 lfo2\"><!--[if !supportLists]--><span\r\n                      style=\"mso-list:Ignore\">1)<span style=\"font:7.0pt\r\n                        &quot;Times New Roman&quot;\">      </span></span><!--[endif]--><span\r\nstyle=\"color:windowtext;mso-fareast-language:EN-US\">Ustav</span><o:p></o:p></p>\r\n                  <p class=\"MsoNormal\"\r\n                    style=\"margin-left:36.0pt;text-indent:-18.0pt;mso-list:l0\r\n                    level1 lfo2\"><!--[if !supportLists]--><span\r\n                      style=\"mso-list:Ignore\">2)<span style=\"font:7.0pt\r\n                        &quot;Times New Roman&quot;\">      </span></span><!--[endif]--><span\r\nstyle=\"color:windowtext;mso-fareast-language:EN-US\">Protokol o\r\n                      naznacenii direktora</span><o:p></o:p></p>\r\n                  <p class=\"MsoNormal\"\r\n                    style=\"margin-left:36.0pt;text-indent:-18.0pt;mso-list:l0\r\n                    level1 lfo2\"><!--[if !supportLists]--><span\r\n                      style=\"mso-list:Ignore\">3)<span style=\"font:7.0pt\r\n                        &quot;Times New Roman&quot;\">      </span></span><!--[endif]--><span\r\nstyle=\"color:windowtext;mso-fareast-language:EN-US\">Kopija pasporta\r\n                      direktora.</span><o:p></o:p></p>\r\n                  <p class=\"MsoNormal\"><span\r\n                      style=\"color:windowtext;mso-fareast-language:EN-US\"> </span><o:p></o:p></p>\r\n                  <p class=\"MsoNormal\"><span\r\n                      style=\"color:windowtext;mso-fareast-language:EN-US\">Vysylaju\r\n                      dogovora o predstavlenie v sude TM Trans i\r\n                      SoyuzTechnika – <span\r\n                        style=\"background:yellow;mso-highlight:yellow\">nuzno\r\n                        zapolnit pomecenyye mesta i podpisat</span>.\r\n                      Podpisat dolzen direktor.</span><o:p></o:p></p>\r\n                  <p class=\"MsoNormal\"><span\r\n                      style=\"color:windowtext;mso-fareast-language:EN-US\">Togda\r\n                      ne nado budet perevodit vsie procesualnye\r\n                      dokumenty na latyshskij i russkij.</span><o:p></o:p></p>\r\n                  <p class=\"MsoNormal\"><span\r\n                      style=\"color:windowtext;mso-fareast-language:EN-US\"> </span><o:p></o:p></p>\r\n                  <p class=\"MsoNormal\"><span\r\n                      style=\"color:red;mso-fareast-language:EN-US\">Dokumenty\r\n                      nuzny do cetverga (26-03-2020)</span><o:p></o:p></p>\r\n                  <p class=\"MsoNormal\"><span\r\n                      style=\"color:windowtext;mso-fareast-language:EN-US\"> </span><o:p></o:p></p>\r\n                  <div>\r\n                    <p class=\"MsoNormal\"><span style=\"color:windowtext\">Pagarbiai</span><o:p></o:p></p>\r\n                    <p class=\"MsoNormal\"><span style=\"color:windowtext\">Kornelijus\r\n                        Pivoriūnas</span><o:p></o:p></p>\r\n                    <p class=\"MsoNormal\"><span style=\"color:windowtext\">+370\r\n                        (699) 99370 </span><o:p></o:p></p>\r\n                    <p class=\"MsoNormal\"><span style=\"color:windowtext\"><img\r\n                          id=\"_x0000_i1025\"\r\n                          src=\"cid:part9.00C7548B.5434B290@lgstmail.ru\"\r\n                          class=\"\" height=\"39\" width=\"189\" border=\"0\"></span><o:p></o:p></p>\r\n                  </div>\r\n                  <p class=\"MsoNormal\"><span\r\n                      style=\"color:windowtext;mso-fareast-language:EN-US\"> </span><o:p></o:p></p>\r\n                  <p class=\"MsoNormal\"><span\r\n                      style=\"font-size:12.0pt;font-family:&quot;Times\r\n                      New Roman ,serif&quot;,serif\"> </span><o:p></o:p></p>\r\n                </blockquote>\r\n                <p class=\"MsoNormal\"><span\r\n                    style=\"font-size:12.0pt;font-family:&quot;Times New\r\n                    Roman ,serif&quot;,serif\"> </span><o:p></o:p></p>\r\n              </div>\r\n            </blockquote>\r\n            <p class=\"MsoNormal\"><span\r\n                style=\"font-size:12.0pt;font-family:&quot;Times New\r\n                Roman&quot;,serif\"><o:p> </o:p></span></p>\r\n          </div>\r\n        </div>\r\n      </blockquote>\r\n      <br>\r\n    </div>\r\n  </body>\r\n</html>\r\n<br><br>','utf-8',1,0,0,'<284e4a9c-d6e8-7781-11d8-00cf3d38ea5b@lgstmail.ru>',1,22048,1591865272,NULL,'INBOX/ptg/CoralWay/Coral Support'),(1,'[\"boxkvt@gmail.com\"]','[\"coralproject@itilus.com\"]','[]','[]','1585919571','Fwd: Проблемы с 1-с за 2017-2018г.','<div dir=\"ltr\"><br><br><div class=\"gmail_quote\"><div dir=\"ltr\" class=\"gmail_attr\">---------- Forwarded message ---------<br>От: <strong class=\"gmail_sendername\" dir=\"auto\">Константин Котов</strong> <span dir=\"auto\">&lt;<a href=\"mailto:boxkvt@gmail.com\">boxkvt@gmail.com</a>&gt;</span><br>Date: пт, 3 апр. 2020 г. в 16:12<br>Subject: Fwd: Проблемы с 1-с за 2017-2018г.<br>To: Vit &lt;<a href=\"mailto:vit@itilus.com\">vit@itilus.com</a>&gt;<br></div><br><br><div dir=\"ltr\"><br><br><div class=\"gmail_quote\"><div dir=\"ltr\" class=\"gmail_attr\">---------- Forwarded message ---------<br>От: <strong class=\"gmail_sendername\" dir=\"auto\">Ольга</strong> <span dir=\"auto\">&lt;<a href=\"mailto:buhgalter@tk-ptg.ru\" target=\"_blank\">buhgalter@tk-ptg.ru</a>&gt;</span><br>Date: пт, 3 апр. 2020 г. в 16:09<br>Subject: Re: Проблемы с 1-с за 2017-2018г.<br>To: Константин Котов &lt;<a href=\"mailto:boxkvt@gmail.com\" target=\"_blank\">boxkvt@gmail.com</a>&gt;<br></div><br><br><u></u>\r\n\r\n\r\n  \r\n\r\n<div bgcolor=\"#ffffff\" text=\"#000000\">\r\nБухгалтерия предприятия 2017  Y:\\Accounting2017\r\n<blockquote cite=\"http://midCANB8VDfez5KPLx7WVetN434zcaSkZU8E+a9+zLQdVQLAu=x5JQ@mail.gmail.com\" type=\"cite\">\r\n  <div dir=\"ltr\">\r\n  <div>Вот список всех баз. С какими базами и какие проблемы.</div>\r\n  <div><br>\r\n  </div>\r\nED accounting Y:\\ED\\Accounting\r\n  <div>ED ЗУП  Y:\\ED\\HRMBase<br>\r\n  </div>\r\n  <div>old2 Y:\\ИП БАЛЬ АН<br>\r\n  </div>\r\n  <div>old3 Y:\\ИП БАЛЬ ЗУП<br>\r\n  </div>\r\n  <div>test 111111111  E:\\temp 1c base\\Accounting2017\\Accounting2017<br>\r\n  </div>\r\n  <div>Бухгалтерия предприятия   Y:\\Accounting<br>\r\n  </div>\r\n  <div>Бухгалтерия предприятия 2017  Y:\\Accounting2017<br>\r\n  </div>\r\n  <div>Бухгалтерия предприятия 2019  Y:\\Accounting2019<br>\r\n  </div>\r\n  <div>Бухгалтерия предприятия 2019 3.0 пробная  Y:\\Accounting2019_30<br>\r\n  </div>\r\n  <div>Бухгалтерия предприятия 3.0 рабочая Y:\\Accounting2019_30_work<br>\r\n  </div>\r\n  <div>Бухгалтерия экспедитор КОПИЯ 17022020  <a href=\"http://192.168.61.206:33080/test/\" target=\"_blank\">http://192.168.61.206:33080/test/</a><br>\r\n  </div>\r\n  <div>Бухгалтерия экспедитора  <a href=\"http://192.168.61.206:33080/accforward/\" target=\"_blank\">http://192.168.61.206:33080/accforward/</a><br>\r\n  </div>\r\n  <div>Зарплата 2.5  Y:\\HRMBase<br>\r\n  </div>\r\n  <div>Зарплата 3.1  <a href=\"http://192.168.61.206:33080/zup\" target=\"_blank\">http://192.168.61.206:33080/zup</a><br>\r\n  </div>\r\n  <div>ИГРУШКА2017  Y:\\ИГРУШКА2017<br>\r\n  </div>\r\n  <div>Информационная база  Y:\\AccountingDemo<br>\r\n  </div>\r\n  <div>Информационная база #2019-8.3    expi   accforward<br>\r\n  </div>\r\n  <div>Тест Бухгалтерия Экспедитора  <a href=\"http://192.168.61.206:33080/test\" target=\"_blank\">http://192.168.61.206:33080/test</a><br>\r\n  </div>\r\n  <div>Управление торговлей (демо)  Y:\\MyDemo<br>\r\n  </div>\r\n  <div>Электронное декларирование Бухгалтерия  E:\\share buh001\\Disk\r\nF\\ed\\bg<br>\r\n  </div>\r\n  <div>Электронное декларирование Зарплата  E:\\share buh001\\Disk F\\ed\\zp<br>\r\n  </div>\r\n  <div><br>\r\n  </div>\r\n  <div><br>\r\n  </div>\r\n  <div><br>\r\n  </div>\r\n  <div><br>\r\n  </div>\r\n  <div><br>\r\n  </div>\r\n  <div><br>\r\n  </div>\r\n  <div><br>\r\n  </div>\r\n  <div><br>\r\n  </div>\r\n  <div><br>\r\n  </div>\r\n  <div><br>\r\n  </div>\r\n  <div><br>\r\n  </div>\r\n  <div><br>\r\n  </div>\r\n  <div><br>\r\n  </div>\r\n  <div><br>\r\n  </div>\r\n  <div><br>\r\n  </div>\r\n  </div>\r\n  <br>\r\n  <div class=\"gmail_quote\">\r\n  <div dir=\"ltr\" class=\"gmail_attr\">пт, 3 апр. 2020 г. в 15:52, Ольга\r\n&lt;<a href=\"mailto:buhgalter@tk-ptg.ru\" target=\"_blank\">buhgalter@tk-ptg.ru</a>&gt;:<br>\r\n  </div>\r\n  <blockquote class=\"gmail_quote\" style=\"border-left:1px solid rgb(204,204,204);margin:0px 0px 0px 0.8ex;padding-left:1ex\">\r\n    <div bgcolor=\"#ffffff\"><img src=\"cid:171402b7170c204bfcc1\" alt=\"\">\r\n    <br>\r\n    <br>\r\n    </div>\r\n  </blockquote>\r\n  </div>\r\n</blockquote>\r\n<br>\r\n<br>\r\n</div>\r\n\r\n</div></div>\r\n</div></div>\r\n<br><br>','UTF-8',1,0,0,'<CANB8VDcKNMAC2_eWb=6UhFzyncHx1V2Xi9vtQySuuYp2245dyw@mail.gmail.com>',1,22740,1591865272,NULL,'INBOX/ptg/CoralWay/Coral Support'),(1,'[\"i.ivanova@coralway.ru\"]','[\"coralproject@itilus.com\",\"privozim111@lgstmail.ru\",\"buhgalter@tk-ptg.ru\"]','[\"coralproject@itilus.com\"]','[]','1587470823','Акт сверки взаиморасчетов','<!DOCTYPE html PUBLIC \"-//W3C//DTD HTML 4.0 Transitional//EN\"><html><head content=\"text/html\" http-equiv=\"Content-Type\" charset=\"utf-8\"><meta name=\"GENERATOR\"></meta></head><body>\r\n<p>Добрый день. <br></p>\r\n<p>Счет за а/п за апрель аннулировали. <br>Направляем  Вам акт сверки взаимных расчетов  по состоянию на 21.04.2020. Просим подтвердить взаиморасчеты и направить скан подписанного акта по электронной почте: i.ivanova@coralway.ru. <br><br><br>С наилучшими пожеланиями,<br>Заместитель главного бухгалтера<br>Иванова Ирина<br><br>Тел. раб.: +7(812)600-91-77 (227)<br>E-mail: i.ivanova@coralway.ru<br>http://www.coralway.ru<br></p></body></html><br><br>','utf-8',1,0,0,'<d27bfe49-c64a-4d60-87d0-ec6c5280983a@itilus.com>',1,23368,1591865273,NULL,'INBOX/ptg/CoralWay/Coral Support'),(1,'[\"boxkvt@gmail.com\"]','[\"coralproject@itilus.com\"]','[\"vit@itilus.com\"]','[]','1587715032','Re: нет доступа','<div dir=\"ltr\">Еду на работу.Сейчас сделаем.<br><div class=\"gmail_quote\"><div dir=\"ltr\" class=\"gmail_attr\">пт, 24 апр. 2020 г. в 10:24, Sergey &lt;<a href=\"mailto:coralproject@itilus.com\" target=\"_blank\">coralproject@itilus.com</a>&gt;:<br></div><blockquote class=\"gmail_quote\" style=\"margin:0px 0px 0px 0.8ex;border-left:1px solid rgb(204,204,204);padding-left:1ex\">   Костя привет !<br>\r\n<br>\r\nПо этому сотруднику уже нужно делать .<br>\r\n<br>\r\nЕсть небольшая неразбериха . В удаленке запись как Смирнов Евгений , а в <br>\r\n1С ЭКСПЕДИТОР ему сделать доступ от ЛИ Александра.<br>\r\n<br>\r\nДай пжс обратную связь как сделаешь<br>\r\n<br>\r\n<br>\r\n<br>\r\n27.03.2020 15:31, Sergey пишет:<br>\r\n&gt;  Костя ДД!<br>\r\n&gt;<br>\r\n&gt; Есть сотрудник . В удаленке не работает база 1С экспедитор . Сидит за <br>\r\n&gt; компом Александр Ли.<br>\r\n&gt;<br>\r\n&gt; Прошу настроить доступ .<br>\r\n&gt;<br>\r\n&gt; Мы следующую неделю выполняет распоряжение ВВП. Работаем из дома .<br>\r\n&gt;<br>\r\n&gt;<br>\r\n&gt;<br>\r\n&gt;<br>\r\n<br>\r\n</blockquote></div></div>\r\n<br><br>','UTF-8',1,0,0,'<CANB8VDcyNuMZgPkeM8U5pnzSW1VCQY98yzxYGL0Y-5jATgyWqg@mail.gmail.com>',1,23428,1591865273,NULL,'INBOX/ptg/CoralWay/Coral Support'),(1,'[\"boxkvt@gmail.com\"]','[\"coralproject@itilus.com\"]','[\"vit@itilus.com\"]','[]','1587719316','Re: нет доступа','<div dir=\"ltr\">Доступ к БД у него есть? Я так понял надо поправить только доступ в 1сЭкспедитор?<div><br></div></div><br><div class=\"gmail_quote\"><div dir=\"ltr\" class=\"gmail_attr\">пт, 24 апр. 2020 г. в 10:56, Константин Котов &lt;<a href=\"mailto:boxkvt@gmail.com\">boxkvt@gmail.com</a>&gt;:<br></div><blockquote class=\"gmail_quote\" style=\"margin:0px 0px 0px 0.8ex;border-left:1px solid rgb(204,204,204);padding-left:1ex\"><div dir=\"ltr\">Еду на работу.Сейчас сделаем.<br><div class=\"gmail_quote\"><div dir=\"ltr\" class=\"gmail_attr\">пт, 24 апр. 2020 г. в 10:24, Sergey &lt;<a href=\"mailto:coralproject@itilus.com\" target=\"_blank\">coralproject@itilus.com</a>&gt;:<br></div><blockquote class=\"gmail_quote\" style=\"margin:0px 0px 0px 0.8ex;border-left:1px solid rgb(204,204,204);padding-left:1ex\">   Костя привет !<br>\r\n<br>\r\nПо этому сотруднику уже нужно делать .<br>\r\n<br>\r\nЕсть небольшая неразбериха . В удаленке запись как Смирнов Евгений , а в <br>\r\n1С ЭКСПЕДИТОР ему сделать доступ от ЛИ Александра.<br>\r\n<br>\r\nДай пжс обратную связь как сделаешь<br>\r\n<br>\r\n<br>\r\n<br>\r\n27.03.2020 15:31, Sergey пишет:<br>\r\n&gt;  Костя ДД!<br>\r\n&gt;<br>\r\n&gt; Есть сотрудник . В удаленке не работает база 1С экспедитор . Сидит за <br>\r\n&gt; компом Александр Ли.<br>\r\n&gt;<br>\r\n&gt; Прошу настроить доступ .<br>\r\n&gt;<br>\r\n&gt; Мы следующую неделю выполняет распоряжение ВВП. Работаем из дома .<br>\r\n&gt;<br>\r\n&gt;<br>\r\n&gt;<br>\r\n&gt;<br>\r\n<br>\r\n</blockquote></div></div>\r\n</blockquote></div>\r\n<br><br>','UTF-8',1,0,0,'<CANB8VDdJc0JUAVW3a8_Lu_QjpS5Xt5qV806DxWsfiEVehPtpSg@mail.gmail.com>',1,23452,1591865273,NULL,'INBOX/ptg/CoralWay/Coral Support'),(1,'[\"boxkvt@gmail.com\"]','[\"coralproject@itilus.com\"]','[\"vit@itilus.com\"]','[]','1587720189','Re: нет доступа','<div dir=\"ltr\">Ок понял.<div><br></div></div><br><div class=\"gmail_quote\"><div dir=\"ltr\" class=\"gmail_attr\">пт, 24 апр. 2020 г. в 12:12, Sergey &lt;<a href=\"mailto:coralproject@itilus.com\">coralproject@itilus.com</a>&gt;:<br></div><blockquote class=\"gmail_quote\" style=\"margin:0px 0px 0px 0.8ex;border-left:1px solid rgb(204,204,204);padding-left:1ex\">\r\n  \r\n    \r\n  \r\n  <div bgcolor=\"#FFFFFF\">\r\n    <p> 1) НЕт доступа из удаленки. <br>\r\n    </p>\r\n    <p> 2)Да к БД 1С экспедитор .</p>\r\n    <p><br>\r\n    </p>\r\n    <br>\r\n    <div>24.04.2020 12:08, Константин Котов\r\n      пишет:<br>\r\n    </div>\r\n    <blockquote type=\"cite\">\r\n      \r\n      <div dir=\"ltr\">Доступ к БД у него есть? Я так понял надо поправить\r\n        только доступ в 1сЭкспедитор?\r\n        <div><br>\r\n        </div>\r\n      </div>\r\n      <br>\r\n      <div class=\"gmail_quote\">\r\n        <div dir=\"ltr\" class=\"gmail_attr\">пт, 24 апр. 2020 г. в 10:56,\r\n          Константин Котов &lt;<a href=\"mailto:boxkvt@gmail.com\" target=\"_blank\">boxkvt@gmail.com</a>&gt;:<br>\r\n        </div>\r\n        <blockquote class=\"gmail_quote\">\r\n          <div dir=\"ltr\">Еду на работу.Сейчас сделаем.<br>\r\n            <div class=\"gmail_quote\">\r\n              <div dir=\"ltr\" class=\"gmail_attr\">пт, 24 апр. 2020 г. в\r\n                10:24, Sergey &lt;<a href=\"mailto:coralproject@itilus.com\" target=\"_blank\">coralproject@itilus.com</a>&gt;:<br>\r\n              </div>\r\n              <blockquote class=\"gmail_quote\">   Костя привет !<br>\r\n                <br>\r\n                По этому сотруднику уже нужно делать .<br>\r\n                <br>\r\n                Есть небольшая неразбериха . В удаленке запись как\r\n                Смирнов Евгений , а в <br>\r\n                1С ЭКСПЕДИТОР ему сделать доступ от ЛИ Александра.<br>\r\n                <br>\r\n                Дай пжс обратную связь как сделаешь<br>\r\n                <br>\r\n                <br>\r\n                <br>\r\n                27.03.2020 15:31, Sergey пишет:<br>\r\n                &gt;  Костя ДД!<br>\r\n                &gt;<br>\r\n                &gt; Есть сотрудник . В удаленке не работает база 1С\r\n                экспедитор . Сидит за <br>\r\n                &gt; компом Александр Ли.<br>\r\n                &gt;<br>\r\n                &gt; Прошу настроить доступ .<br>\r\n                &gt;<br>\r\n                &gt; Мы следующую неделю выполняет распоряжение ВВП.\r\n                Работаем из дома .<br>\r\n                &gt;<br>\r\n                &gt;<br>\r\n                &gt;<br>\r\n                &gt;<br>\r\n                <br>\r\n              </blockquote>\r\n            </div>\r\n          </div>\r\n        </blockquote>\r\n      </div>\r\n    </blockquote>\r\n    <br>\r\n  </div>\r\n\r\n</blockquote></div>\r\n<br><br>','UTF-8',1,0,0,'<CANB8VDd-CofUT5FLF=TQn-v18cyPNNZB2RL+Om2V1abQTq2EUw@mail.gmail.com>',1,23454,1591865274,NULL,'INBOX/ptg/CoralWay/Coral Support'),(1,'[\"boxkvt@gmail.com\"]','[\"coralproject@itilus.com\"]','[\"vit@itilus.com\"]','[]','1587754954','Re: 1С Экспедитор (Лисак) проблема','<div dir=\"ltr\">Исправил.</div><br><div class=\"gmail_quote\"><div dir=\"ltr\" class=\"gmail_attr\">пт, 24 апр. 2020 г. в 16:25, Sergey &lt;<a href=\"mailto:coralproject@itilus.com\">coralproject@itilus.com</a>&gt;:<br></div><blockquote class=\"gmail_quote\" style=\"margin:0px 0px 0px 0.8ex;border-left:1px solid rgb(204,204,204);padding-left:1ex\">    Костя, привет !<br>\r\n<br>\r\nУ  Лисак  Марина на 1С Экспедитор на удаленке пропала 1С Экспедитор .<br>\r\n<br>\r\nОсталась только база ДЕМО .<br>\r\n<br>\r\nВосстанови пжс оперативно . Нужосрочно для работы<br>\r\n<br>\r\n<br>\r\n</blockquote></div>\r\n<br><br>','UTF-8',1,0,0,'<CANB8VDfqi-Bk2yFKHompk1sDyyVYJ2BQwVkR2SCbgsuO8rB3tQ@mail.gmail.com>',1,23493,1591865274,NULL,'INBOX/ptg/CoralWay/Coral Support'),(1,'[\"manage.brg06@lgstmail.ru\"]','[\"coralproject@itilus.com\"]','[]','[]','1587976670','База кое что не работает','Не появляется кнопка отправить заявку на перевозку. В частности по PTG000382\n\n','utf-8',0,0,0,'<a7b449c0-16d6-a31f-1130-99d28d5ef617@lgstmail.ru>',1,23571,1591865274,NULL,'INBOX/ptg/CoralWay/Coral Support'),(1,'[\"boxkvt@gmail.com\"]','[\"coralproject@itilus.com\"]','[]','[]','1587978460','Re: База кое что не работает','<div dir=\"ltr\">Да бы обновили бух - обновление Экспедитор будем ставить сегодня. </div><br><div class=\"gmail_quote\"><div dir=\"ltr\" class=\"gmail_attr\">пн, 27 апр. 2020 г. в 12:03, Sergey &lt;<a href=\"mailto:coralproject@itilus.com\">coralproject@itilus.com</a>&gt;:<br></div><blockquote class=\"gmail_quote\" style=\"margin:0px 0px 0px 0.8ex;border-left:1px solid rgb(204,204,204);padding-left:1ex\">\r\n  \r\n\r\n    \r\n  \r\n  <div bgcolor=\"#FFFFFF\">\r\n    <p> Константин !</p>\r\n    <p>Я правильно понимаю , что вы обновили только 1С бух , а\r\n      экспедитор еще не обновлялся. <br>\r\n    </p>\r\n    <p>А уже появилась проблема с дополнительными доработками. <br>\r\n    </p>\r\n    <p>Прокомментируйте пжс .<br>\r\n    </p>\r\n    <div><br>\r\n      <br>\r\n      -------- Перенаправленное сообщение --------\r\n      <table cellspacing=\"0\" cellpadding=\"0\" border=\"0\">\r\n        <tbody>\r\n          <tr>\r\n            <th nowrap valign=\"BASELINE\" align=\"RIGHT\">Тема: </th>\r\n            <td>База кое что не работает</td>\r\n          </tr>\r\n          <tr>\r\n            <th nowrap valign=\"BASELINE\" align=\"RIGHT\">Дата: </th>\r\n            <td>Mon, 27 Apr 2020 11:37:49 +0300</td>\r\n          </tr>\r\n          <tr>\r\n            <th nowrap valign=\"BASELINE\" align=\"RIGHT\">От: </th>\r\n            <td>VG <a href=\"mailto:manage.brg06@lgstmail.ru\" target=\"_blank\">&lt;manage.brg06@lgstmail.ru&gt;</a></td>\r\n          </tr>\r\n          <tr>\r\n            <th nowrap valign=\"BASELINE\" align=\"RIGHT\">Кому: </th>\r\n            <td>Victor <a href=\"mailto:coralproject@itilus.com\" target=\"_blank\">&lt;coralproject@itilus.com&gt;</a></td>\r\n          </tr>\r\n        </tbody>\r\n      </table>\r\n      <br>\r\n      <br>\r\n      <pre>Не появляетсякнопка отправить заявку на перевозку. В частности по PTG000382\r\n\r\n</pre>\r\n    </div>\r\n  </div>\r\n\r\n</blockquote></div>\r\n<br><br>','UTF-8',1,0,0,'<CANB8VDfqZaNbbDwZPtTLwNpOmYdtMOVYHxrQ26gAt9N8Oh58gA@mail.gmail.com>',1,23572,1591865274,NULL,'INBOX/ptg/CoralWay/Coral Support'),(1,'[\"a.nekrasova@coralway.ru\"]','[\"coralproject@itilus.com\"]','[\"s.roschina@coralway.ru\"]','[]','1587979041','Re: База кое что не работает','<div dir=\"ltr\">Добрый день!<div>При обновлении слетели права пользователей. Поправили.</div><div><br clear=\"all\"><div><div dir=\"ltr\" class=\"gmail_signature\" data-smartmail=\"gmail_signature\"><div dir=\"ltr\"><div><div dir=\"ltr\"><div dir=\"ltr\"><div dir=\"ltr\"><div dir=\"ltr\"><div dir=\"ltr\"><div dir=\"ltr\"><div dir=\"ltr\"><div dir=\"ltr\"><p class=\"MsoNormal\"><span style=\"color:rgb(75,75,75)\"><font face=\"tahoma, sans-serif\">С Уважением,<br></font></span><span style=\"color:rgb(75,75,75);font-family:tahoma,sans-serif\">Анастасия Некрасова<br></span><span style=\"color:rgb(75,75,75);font-family:tahoma,sans-serif\">Менеджер по проектам</span></p><p class=\"MsoNormal\"><span style=\"color:rgb(75,75,75)\"><font face=\"tahoma, sans-serif\"><br></font></span></p><p class=\"MsoNormal\" style=\"margin-bottom:12pt\">Тел. раб.: +7 (812) 600-91-77 доб. 214<br>Тел. моб.: +7 (911) 956-74-48<br>E-mail: <span style=\"color:rgb(102,102,102);font-family:arial,sans-serif;white-space:nowrap\"><a href=\"mailto:a.nekrasova@coralway.ru\" style=\"color:rgb(17,85,204)\" target=\"_blank\">a.nekrasova@coralway.ru</a></span><br>Skype: Anastasya4248396<br></p><p class=\"MsoNormal\" style=\"margin-bottom:12pt\"><br>Группа компаний &quot;КОРАЛ ВЭЙ&quot;<br>Россия, г.Санкт-Петербург, Торфяная дорога, д.7, лит.Ф, БЦ &quot;Гулливер-2&quot;, офис 220<br><a href=\"http://www.coralway.ru/\" style=\"color:rgb(17,85,204)\" target=\"_blank\">http://www.coralway.ru/</a> <br><font face=\"tahoma, sans-serif\"><span style=\"color:rgb(75,75,75)\"><br><br><br><br></span></font></p></div></div></div></div></div></div></div></div></div></div></div></div><br></div></div><br><div class=\"gmail_quote\"><div dir=\"ltr\" class=\"gmail_attr\">пн, 27 апр. 2020 г. в 12:07, Sergey &lt;<a href=\"mailto:coralproject@itilus.com\">coralproject@itilus.com</a>&gt;:<br></div><blockquote class=\"gmail_quote\" style=\"margin:0px 0px 0px 0.8ex;border-left:1px solid rgb(204,204,204);padding-left:1ex\">\r\n  \r\n\r\n    \r\n  \r\n  <div bgcolor=\"#FFFFFF\">\r\n    <p>  Девушки, добрый день !</p>\r\n    <p>У нас пропала кнопка &quot;заявка на перевозку&quot; в 1С экспедитор .<br>\r\n    </p>\r\n    <p>Прокомментируйте пжс и восстановите , функция очень востребована\r\n      в удаленной работе , что сейчас у нас .<br>\r\n    </p>\r\n    <p><br>\r\n    </p>\r\n    <div><br>\r\n      <br>\r\n      -------- Перенаправленное сообщение --------\r\n      <table cellspacing=\"0\" cellpadding=\"0\" border=\"0\">\r\n        <tbody>\r\n          <tr>\r\n            <th nowrap valign=\"BASELINE\" align=\"RIGHT\">Тема: </th>\r\n            <td>База кое что не работает</td>\r\n          </tr>\r\n          <tr>\r\n            <th nowrap valign=\"BASELINE\" align=\"RIGHT\">Дата: </th>\r\n            <td>Mon, 27 Apr 2020 11:37:49 +0300</td>\r\n          </tr>\r\n          <tr>\r\n            <th nowrap valign=\"BASELINE\" align=\"RIGHT\">От: </th>\r\n            <td>VG <a href=\"mailto:manage.brg06@lgstmail.ru\" target=\"_blank\">&lt;manage.brg06@lgstmail.ru&gt;</a></td>\r\n          </tr>\r\n          <tr>\r\n            <th nowrap valign=\"BASELINE\" align=\"RIGHT\">Кому: </th>\r\n            <td>Victor <a href=\"mailto:coralproject@itilus.com\" target=\"_blank\">&lt;coralproject@itilus.com&gt;</a></td>\r\n          </tr>\r\n        </tbody>\r\n      </table>\r\n      <br>\r\n      <br>\r\n      <pre>Не появляетсякнопка отправить заявку на перевозку. В частности по PTG000382\r\n\r\n</pre>\r\n    </div>\r\n  </div>\r\n\r\n</blockquote></div>\r\n<br><br>','UTF-8',1,0,0,'<CAJf8-H_5q87B9wc=SKaOgmYmxVLwu+azDnpKr7mt3_rExvQAAA@mail.gmail.com>',1,23578,1591865274,NULL,'INBOX/ptg/CoralWay/Coral Support'),(1,'[\"boxkvt@gmail.com\"]','[\"coralproject@itilus.com\"]','[]','[]','1588230384','Счета.','<div dir=\"ltr\">Все обновления до последнего что есть для Экспедитор поставили.<div>ЗУП и БУХ обновлены.</div><div><br></div><div>Счета за март и апрель в приложении.</div></div>\r\n<br><br>','UTF-8',1,0,0,'<CANB8VDdEsuhu5y9bv+0PkiWf-dC8TaFovC_xX7J2-uJkuhH4Vg@mail.gmail.com>',1,23720,1591865275,NULL,'INBOX/ptg/CoralWay/Coral Support'),(1,'[\"v.abramov@coralway.ru\"]','[\"coralproject@itilus.com\"]','[\"s.roschina@coralway.ru\",\"a.nekrasova@coralway.ru\"]','[]','1588235415','Fwd: Fwd: ошибки в бд','<html><head><title>Fwd: Fwd: &#1086;&#1096;&#1080;&#1073;&#1082;&#1080; &#1074; &#1073;&#1076;</title>\r\n<META http-equiv=Content-Type content=\"text/html; charset=windows-1251\">\r\n</head>\r\n<body>\r\n<span style=\" font-family:\'Times New Roman\'; font-size: 12pt;\">Сергей, добрый день.<br>\r\n<br>\r\nОшибка скорее всего связана с изменением архитектуры конфигурации после обновления, т.е. сделанная ранее доработка требуется адаптации под новый релиз. Этим должен заниматься специалист, ответственный за обновление вашей БД,<br>\r\nМы готовы это сделать, но у нас приостановлен договор между нами.<br>\r\n<br>\r\nПонимаем все сложность ситуации, мы подключимся, посмотрим и если проблема не большая - внесем соответствующие изменения. <br>\r\n<br>\r\n<br>\r\n---------- Forwarded message ---------<br>\r\nОт: <b>Sergey</b> &lt;</span><a style=\" font-family:\'times new roman\'; font-size: 12pt;\" href=\"mailto:coralproject@itilus.com\">coralproject@itilus.com</a><span style=\" font-family:\'Times New Roman\'; font-size: 12pt;\">&gt;<br>\r\nDate: чт, 30 апр. 2020 г. в 10:28<br>\r\nSubject: ошибки в бд<br>\r\nTo: Светлана Рощина &lt;</span><a style=\" font-family:\'times new roman\'; font-size: 12pt;\" href=\"mailto:s.roschina@coralway.ru\">s.roschina@coralway.ru</a><span style=\" font-family:\'Times New Roman\'; font-size: 12pt;\">&gt;, Анастасия Некрасова &lt;</span><a style=\" font-family:\'times new roman\'; font-size: 12pt;\" href=\"mailto:a.nekrasova@coralway.ru\">a.nekrasova@coralway.ru</a><span style=\" font-family:\'Times New Roman\'; font-size: 12pt;\">&gt;<br>\r\n<br>\r\n<br>\r\n Девушки &nbsp;, добрый день !<br>\r\n1.При попытке внесения файлов в файловый архив грузоперевозки появляется &nbsp;ошибка ( см. принт скрин).<br>\r\n2. То же ошибка появляется и при работе &nbsp;и с файловым архивом контрагента.<br>\r\n3.Снова пропала кнопка «отправить запрос на перевозку».<br>\r\n Прошу исправить .<br>\r\n<br>\r\n<br>\r\n<br>\r\n<img width=1600 height=900 alt=\"\" style=\"padding : 1px;\" src=\"cid:8B930D8D.01D61EC9.2E87B88A.7C2204B4_csseditor\"><br>\r\n<br>\r\n<br>\r\n---------- Конец пересылаемого письма ----------<br>\r\n<br>\r\n--<br>\r\nС наилучшими пожеланиями,<br>\r\nРуководитель отдела сопровождения мониторинговых и транспортных систем<br>\r\nАбрамов Владислав<br>\r\n<br>\r\nООО \"КОРАЛ ВЭЙ\"<br>\r\nТел. раб.: +7(812) 600-9177 доб.226<br>\r\nТел. моб.: +7(921) 330-8657<br>\r\nE-mail: </span><a style=\" font-family:\'times new roman\'; font-size: 12pt;\" href=\"mailto:v.abramov@coralway.ru\">v.abramov@coralway.ru</a><br>\r\n<span style=\" font-family:\'Times New Roman\'; font-size: 12pt;\">Skype: vld.abramov</body></html><br><br>','windows-12',1,0,0,'<1074318821.20200430113003@coralway.ru>',1,23721,1591865275,NULL,'INBOX/ptg/CoralWay/Coral Support'),(1,'[\"v.abramov@coralway.ru\"]','[\"coralproject@itilus.com\"]','[\"s.roschina@coralway.ru\",\"a.nekrasova@coralway.ru\"]','[]','1588246208','Re: Fwd: Fwd: ошибки в бд','<html><head><title>Re: Fwd: Fwd: &#1086;&#1096;&#1080;&#1073;&#1082;&#1080; &#1074; &#1073;&#1076;</title>\r\n<META http-equiv=Content-Type content=\"text/html; charset=windows-1251\">\r\n</head>\r\n<body>\r\n<span style=\" font-family:\'Times New Roman\'; font-size: 12pt;\">Сергей, обновлено в рабочей базе.<br>\r\n<br>\r\nВ типовых релизах меняется логика и некоторые доработки будут требовать адаптации. Тут без иллюзий программные продукты не стоят на месте и будут развиваться.<br>\r\nМы готовы выполнять такие работы в случае необходимости, на платной основе. Сейчас проблему решили за один час, понимая ситуации в мире.<br>\r\n<br>\r\nНо это непосредственная работа и ответственность специалиста, занимающегося обновлением базы данных.<br>\r\n<br>\r\n</span><table bgcolor=\"#ffffff\">\r\n<tr>\r\n<td width=2 bgcolor= #0000ff><br>\r\n</td>\r\n<td><span style=\" font-family:\'times new roman\'; font-size: 12pt;\"> &nbsp;Добрый день Владислав !<br>\r\n Хорошо , подключитесь смотрите и внесите пжс необходимые изменения .<br>\r\n В условиях &nbsp;изоляции нам необходимо &nbsp;рабочее состояние базы , это сильно облегчает &nbsp;дистанционную работу. <br>\r\n <br>\r\n30.04.2020 11:30, Абрамов Владислав пишет:<br>\r\nFwd: Fwd: ошибки в бд Сергей, добрый день.<br>\r\n<br>\r\nОшибка скорее всего связана с изменением архитектуры конфигурации после обновления, т.е. сделанная ранее доработка требуется адаптации под новый релиз. Этим должен заниматься специалист, ответственный за обновление вашей БД,<br>\r\nМы готовы это сделать, но у нас приостановлен договор между нами.<br>\r\n<br>\r\nПонимаем все сложность ситуации, мы подключимся, посмотрим и если проблема не большая - внесем соответствующие изменения. <br>\r\n<br>\r\n<br>\r\n---------- Forwarded message ---------<br>\r\nОт: <b>Sergey</b> &lt;</span><a style=\" font-family:\'times new roman\'; font-size: 12pt;\" href=\"mailto:coralproject@itilus.com\">coralproject@itilus.com</a><span style=\" font-family:\'times new roman\'; font-size: 12pt;\">&gt;<br>\r\nDate: чт, 30 апр. 2020 г. в 10:28<br>\r\nSubject: ошибки в бд<br>\r\nTo: Светлана Рощина &lt;</span><a style=\" font-family:\'times new roman\'; font-size: 12pt;\" href=\"mailto:s.roschina@coralway.ru\">s.roschina@coralway.ru</a><span style=\" font-family:\'times new roman\'; font-size: 12pt;\">&gt;, Анастасия Некрасова &lt;</span><a style=\" font-family:\'times new roman\'; font-size: 12pt;\" href=\"mailto:a.nekrasova@coralway.ru\">a.nekrasova@coralway.ru</a><span style=\" font-family:\'times new roman\'; font-size: 12pt;\">&gt;<br>\r\n<br>\r\n<br>\r\nДевушки &nbsp;, добрый день !<br>\r\n1.При попытке внесения файлов в файловый архив грузоперевозки появляется &nbsp;ошибка ( см. принт скрин).<br>\r\n2. То же ошибка появляется и при работе &nbsp;и с файловым архивом контрагента.<br>\r\n3.Снова пропала кнопка «отправить запрос на перевозку».<br>\r\nПрошу исправить .<br>\r\n<br>\r\n<br>\r\n<br>\r\n<img width=1481 height=833 alt=\"\" style=\"padding : 1px;\" src=\"cid:AC41BBA5.01D61EE2.754C5B63.28C19AF6_csseditor\"><br>\r\n<br>\r\n<br>\r\n---------- Конец пересылаемого письма ----------<br>\r\n<br>\r\n--<br>\r\nС наилучшими пожеланиями,<br>\r\nРуководитель отдела сопровождения мониторинговых и транспортных систем<br>\r\nАбрамов Владислав<br>\r\n<br>\r\nООО \"КОРАЛ ВЭЙ\"<br>\r\nТел. раб.: +7(812) 600-9177 доб.226<br>\r\nТел. моб.: +7(921) 330-8657<br>\r\nE-mail: </span><a style=\" font-family:\'times new roman\'; font-size: 12pt;\" href=\"mailto:v.abramov@coralway.ru\">v.abramov@coralway.ru</a><br>\r\n<span style=\" font-family:\'times new roman\'; font-size: 12pt;\">Skype: vld.abramov </td>\r\n</tr>\r\n</table>\r\n<br><br>\r\n<br>\r\n<br>\r\n<span style=\" font-family:\'Times New Roman\'; font-size: 12pt;\">--<br>\r\nС наилучшими пожеланиями,<br>\r\nРуководитель отдела сопровождения мониторинговых и транспортных систем<br>\r\nАбрамов Владислав<br>\r\n<br>\r\nООО \"КОРАЛ ВЭЙ\"<br>\r\nТел. раб.: +7(812) 600-9177 доб.226<br>\r\nТел. моб.: +7(921) 330-8657<br>\r\nE-mail: </span><a style=\" font-family:\'times new roman\'; font-size: 12pt;\" href=\"mailto:v.abramov@coralway.ru\">v.abramov@coralway.ru</a><br>\r\n<span style=\" font-family:\'Times New Roman\'; font-size: 12pt;\">Skype: vld.abramov</body></html><br><br>','windows-12',1,0,0,'<749276615.20200430142955@coralway.ru>',1,23745,1591865276,NULL,'INBOX/ptg/CoralWay/Coral Support'),(1,'[\"v.abramov@coralway.ru\"]','[\"coralproject@itilus.com\"]','[\"s.roschina@coralway.ru\",\"a.nekrasova@coralway.ru\"]','[]','1588253630','Re: Fwd: Fwd: ошибки в бд','<html><head><title>Re: Fwd: Fwd: &#1086;&#1096;&#1080;&#1073;&#1082;&#1080; &#1074; &#1073;&#1076;</title>\r\n<META http-equiv=Content-Type content=\"text/html; charset=windows-1251\">\r\n</head>\r\n<body>\r\n<span style=\" font-family:\'Times New Roman\'; font-size: 12pt;\">Сергей, поправили.<br>\r\nТут действительно наша ошибка, что при обновлении слетает доступность. Это поправим на будущее, я сообщу по готовности.<br>\r\n<br>\r\n<br>\r\n</span><table bgcolor=\"#ffffff\">\r\n<tr>\r\n<td width=2 bgcolor= #0000ff><br>\r\n</td>\r\n<td><span style=\" font-family:\'times new roman\'; font-size: 12pt;\"> &nbsp;Владислав, спасибо за хорошую новость &nbsp;!<br>\r\nФайловый заработал , но кнопка «отправить запрос на перевозку» не появилась.<br>\r\n<br>\r\n30.04.2020 14:29, Абрамов Владислав пишет:<br>\r\nRe: Fwd: Fwd: ошибки в бд Сергей, обновлено в рабочей базе.<br>\r\n<br>\r\nВ типовых релизах меняется логика и некоторые доработки будут требовать адаптации. Тут без иллюзий программные продукты не стоят на месте и будут развиваться.<br>\r\nМы готовы выполнять такие работы в случае необходимости, на платной основе. Сейчас проблему решили за один час, понимая ситуации в мире.<br>\r\n<br>\r\nНо это непосредственная работа и ответственность специалиста, занимающегося обновлением базы данных.<br>\r\n<br>\r\n</span><table>\r\n<tr>\r\n<td width=2><br>\r\n</td>\r\n<td><span style=\" font-family:\'times new roman\'; font-size: 12pt;\"> Добрый день Владислав !<br>\r\nХорошо , подключитесь смотрите и внесите пжс необходимые изменения .<br>\r\nВ условиях &nbsp;изоляции нам необходимо &nbsp;рабочее состояние базы , это сильно облегчает &nbsp;дистанционную работу. <br>\r\n<br>\r\n30.04.2020 11:30, Абрамов Владислав пишет:<br>\r\nFwd: Fwd: ошибки в бд Сергей, добрый день.<br>\r\n<br>\r\nОшибка скорее всего связана с изменением архитектуры конфигурации после обновления, т.е. сделанная ранее доработка требуется адаптации под новый релиз. Этим должен заниматься специалист, ответственный за обновление вашей БД,<br>\r\nМы готовы это сделать, но у нас приостановлен договор между нами.<br>\r\n<br>\r\nПонимаем все сложность ситуации, мы подключимся, посмотрим и если проблема не большая - внесем соответствующие изменения. <br>\r\n<br>\r\n<br>\r\n---------- Forwarded message ---------<br>\r\nОт: <b>Sergey</b> &lt;</span><a style=\" font-family:\'times new roman\'; font-size: 12pt;\" href=\"mailto:coralproject@itilus.com\">coralproject@itilus.com</a><span style=\" font-family:\'times new roman\'; font-size: 12pt;\">&gt;<br>\r\nDate: чт, 30 апр. 2020 г. в 10:28<br>\r\nSubject: ошибки в бд<br>\r\nTo: Светлана Рощина &lt;</span><a style=\" font-family:\'times new roman\'; font-size: 12pt;\" href=\"mailto:s.roschina@coralway.ru\">s.roschina@coralway.ru</a><span style=\" font-family:\'times new roman\'; font-size: 12pt;\">&gt;, Анастасия Некрасова &lt;</span><a style=\" font-family:\'times new roman\'; font-size: 12pt;\" href=\"mailto:a.nekrasova@coralway.ru\">a.nekrasova@coralway.ru</a><span style=\" font-family:\'times new roman\'; font-size: 12pt;\">&gt;<br>\r\n<br>\r\n<br>\r\nДевушки &nbsp;, добрый день !<br>\r\n1.При попытке внесения файлов в файловый архив грузоперевозки появляется &nbsp;ошибка ( см. принт скрин).<br>\r\n2. То же ошибка появляется и при работе &nbsp;и с файловым архивом контрагента.<br>\r\n3.Снова пропала кнопка «отправить запрос на перевозку».<br>\r\nПрошу исправить .<br>\r\n<br>\r\n<br>\r\n<br>\r\n<img width=1481 height=833 alt=\"\" style=\"padding : 1px;\" src=\"cid:F4E1008C.01D61EF3.6357FD34.64F3880B_csseditor\"><br>\r\n<br>\r\n<br>\r\n---------- Конец пересылаемого письма ----------<br>\r\n<br>\r\n--<br>\r\nС наилучшими пожеланиями,<br>\r\nРуководитель отдела сопровождения мониторинговых и транспортных систем<br>\r\nАбрамов Владислав<br>\r\n<br>\r\nООО \"КОРАЛ ВЭЙ\"<br>\r\nТел. раб.: +7(812) 600-9177 доб.226<br>\r\nТел. моб.: +7(921) 330-8657<br>\r\nE-mail: </span><a style=\" font-family:\'times new roman\'; font-size: 12pt;\" href=\"mailto:v.abramov@coralway.ru\">v.abramov@coralway.ru</a><br>\r\n<span style=\" font-family:\'times new roman\'; font-size: 12pt;\">Skype: vld.abramov </td>\r\n</tr>\r\n</table>\r\n<br><br>\r\n<br>\r\n<br>\r\n<br>\r\n<span style=\" font-family:\'times new roman\'; font-size: 12pt;\">--<br>\r\nС наилучшими пожеланиями,<br>\r\nРуководитель отдела сопровождения мониторинговых и транспортных систем<br>\r\nАбрамов Владислав<br>\r\n<br>\r\nООО \"КОРАЛ ВЭЙ\"<br>\r\nТел. раб.: +7(812) 600-9177 доб.226<br>\r\nТел. моб.: +7(921) 330-8657<br>\r\nE-mail: </span><a style=\" font-family:\'times new roman\'; font-size: 12pt;\" href=\"mailto:v.abramov@coralway.ru\">v.abramov@coralway.ru</a><br>\r\n<span style=\" font-family:\'times new roman\'; font-size: 12pt;\">Skype: vld.abramov </td>\r\n</tr>\r\n</table>\r\n<br><br>\r\n<br>\r\n<br>\r\n<span style=\" font-family:\'Times New Roman\'; font-size: 12pt;\">--<br>\r\nС наилучшими пожеланиями,<br>\r\nРуководитель отдела сопровождения мониторинговых и транспортных систем<br>\r\nАбрамов Владислав<br>\r\n<br>\r\nООО \"КОРАЛ ВЭЙ\"<br>\r\nТел. раб.: +7(812) 600-9177 доб.226<br>\r\nТел. моб.: +7(921) 330-8657<br>\r\nE-mail: </span><a style=\" font-family:\'times new roman\'; font-size: 12pt;\" href=\"mailto:v.abramov@coralway.ru\">v.abramov@coralway.ru</a><br>\r\n<span style=\" font-family:\'Times New Roman\'; font-size: 12pt;\">Skype: vld.abramov</body></html><br><br>','windows-12',1,0,0,'<67821303.20200430163338@coralway.ru>',1,23747,1591865276,NULL,'INBOX/ptg/CoralWay/Coral Support'),(1,'[\"boxkvt@gmail.com\"]','[\"coralproject@itilus.com\"]','[]','[]','1591855000','Счет май','<div dir=\"ltr\"><br></div>\r\n<br><br>','UTF-8',1,0,0,'<CANB8VDfZLpVUTVeQC7XABVnHUw8ZUaV1meFN7mU4fCUQ9xQWXA@mail.gmail.com>',1,24799,1591865276,NULL,'INBOX/ptg/CoralWay/Coral Support'),(1,'[\"cnt.lgst@t-logist.com\"]','[\"24@itilus.com\"]','[]','[]','1587372740','Re: помощь во 2 трубе.','Спасибо все работает.\r\n20.04.2020 11:49, Vit Kelso пишет:\r\n> Починено. Проверяйте\r\n>\r\n> ----- Исходное сообщение -----\r\n> От: \"Vit Kelso\" <vit@itilus.com>\r\n> Кому: \"Svet\" <cnt.lgst@t-logist.com>\r\n> Копия: \"24\" <24@itilus.com>\r\n> Отправленные: Понедельник, 20 Апрель 2020 г 11:27:02\r\n> Тема: Re: помощь во 2 трубе.\r\n>\r\n> Добрый день!\r\n> На третьей стороне есть проблема. Разбираются. Отпишу по готовности.\r\n>\r\n> С Уважением, Виталий\r\n> vit@itilus.com\r\n> Sip to: 203\r\n> www.itilus.com\r\n> www.itilus.ru\r\n>\r\n> ----- Исходное сообщение -----\r\n> От: \"Svet\" <cnt.lgst@t-logist.com>\r\n> Кому: \"24\" <24@itilus.com>\r\n> Отправленные: Понедельник, 20 Апрель 2020 г 11:12:12\r\n> Тема: помощь во 2 трубе.\r\n>\r\n> Добрый день! Просьба помочь во 2 трубе.\r\n>\r\n> OpenVPN   желтенький и не переподключается.\n\n','utf-8',0,0,0,'<0b28ffc0-8f43-97c0-0c82-166407e0e4ee@t-logist.com>',1,24237,1591865295,NULL,'24@itilus.com/INBOX'),(1,'[\"vit@itilus.com\"]','[\"cnt.lgst@t-logist.com\"]','[\"24@itilus.com\"]','[]','1587372988','Re: помощь во 2 трубе.','НЗ !\r\n\r\nС Уважением, Виталий\r\nvit@itilus.com\r\nSip to: 203\r\nwww.itilus.com\r\nwww.itilus.ru\r\n\r\n----- Исходное сообщение -----\r\nОт: \"Svet\" <cnt.lgst@t-logist.com>\r\nКому: \"24\" <24@itilus.com>\r\nОтправленные: Понедельник, 20 Апрель 2020 г 11:52:19\r\nТема: Re: помощь во 2 трубе.\r\n\r\nСпасибо все работает.\r\n20.04.2020 11:49, Vit Kelso пишет:\r\n> Починено. Проверяйте\r\n>\r\n> ----- Исходное сообщение -----\r\n> От: \"Vit Kelso\" <vit@itilus.com>\r\n> Кому: \"Svet\" <cnt.lgst@t-logist.com>\r\n> Копия: \"24\" <24@itilus.com>\r\n> Отправленные: Понедельник, 20 Апрель 2020 г 11:27:02\r\n> Тема: Re: помощь во 2 трубе.\r\n>\r\n> Добрый день!\r\n> На третьей стороне есть проблема. Разбираются. Отпишу по готовности.\r\n>\r\n> С Уважением, Виталий\r\n> vit@itilus.com\r\n> Sip to: 203\r\n> www.itilus.com\r\n> www.itilus.ru\r\n>\r\n> ----- Исходное сообщение -----\r\n> От: \"Svet\" <cnt.lgst@t-logist.com>\r\n> Кому: \"24\" <24@itilus.com>\r\n> Отправленные: Понедельник, 20 Апрель 2020 г 11:12:12\r\n> Тема: помощь во 2 трубе.\r\n>\r\n> Добрый день! Просьба помочь во 2 трубе.\r\n>\r\n> OpenVPN   желтенький и не переподключается.\n\n','utf-8',0,0,0,'<192896034.14444.1587372986627.JavaMail.zimbra@itilus.com>',1,24238,1591865295,NULL,'24@itilus.com/INBOX'),(1,'[\"buhgalter@tk-ptg.ru\"]','[\"24@itilus.com\"]','[\"vit@itilus.com\"]','[]','1587390393','Электронная подпись','Добрый день!\r\nПроконсультируйте, пожалуйста, Вопрос про электронную подпись.\r\nРегистрируем новую фирму, устанавливаем Контур (для сдачи эл.\r\nотчетности) и получаем эл. подпись.\r\nЭту подпись можно использовать для подписания документов в программе GS1\r\nи Частном знаке (работа с маркированным товаром)\r\nВ этих программах работают два человека, т.е. используется два компьютера.\r\nМожно использовать сертификат с эл. подписью на два компьютера или\r\nустановить ее дубликат??\r\nС уважением\r\nОльга\n\n','UTF-8',0,0,0,'<5E9DA7AF.3000608@tk-ptg.ru>',1,24239,1591865295,NULL,'24@itilus.com/INBOX'),(1,'[\"vit@itilus.com\"]','[\"count.sub@t-logist.com\"]','[\"24@itilus.com\"]','[]','1587106669','Re: загрузка и просмотр документов в зимбре','<html><body><div style=\"font-family: arial, helvetica, sans-serif; font-size: 12pt; color: #000000\"><div style=\"font-family: arial, helvetica, sans-serif; font-size: 12pt; color: #000000\"><div>Доброе утро.<br></div><div>Время сессии в Зимбре (вебклиент) - сутки. Сессия - промежуток времени от захода в Зимбру (ввод логина и пароля). По истечении сессии требуется ре-логин в Зимбру (или перезагрузка страницы, с последующим входом).<br data-mce-bogus=\"1\"></div><div>Так было всегда. В конце рабочего дня завершайте сеанс в ДЦ для возобновления сессии.<br data-mce-bogus=\"1\"></div><div><br data-mce-bogus=\"1\"></div>С Ув ТП \"Айтилус\"<br><div data-marker=\"__SIG_PRE__\">www.itilus.com<br><br></div><br><hr id=\"zwchr\" data-marker=\"__DIVIDER__\"><div data-marker=\"__HEADERS__\"><b>От: </b>\"count sub\" &lt;count.sub@t-logist.com&gt;<br><b>Кому: </b>\"24\" &lt;24@itilus.com&gt;<br><b>Отправленные: </b>Пятница, 17 Апрель 2020 г 9:44:55<br><b>Тема: </b>Re: загрузка и просмотр документов в зимбре<br></div><br><div data-marker=\"__QUOTED_TEXT__\"><div id=\"zimbraEditorContainer\" style=\"font-family: arial, helvetica, sans-serif; font-size: 12pt; color: #000000\" class=\"11\"><div>проблема решилась перезагрузкой</div><br><hr id=\"zwchr\"><div><b>От: </b>\"AAD t-logist\" &lt;count.sub@t-logist.com&gt;<br><b>Кому: </b>\"24\" &lt;24@itilus.com&gt;<br><b>Отправленные: </b>Пятница, 17 Апрель 2020 г 9:35:00<br><b>Тема: </b>загрузка и просмотр документов в зимбре<br></div><br><div><div style=\"font-family: arial, helvetica, sans-serif; font-size: 12pt; color: #000000\"><div><div style=\"font-family: arial, helvetica, sans-serif; font-size: 12pt; color: #000000\"><div>День добрый,</div><div>не работает загрузка и просмотр докуметов в зимбре - кнопка \"загрузить\" - не дает никакой реакции, а при нажатии на сам файл открывается закладка и пишет, что не может загрузить плагин</div></div></div></div></div></div></div></div><div><br></div></div></body></html><br><br>','utf-8',1,0,0,'<1547448723.13739.1587106668002.JavaMail.zimbra@itilus.com>',1,24240,1591865295,NULL,'24@itilus.com/INBOX'),(1,'[\"count.sub@t-logist.com\"]','[\"vit@itilus.com\"]','[\"24@itilus.com\"]','[]','1587107044','Re: загрузка и просмотр документов в зимбре','<html><body><div style=\"font-family: arial, helvetica, sans-serif; font-size: 12pt; color: #000000\"><div>просто выйти-зайти не помогает, требует полностью весь браузер перезапускать</div><div><br></div><hr id=\"zwchr\" data-marker=\"__DIVIDER__\"><div data-marker=\"__HEADERS__\"><b>От: </b>\"vit\" &lt;vit@itilus.com&gt;<br><b>Кому: </b>\"count sub\" &lt;count.sub@t-logist.com&gt;<br><b>Копия: </b>\"24\" &lt;24@itilus.com&gt;<br><b>Отправленные: </b>Пятница, 17 Апрель 2020 г 9:57:48<br><b>Тема: </b>Re: загрузка и просмотр документов в зимбре<br></div><div><br></div><div data-marker=\"__QUOTED_TEXT__\"><div style=\"font-family: arial, helvetica, sans-serif; font-size: 12pt; color: #000000\"><div style=\"font-family: arial, helvetica, sans-serif; font-size: 12pt; color: #000000\"><div>Доброе утро.<br></div><div>Время сессии в Зимбре (вебклиент) - сутки. Сессия - промежуток времени от захода в Зимбру (ввод логина и пароля). По истечении сессии требуется ре-логин в Зимбру (или перезагрузка страницы, с последующим входом).<br></div><div>Так было всегда. В конце рабочего дня завершайте сеанс в ДЦ для возобновления сессии.<br></div><br>С Ув ТП \"Айтилус\"<br><div>www.itilus.com<br><br></div><br><hr id=\"zwchr\"><div><b>От: </b>\"count sub\" &lt;count.sub@t-logist.com&gt;<br><b>Кому: </b>\"24\" &lt;24@itilus.com&gt;<br><b>Отправленные: </b>Пятница, 17 Апрель 2020 г 9:44:55<br><b>Тема: </b>Re: загрузка и просмотр документов в зимбре<br></div><br><div><div id=\"zimbraEditorContainer\" style=\"font-family: arial, helvetica, sans-serif; font-size: 12pt; color: #000000\" class=\"11\"><div>проблема решилась перезагрузкой</div><br><hr id=\"zwchr\"><div><b>От: </b>\"AAD t-logist\" &lt;count.sub@t-logist.com&gt;<br><b>Кому: </b>\"24\" &lt;24@itilus.com&gt;<br><b>Отправленные: </b>Пятница, 17 Апрель 2020 г 9:35:00<br><b>Тема: </b>загрузка и просмотр документов в зимбре<br></div><br><div><div style=\"font-family: arial, helvetica, sans-serif; font-size: 12pt; color: #000000\"><div><div style=\"font-family: arial, helvetica, sans-serif; font-size: 12pt; color: #000000\"><div>День добрый,</div><div>не работает загрузка и просмотр докуметов в зимбре - кнопка \"загрузить\" - не дает никакой реакции, а при нажатии на сам файл открывается закладка и пишет, что не может загрузить плагин</div></div></div></div></div></div></div></div></div><br></div></div></body></html><br><br>','utf-8',1,0,0,'<1725961170.809283.1587107042466.JavaMail.zimbra@t-logist.com>',1,24241,1591865295,NULL,'24@itilus.com/INBOX'),(1,'[\"vit@itilus.com\"]','[\"count.sub@t-logist.com\"]','[\"24@itilus.com\"]','[]','1587107093','Re: загрузка и просмотр документов в зимбре','<html><body><div style=\"font-family: arial, helvetica, sans-serif; font-size: 12pt; color: #000000\"><div>хор дня!<br></div><div><br></div><hr id=\"zwchr\" data-marker=\"__DIVIDER__\"><div data-marker=\"__HEADERS__\"><b>От: </b>\"count sub\" &lt;count.sub@t-logist.com&gt;<br><b>Кому: </b>\"Vit Kelso\" &lt;vit@itilus.com&gt;<br><b>Копия: </b>\"24\" &lt;24@itilus.com&gt;<br><b>Отправленные: </b>Пятница, 17 Апрель 2020 г 10:04:02<br><b>Тема: </b>Re: загрузка и просмотр документов в зимбре<br></div><div><br></div><div data-marker=\"__QUOTED_TEXT__\"><div style=\"font-family: arial, helvetica, sans-serif; font-size: 12pt; color: #000000\"><div>просто выйти-зайти не помогает, требует полностью весь браузер перезапускать</div><br><hr id=\"zwchr\"><div><b>От: </b>\"vit\" &lt;vit@itilus.com&gt;<br><b>Кому: </b>\"count sub\" &lt;count.sub@t-logist.com&gt;<br><b>Копия: </b>\"24\" &lt;24@itilus.com&gt;<br><b>Отправленные: </b>Пятница, 17 Апрель 2020 г 9:57:48<br><b>Тема: </b>Re: загрузка и просмотр документов в зимбре<br></div><br><div><div style=\"font-family: arial, helvetica, sans-serif; font-size: 12pt; color: #000000\"><div style=\"font-family: arial, helvetica, sans-serif; font-size: 12pt; color: #000000\"><div>Доброе утро.<br></div><div>Время сессии в Зимбре (вебклиент) - сутки. Сессия - промежуток времени от захода в Зимбру (ввод логина и пароля). По истечении сессии требуется ре-логин в Зимбру (или перезагрузка страницы, с последующим входом).<br></div><div>Так было всегда. В конце рабочего дня завершайте сеанс в ДЦ для возобновления сессии.<br></div><br>С Ув ТП \"Айтилус\"<br><div>www.itilus.com<br><br></div><br><hr id=\"zwchr\"><div><b>От: </b>\"count sub\" &lt;count.sub@t-logist.com&gt;<br><b>Кому: </b>\"24\" &lt;24@itilus.com&gt;<br><b>Отправленные: </b>Пятница, 17 Апрель 2020 г 9:44:55<br><b>Тема: </b>Re: загрузка и просмотр документов в зимбре<br></div><br><div><div id=\"zimbraEditorContainer\" style=\"font-family: arial, helvetica, sans-serif; font-size: 12pt; color: #000000\" class=\"11\"><div>проблема решилась перезагрузкой</div><br><hr id=\"zwchr\"><div><b>От: </b>\"AAD t-logist\" &lt;count.sub@t-logist.com&gt;<br><b>Кому: </b>\"24\" &lt;24@itilus.com&gt;<br><b>Отправленные: </b>Пятница, 17 Апрель 2020 г 9:35:00<br><b>Тема: </b>загрузка и просмотр документов в зимбре<br></div><br><div><div style=\"font-family: arial, helvetica, sans-serif; font-size: 12pt; color: #000000\"><div><div style=\"font-family: arial, helvetica, sans-serif; font-size: 12pt; color: #000000\"><div>День добрый,</div><div>не работает загрузка и просмотр докуметов в зимбре - кнопка \"загрузить\" - не дает никакой реакции, а при нажатии на сам файл открывается закладка и пишет, что не может загрузить плагин</div></div></div></div></div></div></div></div></div></div></div><br></div></div></body></html><br><br>','utf-8',1,0,0,'<723049905.13776.1587107090730.JavaMail.zimbra@itilus.com>',1,24243,1591865295,NULL,'24@itilus.com/INBOX'),(1,'[\"count.sub@t-logist.com\"]','[\"24@itilus.com\"]','[]','[]','1587108488','Re: загрузка и просмотр документов в зимбре','<html><body><div style=\"font-family: arial, helvetica, sans-serif; font-size: 12pt; color: #000000\"><div>взаимно!!!</div><div><br></div><hr id=\"zwchr\" data-marker=\"__DIVIDER__\"><div data-marker=\"__HEADERS__\"><b>От: </b>\"vit\" &lt;vit@itilus.com&gt;<br><b>Кому: </b>\"count sub\" &lt;count.sub@t-logist.com&gt;<br><b>Копия: </b>\"24\" &lt;24@itilus.com&gt;<br><b>Отправленные: </b>Пятница, 17 Апрель 2020 г 10:04:50<br><b>Тема: </b>Re: загрузка и просмотр документов в зимбре<br></div><div><br></div><div data-marker=\"__QUOTED_TEXT__\"><div style=\"font-family: arial, helvetica, sans-serif; font-size: 12pt; color: #000000\"><div>хор дня!<br></div><br><hr id=\"zwchr\"><div><b>От: </b>\"count sub\" &lt;count.sub@t-logist.com&gt;<br><b>Кому: </b>\"Vit Kelso\" &lt;vit@itilus.com&gt;<br><b>Копия: </b>\"24\" &lt;24@itilus.com&gt;<br><b>Отправленные: </b>Пятница, 17 Апрель 2020 г 10:04:02<br><b>Тема: </b>Re: загрузка и просмотр документов в зимбре<br></div><br><div><div style=\"font-family: arial, helvetica, sans-serif; font-size: 12pt; color: #000000\"><div>просто выйти-зайти не помогает, требует полностью весь браузер перезапускать</div><br><hr id=\"zwchr\"><div><b>От: </b>\"vit\" &lt;vit@itilus.com&gt;<br><b>Кому: </b>\"count sub\" &lt;count.sub@t-logist.com&gt;<br><b>Копия: </b>\"24\" &lt;24@itilus.com&gt;<br><b>Отправленные: </b>Пятница, 17 Апрель 2020 г 9:57:48<br><b>Тема: </b>Re: загрузка и просмотр документов в зимбре<br></div><br><div><div style=\"font-family: arial, helvetica, sans-serif; font-size: 12pt; color: #000000\"><div style=\"font-family: arial, helvetica, sans-serif; font-size: 12pt; color: #000000\"><div>Доброе утро.<br></div><div>Время сессии в Зимбре (вебклиент) - сутки. Сессия - промежуток времени от захода в Зимбру (ввод логина и пароля). По истечении сессии требуется ре-логин в Зимбру (или перезагрузка страницы, с последующим входом).<br></div><div>Так было всегда. В конце рабочего дня завершайте сеанс в ДЦ для возобновления сессии.<br></div><br>С Ув ТП \"Айтилус\"<br><div>www.itilus.com<br><br></div><br><hr id=\"zwchr\"><div><b>От: </b>\"count sub\" &lt;count.sub@t-logist.com&gt;<br><b>Кому: </b>\"24\" &lt;24@itilus.com&gt;<br><b>Отправленные: </b>Пятница, 17 Апрель 2020 г 9:44:55<br><b>Тема: </b>Re: загрузка и просмотр документов в зимбре<br></div><br><div><div id=\"zimbraEditorContainer\" style=\"font-family: arial, helvetica, sans-serif; font-size: 12pt; color: #000000\" class=\"11\"><div>проблема решилась перезагрузкой</div><br><hr id=\"zwchr\"><div><b>От: </b>\"AAD t-logist\" &lt;count.sub@t-logist.com&gt;<br><b>Кому: </b>\"24\" &lt;24@itilus.com&gt;<br><b>Отправленные: </b>Пятница, 17 Апрель 2020 г 9:35:00<br><b>Тема: </b>загрузка и просмотр документов в зимбре<br></div><br><div><div style=\"font-family: arial, helvetica, sans-serif; font-size: 12pt; color: #000000\"><div><div style=\"font-family: arial, helvetica, sans-serif; font-size: 12pt; color: #000000\"><div>День добрый,</div><div>не работает загрузка и просмотр докуметов в зимбре - кнопка \"загрузить\" - не дает никакой реакции, а при нажатии на сам файл открывается закладка и пишет, что не может загрузить плагин</div></div></div></div></div></div></div></div></div></div></div></div></div><br></div></div></body></html><br><br>','utf-8',1,0,0,'<1485304761.809775.1587108486819.JavaMail.zimbra@t-logist.com>',1,24244,1591865295,NULL,'24@itilus.com/INBOX'),(1,'[\"cnt.lgst@t-logist.com\"]','[\"24@itilus.com\"]','[]','[]','1587370334','помощь во 2 трубе.','Добрый день! Просьба помочь во 2 трубе.\r\n\r\nOpenVPN   желтенький и не переподключается.\n\n','utf-8',0,0,0,'<af7a856a-7c0a-0bf1-8cc5-298757e0ddb5@t-logist.com>',1,24245,1591865296,NULL,'24@itilus.com/INBOX'),(1,'[\"vit@itilus.com\"]','[\"main.lgst@t-logist.com\"]','[\"24@itilus.com\"]','[]','1587028129','Re: дц','Я в курсе того, что у меня на моем компе дома, со вчерашнего вечера, висит \"требование\" винды: \"Требуется перезагрузка из-за обновления\"\r\n\r\nЧтобы в офисе комп не перезагружался по \"непонятным причинам\", просьба выключать его после работы. Тогда будет ясно, что просит система и система не будет хозяйничать сама по себе.\r\n\r\nТак что я думаю , что перезагрузка связана с установкой обновления вечером или ночью, с последующей принудительной перезагрузкой системы, в связи с простоем (это она может).\r\n\r\nС Уважением, Виталий\r\nvit@itilus.com\r\nSip to: 203\r\nwww.itilus.com\r\nwww.itilus.ru\r\n\r\n----- Исходное сообщение -----\r\nОт: \"dk\" <main.lgst@t-logist.com>\r\nКому: \"Vit Kelso\" <vit@itilus.com>\r\nКопия: \"24\" <24@itilus.com>\r\nОтправленные: Четверг, 16 Апрель 2020 г 12:02:12\r\nТема: Re: дц\r\n\r\nнет, перезагрузился один раз в промежутке между вчера вечером и сегодня \r\nутром.\r\nВидимо скачок напряжения, раз даже ты не в курсе.\r\nОк.\r\n\r\n16.04.2020 11:59, Виталий \"АЙТИЛУС\" пишет:\r\n> Перезагружается прямо в процессе работы ?\r\n> Может сам перезагружаться из-за обновлений Винды, из-за сбоев в сети питания.\r\n>\r\n> С Уважением, Виталий\r\n> vit@itilus.com\r\n> Sip to: 203\r\n> www.itilus.com\r\n> www.itilus.ru\r\n>\r\n> ----- Исходное сообщение -----\r\n> От: \"dk\" <main.lgst@t-logist.com>\r\n> Кому: \"24\" <24@itilus.com>\r\n> Отправленные: Четверг, 16 Апрель 2020 г 11:57:14\r\n> Тема: Re: дц\r\n>\r\n> а у меня только один, офисный.\r\n> Домашние ты мне забанил ведь.\r\n>\r\n> 16.04.2020 11:55, Vit Kelso пишет:\r\n>> Про какой комп идет речь ?\r\n>>\r\n>> ----- Исходное сообщение -----\r\n>> От: \"dk\" <main.lgst@t-logist.com>\r\n>> Кому: \"Vit Kelso\" <vit@itilus.com>\r\n>> Копия: \"24\" <24@itilus.com>\r\n>> Отправленные: Четверг, 16 Апрель 2020 г 11:53:24\r\n>> Тема: Re: дц\r\n>>\r\n>> спс!\r\n>> А че у меня комп сам позволяет себе перегружаться? Моя волновайся.\r\n>>\r\n>> 16.04.2020 11:43, Виталий \"АЙТИЛУС\" пишет:\r\n>>> Доброе утро\r\n>>>\r\n>>> 192.168.60.202\r\n>>>\r\n>>> С Уважением, Виталий\r\n>>> vit@itilus.com\r\n>>> Sip to: 203\r\n>>> www.itilus.com\r\n>>> www.itilus.ru\r\n>>>\r\n>>> ----- Исходное сообщение -----\r\n>>> От: \"dk\" <main.lgst@t-logist.com>\r\n>>> Кому: \"Vit Kelso\" <vit@itilus.com>, \"24\" <24@itilus.com>\r\n>>> Отправленные: Четверг, 16 Апрель 2020 г 11:41:45\r\n>>> Тема: дц\r\n>>>\r\n>>> доброе утро!\r\n>>> у меня дц сбросилась и я цифры забыл,\r\n>>> 192.168. дальше какие? Подскажите.\r\n>>> спс\r\n>>>\r\n>>> Отправлено с iPhone\n\n','utf-8',0,0,0,'<398601513.13580.1587028127610.JavaMail.zimbra@itilus.com>',1,24246,1591865296,NULL,'24@itilus.com/INBOX'),(1,'[\"main.lgst@t-logist.com\"]','[\"vit@itilus.com\"]','[\"24@itilus.com\"]','[]','1587028192','Re: дц','цэ добрэ\r\n\r\n16.04.2020 12:08, Виталий \"АЙТИЛУС\" пишет:\r\n> Я в курсе того, что у меня на моем компе дома, со вчерашнего вечера, висит \"требование\" винды: \"Требуется перезагрузка из-за обновления\"\r\n>\r\n> Чтобы в офисе комп не перезагружался по \"непонятным причинам\", просьба выключать его после работы. Тогда будет ясно, что просит система и система не будет хозяйничать сама по себе.\r\n>\r\n> Так что я думаю , что перезагрузка связана с установкой обновления вечером или ночью, с последующей принудительной перезагрузкой системы, в связи с простоем (это она может).\r\n>\r\n> С Уважением, Виталий\r\n> vit@itilus.com\r\n> Sip to: 203\r\n> www.itilus.com\r\n> www.itilus.ru\r\n>\r\n> ----- Исходное сообщение -----\r\n> От: \"dk\" <main.lgst@t-logist.com>\r\n> Кому: \"Vit Kelso\" <vit@itilus.com>\r\n> Копия: \"24\" <24@itilus.com>\r\n> Отправленные: Четверг, 16 Апрель 2020 г 12:02:12\r\n> Тема: Re: дц\r\n>\r\n> нет, перезагрузился один раз в промежутке между вчера вечером и сегодня\r\n> утром.\r\n> Видимо скачок напряжения, раз даже ты не в курсе.\r\n> Ок.\r\n>\r\n> 16.04.2020 11:59, Виталий \"АЙТИЛУС\" пишет:\r\n>> Перезагружается прямо в процессе работы ?\r\n>> Может сам перезагружаться из-за обновлений Винды, из-за сбоев в сети питания.\r\n>>\r\n>> С Уважением, Виталий\r\n>> vit@itilus.com\r\n>> Sip to: 203\r\n>> www.itilus.com\r\n>> www.itilus.ru\r\n>>\r\n>> ----- Исходное сообщение -----\r\n>> От: \"dk\" <main.lgst@t-logist.com>\r\n>> Кому: \"24\" <24@itilus.com>\r\n>> Отправленные: Четверг, 16 Апрель 2020 г 11:57:14\r\n>> Тема: Re: дц\r\n>>\r\n>> а у меня только один, офисный.\r\n>> Домашние ты мне забанил ведь.\r\n>>\r\n>> 16.04.2020 11:55, Vit Kelso пишет:\r\n>>> Про какой комп идет речь ?\r\n>>>\r\n>>> ----- Исходное сообщение -----\r\n>>> От: \"dk\" <main.lgst@t-logist.com>\r\n>>> Кому: \"Vit Kelso\" <vit@itilus.com>\r\n>>> Копия: \"24\" <24@itilus.com>\r\n>>> Отправленные: Четверг, 16 Апрель 2020 г 11:53:24\r\n>>> Тема: Re: дц\r\n>>>\r\n>>> спс!\r\n>>> А че у меня комп сам позволяет себе перегружаться? Моя волновайся.\r\n>>>\r\n>>> 16.04.2020 11:43, Виталий \"АЙТИЛУС\" пишет:\r\n>>>> Доброе утро\r\n>>>>\r\n>>>> 192.168.60.202\r\n>>>>\r\n>>>> С Уважением, Виталий\r\n>>>> vit@itilus.com\r\n>>>> Sip to: 203\r\n>>>> www.itilus.com\r\n>>>> www.itilus.ru\r\n>>>>\r\n>>>> ----- Исходное сообщение -----\r\n>>>> От: \"dk\" <main.lgst@t-logist.com>\r\n>>>> Кому: \"Vit Kelso\" <vit@itilus.com>, \"24\" <24@itilus.com>\r\n>>>> Отправленные: Четверг, 16 Апрель 2020 г 11:41:45\r\n>>>> Тема: дц\r\n>>>>\r\n>>>> доброе утро!\r\n>>>> у меня дц сбросилась и я цифры забыл,\r\n>>>> 192.168. дальше какие? Подскажите.\r\n>>>> спс\r\n>>>>\r\n>>>> Отправлено с iPhone\n\n','UTF-8',0,0,0,'<5E9820DE.9040704@t-logist.com>',1,24247,1591865296,NULL,'24@itilus.com/INBOX'),(1,'[\"vit@itilus.com\"]','[\"main.lgst@t-logist.com\"]','[\"24@itilus.com\"]','[]','1587028492','Re: дц','спасибо. пожалуйста!\r\n\r\n----- Исходное сообщение -----\r\nОт: \"dk\" <main.lgst@t-logist.com>\r\nКому: \"Vit Kelso\" <vit@itilus.com>\r\nКопия: \"24\" <24@itilus.com>\r\nОтправленные: Четверг, 16 Апрель 2020 г 12:09:50\r\nТема: Re: дц\r\n\r\nцэ добрэ\r\n\r\n16.04.2020 12:08, Виталий \"АЙТИЛУС\" пишет:\r\n> Я в курсе того, что у меня на моем компе дома, со вчерашнего вечера, висит \"требование\" винды: \"Требуется перезагрузка из-за обновления\"\r\n>\r\n> Чтобы в офисе комп не перезагружался по \"непонятным причинам\", просьба выключать его после работы. Тогда будет ясно, что просит система и система не будет хозяйничать сама по себе.\r\n>\r\n> Так что я думаю , что перезагрузка связана с установкой обновления вечером или ночью, с последующей принудительной перезагрузкой системы, в связи с простоем (это она может).\r\n>\r\n> С Уважением, Виталий\r\n> vit@itilus.com\r\n> Sip to: 203\r\n> www.itilus.com\r\n> www.itilus.ru\r\n>\r\n> ----- Исходное сообщение -----\r\n> От: \"dk\" <main.lgst@t-logist.com>\r\n> Кому: \"Vit Kelso\" <vit@itilus.com>\r\n> Копия: \"24\" <24@itilus.com>\r\n> Отправленные: Четверг, 16 Апрель 2020 г 12:02:12\r\n> Тема: Re: дц\r\n>\r\n> нет, перезагрузился один раз в промежутке между вчера вечером и сегодня\r\n> утром.\r\n> Видимо скачок напряжения, раз даже ты не в курсе.\r\n> Ок.\r\n>\r\n> 16.04.2020 11:59, Виталий \"АЙТИЛУС\" пишет:\r\n>> Перезагружается прямо в процессе работы ?\r\n>> Может сам перезагружаться из-за обновлений Винды, из-за сбоев в сети питания.\r\n>>\r\n>> С Уважением, Виталий\r\n>> vit@itilus.com\r\n>> Sip to: 203\r\n>> www.itilus.com\r\n>> www.itilus.ru\r\n>>\r\n>> ----- Исходное сообщение -----\r\n>> От: \"dk\" <main.lgst@t-logist.com>\r\n>> Кому: \"24\" <24@itilus.com>\r\n>> Отправленные: Четверг, 16 Апрель 2020 г 11:57:14\r\n>> Тема: Re: дц\r\n>>\r\n>> а у меня только один, офисный.\r\n>> Домашние ты мне забанил ведь.\r\n>>\r\n>> 16.04.2020 11:55, Vit Kelso пишет:\r\n>>> Про какой комп идет речь ?\r\n>>>\r\n>>> ----- Исходное сообщение -----\r\n>>> От: \"dk\" <main.lgst@t-logist.com>\r\n>>> Кому: \"Vit Kelso\" <vit@itilus.com>\r\n>>> Копия: \"24\" <24@itilus.com>\r\n>>> Отправленные: Четверг, 16 Апрель 2020 г 11:53:24\r\n>>> Тема: Re: дц\r\n>>>\r\n>>> спс!\r\n>>> А че у меня комп сам позволяет себе перегружаться? Моя волновайся.\r\n>>>\r\n>>> 16.04.2020 11:43, Виталий \"АЙТИЛУС\" пишет:\r\n>>>> Доброе утро\r\n>>>>\r\n>>>> 192.168.60.202\r\n>>>>\r\n>>>> С Уважением, Виталий\r\n>>>> vit@itilus.com\r\n>>>> Sip to: 203\r\n>>>> www.itilus.com\r\n>>>> www.itilus.ru\r\n>>>>\r\n>>>> ----- Исходное сообщение -----\r\n>>>> От: \"dk\" <main.lgst@t-logist.com>\r\n>>>> Кому: \"Vit Kelso\" <vit@itilus.com>, \"24\" <24@itilus.com>\r\n>>>> Отправленные: Четверг, 16 Апрель 2020 г 11:41:45\r\n>>>> Тема: дц\r\n>>>>\r\n>>>> доброе утро!\r\n>>>> у меня дц сбросилась и я цифры забыл,\r\n>>>> 192.168. дальше какие? Подскажите.\r\n>>>> спс\r\n>>>>\r\n>>>> Отправлено с iPhone\n\n','utf-8',0,0,0,'<708347258.13581.1587028491786.JavaMail.zimbra@itilus.com>',1,24249,1591865296,NULL,'24@itilus.com/INBOX'),(1,'[\"count.sub@t-logist.com\"]','[\"24@itilus.com\"]','[]','[]','1587105301','загрузка и просмотр документов в зимбре','<html><body><div style=\"font-family: arial, helvetica, sans-serif; font-size: 12pt; color: #000000\"><div data-marker=\"__QUOTED_TEXT__\"><div style=\"font-family: arial, helvetica, sans-serif; font-size: 12pt; color: #000000\"><div>День добрый,</div><div>не работает загрузка и просмотр докуметов в зимбре - кнопка \"загрузить\" - не дает никакой реакции, а при нажатии на сам файл открывается закладка и пишет, что не может загрузить плагин</div></div><br></div></div></body></html><br><br>','utf-8',1,0,0,'<1168740743.808305.1587105300497.JavaMail.zimbra@t-logist.com>',1,24250,1591865296,NULL,'24@itilus.com/INBOX'),(1,'[\"count.sub@t-logist.com\"]','[\"24@itilus.com\"]','[]','[]','1587105897','Re: загрузка и просмотр документов в зимбре','<html><body><div id=\"zimbraEditorContainer\" style=\"font-family: arial, helvetica, sans-serif; font-size: 12pt; color: #000000\" class=\"11\"><div>проблема решилась перезагрузкой</div><div><br></div><hr id=\"zwchr\" data-marker=\"__DIVIDER__\"><div data-marker=\"__HEADERS__\"><b>От: </b>\"AAD t-logist\" &lt;count.sub@t-logist.com&gt;<br><b>Кому: </b>\"24\" &lt;24@itilus.com&gt;<br><b>Отправленные: </b>Пятница, 17 Апрель 2020 г 9:35:00<br><b>Тема: </b>загрузка и просмотр документов в зимбре<br></div><div><br></div><div data-marker=\"__QUOTED_TEXT__\"><div style=\"font-family: arial, helvetica, sans-serif; font-size: 12pt; color: #000000\"><div><div style=\"font-family: arial, helvetica, sans-serif; font-size: 12pt; color: #000000\"><div>День добрый,</div><div>не работает загрузка и просмотр докуметов в зимбре - кнопка \"загрузить\" - не дает никакой реакции, а при нажатии на сам файл открывается закладка и пишет, что не может загрузить плагин</div></div></div></div><br></div></div></body></html><br><br>','utf-8',1,0,0,'<1469549587.808518.1587105895163.JavaMail.zimbra@t-logist.com>',1,24251,1591865296,NULL,'24@itilus.com/INBOX'),(1,'[\"main.lgst@t-logist.com\"]','[\"vit@itilus.com\"]','[\"24@itilus.com\"]','[]','1587027206','Re: дц','спс!\r\nА че у меня комп сам позволяет себе перегружаться? Моя волновайся.\r\n\r\n16.04.2020 11:43, Виталий \"АЙТИЛУС\" пишет:\r\n> Доброе утро\r\n>\r\n> 192.168.60.202\r\n>\r\n> С Уважением, Виталий\r\n> vit@itilus.com\r\n> Sip to: 203\r\n> www.itilus.com\r\n> www.itilus.ru\r\n>\r\n> ----- Исходное сообщение -----\r\n> От: \"dk\" <main.lgst@t-logist.com>\r\n> Кому: \"Vit Kelso\" <vit@itilus.com>, \"24\" <24@itilus.com>\r\n> Отправленные: Четверг, 16 Апрель 2020 г 11:41:45\r\n> Тема: дц\r\n>\r\n> доброе утро!\r\n> у меня дц сбросилась и я цифры забыл,\r\n> 192.168. дальше какие? Подскажите.\r\n> спс\r\n>\r\n> Отправлено с iPhone\n\n','UTF-8',0,0,0,'<5E981D04.2090208@t-logist.com>',1,24252,1591865296,NULL,'24@itilus.com/INBOX'),(1,'[\"vit@itilus.com\"]','[\"main.lgst@t-logist.com\"]','[\"24@itilus.com\"]','[]','1587027318','Re: дц','Про какой комп идет речь ?\r\n\r\n----- Исходное сообщение -----\r\nОт: \"dk\" <main.lgst@t-logist.com>\r\nКому: \"Vit Kelso\" <vit@itilus.com>\r\nКопия: \"24\" <24@itilus.com>\r\nОтправленные: Четверг, 16 Апрель 2020 г 11:53:24\r\nТема: Re: дц\r\n\r\nспс!\r\nА че у меня комп сам позволяет себе перегружаться? Моя волновайся.\r\n\r\n16.04.2020 11:43, Виталий \"АЙТИЛУС\" пишет:\r\n> Доброе утро\r\n>\r\n> 192.168.60.202\r\n>\r\n> С Уважением, Виталий\r\n> vit@itilus.com\r\n> Sip to: 203\r\n> www.itilus.com\r\n> www.itilus.ru\r\n>\r\n> ----- Исходное сообщение -----\r\n> От: \"dk\" <main.lgst@t-logist.com>\r\n> Кому: \"Vit Kelso\" <vit@itilus.com>, \"24\" <24@itilus.com>\r\n> Отправленные: Четверг, 16 Апрель 2020 г 11:41:45\r\n> Тема: дц\r\n>\r\n> доброе утро!\r\n> у меня дц сбросилась и я цифры забыл,\r\n> 192.168. дальше какие? Подскажите.\r\n> спс\r\n>\r\n> Отправлено с iPhone\n\n','utf-8',0,0,0,'<486790839.13504.1587027317621.JavaMail.zimbra@itilus.com>',1,24253,1591865297,NULL,'24@itilus.com/INBOX'),(1,'[\"main.lgst@t-logist.com\"]','[\"24@itilus.com\"]','[]','[]','1587027436','Re: дц','а у меня только один, офисный.\r\nДомашние ты мне забанил ведь.\r\n\r\n16.04.2020 11:55, Vit Kelso пишет:\r\n> Про какой комп идет речь ?\r\n>\r\n> ----- Исходное сообщение -----\r\n> От: \"dk\" <main.lgst@t-logist.com>\r\n> Кому: \"Vit Kelso\" <vit@itilus.com>\r\n> Копия: \"24\" <24@itilus.com>\r\n> Отправленные: Четверг, 16 Апрель 2020 г 11:53:24\r\n> Тема: Re: дц\r\n>\r\n> спс!\r\n> А че у меня комп сам позволяет себе перегружаться? Моя волновайся.\r\n>\r\n> 16.04.2020 11:43, Виталий \"АЙТИЛУС\" пишет:\r\n>> Доброе утро\r\n>>\r\n>> 192.168.60.202\r\n>>\r\n>> С Уважением, Виталий\r\n>> vit@itilus.com\r\n>> Sip to: 203\r\n>> www.itilus.com\r\n>> www.itilus.ru\r\n>>\r\n>> ----- Исходное сообщение -----\r\n>> От: \"dk\" <main.lgst@t-logist.com>\r\n>> Кому: \"Vit Kelso\" <vit@itilus.com>, \"24\" <24@itilus.com>\r\n>> Отправленные: Четверг, 16 Апрель 2020 г 11:41:45\r\n>> Тема: дц\r\n>>\r\n>> доброе утро!\r\n>> у меня дц сбросилась и я цифры забыл,\r\n>> 192.168. дальше какие? Подскажите.\r\n>> спс\r\n>>\r\n>> Отправлено с iPhone\n\n','UTF-8',0,0,0,'<5E981DEA.1090604@t-logist.com>',1,24254,1591865297,NULL,'24@itilus.com/INBOX'),(1,'[\"vit@itilus.com\"]','[\"main.lgst@t-logist.com\"]','[\"24@itilus.com\"]','[]','1587027585','Re: дц','Перезагружается прямо в процессе работы ?\r\nМожет сам перезагружаться из-за обновлений Винды, из-за сбоев в сети питания.\r\n\r\nС Уважением, Виталий\r\nvit@itilus.com\r\nSip to: 203\r\nwww.itilus.com\r\nwww.itilus.ru\r\n\r\n----- Исходное сообщение -----\r\nОт: \"dk\" <main.lgst@t-logist.com>\r\nКому: \"24\" <24@itilus.com>\r\nОтправленные: Четверг, 16 Апрель 2020 г 11:57:14\r\nТема: Re: дц\r\n\r\nа у меня только один, офисный.\r\nДомашние ты мне забанил ведь.\r\n\r\n16.04.2020 11:55, Vit Kelso пишет:\r\n> Про какой комп идет речь ?\r\n>\r\n> ----- Исходное сообщение -----\r\n> От: \"dk\" <main.lgst@t-logist.com>\r\n> Кому: \"Vit Kelso\" <vit@itilus.com>\r\n> Копия: \"24\" <24@itilus.com>\r\n> Отправленные: Четверг, 16 Апрель 2020 г 11:53:24\r\n> Тема: Re: дц\r\n>\r\n> спс!\r\n> А че у меня комп сам позволяет себе перегружаться? Моя волновайся.\r\n>\r\n> 16.04.2020 11:43, Виталий \"АЙТИЛУС\" пишет:\r\n>> Доброе утро\r\n>>\r\n>> 192.168.60.202\r\n>>\r\n>> С Уважением, Виталий\r\n>> vit@itilus.com\r\n>> Sip to: 203\r\n>> www.itilus.com\r\n>> www.itilus.ru\r\n>>\r\n>> ----- Исходное сообщение -----\r\n>> От: \"dk\" <main.lgst@t-logist.com>\r\n>> Кому: \"Vit Kelso\" <vit@itilus.com>, \"24\" <24@itilus.com>\r\n>> Отправленные: Четверг, 16 Апрель 2020 г 11:41:45\r\n>> Тема: дц\r\n>>\r\n>> доброе утро!\r\n>> у меня дц сбросилась и я цифры забыл,\r\n>> 192.168. дальше какие? Подскажите.\r\n>> спс\r\n>>\r\n>> Отправлено с iPhone\n\n','utf-8',0,0,0,'<1771353468.13576.1587027582078.JavaMail.zimbra@itilus.com>',1,24255,1591865297,NULL,'24@itilus.com/INBOX'),(1,'[\"main.lgst@t-logist.com\"]','[\"vit@itilus.com\"]','[\"24@itilus.com\"]','[]','1587027734','Re: дц','нет, перезагрузился один раз в промежутке между вчера вечером и сегодня \r\nутром.\r\nВидимо скачок напряжения, раз даже ты не в курсе.\r\nОк.\r\n\r\n16.04.2020 11:59, Виталий \"АЙТИЛУС\" пишет:\r\n> Перезагружается прямо в процессе работы ?\r\n> Может сам перезагружаться из-за обновлений Винды, из-за сбоев в сети питания.\r\n>\r\n> С Уважением, Виталий\r\n> vit@itilus.com\r\n> Sip to: 203\r\n> www.itilus.com\r\n> www.itilus.ru\r\n>\r\n> ----- Исходное сообщение -----\r\n> От: \"dk\" <main.lgst@t-logist.com>\r\n> Кому: \"24\" <24@itilus.com>\r\n> Отправленные: Четверг, 16 Апрель 2020 г 11:57:14\r\n> Тема: Re: дц\r\n>\r\n> а у меня только один, офисный.\r\n> Домашние ты мне забанил ведь.\r\n>\r\n> 16.04.2020 11:55, Vit Kelso пишет:\r\n>> Про какой комп идет речь ?\r\n>>\r\n>> ----- Исходное сообщение -----\r\n>> От: \"dk\" <main.lgst@t-logist.com>\r\n>> Кому: \"Vit Kelso\" <vit@itilus.com>\r\n>> Копия: \"24\" <24@itilus.com>\r\n>> Отправленные: Четверг, 16 Апрель 2020 г 11:53:24\r\n>> Тема: Re: дц\r\n>>\r\n>> спс!\r\n>> А че у меня комп сам позволяет себе перегружаться? Моя волновайся.\r\n>>\r\n>> 16.04.2020 11:43, Виталий \"АЙТИЛУС\" пишет:\r\n>>> Доброе утро\r\n>>>\r\n>>> 192.168.60.202\r\n>>>\r\n>>> С Уважением, Виталий\r\n>>> vit@itilus.com\r\n>>> Sip to: 203\r\n>>> www.itilus.com\r\n>>> www.itilus.ru\r\n>>>\r\n>>> ----- Исходное сообщение -----\r\n>>> От: \"dk\" <main.lgst@t-logist.com>\r\n>>> Кому: \"Vit Kelso\" <vit@itilus.com>, \"24\" <24@itilus.com>\r\n>>> Отправленные: Четверг, 16 Апрель 2020 г 11:41:45\r\n>>> Тема: дц\r\n>>>\r\n>>> доброе утро!\r\n>>> у меня дц сбросилась и я цифры забыл,\r\n>>> 192.168. дальше какие? Подскажите.\r\n>>> спс\r\n>>>\r\n>>> Отправлено с iPhone\n\n','UTF-8',0,0,0,'<5E981F14.7090008@t-logist.com>',1,24256,1591865297,NULL,'24@itilus.com/INBOX'),(1,'[\"main.lgst@t-logist.com\"]','[\"vit@itilus.com\",\"24@itilus.com\"]','[]','[]','1587026507','дц','доброе утро!\r\nу меня дц сбросилась и я цифры забыл,\r\n192.168. дальше какие? Подскажите. \r\nспс\r\n\r\nОтправлено с iPhone\n\n','utf-8',0,0,0,'<5F0B1710-30A1-4522-8071-8B073E42A3E4@t-logist.com>',1,24257,1591865297,NULL,'24@itilus.com/INBOX'),(1,'[\"vit@itilus.com\"]','[\"main.lgst@t-logist.com\"]','[\"24@itilus.com\"]','[]','1587026617','Re: дц','Доброе утро\r\n\r\n192.168.60.202\r\n\r\nС Уважением, Виталий\r\nvit@itilus.com\r\nSip to: 203\r\nwww.itilus.com\r\nwww.itilus.ru\r\n\r\n----- Исходное сообщение -----\r\nОт: \"dk\" <main.lgst@t-logist.com>\r\nКому: \"Vit Kelso\" <vit@itilus.com>, \"24\" <24@itilus.com>\r\nОтправленные: Четверг, 16 Апрель 2020 г 11:41:45\r\nТема: дц\r\n\r\nдоброе утро!\r\nу меня дц сбросилась и я цифры забыл,\r\n192.168. дальше какие? Подскажите. \r\nспс\r\n\r\nОтправлено с iPhone\n\n','utf-8',0,0,0,'<1390389917.12403.1587026614526.JavaMail.zimbra@itilus.com>',1,24258,1591865297,NULL,'24@itilus.com/INBOX'),(1,'[\"info@sigmasms.ru\"]','[\"vit@itilus.com\"]','[]','[]','1591865273','Нужно (!) добавить имя отправителя и реквизиты','<!DOCTYPE html><html xmlns:v=\"urn:schemas-microsoft-com:vml\" xmlns:o=\"urn:schemas-microsoft-com:office:office\"><head><title></title><meta http-equiv=\"Content-Type\" content=\"text/html; charset=utf-8\"><meta http-equiv=\"X-UA-Compatible\" content=\"IE=edge\"><meta name=\"viewport\" content=\"width=device-width, initial-scale=1.0\"><meta name=\"format-detection\" content=\"telephone=no\"><!--[if !mso]><!--><link href=\"https://fonts.googleapis.com/css?family=Lato:100,100i,300,300i,400,700,700i,900,900i\" rel=\"stylesheet\"><!--<![endif]--><style type=\"text/css\">/*<![CDATA[*/body {margin: 0;padding: 0;-webkit-text-size-adjust: 100% !important;-ms-text-size-adjust: 100% !important;-webkit-font-smoothing: antialiased !important;}img {border: 0 !important;outline: none !important;}table {border-collapse: collapse;mso-table-lspace: 0px;mso-table-rspace: 0px;}td, a, span {border-collapse: collapse;mso-line-height-rule: exactly;}/*]]>*/</style></head><body class=\"em_body\" style=\"margin:0px auto; padding:0px;\" bgcolor=\"#EFEFEF\"><table style=\"width: 100%\" width=\"100%\"><tr style=\"line-height: 0\"><td>&nbsp;</td><td align=\"center\" width=\"1\" style=\"text-align: center; width: 1px;\"><img width=\"1\" height=\"1\" style=\"width: 1px; height: 1px;\" src=\"https://s7190865.sendpul.se/events/statistic/v2/open/eyJldmVudF9pZCI6ImJkOTU5MWZhODI4MDQ4YTNjN2Y0NGM4NzM4ZDdkYjFlIiwiZXZlbnRzX3VzZXJfbGlzdF9pZCI6MSwiZmxvd19pZCI6MTU0NTAzLCJwYXJlbnRfaWQiOjE1MzU3MywidXNlcl9pZCI6NzE5MDg2NX0=\" alt=\"pry\" /></td><td>&nbsp;</td></tr></table><table width=\"100%\" border=\"0\" cellspacing=\"0\" cellpadding=\"0\" class=\"em_full_wrap\" align=\"center\" bgcolor=\"#EFEFEF\"><tbody><tr><td align=\"center\" valign=\"top\"><table align=\"center\" width=\"650\" border=\"0\" cellspacing=\"0\" cellpadding=\"0\" class=\"em_main_table\" style=\"width: 650px; table-layout: fixed;\"><tbody><tr><td align=\"center\" valign=\"top\" style=\"padding: 0 25px;\" class=\"em_aside10\"><table width=\"100%\" border=\"0\" cellspacing=\"0\" cellpadding=\"0\" align=\"center\"><tbody><tr><td height=\"26\" style=\"height: 26px;\" class=\"em_h20\"> </td></tr><tr><td align=\"center\" valign=\"top\"><a href=\"https://s7190865.sendpul.se/events/statistic/v2/click/eyJ0eXBlIjoiZW1haWwiLCJldmVudF9pZCI6ImJkOTU5MWZhODI4MDQ4YTNjN2Y0NGM4NzM4ZDdkYjFlIiwiZXZlbnRzX3VzZXJfbGlzdF9pZCI6MSwibGlua19pZCI6MSwibGlua191cmwiOiJodHRwOlwvXC9odHRwcz91dG1fY2FtcGFpZ249YTM2MC1hbW8tdGVzdG92YXlhJnV0bV9zb3VyY2U9c2VuZHB1bHNlJnV0bV9tZWRpdW09ZW1haWwiLCJmbG93X2lkIjoxNTQ1MDMsInBhcmVudF9pZCI6MTUzNTczLCJ1c2VyX2lkIjo3MTkwODY1LCJ1cmxfaGFzaCI6IjM3NGQ0YTI5ZWFmMWIzZTI0ZjhkOWVhODAzNzMyMmE0In0=\" target=\"_blank\" style=\"text-decoration: none;\" rel=\"noopener noreferrer\"><img src=\"https://sigmasms.ru/images/sigmasms_logo.png\" width=\"208\" height=\"78\" alt=\"meowgun\" border=\"0\" style=\"display: block; font-family: Arial, sans-serif; font-size: 18px; line-height: 25px; text-align: center; color: #1d4685; font-weight: bold; max-width: 208px;\" class=\"em_w150\"></a></td></tr></tbody></table></td></tr></tbody></table></td></tr></tbody></table><table width=\"100%\" border=\"0\" cellspacing=\"0\" cellpadding=\"0\" class=\"em_full_wrap\" align=\"center\" bgcolor=\"#EFEFEF\"><tbody><tr><td align=\"center\" valign=\"top\"><table align=\"center\" width=\"650\" border=\"0\" cellspacing=\"0\" cellpadding=\"0\" class=\"em_main_table\" style=\"width: 650px; table-layout: fixed; background-color: #f8f8f8;\"><tbody><tr><td align=\"center\" valign=\"top\" style=\"padding: 0 25px; background-color: #efefef;\" bgcolor=\"#EFEFEF\" class=\"em_aside10\"><table width=\"100%\" border=\"0\" cellspacing=\"0\" cellpadding=\"0\" align=\"center\"><tbody><tr><td height=\"22\" class=\"em_h20\" style=\"height: 22px; font-size: 0px; line-height: 0px;\"> </td></tr><tr><td valign=\"top\" align=\"left\" bgcolor=\"#FFFFFF\" style=\"padding-left: 25px; padding-right: 35px; background-color: #ffffff;\" class=\"em_aside10\"><table width=\"100%\" border=\"0\" cellspacing=\"0\" cellpadding=\"0\" align=\"left\"><tbody><tr><td height=\"22\" style=\"height: 22px;\" class=\"em_h20\"> </td></tr><tr><td class=\"em_blue em_center\" align=\"left\" valign=\"top\" style=\"font-family: Arial, sans-serif; font-size: 20px; line-height: 24px; color: #000000; font-weight: bold;\">Здравствуйте, Виталий!</td></tr><tr><td height=\"8\" style=\"height: 8px; font-size: 0px; line-height: 0px;\"> </td></tr><tr><td class=\"em_grey em_center\" align=\"left\" valign=\"top\" style=\"font-family: Arial, sans-serif; font-size: 16px; line-height: 24px; color: #434343;\"><p>Чтобы вы смогли оценить все преимущества работы с нами, мы подготовили 2 основных шага, сделав которые вы начнете эффективную рассылку.</p><p><strong>Важно! </strong>Письмо содержит полезные ссылки и инструкцию по настройкам. Мы рекомендуем не удалять его. </p><p><strong>Шаг 1: Добавление реквизитов для формирования счета и договора</strong>. Поможет начать рассылки, а в дальнейшем оплачивать их быстро и просто. Для этого нажмите на свой профиль, выберите кнопку профиль и переключитесь во вкладку реквизиты. В открывшемся окне нажмите на кнопку <strong>\"создать новые реквизиты\" </strong>и введите необходимые данные. Затем нажмите создать.</p><p><strong>Для простоты, мы записали GIF-инструкцию:</strong></p><p><img src=\"https://img.stat-pulse.com/files/emailservice/userfiles/7f498035c9172b12ec225a0514bd64477190865/dobavlenie_rekvizitov.gif\" alt=\"GIF-анимация - добавление реквизитов в личном кабинете\" width=\"600\" height=\"302\"></p><p><strong>Шаг 2: Добавление имени отправителя. </strong>Откройте раздел <strong>\"Имя отправителя\"</strong>. В открывшемся коне выберите тип имени SMS, Viber, Вконтакте. Укажите имя отправителя в соответствующем поле. Имя может содержать только латинские буквы, цифры, подчеркивания, тире и точки. Длина от 4 до 11 символов.</p><p>В поле Комментарий добавьте тип юридического лица: ООО/ИП, наименование организации и ИНН. Подробная инструкция <a rel=\"noreferrer\" href=\"https://s7190865.sendpul.se/events/statistic/v2/click/eyJ0eXBlIjoiZW1haWwiLCJldmVudF9pZCI6ImJkOTU5MWZhODI4MDQ4YTNjN2Y0NGM4NzM4ZDdkYjFlIiwiZXZlbnRzX3VzZXJfbGlzdF9pZCI6MSwibGlua19pZCI6MSwibGlua191cmwiOiJodHRwczpcL1wvb25saW5lLnNpZ21hc21zLnJ1XC8/cm9pc3RhdF92aXNpdD0xNzkxMTkmdXRtX2NhbXBhaWduPWEzNjAtYW1vLXRlc3RvdmF5YSZ1dG1fc291cmNlPXNlbmRwdWxzZSZ1dG1fbWVkaXVtPWVtYWlsI1wvZG9jdW1lbnRhdGlvbj9pZD1yZWdpc3RyYWNpeWEtaW1lbi1vdHByYXZpdGVseWEiLCJmbG93X2lkIjoxNTQ1MDMsInBhcmVudF9pZCI6MTUzNTczLCJ1c2VyX2lkIjo3MTkwODY1LCJ1cmxfaGFzaCI6IjcwYWEyNDgzY2RiMTExYjFlZjQ2ZWU1ZTg0ZTFlNDU5In0=\">доступна по ссылке</a>. </p><p><strong>Для простоты, мы записали GIF-инструкцию:</strong></p><p><strong><img src=\"https://img.stat-pulse.com/files/emailservice/userfiles/7f498035c9172b12ec225a0514bd64477190865/dobavlenie_Imeni_4323854d.gif\" alt=\"Инструкция по добавлению имени отправителя.\" width=\"600\" height=\"272\" caption=\"false\"></strong></p><p>Если вам что-то непонято или остались вопросы, свяжитесь с нами любым удобным методом:</p><ul><li>позвонить нам на телефон горячей линии <a rel=\"noopener noreferrer\" href=\"https://s7190865.sendpul.se/events/statistic/v2/click/eyJ0eXBlIjoiZW1haWwiLCJldmVudF9pZCI6ImJkOTU5MWZhODI4MDQ4YTNjN2Y0NGM4NzM4ZDdkYjFlIiwiZXZlbnRzX3VzZXJfbGlzdF9pZCI6MSwibGlua19pZCI6MSwibGlua191cmwiOiJ0ZWw6ODgwMDMzMzE2NTAiLCJmbG93X2lkIjoxNTQ1MDMsInBhcmVudF9pZCI6MTUzNTczLCJ1c2VyX2lkIjo3MTkwODY1LCJ1cmxfaGFzaCI6IjY4MzY0OGIxMmJhNDI3OGNhYzM4MDdiMDdmNzZjNTEzIn0=\" style=\"text-decoration: underline; color: #fe9f00;\">8 800 333-16-50</a></li><li>отправить ответное письмо в службу поддержки на адрес <a rel=\"noopener noreferrer\" href=\"mailto:\">info@sigmasms.ru</a></li><li>написать нам в официальные группы в соцсетях и чатах мессенджеров <a href=\"https://s7190865.sendpul.se/events/statistic/v2/click/eyJ0eXBlIjoiZW1haWwiLCJldmVudF9pZCI6ImJkOTU5MWZhODI4MDQ4YTNjN2Y0NGM4NzM4ZDdkYjFlIiwiZXZlbnRzX3VzZXJfbGlzdF9pZCI6MSwibGlua19pZCI6MSwibGlua191cmwiOiJodHRwczpcL1wvdmsuY29tXC9zaWdtYXNtc3J1P3V0bV9jYW1wYWlnbj1hMzYwLWFtby10ZXN0b3ZheWEmdXRtX3NvdXJjZT1zZW5kcHVsc2UmdXRtX21lZGl1bT1lbWFpbCIsImZsb3dfaWQiOjE1NDUwMywicGFyZW50X2lkIjoxNTM1NzMsInVzZXJfaWQiOjcxOTA4NjUsInVybF9oYXNoIjoiY2UxYWQ1M2FhNzBlNjk0YWY0N2RlODhhY2NmOTRiYjgifQ==\" target=\"_blank\" style=\"text-decoration: underline; color: #fe9f00;\" rel=\"noopener noreferrer\">ВКонтакте</a>, <a href=\"https://s7190865.sendpul.se/events/statistic/v2/click/eyJ0eXBlIjoiZW1haWwiLCJldmVudF9pZCI6ImJkOTU5MWZhODI4MDQ4YTNjN2Y0NGM4NzM4ZDdkYjFlIiwiZXZlbnRzX3VzZXJfbGlzdF9pZCI6MSwibGlua19pZCI6MSwibGlua191cmwiOiJodHRwczpcL1wvd3d3LmZhY2Vib29rLmNvbVwvU2lnbWFzbXMtMjE4MzU4NzIxMTkwMjgxMlwvP3V0bV9jYW1wYWlnbj1hMzYwLWFtby10ZXN0b3ZheWEmdXRtX3NvdXJjZT1zZW5kcHVsc2UmdXRtX21lZGl1bT1lbWFpbCIsImZsb3dfaWQiOjE1NDUwMywicGFyZW50X2lkIjoxNTM1NzMsInVzZXJfaWQiOjcxOTA4NjUsInVybF9oYXNoIjoiYmUwNDc4ODEyYWMwZGU3YzVmZTVhYmM1ZDY3ZTgwYTkifQ==\" target=\"_blank\" style=\"text-decoration: underline; color: #fe9f00;\" rel=\"noopener noreferrer\">Facebook</a>, <a href=\"https://s7190865.sendpul.se/events/statistic/v2/click/eyJ0eXBlIjoiZW1haWwiLCJldmVudF9pZCI6ImJkOTU5MWZhODI4MDQ4YTNjN2Y0NGM4NzM4ZDdkYjFlIiwiZXZlbnRzX3VzZXJfbGlzdF9pZCI6MSwibGlua19pZCI6MSwibGlua191cmwiOiJ2aWJlcjpcL1wvcGE/Y2hhdFVSST1zaWdtYXNtc3J1IiwiZmxvd19pZCI6MTU0NTAzLCJwYXJlbnRfaWQiOjE1MzU3MywidXNlcl9pZCI6NzE5MDg2NSwidXJsX2hhc2giOiIyNjVkNTBmNzgyODkyOTQ4N2M0MjY3YzA5N2RlZTBiYiJ9\" target=\"_blank\" style=\"text-decoration: underline; color: #fe9f00;\" rel=\"noopener noreferrer\">Viber</a>, <a href=\"https://s7190865.sendpul.se/events/statistic/v2/click/eyJ0eXBlIjoiZW1haWwiLCJldmVudF9pZCI6ImJkOTU5MWZhODI4MDQ4YTNjN2Y0NGM4NzM4ZDdkYjFlIiwiZXZlbnRzX3VzZXJfbGlzdF9pZCI6MSwibGlua19pZCI6MSwibGlua191cmwiOiJodHRwczpcL1wvdC5tZVwvc2lnbWFzbXNfYm90P3V0bV9jYW1wYWlnbj1hMzYwLWFtby10ZXN0b3ZheWEmdXRtX3NvdXJjZT1zZW5kcHVsc2UmdXRtX21lZGl1bT1lbWFpbCIsImZsb3dfaWQiOjE1NDUwMywicGFyZW50X2lkIjoxNTM1NzMsInVzZXJfaWQiOjcxOTA4NjUsInVybF9oYXNoIjoiNWMwNTBjM2ZmN2IxODM2NTgwYThjZTZhMTE3MDgyMzQifQ==\" target=\"_blank\" style=\"text-decoration: underline; color: #fe9f00;\" rel=\"noopener noreferrer\">Telegram</a>, <a href=\"https://s7190865.sendpul.se/events/statistic/v2/click/eyJ0eXBlIjoiZW1haWwiLCJldmVudF9pZCI6ImJkOTU5MWZhODI4MDQ4YTNjN2Y0NGM4NzM4ZDdkYjFlIiwiZXZlbnRzX3VzZXJfbGlzdF9pZCI6MSwibGlua19pZCI6MSwibGlua191cmwiOiJodHRwczpcL1wvd2EubWVcLzc5NjUwMDA1NTY2P3V0bV9jYW1wYWlnbj1hMzYwLWFtby10ZXN0b3ZheWEmdXRtX3NvdXJjZT1zZW5kcHVsc2UmdXRtX21lZGl1bT1lbWFpbCIsImZsb3dfaWQiOjE1NDUwMywicGFyZW50X2lkIjoxNTM1NzMsInVzZXJfaWQiOjcxOTA4NjUsInVybF9oYXNoIjoiYzI4MGMxZTZkNjZmNmVmN2MxM2I4MGNkZGI1NTM4NDYifQ==\" target=\"_blank\" style=\"text-decoration: underline; color: #fe9f00;\" rel=\"noopener noreferrer\">WhatsApp</a>.</li></ul><p>С уважением к вашему делу,<br> команда SigmaSMS.</p></td></tr><tr><td height=\"16\" style=\"height: 16px; font-size: 1px; line-height: 1px;\"> </td></tr></tbody></table></td></tr></tbody></table></td></tr><tr><td height=\"20\" class=\"em_h10\" bgcolor=\"#EFEFEF\" style=\"height: 20px; font-size: 1px; line-height: 1px; background-color: #efefef;\"> </td></tr></tbody></table></td></tr></tbody></table><table width=\"100%\" border=\"0\" cellspacing=\"0\" cellpadding=\"0\" class=\"em_full_wrap\" align=\"center\" bgcolor=\"#EFEFEF\"><tbody><tr><td align=\"center\" valign=\"top\"><table align=\"center\" width=\"650\" border=\"0\" cellspacing=\"0\" cellpadding=\"0\" class=\"em_main_table\" style=\"width: 650px; table-layout: fixed;\"><tbody><tr><td align=\"center\" valign=\"top\" style=\"padding: 0 25px;\" class=\"em_aside10\"></td></tr><tr><td class=\"em_hide\" style=\"line-height: 1px; min-width: 650px; background-color: #efefef;\"><img alt=\"\" src=\"https://app.eu.mailgun.com/assets/templates/spacer.gif\" height=\"1\" width=\"650\" style=\"max-height: 1px; min-height: 1px; display: block; width: 650px; min-width: 650px;\" border=\"0\"></td></tr></tbody></table></td></tr></tbody></table></body></html><div><a  href=\"https://s7190865.sendpul.se/events/unsubscribe/ru/bd9591fa828048a3c7f44c8738d7db1e/154503/7190865\">Отказаться от рассылки</a><div><br><br>','utf-8',1,0,0,'<1jjIsB-0008AU-Qd@mx259.sendpulse.me>',1,24805,1591865310,NULL,'INBOX'),(6,'[\"count.sub@t-logist.com\"]','[\"24@itilus.com\"]','[\"main.lgst@t-logist.com\"]','[]','1591620876','пароль Надежды','<html><body><div id=\"zimbraEditorContainer\" style=\"font-family: arial, helvetica, sans-serif; font-size: 12pt; color: #000000\" class=\"11\"><div>День,</div><div>Надя на удаленку попасть не может, ей пароль не меняли?&nbsp;</div></div></body></html><br><br>','utf-8',1,0,0,'<1113877212.223728.1591620874090.JavaMail.zimbra@t-logist.com>',1,24777,1591865506,NULL,'INBOX'),(6,'[\"vit@itilus.com\"]','[\"count.sub@t-logist.com\",\"24@itilus.com\"]','[\"main.lgst@t-logist.com\"]','[]','1591621127','Re: пароль Надежды','<html>\r\n  <head>\r\n    <meta http-equiv=\"Content-Type\" content=\"text/html; charset=UTF-8\">\r\n  </head>\r\n  <body text=\"#000000\" bgcolor=\"#FFFFFF\">\r\n    Зачем поменяли ?<br>\r\n    <div class=\"moz-signature\">\r\n      <meta http-equiv=\"content-type\" content=\"text/html; charset=UTF-8\">\r\n      <title></title>\r\n      <pre class=\"moz-signature\" style=\"white-space: pre-wrap; overflow-wrap: break-word !important; color: rgb(0, 0, 0); font-size: 14.16px; font-style: normal; font-variant-ligatures: normal; font-variant-caps: normal; font-weight: 400; letter-spacing: normal; orphans: 2; text-align: start; text-indent: 0px; text-transform: none; widows: 2; word-spacing: 0px; -webkit-text-stroke-width: 0px; background-color: rgb(253, 253, 253); text-decoration-style: initial; text-decoration-color: initial;\">\r\nС Уважением, Виталий «Айтилус»\r\n<span class=\"Object\" role=\"link\" id=\"OBJ_PREFIX_DWT348_ZmEmailObjectHandler\" style=\"white-space: pre-wrap; overflow-wrap: break-word !important; color: rgb(0, 61, 121); text-decoration: none; cursor: pointer;\"><span class=\"Object\" role=\"link\" id=\"OBJ_PREFIX_DWT392_ZmEmailObjectHandler\" style=\"white-space: pre-wrap; overflow-wrap: break-word !important; color: rgb(0, 61, 121); text-decoration: none; cursor: pointer;\"><a class=\"moz-txt-link-abbreviated\" href=\"mailto:24@itilus.com\" target=\"_blank\" style=\"white-space: pre-wrap; overflow-wrap: break-word !important; color: rgb(0, 61, 121); text-decoration: none; cursor: pointer;\">vit@itilus.com</a></span></span>\r\nSip to: 203\r\n<span class=\"Object\" role=\"link\" id=\"OBJ_PREFIX_DWT349_com_zimbra_url\" style=\"white-space: pre-wrap; overflow-wrap: break-word !important; color: rgb(0, 61, 121); text-decoration: none; cursor: pointer;\"><span class=\"Object\" role=\"link\" id=\"OBJ_PREFIX_DWT393_com_zimbra_url\" style=\"white-space: pre-wrap; overflow-wrap: break-word !important; color: rgb(0, 61, 121); text-decoration: none; cursor: pointer;\"><a class=\"moz-txt-link-abbreviated\" href=\"http://www.itilus.com/\" target=\"_blank\" style=\"white-space: pre-wrap; overflow-wrap: break-word !important; color: rgb(0, 61, 121); text-decoration: none; cursor: pointer;\">www.itilus.com</a></span></span>\r\n<span class=\"Object\" role=\"link\" id=\"OBJ_PREFIX_DWT350_com_zimbra_url\" style=\"white-space: pre-wrap; overflow-wrap: break-word !important; color: rgb(0, 61, 121); text-decoration: none; cursor: pointer;\"><span class=\"Object\" role=\"link\" id=\"OBJ_PREFIX_DWT394_com_zimbra_url\" style=\"white-space: pre-wrap; overflow-wrap: break-word !important; color: rgb(0, 61, 121); text-decoration: none; cursor: pointer;\"><a class=\"moz-txt-link-abbreviated\" href=\"http://www.itilus.ru/\" target=\"_blank\" style=\"white-space: pre-wrap; overflow-wrap: break-word !important; color: rgb(0, 61, 121); text-decoration: none; cursor: pointer;\">www.itilus.ru</a></span></span></pre>\r\n    </div>\r\n    <div class=\"moz-cite-prefix\">08.06.2020 15:54, AAD t-logist пишет:<br>\r\n    </div>\r\n    <blockquote type=\"cite\"\r\n      cite=\"mid:1113877212.223728.1591620874090.JavaMail.zimbra@t-logist.com\">\r\n      <meta http-equiv=\"content-type\" content=\"text/html; charset=UTF-8\">\r\n      <div id=\"zimbraEditorContainer\" style=\"font-family: arial,\r\n        helvetica, sans-serif; font-size: 12pt; color: #000000\"\r\n        class=\"11\">\r\n        <div>День,</div>\r\n        <div>Надя на удаленку попасть не может, ей пароль не меняли? </div>\r\n      </div>\r\n    </blockquote>\r\n  </body>\r\n</html>\r\n<br><br>','utf-8',1,0,0,'<401bc15d-7618-f800-6d53-9f6f3f2879f6@itilus.com>',1,24778,1591865506,NULL,'INBOX'),(6,'[\"vit@itilus.com\"]','[\"count.sub@t-logist.com\",\"24@itilus.com\"]','[\"main.lgst@t-logist.com\"]','[]','1591621197','Re: пароль Надежды','<html>\r\n  <head>\r\n    <meta http-equiv=\"Content-Type\" content=\"text/html; charset=UTF-8\">\r\n  </head>\r\n  <body text=\"#000000\" bgcolor=\"#FFFFFF\">\r\n    <p>Ничего не меняем просто так без предупреждения. <br>\r\n      Спасибо за доверие !</p>\r\n    <p>Мы не меняли ничего<br>\r\n    </p>\r\n    <div class=\"moz-signature\">\r\n      <meta http-equiv=\"content-type\" content=\"text/html; charset=UTF-8\">\r\n      <title></title>\r\n      <pre class=\"moz-signature\" style=\"white-space: pre-wrap; overflow-wrap: break-word !important; color: rgb(0, 0, 0); font-size: 14.16px; font-style: normal; font-variant-ligatures: normal; font-variant-caps: normal; font-weight: 400; letter-spacing: normal; orphans: 2; text-align: start; text-indent: 0px; text-transform: none; widows: 2; word-spacing: 0px; -webkit-text-stroke-width: 0px; background-color: rgb(253, 253, 253); text-decoration-style: initial; text-decoration-color: initial;\">\r\nС Уважением, Виталий «Айтилус»\r\n<span class=\"Object\" role=\"link\" id=\"OBJ_PREFIX_DWT348_ZmEmailObjectHandler\" style=\"white-space: pre-wrap; overflow-wrap: break-word !important; color: rgb(0, 61, 121); text-decoration: none; cursor: pointer;\"><span class=\"Object\" role=\"link\" id=\"OBJ_PREFIX_DWT392_ZmEmailObjectHandler\" style=\"white-space: pre-wrap; overflow-wrap: break-word !important; color: rgb(0, 61, 121); text-decoration: none; cursor: pointer;\"><a class=\"moz-txt-link-abbreviated\" href=\"mailto:24@itilus.com\" target=\"_blank\" style=\"white-space: pre-wrap; overflow-wrap: break-word !important; color: rgb(0, 61, 121); text-decoration: none; cursor: pointer;\">vit@itilus.com</a></span></span>\r\nSip to: 203\r\n<span class=\"Object\" role=\"link\" id=\"OBJ_PREFIX_DWT349_com_zimbra_url\" style=\"white-space: pre-wrap; overflow-wrap: break-word !important; color: rgb(0, 61, 121); text-decoration: none; cursor: pointer;\"><span class=\"Object\" role=\"link\" id=\"OBJ_PREFIX_DWT393_com_zimbra_url\" style=\"white-space: pre-wrap; overflow-wrap: break-word !important; color: rgb(0, 61, 121); text-decoration: none; cursor: pointer;\"><a class=\"moz-txt-link-abbreviated\" href=\"http://www.itilus.com/\" target=\"_blank\" style=\"white-space: pre-wrap; overflow-wrap: break-word !important; color: rgb(0, 61, 121); text-decoration: none; cursor: pointer;\">www.itilus.com</a></span></span>\r\n<span class=\"Object\" role=\"link\" id=\"OBJ_PREFIX_DWT350_com_zimbra_url\" style=\"white-space: pre-wrap; overflow-wrap: break-word !important; color: rgb(0, 61, 121); text-decoration: none; cursor: pointer;\"><span class=\"Object\" role=\"link\" id=\"OBJ_PREFIX_DWT394_com_zimbra_url\" style=\"white-space: pre-wrap; overflow-wrap: break-word !important; color: rgb(0, 61, 121); text-decoration: none; cursor: pointer;\"><a class=\"moz-txt-link-abbreviated\" href=\"http://www.itilus.ru/\" target=\"_blank\" style=\"white-space: pre-wrap; overflow-wrap: break-word !important; color: rgb(0, 61, 121); text-decoration: none; cursor: pointer;\">www.itilus.ru</a></span></span></pre>\r\n    </div>\r\n    <div class=\"moz-cite-prefix\">08.06.2020 15:58, Виталий \"АЙТИЛУС\"\r\n      пишет:<br>\r\n    </div>\r\n    <blockquote type=\"cite\"\r\n      cite=\"mid:401bc15d-7618-f800-6d53-9f6f3f2879f6@itilus.com\">\r\n      <meta http-equiv=\"Content-Type\" content=\"text/html; charset=UTF-8\">\r\n      Зачем поменяли ?<br>\r\n      <div class=\"moz-signature\">\r\n        <meta http-equiv=\"content-type\" content=\"text/html;\r\n          charset=UTF-8\">\r\n        <title></title>\r\n        <pre class=\"moz-signature\" style=\"white-space: pre-wrap; overflow-wrap: break-word !important; color: rgb(0, 0, 0); font-size: 14.16px; font-style: normal; font-variant-ligatures: normal; font-variant-caps: normal; font-weight: 400; letter-spacing: normal; orphans: 2; text-align: start; text-indent: 0px; text-transform: none; widows: 2; word-spacing: 0px; -webkit-text-stroke-width: 0px; background-color: rgb(253, 253, 253); text-decoration-style: initial; text-decoration-color: initial;\">С Уважением, Виталий «Айтилус»\r\n<span class=\"Object\" role=\"link\" id=\"OBJ_PREFIX_DWT348_ZmEmailObjectHandler\" style=\"white-space: pre-wrap; overflow-wrap: break-word !important; color: rgb(0, 61, 121); text-decoration: none; cursor: pointer;\"><span class=\"Object\" role=\"link\" id=\"OBJ_PREFIX_DWT392_ZmEmailObjectHandler\" style=\"white-space: pre-wrap; overflow-wrap: break-word !important; color: rgb(0, 61, 121); text-decoration: none; cursor: pointer;\"><a class=\"moz-txt-link-abbreviated\" href=\"mailto:24@itilus.com\" target=\"_blank\" style=\"white-space: pre-wrap; overflow-wrap: break-word !important; color: rgb(0, 61, 121); text-decoration: none; cursor: pointer;\" moz-do-not-send=\"true\">vit@itilus.com</a></span></span>\r\nSip to: 203\r\n<span class=\"Object\" role=\"link\" id=\"OBJ_PREFIX_DWT349_com_zimbra_url\" style=\"white-space: pre-wrap; overflow-wrap: break-word !important; color: rgb(0, 61, 121); text-decoration: none; cursor: pointer;\"><span class=\"Object\" role=\"link\" id=\"OBJ_PREFIX_DWT393_com_zimbra_url\" style=\"white-space: pre-wrap; overflow-wrap: break-word !important; color: rgb(0, 61, 121); text-decoration: none; cursor: pointer;\"><a class=\"moz-txt-link-abbreviated\" href=\"http://www.itilus.com/\" target=\"_blank\" style=\"white-space: pre-wrap; overflow-wrap: break-word !important; color: rgb(0, 61, 121); text-decoration: none; cursor: pointer;\" moz-do-not-send=\"true\">www.itilus.com</a></span></span>\r\n<span class=\"Object\" role=\"link\" id=\"OBJ_PREFIX_DWT350_com_zimbra_url\" style=\"white-space: pre-wrap; overflow-wrap: break-word !important; color: rgb(0, 61, 121); text-decoration: none; cursor: pointer;\"><span class=\"Object\" role=\"link\" id=\"OBJ_PREFIX_DWT394_com_zimbra_url\" style=\"white-space: pre-wrap; overflow-wrap: break-word !important; color: rgb(0, 61, 121); text-decoration: none; cursor: pointer;\"><a class=\"moz-txt-link-abbreviated\" href=\"http://www.itilus.ru/\" target=\"_blank\" style=\"white-space: pre-wrap; overflow-wrap: break-word !important; color: rgb(0, 61, 121); text-decoration: none; cursor: pointer;\" moz-do-not-send=\"true\">www.itilus.ru</a></span></span></pre>\r\n      </div>\r\n      <div class=\"moz-cite-prefix\">08.06.2020 15:54, AAD t-logist пишет:<br>\r\n      </div>\r\n      <blockquote type=\"cite\"\r\n        cite=\"mid:1113877212.223728.1591620874090.JavaMail.zimbra@t-logist.com\">\r\n        <meta http-equiv=\"content-type\" content=\"text/html;\r\n          charset=UTF-8\">\r\n        <div id=\"zimbraEditorContainer\" style=\"font-family: arial,\r\n          helvetica, sans-serif; font-size: 12pt; color: #000000\"\r\n          class=\"11\">\r\n          <div>День,</div>\r\n          <div>Надя на удаленку попасть не может, ей пароль не меняли? </div>\r\n        </div>\r\n      </blockquote>\r\n    </blockquote>\r\n  </body>\r\n</html>\r\n<br><br>','utf-8',1,0,0,'<17b2e409-1dac-60f6-6507-4b0e636f9b88@itilus.com>',1,24782,1591865506,NULL,'INBOX'),(6,'[\"count.sub@t-logist.com\"]','[\"vit@itilus.com\"]','[\"24@itilus.com\",\"main.lgst@t-logist.com\"]','[]','1591621492','Re: пароль Надежды','<html><body><div style=\"font-family: arial, helvetica, sans-serif; font-size: 12pt; color: #000000\"><div>Вит,</div><div>а можно тебя попросить если у нее ничего не получится с ней связаться или дай ее пароль - я попробую как-то вместе с ней</div><div><br></div><hr id=\"zwchr\" data-marker=\"__DIVIDER__\"><div data-marker=\"__HEADERS__\"><b>От: </b>\"vit\" &lt;vit@itilus.com&gt;<br><b>Кому: </b>\"AAD t-logist\" &lt;count.sub@t-logist.com&gt;, \"24\" &lt;24@itilus.com&gt;<br><b>Копия: </b>\"ДК\" &lt;main.lgst@t-logist.com&gt;<br><b>Отправленные: </b>Понедельник, 8 Июнь 2020 г 15:59:54<br><b>Тема: </b>Re: пароль Надежды<br></div><div><br></div><div data-marker=\"__QUOTED_TEXT__\"><p>Ничего не меняем просто так без предупреждения. <br>\r\n      Спасибо за доверие !</p>\r\n    <p>Мы не меняли ничего<br>\r\n    </p>\r\n    <div class=\"moz-signature\">\r\n      \r\n      <title></title>\r\n      <pre class=\"moz-signature\" style=\"white-space: pre-wrap; overflow-wrap: break-word !important; color: rgb(0, 0, 0); font-size: 14.16px; font-style: normal; font-variant-ligatures: normal; font-variant-caps: normal; font-weight: 400; letter-spacing: normal; orphans: 2; text-align: start; text-indent: 0px; text-transform: none; widows: 2; word-spacing: 0px; -webkit-text-stroke-width: 0px; background-color: rgb(253, 253, 253); text-decoration-style: initial; text-decoration-color: initial;\">С Уважением, Виталий «Айтилус»\r\n<span class=\"Object\" id=\"OBJ_PREFIX_DWT348_ZmEmailObjectHandler\" style=\"white-space: pre-wrap; overflow-wrap: break-word !important; color: rgb(0, 61, 121); text-decoration: none; cursor: pointer;\"><span class=\"Object\" id=\"OBJ_PREFIX_DWT392_ZmEmailObjectHandler\" style=\"white-space: pre-wrap; overflow-wrap: break-word !important; color: rgb(0, 61, 121); text-decoration: none; cursor: pointer;\"><a class=\"moz-txt-link-abbreviated\" href=\"mailto:24@itilus.com\" target=\"_blank\" style=\"white-space: pre-wrap; overflow-wrap: break-word !important; color: rgb(0, 61, 121); text-decoration: none; cursor: pointer;\">vit@itilus.com</a></span></span>\r\nSip to: 203\r\n<span class=\"Object\" id=\"OBJ_PREFIX_DWT349_com_zimbra_url\" style=\"white-space: pre-wrap; overflow-wrap: break-word !important; color: rgb(0, 61, 121); text-decoration: none; cursor: pointer;\"><span class=\"Object\" id=\"OBJ_PREFIX_DWT393_com_zimbra_url\" style=\"white-space: pre-wrap; overflow-wrap: break-word !important; color: rgb(0, 61, 121); text-decoration: none; cursor: pointer;\"><a class=\"moz-txt-link-abbreviated\" href=\"http://www.itilus.com/\" target=\"_blank\" style=\"white-space: pre-wrap; overflow-wrap: break-word !important; color: rgb(0, 61, 121); text-decoration: none; cursor: pointer;\">www.itilus.com</a></span></span>\r\n<span class=\"Object\" id=\"OBJ_PREFIX_DWT350_com_zimbra_url\" style=\"white-space: pre-wrap; overflow-wrap: break-word !important; color: rgb(0, 61, 121); text-decoration: none; cursor: pointer;\"><span class=\"Object\" id=\"OBJ_PREFIX_DWT394_com_zimbra_url\" style=\"white-space: pre-wrap; overflow-wrap: break-word !important; color: rgb(0, 61, 121); text-decoration: none; cursor: pointer;\"><a class=\"moz-txt-link-abbreviated\" href=\"http://www.itilus.ru/\" target=\"_blank\" style=\"white-space: pre-wrap; overflow-wrap: break-word !important; color: rgb(0, 61, 121); text-decoration: none; cursor: pointer;\">www.itilus.ru</a></span></span></pre>\r\n    </div>\r\n    <div class=\"moz-cite-prefix\">08.06.2020 15:58, Виталий \"АЙТИЛУС\"\r\n      пишет:<br>\r\n    </div>\r\n    <blockquote cite=\"mid:401bc15d-7618-f800-6d53-9f6f3f2879f6@itilus.com\">\r\n      \r\n      Зачем поменяли ?<br>\r\n      <div class=\"moz-signature\">\r\n        \r\n        <title></title>\r\n        <pre class=\"moz-signature\" style=\"white-space: pre-wrap; overflow-wrap: break-word !important; color: rgb(0, 0, 0); font-size: 14.16px; font-style: normal; font-variant-ligatures: normal; font-variant-caps: normal; font-weight: 400; letter-spacing: normal; orphans: 2; text-align: start; text-indent: 0px; text-transform: none; widows: 2; word-spacing: 0px; -webkit-text-stroke-width: 0px; background-color: rgb(253, 253, 253); text-decoration-style: initial; text-decoration-color: initial;\">С Уважением, Виталий «Айтилус»\r\n<span class=\"Object\" id=\"OBJ_PREFIX_DWT348_ZmEmailObjectHandler\" style=\"white-space: pre-wrap; overflow-wrap: break-word !important; color: rgb(0, 61, 121); text-decoration: none; cursor: pointer;\"><span class=\"Object\" id=\"OBJ_PREFIX_DWT392_ZmEmailObjectHandler\" style=\"white-space: pre-wrap; overflow-wrap: break-word !important; color: rgb(0, 61, 121); text-decoration: none; cursor: pointer;\"><a class=\"moz-txt-link-abbreviated\" href=\"mailto:24@itilus.com\" target=\"_blank\" style=\"white-space: pre-wrap; overflow-wrap: break-word !important; color: rgb(0, 61, 121); text-decoration: none; cursor: pointer;\">vit@itilus.com</a></span></span>\r\nSip to: 203\r\n<span class=\"Object\" id=\"OBJ_PREFIX_DWT349_com_zimbra_url\" style=\"white-space: pre-wrap; overflow-wrap: break-word !important; color: rgb(0, 61, 121); text-decoration: none; cursor: pointer;\"><span class=\"Object\" id=\"OBJ_PREFIX_DWT393_com_zimbra_url\" style=\"white-space: pre-wrap; overflow-wrap: break-word !important; color: rgb(0, 61, 121); text-decoration: none; cursor: pointer;\"><a class=\"moz-txt-link-abbreviated\" href=\"http://www.itilus.com/\" target=\"_blank\" style=\"white-space: pre-wrap; overflow-wrap: break-word !important; color: rgb(0, 61, 121); text-decoration: none; cursor: pointer;\">www.itilus.com</a></span></span>\r\n<span class=\"Object\" id=\"OBJ_PREFIX_DWT350_com_zimbra_url\" style=\"white-space: pre-wrap; overflow-wrap: break-word !important; color: rgb(0, 61, 121); text-decoration: none; cursor: pointer;\"><span class=\"Object\" id=\"OBJ_PREFIX_DWT394_com_zimbra_url\" style=\"white-space: pre-wrap; overflow-wrap: break-word !important; color: rgb(0, 61, 121); text-decoration: none; cursor: pointer;\"><a class=\"moz-txt-link-abbreviated\" href=\"http://www.itilus.ru/\" target=\"_blank\" style=\"white-space: pre-wrap; overflow-wrap: break-word !important; color: rgb(0, 61, 121); text-decoration: none; cursor: pointer;\">www.itilus.ru</a></span></span></pre>\r\n      </div>\r\n      <div class=\"moz-cite-prefix\">08.06.2020 15:54, AAD t-logist пишет:<br>\r\n      </div>\r\n      <blockquote cite=\"mid:1113877212.223728.1591620874090.JavaMail.zimbra@t-logist.com\">\r\n        \r\n        <div id=\"zimbraEditorContainer\" style=\"font-family: arial,\r\n          helvetica, sans-serif; font-size: 12pt; color: #000000\" class=\"11\">\r\n          <div>День,</div>\r\n          <div>Надя на удаленку попасть не может, ей пароль не меняли?&nbsp;</div>\r\n        </div>\r\n      </blockquote>\r\n    </blockquote><br></div></div></body></html><br><br>','utf-8',1,0,0,'<1312522935.223838.1591621490765.JavaMail.zimbra@t-logist.com>',1,24783,1591865506,NULL,'INBOX'),(6,'[\"24@itilus.com\"]','[\"count.sub@t-logist.com\",\"vit@itilus.com\"]','[\"main.lgst@t-logist.com\"]','[]','1591621575','Re: пароль Надежды','<html>\r\n  <head>\r\n    <meta http-equiv=\"Content-Type\" content=\"text/html; charset=UTF-8\">\r\n  </head>\r\n  <body text=\"#000000\" bgcolor=\"#FFFFFF\">\r\n    <p>я только что попробовал - всё работает</p>\r\n    <p>Пусть перезагрузит локалььный комп, посмотрит КАПС ЛОК и\r\n      раскладку и снова подключится или дайте тимвьюэр, сделаю я сам\r\n      вместе с ней</p>\r\n    <p>(можно через телеграм)<br>\r\n    </p>\r\n    <div class=\"moz-signature\">\r\n      <meta http-equiv=\"content-type\" content=\"text/html; charset=UTF-8\">\r\n      <title></title>\r\n      <pre class=\"moz-signature\" style=\"white-space: pre-wrap; overflow-wrap: break-word !important; color: rgb(0, 0, 0); font-size: 14.16px; font-style: normal; font-variant-ligatures: normal; font-variant-caps: normal; font-weight: 400; letter-spacing: normal; orphans: 2; text-align: start; text-indent: 0px; text-transform: none; widows: 2; word-spacing: 0px; -webkit-text-stroke-width: 0px; text-decoration-style: initial; text-decoration-color: initial; background-color: rgb(253, 253, 253);\">\r\nС Уважением, Служба технической поддержки «Айтилус»\r\n<span class=\"Object\" id=\"OBJ_PREFIX_DWT348_ZmEmailObjectHandler\" style=\"white-space: pre-wrap; overflow-wrap: break-word !important; color: rgb(0, 61, 121); text-decoration: none; cursor: pointer;\"><span class=\"Object\" id=\"OBJ_PREFIX_DWT392_ZmEmailObjectHandler\" style=\"white-space: pre-wrap; overflow-wrap: break-word !important; color: rgb(0, 61, 121); text-decoration: none; cursor: pointer;\"><span class=\"Object\" role=\"link\" id=\"OBJ_PREFIX_DWT100_ZmEmailObjectHandler\" style=\"white-space: pre-wrap; overflow-wrap: break-word !important; color: rgb(0, 61, 121); text-decoration: none; cursor: pointer;\"><span class=\"Object\" role=\"link\" id=\"OBJ_PREFIX_DWT104_ZmEmailObjectHandler\" style=\"white-space: pre-wrap; overflow-wrap: break-word !important; color: rgb(0, 61, 121); text-decoration: none; cursor: pointer;\"><a class=\"moz-txt-link-abbreviated\" href=\"mailto:24@itilus.com\" target=\"_blank\" style=\"white-space: pre-wrap; overflow-wrap: break-word !important; color: rgb(0, 61, 121); text-decoration: none; cursor: pointer;\">24@itilus.com</a></span></span></span></span>\r\nSip to: 3301\r\nSip to: 203\r\n<span class=\"Object\" id=\"OBJ_PREFIX_DWT349_com_zimbra_url\" style=\"white-space: pre-wrap; overflow-wrap: break-word !important; color: rgb(0, 61, 121); text-decoration: none; cursor: pointer;\"><span class=\"Object\" id=\"OBJ_PREFIX_DWT393_com_zimbra_url\" style=\"white-space: pre-wrap; overflow-wrap: break-word !important; color: rgb(0, 61, 121); text-decoration: none; cursor: pointer;\"><span class=\"Object\" role=\"link\" id=\"OBJ_PREFIX_DWT101_com_zimbra_url\" style=\"white-space: pre-wrap; overflow-wrap: break-word !important; color: rgb(0, 61, 121); text-decoration: none; cursor: pointer;\"><span class=\"Object\" role=\"link\" id=\"OBJ_PREFIX_DWT105_com_zimbra_url\" style=\"white-space: pre-wrap; overflow-wrap: break-word !important; color: rgb(0, 61, 121); text-decoration: none; cursor: pointer;\"><a class=\"moz-txt-link-abbreviated\" href=\"http://www.itilus.com/\" target=\"_blank\" style=\"white-space: pre-wrap; overflow-wrap: break-word !important; color: rgb(0, 61, 121); text-decoration: none; cursor: pointer;\">www.itilus.com</a></span></span></span></span>\r\n<span class=\"Object\" id=\"OBJ_PREFIX_DWT350_com_zimbra_url\" style=\"white-space: pre-wrap; overflow-wrap: break-word !important; color: rgb(0, 61, 121); text-decoration: none; cursor: pointer;\"><span class=\"Object\" id=\"OBJ_PREFIX_DWT394_com_zimbra_url\" style=\"white-space: pre-wrap; overflow-wrap: break-word !important; color: rgb(0, 61, 121); text-decoration: none; cursor: pointer;\"><span class=\"Object\" role=\"link\" id=\"OBJ_PREFIX_DWT102_com_zimbra_url\" style=\"white-space: pre-wrap; overflow-wrap: break-word !important; color: rgb(0, 61, 121); text-decoration: none; cursor: pointer;\"><span class=\"Object\" role=\"link\" id=\"OBJ_PREFIX_DWT106_com_zimbra_url\" style=\"white-space: pre-wrap; overflow-wrap: break-word !important; color: rgb(0, 61, 121); text-decoration: none; cursor: pointer;\"><a class=\"moz-txt-link-abbreviated\" href=\"http://www.itilus.ru/\" target=\"_blank\" style=\"white-space: pre-wrap; overflow-wrap: break-word !important; color: rgb(0, 61, 121); text-decoration: none; cursor: pointer;\">www.itilus.ru</a></span></span></span></span></pre>\r\n    </div>\r\n    <div class=\"moz-cite-prefix\">08.06.2020 16:04, AAD t-logist пишет:<br>\r\n    </div>\r\n    <blockquote type=\"cite\"\r\n      cite=\"mid:1312522935.223838.1591621490765.JavaMail.zimbra@t-logist.com\">\r\n      <meta http-equiv=\"content-type\" content=\"text/html; charset=UTF-8\">\r\n      <div style=\"font-family: arial, helvetica, sans-serif; font-size:\r\n        12pt; color: #000000\">\r\n        <div>Вит,</div>\r\n        <div>а можно тебя попросить если у нее ничего не получится с ней\r\n          связаться или дай ее пароль - я попробую как-то вместе с ней</div>\r\n        <div><br>\r\n        </div>\r\n        <hr id=\"zwchr\" data-marker=\"__DIVIDER__\">\r\n        <div data-marker=\"__HEADERS__\"><b>От: </b>\"vit\"\r\n          <a class=\"moz-txt-link-rfc2396E\" href=\"mailto:vit@itilus.com\">&lt;vit@itilus.com&gt;</a><br>\r\n          <b>Кому: </b>\"AAD t-logist\" <a class=\"moz-txt-link-rfc2396E\" href=\"mailto:count.sub@t-logist.com\">&lt;count.sub@t-logist.com&gt;</a>,\r\n          \"24\" <a class=\"moz-txt-link-rfc2396E\" href=\"mailto:24@itilus.com\">&lt;24@itilus.com&gt;</a><br>\r\n          <b>Копия: </b>\"ДК\" <a class=\"moz-txt-link-rfc2396E\" href=\"mailto:main.lgst@t-logist.com\">&lt;main.lgst@t-logist.com&gt;</a><br>\r\n          <b>Отправленные: </b>Понедельник, 8 Июнь 2020 г 15:59:54<br>\r\n          <b>Тема: </b>Re: пароль Надежды<br>\r\n        </div>\r\n        <div><br>\r\n        </div>\r\n        <div data-marker=\"__QUOTED_TEXT__\">\r\n          <p>Ничего не меняем просто так без предупреждения. <br>\r\n            Спасибо за доверие !</p>\r\n          <p>Мы не меняли ничего<br>\r\n          </p>\r\n          <div class=\"moz-signature\">\r\n            <title></title>\r\n            <pre class=\"moz-signature\" style=\"white-space: pre-wrap; overflow-wrap: break-word !important; color: rgb(0, 0, 0); font-size: 14.16px; font-style: normal; font-variant-ligatures: normal; font-variant-caps: normal; font-weight: 400; letter-spacing: normal; orphans: 2; text-align: start; text-indent: 0px; text-transform: none; widows: 2; word-spacing: 0px; -webkit-text-stroke-width: 0px; background-color: rgb(253, 253, 253); text-decoration-style: initial; text-decoration-color: initial;\">С Уважением, Виталий «Айтилус»\r\n<span class=\"Object\" id=\"OBJ_PREFIX_DWT348_ZmEmailObjectHandler\" style=\"white-space: pre-wrap; overflow-wrap: break-word !important; color: rgb(0, 61, 121); text-decoration: none; cursor: pointer;\"><span class=\"Object\" id=\"OBJ_PREFIX_DWT392_ZmEmailObjectHandler\" style=\"white-space: pre-wrap; overflow-wrap: break-word !important; color: rgb(0, 61, 121); text-decoration: none; cursor: pointer;\"><a class=\"moz-txt-link-abbreviated\" href=\"mailto:24@itilus.com\" target=\"_blank\" style=\"white-space: pre-wrap; overflow-wrap: break-word !important; color: rgb(0, 61, 121); text-decoration: none; cursor: pointer;\" moz-do-not-send=\"true\">vit@itilus.com</a></span></span>\r\nSip to: 203\r\n<span class=\"Object\" id=\"OBJ_PREFIX_DWT349_com_zimbra_url\" style=\"white-space: pre-wrap; overflow-wrap: break-word !important; color: rgb(0, 61, 121); text-decoration: none; cursor: pointer;\"><span class=\"Object\" id=\"OBJ_PREFIX_DWT393_com_zimbra_url\" style=\"white-space: pre-wrap; overflow-wrap: break-word !important; color: rgb(0, 61, 121); text-decoration: none; cursor: pointer;\"><a class=\"moz-txt-link-abbreviated\" href=\"http://www.itilus.com/\" target=\"_blank\" style=\"white-space: pre-wrap; overflow-wrap: break-word !important; color: rgb(0, 61, 121); text-decoration: none; cursor: pointer;\" moz-do-not-send=\"true\">www.itilus.com</a></span></span>\r\n<span class=\"Object\" id=\"OBJ_PREFIX_DWT350_com_zimbra_url\" style=\"white-space: pre-wrap; overflow-wrap: break-word !important; color: rgb(0, 61, 121); text-decoration: none; cursor: pointer;\"><span class=\"Object\" id=\"OBJ_PREFIX_DWT394_com_zimbra_url\" style=\"white-space: pre-wrap; overflow-wrap: break-word !important; color: rgb(0, 61, 121); text-decoration: none; cursor: pointer;\"><a class=\"moz-txt-link-abbreviated\" href=\"http://www.itilus.ru/\" target=\"_blank\" style=\"white-space: pre-wrap; overflow-wrap: break-word !important; color: rgb(0, 61, 121); text-decoration: none; cursor: pointer;\" moz-do-not-send=\"true\">www.itilus.ru</a></span></span></pre>\r\n          </div>\r\n          <div class=\"moz-cite-prefix\">08.06.2020 15:58, Виталий\r\n            \"АЙТИЛУС\" пишет:<br>\r\n          </div>\r\n          <blockquote\r\n            cite=\"mid:401bc15d-7618-f800-6d53-9f6f3f2879f6@itilus.com\">\r\n            Зачем поменяли ?<br>\r\n            <div class=\"moz-signature\">\r\n              <title></title>\r\n              <pre class=\"moz-signature\" style=\"white-space: pre-wrap; overflow-wrap: break-word !important; color: rgb(0, 0, 0); font-size: 14.16px; font-style: normal; font-variant-ligatures: normal; font-variant-caps: normal; font-weight: 400; letter-spacing: normal; orphans: 2; text-align: start; text-indent: 0px; text-transform: none; widows: 2; word-spacing: 0px; -webkit-text-stroke-width: 0px; background-color: rgb(253, 253, 253); text-decoration-style: initial; text-decoration-color: initial;\">С Уважением, Виталий «Айтилус»\r\n<span class=\"Object\" id=\"OBJ_PREFIX_DWT348_ZmEmailObjectHandler\" style=\"white-space: pre-wrap; overflow-wrap: break-word !important; color: rgb(0, 61, 121); text-decoration: none; cursor: pointer;\"><span class=\"Object\" id=\"OBJ_PREFIX_DWT392_ZmEmailObjectHandler\" style=\"white-space: pre-wrap; overflow-wrap: break-word !important; color: rgb(0, 61, 121); text-decoration: none; cursor: pointer;\"><a class=\"moz-txt-link-abbreviated\" href=\"mailto:24@itilus.com\" target=\"_blank\" style=\"white-space: pre-wrap; overflow-wrap: break-word !important; color: rgb(0, 61, 121); text-decoration: none; cursor: pointer;\" moz-do-not-send=\"true\">vit@itilus.com</a></span></span>\r\nSip to: 203\r\n<span class=\"Object\" id=\"OBJ_PREFIX_DWT349_com_zimbra_url\" style=\"white-space: pre-wrap; overflow-wrap: break-word !important; color: rgb(0, 61, 121); text-decoration: none; cursor: pointer;\"><span class=\"Object\" id=\"OBJ_PREFIX_DWT393_com_zimbra_url\" style=\"white-space: pre-wrap; overflow-wrap: break-word !important; color: rgb(0, 61, 121); text-decoration: none; cursor: pointer;\"><a class=\"moz-txt-link-abbreviated\" href=\"http://www.itilus.com/\" target=\"_blank\" style=\"white-space: pre-wrap; overflow-wrap: break-word !important; color: rgb(0, 61, 121); text-decoration: none; cursor: pointer;\" moz-do-not-send=\"true\">www.itilus.com</a></span></span>\r\n<span class=\"Object\" id=\"OBJ_PREFIX_DWT350_com_zimbra_url\" style=\"white-space: pre-wrap; overflow-wrap: break-word !important; color: rgb(0, 61, 121); text-decoration: none; cursor: pointer;\"><span class=\"Object\" id=\"OBJ_PREFIX_DWT394_com_zimbra_url\" style=\"white-space: pre-wrap; overflow-wrap: break-word !important; color: rgb(0, 61, 121); text-decoration: none; cursor: pointer;\"><a class=\"moz-txt-link-abbreviated\" href=\"http://www.itilus.ru/\" target=\"_blank\" style=\"white-space: pre-wrap; overflow-wrap: break-word !important; color: rgb(0, 61, 121); text-decoration: none; cursor: pointer;\" moz-do-not-send=\"true\">www.itilus.ru</a></span></span></pre>\r\n            </div>\r\n            <div class=\"moz-cite-prefix\">08.06.2020 15:54, AAD t-logist\r\n              пишет:<br>\r\n            </div>\r\n            <blockquote\r\n              cite=\"mid:1113877212.223728.1591620874090.JavaMail.zimbra@t-logist.com\">\r\n              <div id=\"zimbraEditorContainer\" style=\"font-family: arial,\r\n                helvetica, sans-serif; font-size: 12pt; color: #000000\"\r\n                class=\"11\">\r\n                <div>День,</div>\r\n                <div>Надя на удаленку попасть не может, ей пароль не\r\n                  меняли? </div>\r\n              </div>\r\n            </blockquote>\r\n          </blockquote>\r\n          <br>\r\n        </div>\r\n      </div>\r\n    </blockquote>\r\n  </body>\r\n</html>\r\n<br><br>','utf-8',1,0,0,'<e1012637-4d38-4c48-beec-399ef9383977@itilus.com>',1,24784,1591865506,NULL,'INBOX'),(6,'[\"count.sub@t-logist.com\"]','[\"24@itilus.com\"]','[\"vit@itilus.com\",\"main.lgst@t-logist.com\"]','[]','1591622234','Re: пароль Надежды','<html><body><div style=\"font-family: arial, helvetica, sans-serif; font-size: 12pt; color: #000000\"><div>пишет, чт осправилась</div><div>Спасибо</div><div>видимо, перегрев</div><div><br></div><hr id=\"zwchr\" data-marker=\"__DIVIDER__\"><div data-marker=\"__HEADERS__\"><b>От: </b>\"24\" &lt;24@itilus.com&gt;<br><b>Кому: </b>\"AAD t-logist\" &lt;count.sub@t-logist.com&gt;, \"vit\" &lt;vit@itilus.com&gt;<br><b>Копия: </b>\"ДК\" &lt;main.lgst@t-logist.com&gt;<br><b>Отправленные: </b>Понедельник, 8 Июнь 2020 г 16:06:11<br><b>Тема: </b>Re: пароль Надежды<br></div><div><br></div><div data-marker=\"__QUOTED_TEXT__\"><p>я только что попробовал - всё работает</p>\r\n    <p>Пусть перезагрузит локалььный комп, посмотрит КАПС ЛОК и\r\n      раскладку и снова подключится или дайте тимвьюэр, сделаю я сам\r\n      вместе с ней</p>\r\n    <p>(можно через телеграм)<br>\r\n    </p>\r\n    <div class=\"moz-signature\">\r\n      \r\n      <title></title>\r\n      <pre class=\"moz-signature\" style=\"white-space: pre-wrap; overflow-wrap: break-word !important; color: rgb(0, 0, 0); font-size: 14.16px; font-style: normal; font-variant-ligatures: normal; font-variant-caps: normal; font-weight: 400; letter-spacing: normal; orphans: 2; text-align: start; text-indent: 0px; text-transform: none; widows: 2; word-spacing: 0px; -webkit-text-stroke-width: 0px; text-decoration-style: initial; text-decoration-color: initial; background-color: rgb(253, 253, 253);\">С Уважением, Служба технической поддержки «Айтилус»\r\n<span class=\"Object\" id=\"OBJ_PREFIX_DWT348_ZmEmailObjectHandler\" style=\"white-space: pre-wrap; overflow-wrap: break-word !important; color: rgb(0, 61, 121); text-decoration: none; cursor: pointer;\"><span class=\"Object\" id=\"OBJ_PREFIX_DWT392_ZmEmailObjectHandler\" style=\"white-space: pre-wrap; overflow-wrap: break-word !important; color: rgb(0, 61, 121); text-decoration: none; cursor: pointer;\"><span class=\"Object\" id=\"OBJ_PREFIX_DWT100_ZmEmailObjectHandler\" style=\"white-space: pre-wrap; overflow-wrap: break-word !important; color: rgb(0, 61, 121); text-decoration: none; cursor: pointer;\"><span class=\"Object\" id=\"OBJ_PREFIX_DWT104_ZmEmailObjectHandler\" style=\"white-space: pre-wrap; overflow-wrap: break-word !important; color: rgb(0, 61, 121); text-decoration: none; cursor: pointer;\"><a class=\"moz-txt-link-abbreviated\" href=\"mailto:24@itilus.com\" target=\"_blank\" style=\"white-space: pre-wrap; overflow-wrap: break-word !important; color: rgb(0, 61, 121); text-decoration: none; cursor: pointer;\">24@itilus.com</a></span></span></span></span>\r\nSip to: 3301\r\nSip to: 203\r\n<span class=\"Object\" id=\"OBJ_PREFIX_DWT349_com_zimbra_url\" style=\"white-space: pre-wrap; overflow-wrap: break-word !important; color: rgb(0, 61, 121); text-decoration: none; cursor: pointer;\"><span class=\"Object\" id=\"OBJ_PREFIX_DWT393_com_zimbra_url\" style=\"white-space: pre-wrap; overflow-wrap: break-word !important; color: rgb(0, 61, 121); text-decoration: none; cursor: pointer;\"><span class=\"Object\" id=\"OBJ_PREFIX_DWT101_com_zimbra_url\" style=\"white-space: pre-wrap; overflow-wrap: break-word !important; color: rgb(0, 61, 121); text-decoration: none; cursor: pointer;\"><span class=\"Object\" id=\"OBJ_PREFIX_DWT105_com_zimbra_url\" style=\"white-space: pre-wrap; overflow-wrap: break-word !important; color: rgb(0, 61, 121); text-decoration: none; cursor: pointer;\"><a class=\"moz-txt-link-abbreviated\" href=\"http://www.itilus.com/\" target=\"_blank\" style=\"white-space: pre-wrap; overflow-wrap: break-word !important; color: rgb(0, 61, 121); text-decoration: none; cursor: pointer;\">www.itilus.com</a></span></span></span></span>\r\n<span class=\"Object\" id=\"OBJ_PREFIX_DWT350_com_zimbra_url\" style=\"white-space: pre-wrap; overflow-wrap: break-word !important; color: rgb(0, 61, 121); text-decoration: none; cursor: pointer;\"><span class=\"Object\" id=\"OBJ_PREFIX_DWT394_com_zimbra_url\" style=\"white-space: pre-wrap; overflow-wrap: break-word !important; color: rgb(0, 61, 121); text-decoration: none; cursor: pointer;\"><span class=\"Object\" id=\"OBJ_PREFIX_DWT102_com_zimbra_url\" style=\"white-space: pre-wrap; overflow-wrap: break-word !important; color: rgb(0, 61, 121); text-decoration: none; cursor: pointer;\"><span class=\"Object\" id=\"OBJ_PREFIX_DWT106_com_zimbra_url\" style=\"white-space: pre-wrap; overflow-wrap: break-word !important; color: rgb(0, 61, 121); text-decoration: none; cursor: pointer;\"><a class=\"moz-txt-link-abbreviated\" href=\"http://www.itilus.ru/\" target=\"_blank\" style=\"white-space: pre-wrap; overflow-wrap: break-word !important; color: rgb(0, 61, 121); text-decoration: none; cursor: pointer;\">www.itilus.ru</a></span></span></span></span></pre>\r\n    </div>\r\n    <div class=\"moz-cite-prefix\">08.06.2020 16:04, AAD t-logist пишет:<br>\r\n    </div>\r\n    <blockquote cite=\"mid:1312522935.223838.1591621490765.JavaMail.zimbra@t-logist.com\">\r\n      \r\n      <div style=\"font-family: arial, helvetica, sans-serif; font-size:\r\n        12pt; color: #000000\">\r\n        <div>Вит,</div>\r\n        <div>а можно тебя попросить если у нее ничего не получится с ней\r\n          связаться или дай ее пароль - я попробую как-то вместе с ней</div>\r\n        <div><br>\r\n        </div>\r\n        <hr id=\"zwchr\">\r\n        <div><b>От: </b>\"vit\"\r\n          <a class=\"moz-txt-link-rfc2396E\" href=\"mailto:vit@itilus.com\" target=\"_blank\">&lt;vit@itilus.com&gt;</a><br>\r\n          <b>Кому: </b>\"AAD t-logist\" <a class=\"moz-txt-link-rfc2396E\" href=\"mailto:count.sub@t-logist.com\" target=\"_blank\">&lt;count.sub@t-logist.com&gt;</a>,\r\n          \"24\" <a class=\"moz-txt-link-rfc2396E\" href=\"mailto:24@itilus.com\" target=\"_blank\">&lt;24@itilus.com&gt;</a><br>\r\n          <b>Копия: </b>\"ДК\" <a class=\"moz-txt-link-rfc2396E\" href=\"mailto:main.lgst@t-logist.com\" target=\"_blank\">&lt;main.lgst@t-logist.com&gt;</a><br>\r\n          <b>Отправленные: </b>Понедельник, 8 Июнь 2020 г 15:59:54<br>\r\n          <b>Тема: </b>Re: пароль Надежды<br>\r\n        </div>\r\n        <div><br>\r\n        </div>\r\n        <div>\r\n          <p>Ничего не меняем просто так без предупреждения. <br>\r\n            Спасибо за доверие !</p>\r\n          <p>Мы не меняли ничего<br>\r\n          </p>\r\n          <div class=\"moz-signature\">\r\n            <title></title>\r\n            <pre class=\"moz-signature\" style=\"white-space: pre-wrap; overflow-wrap: break-word !important; color: rgb(0, 0, 0); font-size: 14.16px; font-style: normal; font-variant-ligatures: normal; font-variant-caps: normal; font-weight: 400; letter-spacing: normal; orphans: 2; text-align: start; text-indent: 0px; text-transform: none; widows: 2; word-spacing: 0px; -webkit-text-stroke-width: 0px; background-color: rgb(253, 253, 253); text-decoration-style: initial; text-decoration-color: initial;\">С Уважением, Виталий «Айтилус»\r\n<span class=\"Object\" id=\"OBJ_PREFIX_DWT348_ZmEmailObjectHandler\" style=\"white-space: pre-wrap; overflow-wrap: break-word !important; color: rgb(0, 61, 121); text-decoration: none; cursor: pointer;\"><span class=\"Object\" id=\"OBJ_PREFIX_DWT392_ZmEmailObjectHandler\" style=\"white-space: pre-wrap; overflow-wrap: break-word !important; color: rgb(0, 61, 121); text-decoration: none; cursor: pointer;\"><a class=\"moz-txt-link-abbreviated\" href=\"mailto:24@itilus.com\" target=\"_blank\" style=\"white-space: pre-wrap; overflow-wrap: break-word !important; color: rgb(0, 61, 121); text-decoration: none; cursor: pointer;\">vit@itilus.com</a></span></span>\r\nSip to: 203\r\n<span class=\"Object\" id=\"OBJ_PREFIX_DWT349_com_zimbra_url\" style=\"white-space: pre-wrap; overflow-wrap: break-word !important; color: rgb(0, 61, 121); text-decoration: none; cursor: pointer;\"><span class=\"Object\" id=\"OBJ_PREFIX_DWT393_com_zimbra_url\" style=\"white-space: pre-wrap; overflow-wrap: break-word !important; color: rgb(0, 61, 121); text-decoration: none; cursor: pointer;\"><a class=\"moz-txt-link-abbreviated\" href=\"http://www.itilus.com/\" target=\"_blank\" style=\"white-space: pre-wrap; overflow-wrap: break-word !important; color: rgb(0, 61, 121); text-decoration: none; cursor: pointer;\">www.itilus.com</a></span></span>\r\n<span class=\"Object\" id=\"OBJ_PREFIX_DWT350_com_zimbra_url\" style=\"white-space: pre-wrap; overflow-wrap: break-word !important; color: rgb(0, 61, 121); text-decoration: none; cursor: pointer;\"><span class=\"Object\" id=\"OBJ_PREFIX_DWT394_com_zimbra_url\" style=\"white-space: pre-wrap; overflow-wrap: break-word !important; color: rgb(0, 61, 121); text-decoration: none; cursor: pointer;\"><a class=\"moz-txt-link-abbreviated\" href=\"http://www.itilus.ru/\" target=\"_blank\" style=\"white-space: pre-wrap; overflow-wrap: break-word !important; color: rgb(0, 61, 121); text-decoration: none; cursor: pointer;\">www.itilus.ru</a></span></span></pre>\r\n          </div>\r\n          <div class=\"moz-cite-prefix\">08.06.2020 15:58, Виталий\r\n            \"АЙТИЛУС\" пишет:<br>\r\n          </div>\r\n          <blockquote cite=\"mid:401bc15d-7618-f800-6d53-9f6f3f2879f6@itilus.com\">\r\n            Зачем поменяли ?<br>\r\n            <div class=\"moz-signature\">\r\n              <title></title>\r\n              <pre class=\"moz-signature\" style=\"white-space: pre-wrap; overflow-wrap: break-word !important; color: rgb(0, 0, 0); font-size: 14.16px; font-style: normal; font-variant-ligatures: normal; font-variant-caps: normal; font-weight: 400; letter-spacing: normal; orphans: 2; text-align: start; text-indent: 0px; text-transform: none; widows: 2; word-spacing: 0px; -webkit-text-stroke-width: 0px; background-color: rgb(253, 253, 253); text-decoration-style: initial; text-decoration-color: initial;\">С Уважением, Виталий «Айтилус»\r\n<span class=\"Object\" id=\"OBJ_PREFIX_DWT348_ZmEmailObjectHandler\" style=\"white-space: pre-wrap; overflow-wrap: break-word !important; color: rgb(0, 61, 121); text-decoration: none; cursor: pointer;\"><span class=\"Object\" id=\"OBJ_PREFIX_DWT392_ZmEmailObjectHandler\" style=\"white-space: pre-wrap; overflow-wrap: break-word !important; color: rgb(0, 61, 121); text-decoration: none; cursor: pointer;\"><a class=\"moz-txt-link-abbreviated\" href=\"mailto:24@itilus.com\" target=\"_blank\" style=\"white-space: pre-wrap; overflow-wrap: break-word !important; color: rgb(0, 61, 121); text-decoration: none; cursor: pointer;\">vit@itilus.com</a></span></span>\r\nSip to: 203\r\n<span class=\"Object\" id=\"OBJ_PREFIX_DWT349_com_zimbra_url\" style=\"white-space: pre-wrap; overflow-wrap: break-word !important; color: rgb(0, 61, 121); text-decoration: none; cursor: pointer;\"><span class=\"Object\" id=\"OBJ_PREFIX_DWT393_com_zimbra_url\" style=\"white-space: pre-wrap; overflow-wrap: break-word !important; color: rgb(0, 61, 121); text-decoration: none; cursor: pointer;\"><a class=\"moz-txt-link-abbreviated\" href=\"http://www.itilus.com/\" target=\"_blank\" style=\"white-space: pre-wrap; overflow-wrap: break-word !important; color: rgb(0, 61, 121); text-decoration: none; cursor: pointer;\">www.itilus.com</a></span></span>\r\n<span class=\"Object\" id=\"OBJ_PREFIX_DWT350_com_zimbra_url\" style=\"white-space: pre-wrap; overflow-wrap: break-word !important; color: rgb(0, 61, 121); text-decoration: none; cursor: pointer;\"><span class=\"Object\" id=\"OBJ_PREFIX_DWT394_com_zimbra_url\" style=\"white-space: pre-wrap; overflow-wrap: break-word !important; color: rgb(0, 61, 121); text-decoration: none; cursor: pointer;\"><a class=\"moz-txt-link-abbreviated\" href=\"http://www.itilus.ru/\" target=\"_blank\" style=\"white-space: pre-wrap; overflow-wrap: break-word !important; color: rgb(0, 61, 121); text-decoration: none; cursor: pointer;\">www.itilus.ru</a></span></span></pre>\r\n            </div>\r\n            <div class=\"moz-cite-prefix\">08.06.2020 15:54, AAD t-logist\r\n              пишет:<br>\r\n            </div>\r\n            <blockquote cite=\"mid:1113877212.223728.1591620874090.JavaMail.zimbra@t-logist.com\">\r\n              <div id=\"zimbraEditorContainer\" style=\"font-family: arial,\r\n                helvetica, sans-serif; font-size: 12pt; color: #000000\" class=\"11\">\r\n                <div>День,</div>\r\n                <div>Надя на удаленку попасть не может, ей пароль не\r\n                  меняли?&nbsp;</div>\r\n              </div>\r\n            </blockquote>\r\n          </blockquote>\r\n          <br>\r\n        </div>\r\n      </div>\r\n    </blockquote><br></div></div></body></html><br><br>','utf-8',1,0,0,'<708236195.224033.1591622231932.JavaMail.zimbra@t-logist.com>',1,24785,1591865506,NULL,'INBOX'),(6,'[\"vit@itilus.com\"]','[\"count.sub@t-logist.com\",\"24@itilus.com\"]','[\"main.lgst@t-logist.com\"]','[]','1591624034','Re: пароль Надежды','<html>\r\n  <head>\r\n    <meta http-equiv=\"Content-Type\" content=\"text/html; charset=UTF-8\">\r\n  </head>\r\n  <body text=\"#000000\" bgcolor=\"#FFFFFF\">\r\n    чудно!\r\n    <div class=\"moz-signature\">\r\n      <meta http-equiv=\"content-type\" content=\"text/html; charset=UTF-8\">\r\n      <title></title>\r\n      <pre class=\"moz-signature\" style=\"white-space: pre-wrap; overflow-wrap: break-word !important; color: rgb(0, 0, 0); font-size: 14.16px; font-style: normal; font-variant-ligatures: normal; font-variant-caps: normal; font-weight: 400; letter-spacing: normal; orphans: 2; text-align: start; text-indent: 0px; text-transform: none; widows: 2; word-spacing: 0px; -webkit-text-stroke-width: 0px; background-color: rgb(253, 253, 253); text-decoration-style: initial; text-decoration-color: initial;\">\r\nС Уважением, Виталий «Айтилус»\r\n<span class=\"Object\" role=\"link\" id=\"OBJ_PREFIX_DWT348_ZmEmailObjectHandler\" style=\"white-space: pre-wrap; overflow-wrap: break-word !important; color: rgb(0, 61, 121); text-decoration: none; cursor: pointer;\"><span class=\"Object\" role=\"link\" id=\"OBJ_PREFIX_DWT392_ZmEmailObjectHandler\" style=\"white-space: pre-wrap; overflow-wrap: break-word !important; color: rgb(0, 61, 121); text-decoration: none; cursor: pointer;\"><a class=\"moz-txt-link-abbreviated\" href=\"mailto:24@itilus.com\" target=\"_blank\" style=\"white-space: pre-wrap; overflow-wrap: break-word !important; color: rgb(0, 61, 121); text-decoration: none; cursor: pointer;\">vit@itilus.com</a></span></span>\r\nSip to: 203\r\n<span class=\"Object\" role=\"link\" id=\"OBJ_PREFIX_DWT349_com_zimbra_url\" style=\"white-space: pre-wrap; overflow-wrap: break-word !important; color: rgb(0, 61, 121); text-decoration: none; cursor: pointer;\"><span class=\"Object\" role=\"link\" id=\"OBJ_PREFIX_DWT393_com_zimbra_url\" style=\"white-space: pre-wrap; overflow-wrap: break-word !important; color: rgb(0, 61, 121); text-decoration: none; cursor: pointer;\"><a class=\"moz-txt-link-abbreviated\" href=\"http://www.itilus.com/\" target=\"_blank\" style=\"white-space: pre-wrap; overflow-wrap: break-word !important; color: rgb(0, 61, 121); text-decoration: none; cursor: pointer;\">www.itilus.com</a></span></span>\r\n<span class=\"Object\" role=\"link\" id=\"OBJ_PREFIX_DWT350_com_zimbra_url\" style=\"white-space: pre-wrap; overflow-wrap: break-word !important; color: rgb(0, 61, 121); text-decoration: none; cursor: pointer;\"><span class=\"Object\" role=\"link\" id=\"OBJ_PREFIX_DWT394_com_zimbra_url\" style=\"white-space: pre-wrap; overflow-wrap: break-word !important; color: rgb(0, 61, 121); text-decoration: none; cursor: pointer;\"><a class=\"moz-txt-link-abbreviated\" href=\"http://www.itilus.ru/\" target=\"_blank\" style=\"white-space: pre-wrap; overflow-wrap: break-word !important; color: rgb(0, 61, 121); text-decoration: none; cursor: pointer;\">www.itilus.ru</a></span></span></pre>\r\n    </div>\r\n    <div class=\"moz-cite-prefix\">08.06.2020 16:17, AAD t-logist пишет:<br>\r\n    </div>\r\n    <blockquote type=\"cite\"\r\n      cite=\"mid:708236195.224033.1591622231932.JavaMail.zimbra@t-logist.com\">\r\n      <meta http-equiv=\"content-type\" content=\"text/html; charset=UTF-8\">\r\n      <div style=\"font-family: arial, helvetica, sans-serif; font-size:\r\n        12pt; color: #000000\">\r\n        <div>пишет, чт осправилась</div>\r\n        <div>Спасибо</div>\r\n        <div>видимо, перегрев</div>\r\n        <div><br>\r\n        </div>\r\n        <hr id=\"zwchr\" data-marker=\"__DIVIDER__\">\r\n        <div data-marker=\"__HEADERS__\"><b>От: </b>\"24\"\r\n          <a class=\"moz-txt-link-rfc2396E\" href=\"mailto:24@itilus.com\">&lt;24@itilus.com&gt;</a><br>\r\n          <b>Кому: </b>\"AAD t-logist\" <a class=\"moz-txt-link-rfc2396E\" href=\"mailto:count.sub@t-logist.com\">&lt;count.sub@t-logist.com&gt;</a>,\r\n          \"vit\" <a class=\"moz-txt-link-rfc2396E\" href=\"mailto:vit@itilus.com\">&lt;vit@itilus.com&gt;</a><br>\r\n          <b>Копия: </b>\"ДК\" <a class=\"moz-txt-link-rfc2396E\" href=\"mailto:main.lgst@t-logist.com\">&lt;main.lgst@t-logist.com&gt;</a><br>\r\n          <b>Отправленные: </b>Понедельник, 8 Июнь 2020 г 16:06:11<br>\r\n          <b>Тема: </b>Re: пароль Надежды<br>\r\n        </div>\r\n        <div><br>\r\n        </div>\r\n        <div data-marker=\"__QUOTED_TEXT__\">\r\n          <p>я только что попробовал - всё работает</p>\r\n          <p>Пусть перезагрузит локалььный комп, посмотрит КАПС ЛОК и\r\n            раскладку и снова подключится или дайте тимвьюэр, сделаю я\r\n            сам вместе с ней</p>\r\n          <p>(можно через телеграм)<br>\r\n          </p>\r\n          <div class=\"moz-signature\">\r\n            <title></title>\r\n            <pre class=\"moz-signature\" style=\"white-space: pre-wrap; overflow-wrap: break-word !important; color: rgb(0, 0, 0); font-size: 14.16px; font-style: normal; font-variant-ligatures: normal; font-variant-caps: normal; font-weight: 400; letter-spacing: normal; orphans: 2; text-align: start; text-indent: 0px; text-transform: none; widows: 2; word-spacing: 0px; -webkit-text-stroke-width: 0px; text-decoration-style: initial; text-decoration-color: initial; background-color: rgb(253, 253, 253);\">С Уважением, Служба технической поддержки «Айтилус»\r\n<span class=\"Object\" id=\"OBJ_PREFIX_DWT348_ZmEmailObjectHandler\" style=\"white-space: pre-wrap; overflow-wrap: break-word !important; color: rgb(0, 61, 121); text-decoration: none; cursor: pointer;\"><span class=\"Object\" id=\"OBJ_PREFIX_DWT392_ZmEmailObjectHandler\" style=\"white-space: pre-wrap; overflow-wrap: break-word !important; color: rgb(0, 61, 121); text-decoration: none; cursor: pointer;\"><span class=\"Object\" id=\"OBJ_PREFIX_DWT100_ZmEmailObjectHandler\" style=\"white-space: pre-wrap; overflow-wrap: break-word !important; color: rgb(0, 61, 121); text-decoration: none; cursor: pointer;\"><span class=\"Object\" id=\"OBJ_PREFIX_DWT104_ZmEmailObjectHandler\" style=\"white-space: pre-wrap; overflow-wrap: break-word !important; color: rgb(0, 61, 121); text-decoration: none; cursor: pointer;\"><a class=\"moz-txt-link-abbreviated\" href=\"mailto:24@itilus.com\" target=\"_blank\" style=\"white-space: pre-wrap; overflow-wrap: break-word !important; color: rgb(0, 61, 121); text-decoration: none; cursor: pointer;\" moz-do-not-send=\"true\">24@itilus.com</a></span></span></span></span>\r\nSip to: 3301\r\nSip to: 203\r\n<span class=\"Object\" id=\"OBJ_PREFIX_DWT349_com_zimbra_url\" style=\"white-space: pre-wrap; overflow-wrap: break-word !important; color: rgb(0, 61, 121); text-decoration: none; cursor: pointer;\"><span class=\"Object\" id=\"OBJ_PREFIX_DWT393_com_zimbra_url\" style=\"white-space: pre-wrap; overflow-wrap: break-word !important; color: rgb(0, 61, 121); text-decoration: none; cursor: pointer;\"><span class=\"Object\" id=\"OBJ_PREFIX_DWT101_com_zimbra_url\" style=\"white-space: pre-wrap; overflow-wrap: break-word !important; color: rgb(0, 61, 121); text-decoration: none; cursor: pointer;\"><span class=\"Object\" id=\"OBJ_PREFIX_DWT105_com_zimbra_url\" style=\"white-space: pre-wrap; overflow-wrap: break-word !important; color: rgb(0, 61, 121); text-decoration: none; cursor: pointer;\"><a class=\"moz-txt-link-abbreviated\" href=\"http://www.itilus.com/\" target=\"_blank\" style=\"white-space: pre-wrap; overflow-wrap: break-word !important; color: rgb(0, 61, 121); text-decoration: none; cursor: pointer;\" moz-do-not-send=\"true\">www.itilus.com</a></span></span></span></span>\r\n<span class=\"Object\" id=\"OBJ_PREFIX_DWT350_com_zimbra_url\" style=\"white-space: pre-wrap; overflow-wrap: break-word !important; color: rgb(0, 61, 121); text-decoration: none; cursor: pointer;\"><span class=\"Object\" id=\"OBJ_PREFIX_DWT394_com_zimbra_url\" style=\"white-space: pre-wrap; overflow-wrap: break-word !important; color: rgb(0, 61, 121); text-decoration: none; cursor: pointer;\"><span class=\"Object\" id=\"OBJ_PREFIX_DWT102_com_zimbra_url\" style=\"white-space: pre-wrap; overflow-wrap: break-word !important; color: rgb(0, 61, 121); text-decoration: none; cursor: pointer;\"><span class=\"Object\" id=\"OBJ_PREFIX_DWT106_com_zimbra_url\" style=\"white-space: pre-wrap; overflow-wrap: break-word !important; color: rgb(0, 61, 121); text-decoration: none; cursor: pointer;\"><a class=\"moz-txt-link-abbreviated\" href=\"http://www.itilus.ru/\" target=\"_blank\" style=\"white-space: pre-wrap; overflow-wrap: break-word !important; color: rgb(0, 61, 121); text-decoration: none; cursor: pointer;\" moz-do-not-send=\"true\">www.itilus.ru</a></span></span></span></span></pre>\r\n          </div>\r\n          <div class=\"moz-cite-prefix\">08.06.2020 16:04, AAD t-logist\r\n            пишет:<br>\r\n          </div>\r\n          <blockquote\r\n            cite=\"mid:1312522935.223838.1591621490765.JavaMail.zimbra@t-logist.com\">\r\n            <div style=\"font-family: arial, helvetica, sans-serif;\r\n              font-size: 12pt; color: #000000\">\r\n              <div>Вит,</div>\r\n              <div>а можно тебя попросить если у нее ничего не получится\r\n                с ней связаться или дай ее пароль - я попробую как-то\r\n                вместе с ней</div>\r\n              <div><br>\r\n              </div>\r\n              <hr id=\"zwchr\">\r\n              <div><b>От: </b>\"vit\" <a class=\"moz-txt-link-rfc2396E\"\r\n                  href=\"mailto:vit@itilus.com\" target=\"_blank\"\r\n                  moz-do-not-send=\"true\">&lt;vit@itilus.com&gt;</a><br>\r\n                <b>Кому: </b>\"AAD t-logist\" <a\r\n                  class=\"moz-txt-link-rfc2396E\"\r\n                  href=\"mailto:count.sub@t-logist.com\" target=\"_blank\"\r\n                  moz-do-not-send=\"true\">&lt;count.sub@t-logist.com&gt;</a>,\r\n                \"24\" <a class=\"moz-txt-link-rfc2396E\"\r\n                  href=\"mailto:24@itilus.com\" target=\"_blank\"\r\n                  moz-do-not-send=\"true\">&lt;24@itilus.com&gt;</a><br>\r\n                <b>Копия: </b>\"ДК\" <a class=\"moz-txt-link-rfc2396E\"\r\n                  href=\"mailto:main.lgst@t-logist.com\" target=\"_blank\"\r\n                  moz-do-not-send=\"true\">&lt;main.lgst@t-logist.com&gt;</a><br>\r\n                <b>Отправленные: </b>Понедельник, 8 Июнь 2020 г\r\n                15:59:54<br>\r\n                <b>Тема: </b>Re: пароль Надежды<br>\r\n              </div>\r\n              <div><br>\r\n              </div>\r\n              <div>\r\n                <p>Ничего не меняем просто так без предупреждения. <br>\r\n                  Спасибо за доверие !</p>\r\n                <p>Мы не меняли ничего<br>\r\n                </p>\r\n                <div class=\"moz-signature\">\r\n                  <title></title>\r\n                  <pre class=\"moz-signature\" style=\"white-space: pre-wrap; overflow-wrap: break-word !important; color: rgb(0, 0, 0); font-size: 14.16px; font-style: normal; font-variant-ligatures: normal; font-variant-caps: normal; font-weight: 400; letter-spacing: normal; orphans: 2; text-align: start; text-indent: 0px; text-transform: none; widows: 2; word-spacing: 0px; -webkit-text-stroke-width: 0px; background-color: rgb(253, 253, 253); text-decoration-style: initial; text-decoration-color: initial;\">С Уважением, Виталий «Айтилус»\r\n<span class=\"Object\" id=\"OBJ_PREFIX_DWT348_ZmEmailObjectHandler\" style=\"white-space: pre-wrap; overflow-wrap: break-word !important; color: rgb(0, 61, 121); text-decoration: none; cursor: pointer;\"><span class=\"Object\" id=\"OBJ_PREFIX_DWT392_ZmEmailObjectHandler\" style=\"white-space: pre-wrap; overflow-wrap: break-word !important; color: rgb(0, 61, 121); text-decoration: none; cursor: pointer;\"><a class=\"moz-txt-link-abbreviated\" href=\"mailto:24@itilus.com\" target=\"_blank\" style=\"white-space: pre-wrap; overflow-wrap: break-word !important; color: rgb(0, 61, 121); text-decoration: none; cursor: pointer;\" moz-do-not-send=\"true\">vit@itilus.com</a></span></span>\r\nSip to: 203\r\n<span class=\"Object\" id=\"OBJ_PREFIX_DWT349_com_zimbra_url\" style=\"white-space: pre-wrap; overflow-wrap: break-word !important; color: rgb(0, 61, 121); text-decoration: none; cursor: pointer;\"><span class=\"Object\" id=\"OBJ_PREFIX_DWT393_com_zimbra_url\" style=\"white-space: pre-wrap; overflow-wrap: break-word !important; color: rgb(0, 61, 121); text-decoration: none; cursor: pointer;\"><a class=\"moz-txt-link-abbreviated\" href=\"http://www.itilus.com/\" target=\"_blank\" style=\"white-space: pre-wrap; overflow-wrap: break-word !important; color: rgb(0, 61, 121); text-decoration: none; cursor: pointer;\" moz-do-not-send=\"true\">www.itilus.com</a></span></span>\r\n<span class=\"Object\" id=\"OBJ_PREFIX_DWT350_com_zimbra_url\" style=\"white-space: pre-wrap; overflow-wrap: break-word !important; color: rgb(0, 61, 121); text-decoration: none; cursor: pointer;\"><span class=\"Object\" id=\"OBJ_PREFIX_DWT394_com_zimbra_url\" style=\"white-space: pre-wrap; overflow-wrap: break-word !important; color: rgb(0, 61, 121); text-decoration: none; cursor: pointer;\"><a class=\"moz-txt-link-abbreviated\" href=\"http://www.itilus.ru/\" target=\"_blank\" style=\"white-space: pre-wrap; overflow-wrap: break-word !important; color: rgb(0, 61, 121); text-decoration: none; cursor: pointer;\" moz-do-not-send=\"true\">www.itilus.ru</a></span></span></pre>\r\n                </div>\r\n                <div class=\"moz-cite-prefix\">08.06.2020 15:58, Виталий\r\n                  \"АЙТИЛУС\" пишет:<br>\r\n                </div>\r\n                <blockquote\r\n                  cite=\"mid:401bc15d-7618-f800-6d53-9f6f3f2879f6@itilus.com\">\r\n                  Зачем поменяли ?<br>\r\n                  <div class=\"moz-signature\">\r\n                    <title></title>\r\n                    <pre class=\"moz-signature\" style=\"white-space: pre-wrap; overflow-wrap: break-word !important; color: rgb(0, 0, 0); font-size: 14.16px; font-style: normal; font-variant-ligatures: normal; font-variant-caps: normal; font-weight: 400; letter-spacing: normal; orphans: 2; text-align: start; text-indent: 0px; text-transform: none; widows: 2; word-spacing: 0px; -webkit-text-stroke-width: 0px; background-color: rgb(253, 253, 253); text-decoration-style: initial; text-decoration-color: initial;\">С Уважением, Виталий «Айтилус»\r\n<span class=\"Object\" id=\"OBJ_PREFIX_DWT348_ZmEmailObjectHandler\" style=\"white-space: pre-wrap; overflow-wrap: break-word !important; color: rgb(0, 61, 121); text-decoration: none; cursor: pointer;\"><span class=\"Object\" id=\"OBJ_PREFIX_DWT392_ZmEmailObjectHandler\" style=\"white-space: pre-wrap; overflow-wrap: break-word !important; color: rgb(0, 61, 121); text-decoration: none; cursor: pointer;\"><a class=\"moz-txt-link-abbreviated\" href=\"mailto:24@itilus.com\" target=\"_blank\" style=\"white-space: pre-wrap; overflow-wrap: break-word !important; color: rgb(0, 61, 121); text-decoration: none; cursor: pointer;\" moz-do-not-send=\"true\">vit@itilus.com</a></span></span>\r\nSip to: 203\r\n<span class=\"Object\" id=\"OBJ_PREFIX_DWT349_com_zimbra_url\" style=\"white-space: pre-wrap; overflow-wrap: break-word !important; color: rgb(0, 61, 121); text-decoration: none; cursor: pointer;\"><span class=\"Object\" id=\"OBJ_PREFIX_DWT393_com_zimbra_url\" style=\"white-space: pre-wrap; overflow-wrap: break-word !important; color: rgb(0, 61, 121); text-decoration: none; cursor: pointer;\"><a class=\"moz-txt-link-abbreviated\" href=\"http://www.itilus.com/\" target=\"_blank\" style=\"white-space: pre-wrap; overflow-wrap: break-word !important; color: rgb(0, 61, 121); text-decoration: none; cursor: pointer;\" moz-do-not-send=\"true\">www.itilus.com</a></span></span>\r\n<span class=\"Object\" id=\"OBJ_PREFIX_DWT350_com_zimbra_url\" style=\"white-space: pre-wrap; overflow-wrap: break-word !important; color: rgb(0, 61, 121); text-decoration: none; cursor: pointer;\"><span class=\"Object\" id=\"OBJ_PREFIX_DWT394_com_zimbra_url\" style=\"white-space: pre-wrap; overflow-wrap: break-word !important; color: rgb(0, 61, 121); text-decoration: none; cursor: pointer;\"><a class=\"moz-txt-link-abbreviated\" href=\"http://www.itilus.ru/\" target=\"_blank\" style=\"white-space: pre-wrap; overflow-wrap: break-word !important; color: rgb(0, 61, 121); text-decoration: none; cursor: pointer;\" moz-do-not-send=\"true\">www.itilus.ru</a></span></span></pre>\r\n                  </div>\r\n                  <div class=\"moz-cite-prefix\">08.06.2020 15:54, AAD\r\n                    t-logist пишет:<br>\r\n                  </div>\r\n                  <blockquote\r\n                    cite=\"mid:1113877212.223728.1591620874090.JavaMail.zimbra@t-logist.com\">\r\n                    <div id=\"zimbraEditorContainer\" style=\"font-family:\r\n                      arial, helvetica, sans-serif; font-size: 12pt;\r\n                      color: #000000\" class=\"11\">\r\n                      <div>День,</div>\r\n                      <div>Надя на удаленку попасть не может, ей пароль\r\n                        не меняли? </div>\r\n                    </div>\r\n                  </blockquote>\r\n                </blockquote>\r\n                <br>\r\n              </div>\r\n            </div>\r\n          </blockquote>\r\n          <br>\r\n        </div>\r\n      </div>\r\n    </blockquote>\r\n  </body>\r\n</html>\r\n<br><br>','utf-8',1,0,0,'<755e33f0-085b-deec-b3b3-76bec9f523aa@itilus.com>',1,24786,1591865507,NULL,'INBOX'),(6,'[\"cnt.lgst@t-logist.com\"]','[\"24@itilus.com\"]','[]','[]','1591625903','сбис','Добрый день!\r\n\r\nВ третьей трубе (73) требуется настройка плагина.\r\n\r\nПросьба помочь.\r\n\r\nОставила открытым окно и вышла.\n\n','utf-8',0,0,0,'<c5528c02-e5fd-019a-740b-4c99053810cb@t-logist.com>',1,24788,1591865507,NULL,'INBOX'),(6,'[\"llc.ringo@gmail.com\"]','[\"24@itilus.com\"]','[]','[]','1591626184','ключи','Еще раз, здравствуйте!\r\n\r\nВо 2 трубе. ключ (ПСБ) вижу, но подключить не дает - пишет, что занят.\r\n\r\nПосмотрите, пожалуйста.\n\n','utf-8',0,0,0,'<d4e8513c-c1eb-c568-6fa4-3aa55cfc463a@gmail.com>',1,24789,1591865507,NULL,'INBOX'),(6,'[\"vit@itilus.com\"]','[\"llc.ringo@gmail.com\",\"24@itilus.com\"]','[]','[]','1591627400','Re: ключи','<html>\r\n  <head>\r\n    <meta http-equiv=\"Content-Type\" content=\"text/html; charset=UTF-8\">\r\n  </head>\r\n  <body text=\"#000000\" bgcolor=\"#FFFFFF\">\r\n    <p>Подключил ключ. Проверьте пжл<br>\r\n    </p>\r\n    <div class=\"moz-signature\">\r\n      <meta http-equiv=\"content-type\" content=\"text/html; charset=UTF-8\">\r\n      <title></title>\r\n      <pre class=\"moz-signature\" style=\"white-space: pre-wrap; overflow-wrap: break-word !important; color: rgb(0, 0, 0); font-size: 14.16px; font-style: normal; font-variant-ligatures: normal; font-variant-caps: normal; font-weight: 400; letter-spacing: normal; orphans: 2; text-align: start; text-indent: 0px; text-transform: none; widows: 2; word-spacing: 0px; -webkit-text-stroke-width: 0px; background-color: rgb(253, 253, 253); text-decoration-style: initial; text-decoration-color: initial;\">\r\nС Уважением, Виталий «Айтилус»\r\n<span class=\"Object\" role=\"link\" id=\"OBJ_PREFIX_DWT348_ZmEmailObjectHandler\" style=\"white-space: pre-wrap; overflow-wrap: break-word !important; color: rgb(0, 61, 121); text-decoration: none; cursor: pointer;\"><span class=\"Object\" role=\"link\" id=\"OBJ_PREFIX_DWT392_ZmEmailObjectHandler\" style=\"white-space: pre-wrap; overflow-wrap: break-word !important; color: rgb(0, 61, 121); text-decoration: none; cursor: pointer;\"><a class=\"moz-txt-link-abbreviated\" href=\"mailto:24@itilus.com\" target=\"_blank\" style=\"white-space: pre-wrap; overflow-wrap: break-word !important; color: rgb(0, 61, 121); text-decoration: none; cursor: pointer;\">vit@itilus.com</a></span></span>\r\nSip to: 203\r\n<span class=\"Object\" role=\"link\" id=\"OBJ_PREFIX_DWT349_com_zimbra_url\" style=\"white-space: pre-wrap; overflow-wrap: break-word !important; color: rgb(0, 61, 121); text-decoration: none; cursor: pointer;\"><span class=\"Object\" role=\"link\" id=\"OBJ_PREFIX_DWT393_com_zimbra_url\" style=\"white-space: pre-wrap; overflow-wrap: break-word !important; color: rgb(0, 61, 121); text-decoration: none; cursor: pointer;\"><a class=\"moz-txt-link-abbreviated\" href=\"http://www.itilus.com/\" target=\"_blank\" style=\"white-space: pre-wrap; overflow-wrap: break-word !important; color: rgb(0, 61, 121); text-decoration: none; cursor: pointer;\">www.itilus.com</a></span></span>\r\n<span class=\"Object\" role=\"link\" id=\"OBJ_PREFIX_DWT350_com_zimbra_url\" style=\"white-space: pre-wrap; overflow-wrap: break-word !important; color: rgb(0, 61, 121); text-decoration: none; cursor: pointer;\"><span class=\"Object\" role=\"link\" id=\"OBJ_PREFIX_DWT394_com_zimbra_url\" style=\"white-space: pre-wrap; overflow-wrap: break-word !important; color: rgb(0, 61, 121); text-decoration: none; cursor: pointer;\"><a class=\"moz-txt-link-abbreviated\" href=\"http://www.itilus.ru/\" target=\"_blank\" style=\"white-space: pre-wrap; overflow-wrap: break-word !important; color: rgb(0, 61, 121); text-decoration: none; cursor: pointer;\">www.itilus.ru</a></span></span></pre>\r\n    </div>\r\n    <div class=\"moz-cite-prefix\">08.06.2020 17:22, OOO Ringo пишет:<br>\r\n    </div>\r\n    <blockquote type=\"cite\"\r\n      cite=\"mid:d4e8513c-c1eb-c568-6fa4-3aa55cfc463a@gmail.com\">Еще раз,\r\n      здравствуйте!\r\n      <br>\r\n      <br>\r\n      Во 2 трубе. ключ (ПСБ) вижу, но подключить не дает - пишет, что\r\n      занят.\r\n      <br>\r\n      <br>\r\n      Посмотрите, пожалуйста.\r\n      <br>\r\n      <br>\r\n    </blockquote>\r\n  </body>\r\n</html>\r\n<br><br>','utf-8',1,0,0,'<2e30a939-3677-7646-c119-5fe7228a01d6@itilus.com>',1,24790,1591865507,NULL,'INBOX'),(6,'[\"cnt.lgst@t-logist.com\"]','[\"24@itilus.com\"]','[]','[]','1591627424','Re: сбис','<html>\r\n  <head>\r\n    <meta http-equiv=\"Content-Type\" content=\"text/html; charset=utf-8\">\r\n  </head>\r\n  <body text=\"#000000\" bgcolor=\"#FFFFFF\">\r\n    <p>заработал <br>\r\n    </p>\r\n    <p>Спасибо!<br>\r\n    </p>\r\n    <br>\r\n    <div class=\"moz-cite-prefix\">08.06.2020 17:36, Айтилус пишет:<br>\r\n    </div>\r\n    <blockquote type=\"cite\"\r\n      cite=\"mid:3cc8e263-5b57-bc51-7ead-8d864778c5e8@itilus.com\">\r\n      <meta http-equiv=\"Content-Type\" content=\"text/html; charset=utf-8\">\r\n      <p>Кажется - завис СБИС плагин<br>\r\n        Перезапустил плагин. Пробуй<br>\r\n      </p>\r\n      <div class=\"moz-signature\">\r\n        <meta http-equiv=\"content-type\" content=\"text/html;\r\n          charset=utf-8\">\r\n        <title></title>\r\n        <pre class=\"moz-signature\" style=\"white-space: pre-wrap; overflow-wrap: break-word !important; color: rgb(0, 0, 0); font-size: 14.16px; font-style: normal; font-variant-ligatures: normal; font-variant-caps: normal; font-weight: 400; letter-spacing: normal; orphans: 2; text-align: start; text-indent: 0px; text-transform: none; widows: 2; word-spacing: 0px; -webkit-text-stroke-width: 0px; text-decoration-style: initial; text-decoration-color: initial; background-color: rgb(253, 253, 253);\">С Уважением, Служба технической поддержки «Айтилус»\r\n<span class=\"Object\" id=\"OBJ_PREFIX_DWT348_ZmEmailObjectHandler\" style=\"white-space: pre-wrap; overflow-wrap: break-word !important; color: rgb(0, 61, 121); text-decoration: none; cursor: pointer;\"><span class=\"Object\" id=\"OBJ_PREFIX_DWT392_ZmEmailObjectHandler\" style=\"white-space: pre-wrap; overflow-wrap: break-word !important; color: rgb(0, 61, 121); text-decoration: none; cursor: pointer;\"><span class=\"Object\" role=\"link\" id=\"OBJ_PREFIX_DWT100_ZmEmailObjectHandler\" style=\"white-space: pre-wrap; overflow-wrap: break-word !important; color: rgb(0, 61, 121); text-decoration: none; cursor: pointer;\"><span class=\"Object\" role=\"link\" id=\"OBJ_PREFIX_DWT104_ZmEmailObjectHandler\" style=\"white-space: pre-wrap; overflow-wrap: break-word !important; color: rgb(0, 61, 121); text-decoration: none; cursor: pointer;\"><a class=\"moz-txt-link-abbreviated\" href=\"mailto:24@itilus.com\" target=\"_blank\" style=\"white-space: pre-wrap; overflow-wrap: break-word !important; color: rgb(0, 61, 121); text-decoration: none; cursor: pointer;\" moz-do-not-send=\"true\">24@itilus.com</a></span></span></span></span>\r\nSip to: 3301\r\nSip to: 203\r\n<span class=\"Object\" id=\"OBJ_PREFIX_DWT349_com_zimbra_url\" style=\"white-space: pre-wrap; overflow-wrap: break-word !important; color: rgb(0, 61, 121); text-decoration: none; cursor: pointer;\"><span class=\"Object\" id=\"OBJ_PREFIX_DWT393_com_zimbra_url\" style=\"white-space: pre-wrap; overflow-wrap: break-word !important; color: rgb(0, 61, 121); text-decoration: none; cursor: pointer;\"><span class=\"Object\" role=\"link\" id=\"OBJ_PREFIX_DWT101_com_zimbra_url\" style=\"white-space: pre-wrap; overflow-wrap: break-word !important; color: rgb(0, 61, 121); text-decoration: none; cursor: pointer;\"><span class=\"Object\" role=\"link\" id=\"OBJ_PREFIX_DWT105_com_zimbra_url\" style=\"white-space: pre-wrap; overflow-wrap: break-word !important; color: rgb(0, 61, 121); text-decoration: none; cursor: pointer;\"><a class=\"moz-txt-link-abbreviated\" href=\"http://www.itilus.com/\" target=\"_blank\" style=\"white-space: pre-wrap; overflow-wrap: break-word !important; color: rgb(0, 61, 121); text-decoration: none; cursor: pointer;\" moz-do-not-send=\"true\">www.itilus.com</a></span></span></span></span>\r\n<span class=\"Object\" id=\"OBJ_PREFIX_DWT350_com_zimbra_url\" style=\"white-space: pre-wrap; overflow-wrap: break-word !important; color: rgb(0, 61, 121); text-decoration: none; cursor: pointer;\"><span class=\"Object\" id=\"OBJ_PREFIX_DWT394_com_zimbra_url\" style=\"white-space: pre-wrap; overflow-wrap: break-word !important; color: rgb(0, 61, 121); text-decoration: none; cursor: pointer;\"><span class=\"Object\" role=\"link\" id=\"OBJ_PREFIX_DWT102_com_zimbra_url\" style=\"white-space: pre-wrap; overflow-wrap: break-word !important; color: rgb(0, 61, 121); text-decoration: none; cursor: pointer;\"><span class=\"Object\" role=\"link\" id=\"OBJ_PREFIX_DWT106_com_zimbra_url\" style=\"white-space: pre-wrap; overflow-wrap: break-word !important; color: rgb(0, 61, 121); text-decoration: none; cursor: pointer;\"><a class=\"moz-txt-link-abbreviated\" href=\"http://www.itilus.ru/\" target=\"_blank\" style=\"white-space: pre-wrap; overflow-wrap: break-word !important; color: rgb(0, 61, 121); text-decoration: none; cursor: pointer;\" moz-do-not-send=\"true\">www.itilus.ru</a></span></span></span></span></pre>\r\n      </div>\r\n      <div class=\"moz-cite-prefix\">08.06.2020 17:18, Svet пишет:<br>\r\n      </div>\r\n      <blockquote type=\"cite\"\r\n        cite=\"mid:c5528c02-e5fd-019a-740b-4c99053810cb@t-logist.com\">Добрый\r\n        день! <br>\r\n        <br>\r\n        В третьей трубе (73) требуется настройка плагина. <br>\r\n        <br>\r\n        Просьба помочь. <br>\r\n        <br>\r\n        Оставила открытым окно и вышла. <br>\r\n        <br>\r\n      </blockquote>\r\n    </blockquote>\r\n    <br>\r\n  </body>\r\n</html>\r\n<br><br>','utf-8',1,0,0,'<9c993d58-d5a6-0485-7cce-add989993df9@t-logist.com>',1,24793,1591865507,NULL,'INBOX'),(6,'[\"cnt.lgst@t-logist.com\"]','[\"vit@itilus.com\",\"24@itilus.com\"]','[]','[]','1591629720','Re: ключи','<html>\r\n  <head>\r\n    <meta http-equiv=\"Content-Type\" content=\"text/html; charset=utf-8\">\r\n  </head>\r\n  <body text=\"#000000\" bgcolor=\"#FFFFFF\">\r\n    спасибо все работает.<br>\r\n    <br>\r\n    первый раз ошибочно не с той почты написала. сорри. в ней письмо\r\n    писала в банк, и Вам нечаянно оттуда же.<br>\r\n    <br>\r\n    <br>\r\n    <div class=\"moz-cite-prefix\">08.06.2020 17:43, Виталий \"АЙТИЛУС\"\r\n      пишет:<br>\r\n    </div>\r\n    <blockquote type=\"cite\"\r\n      cite=\"mid:2e30a939-3677-7646-c119-5fe7228a01d6@itilus.com\">\r\n      <meta http-equiv=\"Content-Type\" content=\"text/html; charset=utf-8\">\r\n      <p>Подключил ключ. Проверьте пжл<br>\r\n      </p>\r\n      <div class=\"moz-signature\">\r\n        <meta http-equiv=\"content-type\" content=\"text/html;\r\n          charset=utf-8\">\r\n        <title></title>\r\n        <pre class=\"moz-signature\" style=\"white-space: pre-wrap; overflow-wrap: break-word !important; color: rgb(0, 0, 0); font-size: 14.16px; font-style: normal; font-variant-ligatures: normal; font-variant-caps: normal; font-weight: 400; letter-spacing: normal; orphans: 2; text-align: start; text-indent: 0px; text-transform: none; widows: 2; word-spacing: 0px; -webkit-text-stroke-width: 0px; background-color: rgb(253, 253, 253); text-decoration-style: initial; text-decoration-color: initial;\">С Уважением, Виталий «Айтилус»\r\n<span class=\"Object\" role=\"link\" id=\"OBJ_PREFIX_DWT348_ZmEmailObjectHandler\" style=\"white-space: pre-wrap; overflow-wrap: break-word !important; color: rgb(0, 61, 121); text-decoration: none; cursor: pointer;\"><span class=\"Object\" role=\"link\" id=\"OBJ_PREFIX_DWT392_ZmEmailObjectHandler\" style=\"white-space: pre-wrap; overflow-wrap: break-word !important; color: rgb(0, 61, 121); text-decoration: none; cursor: pointer;\"><a class=\"moz-txt-link-abbreviated\" href=\"mailto:24@itilus.com\" target=\"_blank\" style=\"white-space: pre-wrap; overflow-wrap: break-word !important; color: rgb(0, 61, 121); text-decoration: none; cursor: pointer;\" moz-do-not-send=\"true\">vit@itilus.com</a></span></span>\r\nSip to: 203\r\n<span class=\"Object\" role=\"link\" id=\"OBJ_PREFIX_DWT349_com_zimbra_url\" style=\"white-space: pre-wrap; overflow-wrap: break-word !important; color: rgb(0, 61, 121); text-decoration: none; cursor: pointer;\"><span class=\"Object\" role=\"link\" id=\"OBJ_PREFIX_DWT393_com_zimbra_url\" style=\"white-space: pre-wrap; overflow-wrap: break-word !important; color: rgb(0, 61, 121); text-decoration: none; cursor: pointer;\"><a class=\"moz-txt-link-abbreviated\" href=\"http://www.itilus.com/\" target=\"_blank\" style=\"white-space: pre-wrap; overflow-wrap: break-word !important; color: rgb(0, 61, 121); text-decoration: none; cursor: pointer;\" moz-do-not-send=\"true\">www.itilus.com</a></span></span>\r\n<span class=\"Object\" role=\"link\" id=\"OBJ_PREFIX_DWT350_com_zimbra_url\" style=\"white-space: pre-wrap; overflow-wrap: break-word !important; color: rgb(0, 61, 121); text-decoration: none; cursor: pointer;\"><span class=\"Object\" role=\"link\" id=\"OBJ_PREFIX_DWT394_com_zimbra_url\" style=\"white-space: pre-wrap; overflow-wrap: break-word !important; color: rgb(0, 61, 121); text-decoration: none; cursor: pointer;\"><a class=\"moz-txt-link-abbreviated\" href=\"http://www.itilus.ru/\" target=\"_blank\" style=\"white-space: pre-wrap; overflow-wrap: break-word !important; color: rgb(0, 61, 121); text-decoration: none; cursor: pointer;\" moz-do-not-send=\"true\">www.itilus.ru</a></span></span></pre>\r\n      </div>\r\n      <div class=\"moz-cite-prefix\">08.06.2020 17:22, OOO Ringo пишет:<br>\r\n      </div>\r\n      <blockquote type=\"cite\"\r\n        cite=\"mid:d4e8513c-c1eb-c568-6fa4-3aa55cfc463a@gmail.com\">Еще\r\n        раз, здравствуйте! <br>\r\n        <br>\r\n        Во 2 трубе. ключ (ПСБ) вижу, но подключить не дает - пишет, что\r\n        занят. <br>\r\n        <br>\r\n        Посмотрите, пожалуйста. <br>\r\n        <br>\r\n      </blockquote>\r\n    </blockquote>\r\n    <br>\r\n  </body>\r\n</html>\r\n<br><br>','utf-8',1,0,0,'<5d31545c-5510-0716-09f7-91d16c407273@t-logist.com>',1,24795,1591865507,NULL,'INBOX'),(6,'[\"buhgalter@tk-ptg.ru\"]','[\"boxkvt@gmail.com\",\"vit@itilus.com\"]','[]','[]','1591781914','Транспортная компания Партнер-Транс-Гарант ИНН 7725765634','<!DOCTYPE html PUBLIC \"-//W3C//DTD HTML 4.01 Transitional//EN\">\r\n<html>\r\n<head>\r\n  <meta content=\"text/html;charset=UTF-8\" http-equiv=\"Content-Type\">\r\n</head>\r\n<body bgcolor=\"#ffffff\" text=\"#000000\">\r\nКонстантин, добрый день!<br>\r\nНиже ответ наших партнеров. Можно сделать как они просят?<br>\r\nС уважением<br>\r\nОльга<br>\r\n<blockquote\r\n cite=\"mid6AD37D7557A0A34C91E3CCEF4B2D136004134B59@spline-mx2.spline.center\"\r\n type=\"cite\">\r\n  <meta http-equiv=\"Content-Type\" content=\"text/html; \">\r\n  <meta name=\"Generator\" content=\"Microsoft Word 14 (filtered medium)\">\r\n<!--[if !mso]><style>v\\:* {behavior:url(#default#VML);}\r\no\\:* {behavior:url(#default#VML);}\r\nw\\:* {behavior:url(#default#VML);}\r\n.shape {behavior:url(#default#VML);}\r\n</style><![endif]-->\r\n  <style><!--\r\n/* Font Definitions */\r\n@font-face\r\n	{font-family:Calibri;\r\n	panose-1:2 15 5 2 2 2 4 3 2 4;}\r\n@font-face\r\n	{font-family:Tahoma;\r\n	panose-1:2 11 6 4 3 5 4 4 2 4;}\r\n/* Style Definitions */\r\np.MsoNormal, li.MsoNormal, div.MsoNormal\r\n	{margin:0cm;\r\n	margin-bottom:.0001pt;\r\n	font-size:12.0pt;\r\n	font-family:\"Times New Roman\",\"serif\";\r\n	color:black;}\r\na:link, span.MsoHyperlink\r\n	{mso-style-priority:99;\r\n	color:blue;\r\n	text-decoration:underline;}\r\na:visited, span.MsoHyperlinkFollowed\r\n	{mso-style-priority:99;\r\n	color:purple;\r\n	text-decoration:underline;}\r\np.MsoAcetate, li.MsoAcetate, div.MsoAcetate\r\n	{mso-style-priority:99;\r\n	mso-style-link:\"Текст выноски Знак\";\r\n	margin:0cm;\r\n	margin-bottom:.0001pt;\r\n	font-size:8.0pt;\r\n	font-family:\"Tahoma\",\"sans-serif\";\r\n	color:black;}\r\nspan.EmailStyle17\r\n	{mso-style-type:personal-reply;\r\n	font-family:\"Calibri\",\"sans-serif\";\r\n	color:#1F497D;}\r\nspan.a\r\n	{mso-style-name:\"Текст выноски Знак\";\r\n	mso-style-priority:99;\r\n	mso-style-link:\"Текст выноски\";\r\n	font-family:\"Tahoma\",\"sans-serif\";\r\n	color:black;}\r\n.MsoChpDefault\r\n	{mso-style-type:export-only;\r\n	font-size:10.0pt;}\r\n@page WordSection1\r\n	{size:612.0pt 792.0pt;\r\n	margin:2.0cm 42.5pt 2.0cm 3.0cm;}\r\ndiv.WordSection1\r\n	{page:WordSection1;}\r\n--></style><!--[if gte mso 9]><xml>\r\n<o:shapedefaults v:ext=\"edit\" spidmax=\"1026\" />\r\n</xml><![endif]--><!--[if gte mso 9]><xml>\r\n<o:shapelayout v:ext=\"edit\">\r\n<o:idmap v:ext=\"edit\" data=\"1\" />\r\n</o:shapelayout></xml><![endif]-->\r\n  <div class=\"WordSection1\">\r\n  <p class=\"MsoNormal\"><span\r\n style=\"font-size: 11pt; font-family: &quot;Calibri&quot;,&quot;sans-serif&quot;; color: rgb(31, 73, 125);\">Добрый\r\nдень!<o:p></o:p></span></p>\r\n  <p class=\"MsoNormal\"><span\r\n style=\"font-size: 11pt; font-family: &quot;Calibri&quot;,&quot;sans-serif&quot;; color: rgb(31, 73, 125);\">Мы\r\nне можем скачать этот файл, попробуйте выложить на другой источник,<o:p></o:p></span></p>\r\n  <p class=\"MsoNormal\"><span\r\n style=\"font-size: 11pt; font-family: &quot;Calibri&quot;,&quot;sans-serif&quot;; color: rgb(31, 73, 125);\">Например,\r\nна Яндекс.Диск<o:p></o:p></span></p>\r\n  <p class=\"MsoNormal\"><span\r\n style=\"font-size: 11pt; font-family: &quot;Calibri&quot;,&quot;sans-serif&quot;; color: rgb(31, 73, 125);\"><o:p> </o:p></span></p>\r\n  <div>\r\n  <p class=\"MsoNormal\"><b><span\r\n style=\"font-size: 11pt; font-family: &quot;Calibri&quot;,&quot;sans-serif&quot;; color: rgb(0, 112, 192);\">С\r\nуважением, <o:p></o:p></span></b></p>\r\n  <p class=\"MsoNormal\"><b><span\r\n style=\"font-size: 11pt; font-family: &quot;Calibri&quot;,&quot;sans-serif&quot;; color: rgb(0, 112, 192);\">Маланова\r\nОльга<o:p></o:p></span></b></p>\r\n  <p class=\"MsoNormal\"><b><span\r\n style=\"font-size: 11pt; font-family: &quot;Calibri&quot;,&quot;sans-serif&quot;; color: rgb(0, 112, 192);\">руководитель\r\nсектора<o:p></o:p></span></b></p>\r\n  <p class=\"MsoNormal\"><b><span\r\n style=\"font-size: 11pt; font-family: &quot;Calibri&quot;,&quot;sans-serif&quot;; color: rgb(0, 112, 192);\">бухгалтерского\r\nПО<o:p></o:p></span></b></p>\r\n  <p class=\"MsoNormal\"><b><span\r\n style=\"font-size: 11pt; font-family: &quot;Calibri&quot;,&quot;sans-serif&quot;; color: rgb(0, 112, 192);\">ООО\r\n\"Сплайн-Сервис\"<o:p></o:p></span></b></p>\r\n  <p class=\"MsoNormal\"><b><span\r\n style=\"font-size: 11pt; font-family: &quot;Calibri&quot;,&quot;sans-serif&quot;; color: rgb(0, 112, 192);\">код\r\nпартнера 02507-45<o:p></o:p></span></b></p>\r\n  <table class=\"MsoNormalTable\" style=\"border-collapse: collapse;\"\r\n border=\"0\" cellpadding=\"0\" cellspacing=\"0\">\r\n    <tbody>\r\n      <tr>\r\n        <td style=\"padding: 0cm 5.4pt;\" valign=\"top\">\r\n        <p class=\"MsoNormal\"><span\r\n style=\"font-size: 11pt; font-family: &quot;Calibri&quot;,&quot;sans-serif&quot;; color: rgb(0, 112, 192);\"><img\r\n id=\"Рисунок_x0020_1\" src=\"cid:part1.03000903.02030701@tk-ptg.ru\"\r\n alt=\"cid:image001.png@01D4C1F8.A62DDA20\" height=\"25\" width=\"25\"></span><span\r\n style=\"font-size: 11pt; font-family: &quot;Calibri&quot;,&quot;sans-serif&quot;; color: rgb(0, 112, 192);\"><o:p></o:p></span></p>\r\n        </td>\r\n        <td style=\"padding: 0cm 5.4pt;\">\r\n        <p class=\"MsoNormal\"><b><span\r\n style=\"font-size: 11pt; font-family: &quot;Calibri&quot;,&quot;sans-serif&quot;; color: rgb(0, 112, 192);\"\r\n lang=\"EN-US\">(</span></b><b><span\r\n style=\"font-size: 11pt; font-family: &quot;Calibri&quot;,&quot;sans-serif&quot;; color: rgb(0, 112, 192);\">495)\r\n580-25-58<o:p></o:p></span></b></p>\r\n        </td>\r\n      </tr>\r\n      <tr>\r\n        <td style=\"padding: 0cm 5.4pt;\" valign=\"top\">\r\n        <p class=\"MsoNormal\"><span\r\n style=\"font-size: 11pt; font-family: &quot;Calibri&quot;,&quot;sans-serif&quot;; color: rgb(0, 112, 192);\"><img\r\n id=\"Рисунок_x0020_2\" src=\"cid:part2.08030304.08020202@tk-ptg.ru\"\r\n alt=\"cid:image002.png@01D4C1F8.A62DDA20\" height=\"23\" width=\"23\"></span><span\r\n style=\"font-size: 11pt; font-family: &quot;Calibri&quot;,&quot;sans-serif&quot;; color: rgb(0, 112, 192);\"><o:p></o:p></span></p>\r\n        </td>\r\n        <td style=\"padding: 0cm 5.4pt;\">\r\n        <p class=\"MsoNormal\"><b><span\r\n style=\"font-size: 11pt; font-family: &quot;Calibri&quot;,&quot;sans-serif&quot;; color: rgb(0, 112, 192);\"\r\n lang=\"EN-US\">1c<a href=\"mailto:soft@debet.ru\"><span\r\n style=\"color: rgb(0, 112, 192); text-decoration: none;\">soft@debet.ru</span></a></span></b><span\r\n style=\"font-size: 11pt; font-family: &quot;Calibri&quot;,&quot;sans-serif&quot;; color: rgb(0, 112, 192);\"><o:p></o:p></span></p>\r\n        </td>\r\n      </tr>\r\n      <tr>\r\n        <td style=\"padding: 0cm 5.4pt;\" valign=\"top\">\r\n        <p class=\"MsoNormal\"><span\r\n style=\"font-size: 11pt; font-family: &quot;Calibri&quot;,&quot;sans-serif&quot;; color: rgb(0, 112, 192);\"><img\r\n id=\"Рисунок_x0020_3\" src=\"cid:part3.05070409.03070605@tk-ptg.ru\"\r\n alt=\"cid:image003.jpg@01D4C1F8.A62DDA20\" border=\"0\" height=\"24\"\r\n width=\"24\"></span><span\r\n style=\"font-size: 11pt; font-family: &quot;Calibri&quot;,&quot;sans-serif&quot;; color: rgb(0, 112, 192);\"><o:p></o:p></span></p>\r\n        </td>\r\n        <td style=\"padding: 0cm 5.4pt;\">\r\n        <p class=\"MsoNormal\" style=\"text-align: center;\" align=\"center\"><b><span\r\n style=\"font-size: 11pt; font-family: &quot;Calibri&quot;,&quot;sans-serif&quot;; color: rgb(0, 112, 192);\"\r\n lang=\"EN-US\"><a href=\"www.spline-service.ru\"><span\r\n style=\"color: rgb(0, 112, 192);\">www.spline-service.ru</span></a><o:p></o:p></span></b></p>\r\n        </td>\r\n      </tr>\r\n    </tbody>\r\n  </table>\r\n  <p class=\"MsoNormal\"><span\r\n style=\"font-size: 11pt; font-family: &quot;Calibri&quot;,&quot;sans-serif&quot;; color: rgb(31, 73, 125);\"><o:p> </o:p></span></p>\r\n  </div>\r\n  <p class=\"MsoNormal\"><span\r\n style=\"font-size: 11pt; font-family: &quot;Calibri&quot;,&quot;sans-serif&quot;; color: rgb(31, 73, 125);\"><o:p> </o:p></span></p>\r\n  <div>\r\n  <div\r\n style=\"border-style: solid none none; border-color: rgb(181, 196, 223) -moz-use-text-color -moz-use-text-color; border-width: 1pt medium medium; padding: 3pt 0cm 0cm;\">\r\n  <p class=\"MsoNormal\"><b><span\r\n style=\"font-size: 10pt; font-family: &quot;Tahoma&quot;,&quot;sans-serif&quot;; color: windowtext;\">From:</span></b><span\r\n style=\"font-size: 10pt; font-family: &quot;Tahoma&quot;,&quot;sans-serif&quot;; color: windowtext;\">\r\nОльга [<a class=\"moz-txt-link-freetext\" href=\"mailto:buhgalter@tk-ptg.ru\">mailto:buhgalter@tk-ptg.ru</a>] <br>\r\n  <b>Posted At:</b> Wednesday, June 10, 2020 10:44 AM<br>\r\n  <b>Posted To:</b> bsoft<br>\r\n  <b>Conversation:</b> Транспортная компания Партнер-Транс-Гарант ИНН\r\n7725765634<br>\r\n  <b>Subject:</b> Транспортная компания Партнер-Транс-Гарант ИНН\r\n7725765634<o:p></o:p></span></p>\r\n  </div>\r\n  </div>\r\n  <p class=\"MsoNormal\"><o:p> </o:p></p>\r\n  <p class=\"MsoNormal\" style=\"margin-bottom: 12pt;\">Добрый день!<br>\r\nДоступ к копии базы 1-С ООО \"ТК ПТГ\"<o:p></o:p></p>\r\n  <div\r\n style=\"border-style: none solid; border-color: -moz-use-text-color rgb(240, 240, 240); border-width: medium 1pt; padding: 0cm;\">\r\n  <div\r\n style=\"border-style: none solid; border-color: -moz-use-text-color rgb(234, 234, 234); border-width: medium 1pt; padding: 0cm 24pt; -moz-background-clip: -moz-initial; -moz-background-origin: -moz-initial; -moz-background-inline-policy: -moz-initial; background-attachment: scroll;\">\r\n  <div>\r\n  <p class=\"MsoNormal\"\r\n style=\"background: white none repeat scroll 0%; line-height: 13.5pt; -moz-background-clip: -moz-initial; -moz-background-origin: -moz-initial; -moz-background-inline-policy: -moz-initial;\"><span\r\n style=\"font-size: 10.5pt; font-family: &quot;Arial&quot;,&quot;sans-serif&quot;; color: rgb(68, 68, 68);\">Пользователь\r\n  <a href=\"mailto:boxkvt@gmail.com\"><span style=\"text-decoration: none;\">boxkvt@gmail.com</span></a>\r\nоткрыл Вам доступ к следующему файлу:<o:p></o:p></span></p>\r\n  </div>\r\n  <div>\r\n  <div\r\n style=\"border-style: none none solid; border-color: -moz-use-text-color -moz-use-text-color white; border-width: medium medium 3pt; padding: 0cm; display: table-row;\">\r\n  <div>\r\n  <p class=\"MsoNormal\"\r\n style=\"background: white none repeat scroll 0%; -moz-background-clip: -moz-initial; -moz-background-origin: -moz-initial; -moz-background-inline-policy: -moz-initial;\"><span\r\n style=\"border: 1pt solid windowtext; padding: 0cm; font-size: 13.5pt; font-family: &quot;Arial&quot;,&quot;sans-serif&quot;;\"><img\r\n id=\"_x0000_i1025\" src=\"cid:part4.00060206.01070706@tk-ptg.ru\"\r\n alt=\"Рисунок удален отправителем.\" border=\"0\" height=\"100\" width=\"100\"></span><span\r\n style=\"font-size: 13.5pt; font-family: &quot;Arial&quot;,&quot;sans-serif&quot;;\"><o:p></o:p></span></p>\r\n  </div>\r\n  <p class=\"MsoNormal\"\r\n style=\"background: white none repeat scroll 0%; -moz-background-clip: -moz-initial; -moz-background-origin: -moz-initial; -moz-background-inline-policy: -moz-initial;\"><span\r\n style=\"font-size: 13.5pt; font-family: &quot;Arial&quot;,&quot;sans-serif&quot;;\"><a\r\n href=\"https://drive.google.com/file/d/1ZaUdJULIelJc2e9KscCzV_Myq1YA_fw6/view?usp=sharing_eil&amp;invite=CNqs980K&amp;ts=5ee07fbf\"><span\r\n style=\"color: rgb(51, 103, 214); text-decoration: none;\">1Cv8exp10062020.dt</span></a>\r\n  <o:p></o:p></span></p>\r\n  </div>\r\n  </div>\r\n  <div>\r\n  <p class=\"MsoNormal\"\r\n style=\"background: white none repeat scroll 0%; -moz-background-clip: -moz-initial; -moz-background-origin: -moz-initial; -moz-background-inline-policy: -moz-initial;\"><span\r\n style=\"font-family: &quot;Arial&quot;,&quot;sans-serif&quot;;\"><a\r\n href=\"https://drive.google.com/file/d/1ZaUdJULIelJc2e9KscCzV_Myq1YA_fw6/view?usp=sharing_eip&amp;invite=CNqs980K&amp;ts=5ee07fbf\"\r\n target=\"_blank\"><b><span\r\n style=\"border: 1pt solid rgb(48, 121, 237); padding: 0cm; background: rgb(77, 144, 254) none repeat scroll 0%; font-size: 8.5pt; color: white; -moz-background-clip: -moz-initial; -moz-background-origin: -moz-initial; -moz-background-inline-policy: -moz-initial; text-decoration: none;\">Открыть</span></b></a><o:p></o:p></span></p>\r\n  </div>\r\n  <div>\r\n  <p class=\"MsoNormal\"\r\n style=\"background: rgb(252, 232, 178) none repeat scroll 0%; -moz-background-clip: -moz-initial; -moz-background-origin: -moz-initial; -moz-background-inline-policy: -moz-initial;\"><span\r\n style=\"font-size: 10pt; font-family: &quot;Arial&quot;,&quot;sans-serif&quot;; color: rgb(68, 68, 68);\">С\r\nпомощью этого приглашения можно получить доступ к файлу или папке без\r\nвхода в аккаунт. Поэтому не отправляйте данное письмо тем, кому не\r\nдоверяете.<o:p></o:p></span></p>\r\n  </div>\r\n  </div>\r\n  </div>\r\n  <table class=\"MsoNormalTable\"\r\n style=\"width: 100%; border-collapse: collapse;\" border=\"0\"\r\n cellpadding=\"0\" cellspacing=\"0\" width=\"100%\">\r\n    <tbody>\r\n      <tr>\r\n        <td style=\"padding: 0cm;\">\r\n        <table class=\"MsoNormalTable\"\r\n style=\"width: 2.25pt; border-collapse: collapse;\" border=\"0\"\r\n cellpadding=\"0\" cellspacing=\"0\" width=\"3\">\r\n          <tbody>\r\n            <tr style=\"height: 0.75pt;\">\r\n              <td\r\n style=\"padding: 0cm; background: rgb(240, 240, 240) none repeat scroll 0%; width: 0.75pt; -moz-background-clip: -moz-initial; -moz-background-origin: -moz-initial; -moz-background-inline-policy: -moz-initial; height: 0.75pt;\"\r\n width=\"1\"><br>\r\n              </td>\r\n              <td\r\n style=\"padding: 0cm; background: rgb(234, 234, 234) none repeat scroll 0%; width: 0.75pt; -moz-background-clip: -moz-initial; -moz-background-origin: -moz-initial; -moz-background-inline-policy: -moz-initial; height: 0.75pt;\"\r\n width=\"1\"><br>\r\n              </td>\r\n              <td\r\n style=\"padding: 0cm; background: rgb(229, 229, 229) none repeat scroll 0%; width: 0.75pt; -moz-background-clip: -moz-initial; -moz-background-origin: -moz-initial; -moz-background-inline-policy: -moz-initial; height: 0.75pt;\"\r\n width=\"1\"><br>\r\n              </td>\r\n            </tr>\r\n            <tr style=\"height: 0.75pt;\">\r\n              <td\r\n style=\"padding: 0cm; background: rgb(240, 240, 240) none repeat scroll 0%; width: 0.75pt; -moz-background-clip: -moz-initial; -moz-background-origin: -moz-initial; -moz-background-inline-policy: -moz-initial; height: 0.75pt;\"\r\n width=\"1\"><br>\r\n              </td>\r\n              <td\r\n style=\"padding: 0cm; background: rgb(234, 234, 234) none repeat scroll 0%; width: 0.75pt; -moz-background-clip: -moz-initial; -moz-background-origin: -moz-initial; -moz-background-inline-policy: -moz-initial; height: 0.75pt;\"\r\n width=\"1\"><br>\r\n              </td>\r\n              <td\r\n style=\"padding: 0cm; background: rgb(234, 234, 234) none repeat scroll 0%; width: 0.75pt; -moz-background-clip: -moz-initial; -moz-background-origin: -moz-initial; -moz-background-inline-policy: -moz-initial; height: 0.75pt;\"\r\n width=\"1\"><br>\r\n              </td>\r\n            </tr>\r\n            <tr style=\"height: 0.75pt;\">\r\n              <td\r\n style=\"padding: 0cm; background: whitesmoke none repeat scroll 0%; width: 0.75pt; -moz-background-clip: -moz-initial; -moz-background-origin: -moz-initial; -moz-background-inline-policy: -moz-initial; height: 0.75pt;\"\r\n width=\"1\"><br>\r\n              </td>\r\n              <td\r\n style=\"padding: 0cm; background: rgb(240, 240, 240) none repeat scroll 0%; width: 0.75pt; -moz-background-clip: -moz-initial; -moz-background-origin: -moz-initial; -moz-background-inline-policy: -moz-initial; height: 0.75pt;\"\r\n width=\"1\"><br>\r\n              </td>\r\n              <td\r\n style=\"padding: 0cm; background: rgb(240, 240, 240) none repeat scroll 0%; width: 0.75pt; -moz-background-clip: -moz-initial; -moz-background-origin: -moz-initial; -moz-background-inline-policy: -moz-initial; height: 0.75pt;\"\r\n width=\"1\"><br>\r\n              </td>\r\n            </tr>\r\n          </tbody>\r\n        </table>\r\n        </td>\r\n        <td style=\"padding: 0cm; width: 100%;\" width=\"100%\"><br>\r\n        </td>\r\n        <td style=\"padding: 0cm;\">\r\n        <table class=\"MsoNormalTable\"\r\n style=\"width: 2.25pt; border-collapse: collapse;\" border=\"0\"\r\n cellpadding=\"0\" cellspacing=\"0\" width=\"3\">\r\n          <tbody>\r\n            <tr style=\"height: 0.75pt;\">\r\n              <td\r\n style=\"padding: 0cm; background: rgb(229, 229, 229) none repeat scroll 0%; width: 0.75pt; -moz-background-clip: -moz-initial; -moz-background-origin: -moz-initial; -moz-background-inline-policy: -moz-initial; height: 0.75pt;\"\r\n width=\"1\"><br>\r\n              </td>\r\n              <td\r\n style=\"padding: 0cm; background: rgb(234, 234, 234) none repeat scroll 0%; width: 0.75pt; -moz-background-clip: -moz-initial; -moz-background-origin: -moz-initial; -moz-background-inline-policy: -moz-initial; height: 0.75pt;\"\r\n width=\"1\"><br>\r\n              </td>\r\n              <td\r\n style=\"padding: 0cm; background: rgb(240, 240, 240) none repeat scroll 0%; width: 0.75pt; -moz-background-clip: -moz-initial; -moz-background-origin: -moz-initial; -moz-background-inline-policy: -moz-initial; height: 0.75pt;\"\r\n width=\"1\"><br>\r\n              </td>\r\n            </tr>\r\n            <tr style=\"height: 0.75pt;\">\r\n              <td\r\n style=\"padding: 0cm; background: rgb(234, 234, 234) none repeat scroll 0%; width: 0.75pt; -moz-background-clip: -moz-initial; -moz-background-origin: -moz-initial; -moz-background-inline-policy: -moz-initial; height: 0.75pt;\"\r\n width=\"1\"><br>\r\n              </td>\r\n              <td\r\n style=\"padding: 0cm; background: rgb(234, 234, 234) none repeat scroll 0%; width: 0.75pt; -moz-background-clip: -moz-initial; -moz-background-origin: -moz-initial; -moz-background-inline-policy: -moz-initial; height: 0.75pt;\"\r\n width=\"1\"><br>\r\n              </td>\r\n              <td\r\n style=\"padding: 0cm; background: rgb(240, 240, 240) none repeat scroll 0%; width: 0.75pt; -moz-background-clip: -moz-initial; -moz-background-origin: -moz-initial; -moz-background-inline-policy: -moz-initial; height: 0.75pt;\"\r\n width=\"1\"><br>\r\n              </td>\r\n            </tr>\r\n            <tr style=\"height: 0.75pt;\">\r\n              <td\r\n style=\"padding: 0cm; background: rgb(240, 240, 240) none repeat scroll 0%; width: 0.75pt; -moz-background-clip: -moz-initial; -moz-background-origin: -moz-initial; -moz-background-inline-policy: -moz-initial; height: 0.75pt;\"\r\n width=\"1\"><br>\r\n              </td>\r\n              <td\r\n style=\"padding: 0cm; background: rgb(240, 240, 240) none repeat scroll 0%; width: 0.75pt; -moz-background-clip: -moz-initial; -moz-background-origin: -moz-initial; -moz-background-inline-policy: -moz-initial; height: 0.75pt;\"\r\n width=\"1\"><br>\r\n              </td>\r\n              <td\r\n style=\"padding: 0cm; background: whitesmoke none repeat scroll 0%; width: 0.75pt; -moz-background-clip: -moz-initial; -moz-background-origin: -moz-initial; -moz-background-inline-policy: -moz-initial; height: 0.75pt;\"\r\n width=\"1\"><br>\r\n              </td>\r\n            </tr>\r\n          </tbody>\r\n        </table>\r\n        </td>\r\n      </tr>\r\n    </tbody>\r\n  </table>\r\n  <p class=\"MsoNormal\"\r\n style=\"background: whitesmoke none repeat scroll 0%; -moz-background-clip: -moz-initial; -moz-background-origin: -moz-initial; -moz-background-inline-policy: -moz-initial;\"><span\r\n style=\"font-family: &quot;Arial&quot;,&quot;sans-serif&quot;; display: none;\"><o:p> </o:p></span></p>\r\n  <table class=\"MsoNormalTable\" border=\"0\" cellpadding=\"0\">\r\n    <tbody>\r\n      <tr>\r\n        <td\r\n style=\"padding: 10.5pt 7.5pt 0cm; width: 100%; font-size-adjust: none; font-stretch: normal; min-height: 40px;\"\r\n width=\"100%\">\r\n        <p class=\"MsoNormal\" style=\"line-height: 15pt;\"><span\r\n style=\"font-size: 8.5pt; font-family: &quot;Arial&quot;,&quot;sans-serif&quot;; color: rgb(100, 100, 100);\">Google\r\nДиск. Ваши файлы всегда у вас под рукой. <br>\r\nGoogle LLC, 1600 Amphitheatre Parkway, Mountain View, CA 94043, USA<o:p></o:p></span></p>\r\n        </td>\r\n        <td style=\"padding: 10.5pt 7.5pt 0cm 15pt;\">\r\n        <p class=\"MsoNormal\"><a href=\"http://drive.google.com\"\r\n target=\"_blank\"><span\r\n style=\"border: 1pt solid windowtext; padding: 0cm; text-decoration: none;\"><img\r\n id=\"_x0000_i1026\" src=\"cid:part4.00060206.01070706@tk-ptg.ru\"\r\n alt=\"Рисунок удален отправителем. Логотип (Google Диск)\" border=\"0\"\r\n height=\"96\" width=\"96\"></span></a><o:p></o:p></p>\r\n        </td>\r\n      </tr>\r\n    </tbody>\r\n  </table>\r\n  <p class=\"MsoNormal\"><span style=\"color: windowtext;\"><o:p> </o:p></span></p>\r\n  </div>\r\n</blockquote>\r\n<br>\r\n<br>\r\n</body>\r\n</html>\r\n<br><br>','UTF-8',1,0,0,'<5EE0AA10.10508@tk-ptg.ru>',1,24796,1591865508,NULL,'INBOX'),(6,'[\"boxkvt@gmail.com\"]','[\"buhgalter@tk-ptg.ru\"]','[\"vit@itilus.com\"]','[]','1591785519','Re: Транспортная компания Партнер-Транс-Гарант ИНН 7725765634','<div dir=\"ltr\">Примерно в течение часа переложу на другой ресурс.</div><br><div class=\"gmail_quote\"><div dir=\"ltr\" class=\"gmail_attr\">ср, 10 июн. 2020 г. в 12:38, Ольга &lt;<a href=\"mailto:buhgalter@tk-ptg.ru\">buhgalter@tk-ptg.ru</a>&gt;:<br></div><blockquote class=\"gmail_quote\" style=\"margin:0px 0px 0px 0.8ex;border-left:1px solid rgb(204,204,204);padding-left:1ex\"><u></u>\r\n\r\n\r\n  \r\n\r\n<div bgcolor=\"#ffffff\">\r\nКонстантин, добрый день!<br>\r\nНиже ответ наших партнеров. Можно сделать как они просят?<br>\r\nС уважением<br>\r\nОльга<br>\r\n<blockquote cite=\"http://mid6AD37D7557A0A34C91E3CCEF4B2D136004134B59@spline-mx2.spline.center\" type=\"cite\">\r\n  \r\n  \r\n\r\n  \r\n  <div>\r\n  <p class=\"MsoNormal\"><span style=\"font-size:11pt;font-family:Calibri,sans-serif;color:rgb(31,73,125)\">Добрый\r\nдень!<u></u><u></u></span></p>\r\n  <p class=\"MsoNormal\"><span style=\"font-size:11pt;font-family:Calibri,sans-serif;color:rgb(31,73,125)\">Мы\r\nне можем скачать этот файл, попробуйте выложить на другой источник,<u></u><u></u></span></p>\r\n  <p class=\"MsoNormal\"><span style=\"font-size:11pt;font-family:Calibri,sans-serif;color:rgb(31,73,125)\">Например,\r\nна Яндекс.Диск<u></u><u></u></span></p>\r\n  <p class=\"MsoNormal\"><span style=\"font-size:11pt;font-family:Calibri,sans-serif;color:rgb(31,73,125)\"><u></u> <u></u></span></p>\r\n  <div>\r\n  <p class=\"MsoNormal\"><b><span style=\"font-size:11pt;font-family:Calibri,sans-serif;color:rgb(0,112,192)\">С\r\nуважением, <u></u><u></u></span></b></p>\r\n  <p class=\"MsoNormal\"><b><span style=\"font-size:11pt;font-family:Calibri,sans-serif;color:rgb(0,112,192)\">Маланова\r\nОльга<u></u><u></u></span></b></p>\r\n  <p class=\"MsoNormal\"><b><span style=\"font-size:11pt;font-family:Calibri,sans-serif;color:rgb(0,112,192)\">руководитель\r\nсектора<u></u><u></u></span></b></p>\r\n  <p class=\"MsoNormal\"><b><span style=\"font-size:11pt;font-family:Calibri,sans-serif;color:rgb(0,112,192)\">бухгалтерского\r\nПО<u></u><u></u></span></b></p>\r\n  <p class=\"MsoNormal\"><b><span style=\"font-size:11pt;font-family:Calibri,sans-serif;color:rgb(0,112,192)\">ООО\r\n&quot;Сплайн-Сервис&quot;<u></u><u></u></span></b></p>\r\n  <p class=\"MsoNormal\"><b><span style=\"font-size:11pt;font-family:Calibri,sans-serif;color:rgb(0,112,192)\">код\r\nпартнера 02507-45<u></u><u></u></span></b></p>\r\n  <table style=\"border-collapse:collapse\" border=\"0\" cellpadding=\"0\" cellspacing=\"0\">\r\n    <tbody>\r\n      <tr>\r\n        <td style=\"padding:0cm 5.4pt\" valign=\"top\">\r\n        <p class=\"MsoNormal\"><span style=\"font-size:11pt;font-family:Calibri,sans-serif;color:rgb(0,112,192)\"><img id=\"gmail-m_-5784813197792173546Рисунок_x0020_1\" src=\"cid:1729dcea487c204bfcc1\" alt=\"cid:image001.png@01D4C1F8.A62DDA20\" height=\"25\" width=\"25\"></span><span style=\"font-size:11pt;font-family:Calibri,sans-serif;color:rgb(0,112,192)\"><u></u><u></u></span></p>\r\n        </td>\r\n        <td style=\"padding:0cm 5.4pt\">\r\n        <p class=\"MsoNormal\"><b><span style=\"font-size:11pt;font-family:Calibri,sans-serif;color:rgb(0,112,192)\" lang=\"EN-US\">(</span></b><b><span style=\"font-size:11pt;font-family:Calibri,sans-serif;color:rgb(0,112,192)\">495)\r\n580-25-58<u></u><u></u></span></b></p>\r\n        </td>\r\n      </tr>\r\n      <tr>\r\n        <td style=\"padding:0cm 5.4pt\" valign=\"top\">\r\n        <p class=\"MsoNormal\"><span style=\"font-size:11pt;font-family:Calibri,sans-serif;color:rgb(0,112,192)\"><img id=\"gmail-m_-5784813197792173546Рисунок_x0020_2\" src=\"cid:1729dcea487c204bfcc2\" alt=\"cid:image002.png@01D4C1F8.A62DDA20\" height=\"23\" width=\"23\"></span><span style=\"font-size:11pt;font-family:Calibri,sans-serif;color:rgb(0,112,192)\"><u></u><u></u></span></p>\r\n        </td>\r\n        <td style=\"padding:0cm 5.4pt\">\r\n        <p class=\"MsoNormal\"><b><span style=\"font-size:11pt;font-family:Calibri,sans-serif;color:rgb(0,112,192)\" lang=\"EN-US\">1c<a href=\"mailto:soft@debet.ru\" target=\"_blank\"><span style=\"color:rgb(0,112,192);text-decoration:none\">soft@debet.ru</span></a></span></b><span style=\"font-size:11pt;font-family:Calibri,sans-serif;color:rgb(0,112,192)\"><u></u><u></u></span></p>\r\n        </td>\r\n      </tr>\r\n      <tr>\r\n        <td style=\"padding:0cm 5.4pt\" valign=\"top\">\r\n        <p class=\"MsoNormal\"><span style=\"font-size:11pt;font-family:Calibri,sans-serif;color:rgb(0,112,192)\"><img id=\"gmail-m_-5784813197792173546Рисунок_x0020_3\" src=\"cid:1729dcea487c204bfcc3\" alt=\"cid:image003.jpg@01D4C1F8.A62DDA20\" border=\"0\" height=\"24\" width=\"24\"></span><span style=\"font-size:11pt;font-family:Calibri,sans-serif;color:rgb(0,112,192)\"><u></u><u></u></span></p>\r\n        </td>\r\n        <td style=\"padding:0cm 5.4pt\">\r\n        <p class=\"MsoNormal\" style=\"text-align:center\" align=\"center\"><b><span style=\"font-size:11pt;font-family:Calibri,sans-serif;color:rgb(0,112,192)\" lang=\"EN-US\"><a href=\"http://www.spline-service.ru\" target=\"_blank\"><span style=\"color:rgb(0,112,192)\">www.spline-service.ru</span></a><u></u><u></u></span></b></p>\r\n        </td>\r\n      </tr>\r\n    </tbody>\r\n  </table>\r\n  <p class=\"MsoNormal\"><span style=\"font-size:11pt;font-family:Calibri,sans-serif;color:rgb(31,73,125)\"><u></u> <u></u></span></p>\r\n  </div>\r\n  <p class=\"MsoNormal\"><span style=\"font-size:11pt;font-family:Calibri,sans-serif;color:rgb(31,73,125)\"><u></u> <u></u></span></p>\r\n  <div>\r\n  <div style=\"border-style:solid none none;border-width:1pt medium medium;padding:3pt 0cm 0cm\">\r\n  <p class=\"MsoNormal\"><b><span style=\"font-size:10pt;font-family:Tahoma,sans-serif;color:windowtext\">From:</span></b><span style=\"font-size:10pt;font-family:Tahoma,sans-serif;color:windowtext\">\r\nОльга [<a href=\"mailto:buhgalter@tk-ptg.ru\" target=\"_blank\">mailto:buhgalter@tk-ptg.ru</a>] <br>\r\n  <b>Posted At:</b> Wednesday, June 10, 2020 10:44 AM<br>\r\n  <b>Posted To:</b> bsoft<br>\r\n  <b>Conversation:</b> Транспортная компания Партнер-Транс-Гарант ИНН\r\n7725765634<br>\r\n  <b>Subject:</b> Транспортная компания Партнер-Транс-Гарант ИНН\r\n7725765634<u></u><u></u></span></p>\r\n  </div>\r\n  </div>\r\n  <p class=\"MsoNormal\"><u></u> <u></u></p>\r\n  <p class=\"MsoNormal\" style=\"margin-bottom:12pt\">Добрый день!<br>\r\nДоступ к копии базы 1-С ООО &quot;ТК ПТГ&quot;<u></u><u></u></p>\r\n  <div style=\"border-style:none solid;border-width:medium 1pt;padding:0cm\">\r\n  <div style=\"border-style:none solid;border-width:medium 1pt;padding:0cm 24pt\">\r\n  <div>\r\n  <p class=\"MsoNormal\" style=\"background:none 0% 50% repeat scroll white;line-height:13.5pt\"><span style=\"font-size:10.5pt;font-family:Arial,sans-serif;color:rgb(68,68,68)\">Пользователь\r\n  <a href=\"mailto:boxkvt@gmail.com\" target=\"_blank\"><span style=\"text-decoration:none\">boxkvt@gmail.com</span></a>\r\nоткрыл Вам доступ к следующему файлу:<u></u><u></u></span></p>\r\n  </div>\r\n  <div>\r\n  <div style=\"border-style:none none solid;border-width:medium medium 3pt;padding:0cm;display:table-row\">\r\n  <div>\r\n  <p class=\"MsoNormal\" style=\"background:none 0% 50% repeat scroll white\"><span style=\"border:1pt solid windowtext;padding:0cm;font-size:13.5pt;font-family:Arial,sans-serif\"><img id=\"gmail-m_-5784813197792173546_x0000_i1025\" src=\"cid:1729dcea487c204bfcc4\" alt=\"Рисунок удален отправителем.\" border=\"0\" height=\"100\" width=\"100\"></span><span style=\"font-size:13.5pt;font-family:Arial,sans-serif\"><u></u><u></u></span></p>\r\n  </div>\r\n  <p class=\"MsoNormal\" style=\"background:none 0% 50% repeat scroll white\"><span style=\"font-size:13.5pt;font-family:Arial,sans-serif\"><a href=\"https://drive.google.com/file/d/1ZaUdJULIelJc2e9KscCzV_Myq1YA_fw6/view?usp=sharing_eil&amp;invite=CNqs980K&amp;ts=5ee07fbf\" target=\"_blank\"><span style=\"color:rgb(51,103,214);text-decoration:none\">1Cv8exp10062020.dt</span></a>\r\n  <u></u><u></u></span></p>\r\n  </div>\r\n  </div>\r\n  <div>\r\n  <p class=\"MsoNormal\" style=\"background:none 0% 50% repeat scroll white\"><span style=\"font-family:Arial,sans-serif\"><a href=\"https://drive.google.com/file/d/1ZaUdJULIelJc2e9KscCzV_Myq1YA_fw6/view?usp=sharing_eip&amp;invite=CNqs980K&amp;ts=5ee07fbf\" target=\"_blank\"><b><span style=\"border:1pt solid rgb(48,121,237);padding:0cm;background:none 0% 50% repeat scroll rgb(77,144,254);font-size:8.5pt;color:white;text-decoration:none\">Открыть</span></b></a><u></u><u></u></span></p>\r\n  </div>\r\n  <div>\r\n  <p class=\"MsoNormal\" style=\"background:none 0% 50% repeat scroll rgb(252,232,178)\"><span style=\"font-size:10pt;font-family:Arial,sans-serif;color:rgb(68,68,68)\">С\r\nпомощью этого приглашения можно получить доступ к файлу или папке без\r\nвхода в аккаунт. Поэтому не отправляйте данное письмо тем, кому не\r\nдоверяете.<u></u><u></u></span></p>\r\n  </div>\r\n  </div>\r\n  </div>\r\n  <table style=\"width:100%;border-collapse:collapse\" border=\"0\" cellpadding=\"0\" cellspacing=\"0\" width=\"100%\">\r\n    <tbody>\r\n      <tr>\r\n        <td style=\"padding:0cm\">\r\n        <table style=\"width:2.25pt;border-collapse:collapse\" border=\"0\" cellpadding=\"0\" cellspacing=\"0\" width=\"3\">\r\n          <tbody>\r\n            <tr style=\"height:0.75pt\">\r\n              <td style=\"padding:0cm;background:none 0% 50% repeat scroll rgb(240,240,240);width:0.75pt;height:0.75pt\" width=\"1\"><br>\r\n              </td>\r\n              <td style=\"padding:0cm;background:none 0% 50% repeat scroll rgb(234,234,234);width:0.75pt;height:0.75pt\" width=\"1\"><br>\r\n              </td>\r\n              <td style=\"padding:0cm;background:none 0% 50% repeat scroll rgb(229,229,229);width:0.75pt;height:0.75pt\" width=\"1\"><br>\r\n              </td>\r\n            </tr>\r\n            <tr style=\"height:0.75pt\">\r\n              <td style=\"padding:0cm;background:none 0% 50% repeat scroll rgb(240,240,240);width:0.75pt;height:0.75pt\" width=\"1\"><br>\r\n              </td>\r\n              <td style=\"padding:0cm;background:none 0% 50% repeat scroll rgb(234,234,234);width:0.75pt;height:0.75pt\" width=\"1\"><br>\r\n              </td>\r\n              <td style=\"padding:0cm;background:none 0% 50% repeat scroll rgb(234,234,234);width:0.75pt;height:0.75pt\" width=\"1\"><br>\r\n              </td>\r\n            </tr>\r\n            <tr style=\"height:0.75pt\">\r\n              <td style=\"padding:0cm;background:none 0% 50% repeat scroll whitesmoke;width:0.75pt;height:0.75pt\" width=\"1\"><br>\r\n              </td>\r\n              <td style=\"padding:0cm;background:none 0% 50% repeat scroll rgb(240,240,240);width:0.75pt;height:0.75pt\" width=\"1\"><br>\r\n              </td>\r\n              <td style=\"padding:0cm;background:none 0% 50% repeat scroll rgb(240,240,240);width:0.75pt;height:0.75pt\" width=\"1\"><br>\r\n              </td>\r\n            </tr>\r\n          </tbody>\r\n        </table>\r\n        </td>\r\n        <td style=\"padding:0cm;width:100%\" width=\"100%\"><br>\r\n        </td>\r\n        <td style=\"padding:0cm\">\r\n        <table style=\"width:2.25pt;border-collapse:collapse\" border=\"0\" cellpadding=\"0\" cellspacing=\"0\" width=\"3\">\r\n          <tbody>\r\n            <tr style=\"height:0.75pt\">\r\n              <td style=\"padding:0cm;background:none 0% 50% repeat scroll rgb(229,229,229);width:0.75pt;height:0.75pt\" width=\"1\"><br>\r\n              </td>\r\n              <td style=\"padding:0cm;background:none 0% 50% repeat scroll rgb(234,234,234);width:0.75pt;height:0.75pt\" width=\"1\"><br>\r\n              </td>\r\n              <td style=\"padding:0cm;background:none 0% 50% repeat scroll rgb(240,240,240);width:0.75pt;height:0.75pt\" width=\"1\"><br>\r\n              </td>\r\n            </tr>\r\n            <tr style=\"height:0.75pt\">\r\n              <td style=\"padding:0cm;background:none 0% 50% repeat scroll rgb(234,234,234);width:0.75pt;height:0.75pt\" width=\"1\"><br>\r\n              </td>\r\n              <td style=\"padding:0cm;background:none 0% 50% repeat scroll rgb(234,234,234);width:0.75pt;height:0.75pt\" width=\"1\"><br>\r\n              </td>\r\n              <td style=\"padding:0cm;background:none 0% 50% repeat scroll rgb(240,240,240);width:0.75pt;height:0.75pt\" width=\"1\"><br>\r\n              </td>\r\n            </tr>\r\n            <tr style=\"height:0.75pt\">\r\n              <td style=\"padding:0cm;background:none 0% 50% repeat scroll rgb(240,240,240);width:0.75pt;height:0.75pt\" width=\"1\"><br>\r\n              </td>\r\n              <td style=\"padding:0cm;background:none 0% 50% repeat scroll rgb(240,240,240);width:0.75pt;height:0.75pt\" width=\"1\"><br>\r\n              </td>\r\n              <td style=\"padding:0cm;background:none 0% 50% repeat scroll whitesmoke;width:0.75pt;height:0.75pt\" width=\"1\"><br>\r\n              </td>\r\n            </tr>\r\n          </tbody>\r\n        </table>\r\n        </td>\r\n      </tr>\r\n    </tbody>\r\n  </table>\r\n  <p class=\"MsoNormal\" style=\"background:none 0% 50% repeat scroll whitesmoke\"><span style=\"font-family:Arial,sans-serif;display:none\"><u></u> <u></u></span></p>\r\n  <table border=\"0\" cellpadding=\"0\">\r\n    <tbody>\r\n      <tr>\r\n        <td style=\"padding:10.5pt 7.5pt 0cm;width:100%;font-stretch:normal;min-height:40px\" width=\"100%\">\r\n        <p class=\"MsoNormal\" style=\"line-height:15pt\"><span style=\"font-size:8.5pt;font-family:Arial,sans-serif;color:rgb(100,100,100)\">Google\r\nДиск. Ваши файлы всегда у вас под рукой. <br>\r\nGoogle LLC, 1600 Amphitheatre Parkway, Mountain View, CA 94043, USA<u></u><u></u></span></p>\r\n        </td>\r\n        <td style=\"padding:10.5pt 7.5pt 0cm 15pt\">\r\n        <p class=\"MsoNormal\"><a href=\"http://drive.google.com\" target=\"_blank\"><span style=\"border:1pt solid windowtext;padding:0cm;text-decoration:none\"><img id=\"gmail-m_-5784813197792173546_x0000_i1026\" src=\"cid:1729dcea487c204bfcc4\" alt=\"Рисунок удален отправителем. Логотип (Google Диск)\" border=\"0\" height=\"96\" width=\"96\"></span></a><u></u><u></u></p>\r\n        </td>\r\n      </tr>\r\n    </tbody>\r\n  </table>\r\n  <p class=\"MsoNormal\"><span style=\"color:windowtext\"><u></u> <u></u></span></p>\r\n  </div>\r\n</blockquote>\r\n<br>\r\n<br>\r\n</div>\r\n\r\n</blockquote></div>\r\n<br><br>','UTF-8',1,0,0,'<CANB8VDf7wRT1BgrvXmBVmbXWsOK7E6MN6EtKxDqPh=u4nF+7Zw@mail.gmail.com>',1,24797,1591865508,NULL,'INBOX'),(6,'[\"support@sigmasms.ru\"]','[\"vit@itilus.com\"]','[]','[]','1591863724','Критическое значение баланса в личном кабинете по адресу: online.sigmasms.ru','<p>Уважаемый Клиент,<br />Логин: vitali187 на online.sigmasms.ru</p><p>Внимание!</p><p>Ваш баланс преодолел критическое значение.<br />Доступно к использованию: 20 руб.</p><p></p><p>Напоминаем о необходимости его пополнить.<br /></p><p>&nbsp;</p><p><br />Если у вас остались вопросы, напишите по адресу info@sigmasms.ru.</p><p>С уважением Sigma SMS</p><br><br>','utf-8',1,0,0,'<80fc9d5a-1895-1e9b-b3d7-d3ad41e2807f@sigmasms.ru>',1,24800,1591865509,NULL,'INBOX'),(6,'[\"support@sigmasms.ru\"]','[\"vit@itilus.com\"]','[]','[]','1591863726','Спасибо за регистрацию на платформе СМС рассылок','Спасибо за регистрацию на платформе СМС рассылок.<br><br>Ваш логин и пароль для входа в платформу:<br>Логин: vitali187<br>Пароль: mlc7iws8<br><br>Внимание!<br>Вам начислен тестовый баланс 20 рублей. Начинайте прямо сейчас!<br><br>','utf-8',1,0,0,'<d7b75d50-c31c-8c20-b24c-cc220a451d25@sigmasms.ru>',1,24801,1591865509,NULL,'INBOX'),(6,'[\"info@sigmasms.ru\"]','[\"vit@itilus.com\"]','[]','[]','1591863802','Спасибо за регистрацию на online.sigmasms.ru','<!DOCTYPE html><html xmlns:v=\"urn:schemas-microsoft-com:vml\" xmlns:o=\"urn:schemas-microsoft-com:office:office\"><head><title></title><meta http-equiv=\"Content-Type\" content=\"text/html; charset=utf-8\"><meta http-equiv=\"X-UA-Compatible\" content=\"IE=edge\"><meta name=\"viewport\" content=\"width=device-width, initial-scale=1.0\"><meta name=\"format-detection\" content=\"telephone=no\"><!--[if !mso]><!--><link href=\"https://fonts.googleapis.com/css?family=Lato:100,100i,300,300i,400,700,700i,900,900i\" rel=\"stylesheet\"><!--<![endif]--><style type=\"text/css\">/*<![CDATA[*/body {margin: 0;padding: 0;-webkit-text-size-adjust: 100% !important;-ms-text-size-adjust: 100% !important;-webkit-font-smoothing: antialiased !important;}img {border: 0 !important;outline: none !important;}table {border-collapse: collapse;mso-table-lspace: 0px;mso-table-rspace: 0px;}td, a, span {border-collapse: collapse;mso-line-height-rule: exactly;}/*]]>*/</style></head><body class=\"em_body\" style=\"margin:0px auto; padding:0px;\" bgcolor=\"#EFEFEF\"><table style=\"width: 100%\" width=\"100%\"><tr style=\"line-height: 0\"><td>&nbsp;</td><td align=\"center\" width=\"1\" style=\"text-align: center; width: 1px;\"><img width=\"1\" height=\"1\" style=\"width: 1px; height: 1px;\" src=\"https://s7190865.sendpul.se/events/statistic/v2/open/eyJldmVudF9pZCI6ImNkNjc1MGFiZjhkMzQyYjdlOTE4ZjBjOGNiNjM3MTUzIiwiZXZlbnRzX3VzZXJfbGlzdF9pZCI6MSwiZmxvd19pZCI6MTUzNTczLCJwYXJlbnRfaWQiOjE1MzU3MCwidXNlcl9pZCI6NzE5MDg2NX0=\" alt=\"pry\" /></td><td>&nbsp;</td></tr></table><br><table width=\"100%\" border=\"0\" cellspacing=\"0\" cellpadding=\"0\" class=\"em_full_wrap\" align=\"center\" bgcolor=\"#EFEFEF\"><tbody><tr><td align=\"center\" valign=\"top\"><table align=\"center\" width=\"650\" border=\"0\" cellspacing=\"0\" cellpadding=\"0\" class=\"em_main_table\" style=\"width: 650px; table-layout: fixed;\"><tbody><tr><td align=\"center\" valign=\"top\" style=\"padding: 0 25px;\" class=\"em_aside10\"><table width=\"100%\" border=\"0\" cellspacing=\"0\" cellpadding=\"0\" align=\"center\"><tbody><tr><td height=\"26\" style=\"height: 26px;\" class=\"em_h20\"> </td></tr><tr><td align=\"center\" valign=\"top\"><a rel=\"noopener noreferrer\" rel=\"noopener noreferrer\" href=\"https://s7190865.sendpul.se/events/statistic/v2/click/eyJ0eXBlIjoiZW1haWwiLCJldmVudF9pZCI6ImNkNjc1MGFiZjhkMzQyYjdlOTE4ZjBjOGNiNjM3MTUzIiwiZXZlbnRzX3VzZXJfbGlzdF9pZCI6MSwibGlua19pZCI6MSwibGlua191cmwiOiJodHRwOlwvXC9odHRwcz91dG1fY2FtcGFpZ249YTM2MC1hbW8tdGVzdG92YXlhJnV0bV9zb3VyY2U9c2VuZHB1bHNlJnV0bV9tZWRpdW09ZW1haWwiLCJmbG93X2lkIjoxNTM1NzMsInBhcmVudF9pZCI6MTUzNTcwLCJ1c2VyX2lkIjo3MTkwODY1LCJ1cmxfaGFzaCI6IjM3NGQ0YTI5ZWFmMWIzZTI0ZjhkOWVhODAzNzMyMmE0In0=\" target=\"_blank\" style=\"text-decoration: none;\"><img src=\"https://sigmasms.ru/images/sigmasms_logo.png\" width=\"208\" height=\"78\" alt=\"meowgun\" border=\"0\" style=\"display: block; font-family: Arial, sans-serif; font-size: 18px; line-height: 25px; text-align: center; color: #1d4685; font-weight: bold; max-width: 208px;\" class=\"em_w150\"></a></td></tr></tbody></table></td></tr></tbody></table></td></tr></tbody></table><table width=\"100%\" border=\"0\" cellspacing=\"0\" cellpadding=\"0\" class=\"em_full_wrap\" align=\"center\" bgcolor=\"#EFEFEF\"><tbody><tr><td align=\"center\" valign=\"top\"><table align=\"center\" width=\"650\" border=\"0\" cellspacing=\"0\" cellpadding=\"0\" class=\"em_main_table\" style=\"width: 650px; table-layout: fixed; background-color: #f8f8f8;\"><tbody><tr><td align=\"center\" valign=\"top\" style=\"padding: 0 25px; background-color: #efefef;\" bgcolor=\"#EFEFEF\" class=\"em_aside10\"><table width=\"100%\" border=\"0\" cellspacing=\"0\" cellpadding=\"0\" align=\"center\"><tbody><tr><td height=\"22\" class=\"em_h20\" style=\"height: 22px; font-size: 0px; line-height: 0px;\"> </td></tr><tr><td valign=\"top\" align=\"left\" bgcolor=\"#FFFFFF\" style=\"padding-left: 25px; padding-right: 35px; background-color: #ffffff;\" class=\"em_aside10\"><table width=\"100%\" border=\"0\" cellspacing=\"0\" cellpadding=\"0\" align=\"left\"><tbody><tr><td height=\"22\" style=\"height: 22px;\" class=\"em_h20\"> </td></tr><tr><td class=\"em_blue em_center\" align=\"left\" valign=\"top\" style=\"font-family: Arial, sans-serif; font-size: 20px; line-height: 24px; color: #000000; font-weight: bold;\">Здравствуйте, Виталий!</td></tr><tr><td height=\"8\" style=\"height: 8px; font-size: 0px; line-height: 0px;\"> </td></tr><tr><td class=\"em_grey em_center\" align=\"left\" valign=\"top\" style=\"font-family: Arial, sans-serif; font-size: 16px; line-height: 24px; color: #434343;\"><p>Спасибо за обращение в нашу компанию.</p><p>Мы ценим доверие, оказанное нашей команде, создавшей лучшее техническое решение в своем сегменте рынка. Мы будем дальше заботиться о результативности вашего бизнеса.</p><p>Сообщаем, что <strong>регистрация прошла успешно</strong>.</p><p>Ваш логин и пароль для авторизации на <a rel=\"noopener noreferrer\" rel=\"noopener noreferrer\" href=\"https://s7190865.sendpul.se/events/statistic/v2/click/eyJ0eXBlIjoiZW1haWwiLCJldmVudF9pZCI6ImNkNjc1MGFiZjhkMzQyYjdlOTE4ZjBjOGNiNjM3MTUzIiwiZXZlbnRzX3VzZXJfbGlzdF9pZCI6MSwibGlua19pZCI6MSwibGlua191cmwiOiJodHRwczpcL1wvb25saW5lLnNpZ21hc21zLnJ1XC8/dXRtX2NhbXBhaWduPWEzNjAtYW1vLXRlc3RvdmF5YSZ1dG1fc291cmNlPXNlbmRwdWxzZSZ1dG1fbWVkaXVtPWVtYWlsI1wvbG9naW4iLCJmbG93X2lkIjoxNTM1NzMsInBhcmVudF9pZCI6MTUzNTcwLCJ1c2VyX2lkIjo3MTkwODY1LCJ1cmxfaGFzaCI6IjA1N2FhODk3MWYyMTI3OWU2NjIxZWE2YWI4MTFjODAyIn0=\">https://online.sigmasms.ru/#/login</a>:<br>Ваш логин:  vitali187<br>Ваш пароль:mlc7iws8</p><p>Начинайте пользоваться прямо сейчас, мы <strong>начислили вам тестовый баланс</strong>!</p><p>Далее мы вышлем вам несколько коротких, но важных писем.<br>Большая просьба не игнорировать их и <strong>не удалять</strong>. С ними будет проще настроить систему, сэкономив время и деньги.</p><p>Если нам надо ускориться и уделить вам больше внимания, свяжитесь с нами прямо сейчас:</p><ul><li>позвонив на телефон горячей линии <a rel=\"noopener noreferrer\" rel=\"noopener noreferrer\" href=\"https://s7190865.sendpul.se/events/statistic/v2/click/eyJ0eXBlIjoiZW1haWwiLCJldmVudF9pZCI6ImNkNjc1MGFiZjhkMzQyYjdlOTE4ZjBjOGNiNjM3MTUzIiwiZXZlbnRzX3VzZXJfbGlzdF9pZCI6MSwibGlua19pZCI6MSwibGlua191cmwiOiJ0ZWw6ODgwMDMzMzE2NTAiLCJmbG93X2lkIjoxNTM1NzMsInBhcmVudF9pZCI6MTUzNTcwLCJ1c2VyX2lkIjo3MTkwODY1LCJ1cmxfaGFzaCI6IjY4MzY0OGIxMmJhNDI3OGNhYzM4MDdiMDdmNzZjNTEzIn0=\" style=\"text-decoration: underline; color: #fe9f00;\">8 800 333-16-50</a></li><li>отправить ответное письмо в службу поддержки на адрес <a rel=\"noopener noreferrer\" rel=\"noopener noreferrer\" href=\"mailto:\" style=\"text-decoration: underline; color: #fe9f00;\">info@sigmasms.ru</a></li><li>написать нам в официальные группы в соцсетях и чатах мессенджеров <a rel=\"noopener noreferrer\" rel=\"noopener noreferrer\" href=\"https://s7190865.sendpul.se/events/statistic/v2/click/eyJ0eXBlIjoiZW1haWwiLCJldmVudF9pZCI6ImNkNjc1MGFiZjhkMzQyYjdlOTE4ZjBjOGNiNjM3MTUzIiwiZXZlbnRzX3VzZXJfbGlzdF9pZCI6MSwibGlua19pZCI6MSwibGlua191cmwiOiJodHRwczpcL1wvdmsuY29tXC9zaWdtYXNtc3J1P3V0bV9jYW1wYWlnbj1hMzYwLWFtby10ZXN0b3ZheWEmdXRtX3NvdXJjZT1zZW5kcHVsc2UmdXRtX21lZGl1bT1lbWFpbCIsImZsb3dfaWQiOjE1MzU3MywicGFyZW50X2lkIjoxNTM1NzAsInVzZXJfaWQiOjcxOTA4NjUsInVybF9oYXNoIjoiY2UxYWQ1M2FhNzBlNjk0YWY0N2RlODhhY2NmOTRiYjgifQ==\" target=\"_blank\" style=\"text-decoration: underline; color: #fe9f00;\">ВКонтакте</a>, <a rel=\"noopener noreferrer\" rel=\"noopener noreferrer\" href=\"https://s7190865.sendpul.se/events/statistic/v2/click/eyJ0eXBlIjoiZW1haWwiLCJldmVudF9pZCI6ImNkNjc1MGFiZjhkMzQyYjdlOTE4ZjBjOGNiNjM3MTUzIiwiZXZlbnRzX3VzZXJfbGlzdF9pZCI6MSwibGlua19pZCI6MSwibGlua191cmwiOiJodHRwczpcL1wvd3d3LmZhY2Vib29rLmNvbVwvU2lnbWFzbXMtMjE4MzU4NzIxMTkwMjgxMlwvP3V0bV9jYW1wYWlnbj1hMzYwLWFtby10ZXN0b3ZheWEmdXRtX3NvdXJjZT1zZW5kcHVsc2UmdXRtX21lZGl1bT1lbWFpbCIsImZsb3dfaWQiOjE1MzU3MywicGFyZW50X2lkIjoxNTM1NzAsInVzZXJfaWQiOjcxOTA4NjUsInVybF9oYXNoIjoiYmUwNDc4ODEyYWMwZGU3YzVmZTVhYmM1ZDY3ZTgwYTkifQ==\" target=\"_blank\" style=\"text-decoration: underline; color: #fe9f00;\">Facebook</a>, <a rel=\"noopener noreferrer\" rel=\"noopener noreferrer\" href=\"https://s7190865.sendpul.se/events/statistic/v2/click/eyJ0eXBlIjoiZW1haWwiLCJldmVudF9pZCI6ImNkNjc1MGFiZjhkMzQyYjdlOTE4ZjBjOGNiNjM3MTUzIiwiZXZlbnRzX3VzZXJfbGlzdF9pZCI6MSwibGlua19pZCI6MSwibGlua191cmwiOiJ2aWJlcjpcL1wvcGE/Y2hhdFVSST1zaWdtYXNtc3J1IiwiZmxvd19pZCI6MTUzNTczLCJwYXJlbnRfaWQiOjE1MzU3MCwidXNlcl9pZCI6NzE5MDg2NSwidXJsX2hhc2giOiIyNjVkNTBmNzgyODkyOTQ4N2M0MjY3YzA5N2RlZTBiYiJ9\" target=\"_blank\" style=\"text-decoration: underline; color: #fe9f00;\">Viber</a>, <a rel=\"noopener noreferrer\" rel=\"noopener noreferrer\" href=\"https://s7190865.sendpul.se/events/statistic/v2/click/eyJ0eXBlIjoiZW1haWwiLCJldmVudF9pZCI6ImNkNjc1MGFiZjhkMzQyYjdlOTE4ZjBjOGNiNjM3MTUzIiwiZXZlbnRzX3VzZXJfbGlzdF9pZCI6MSwibGlua19pZCI6MSwibGlua191cmwiOiJodHRwczpcL1wvdC5tZVwvc2lnbWFzbXNfYm90P3V0bV9jYW1wYWlnbj1hMzYwLWFtby10ZXN0b3ZheWEmdXRtX3NvdXJjZT1zZW5kcHVsc2UmdXRtX21lZGl1bT1lbWFpbCIsImZsb3dfaWQiOjE1MzU3MywicGFyZW50X2lkIjoxNTM1NzAsInVzZXJfaWQiOjcxOTA4NjUsInVybF9oYXNoIjoiNWMwNTBjM2ZmN2IxODM2NTgwYThjZTZhMTE3MDgyMzQifQ==\" target=\"_blank\" style=\"text-decoration: underline; color: #fe9f00;\">Telegram</a>, <a rel=\"noopener noreferrer\" rel=\"noopener noreferrer\" href=\"https://s7190865.sendpul.se/events/statistic/v2/click/eyJ0eXBlIjoiZW1haWwiLCJldmVudF9pZCI6ImNkNjc1MGFiZjhkMzQyYjdlOTE4ZjBjOGNiNjM3MTUzIiwiZXZlbnRzX3VzZXJfbGlzdF9pZCI6MSwibGlua19pZCI6MSwibGlua191cmwiOiJodHRwczpcL1wvd2EubWVcLzc5NjUwMDA1NTY2P3V0bV9jYW1wYWlnbj1hMzYwLWFtby10ZXN0b3ZheWEmdXRtX3NvdXJjZT1zZW5kcHVsc2UmdXRtX21lZGl1bT1lbWFpbCIsImZsb3dfaWQiOjE1MzU3MywicGFyZW50X2lkIjoxNTM1NzAsInVzZXJfaWQiOjcxOTA4NjUsInVybF9oYXNoIjoiYzI4MGMxZTZkNjZmNmVmN2MxM2I4MGNkZGI1NTM4NDYifQ==\" target=\"_blank\" style=\"text-decoration: underline; color: #fe9f00;\">WhatsApp</a>.</li></ul><p>С уважением к вашему делу,<br>команда SigmaSMS</p></td></tr><tr><td height=\"16\" style=\"height: 16px; font-size: 1px; line-height: 1px;\"> </td></tr></tbody></table></td></tr></tbody></table></td></tr><tr><td height=\"20\" class=\"em_h10\" bgcolor=\"#EFEFEF\" style=\"height: 20px; font-size: 1px; line-height: 1px; background-color: #efefef;\"> </td></tr></tbody></table></td></tr></tbody></table><table width=\"100%\" border=\"0\" cellspacing=\"0\" cellpadding=\"0\" class=\"em_full_wrap\" align=\"center\" bgcolor=\"#EFEFEF\"><tbody><tr><td align=\"center\" valign=\"top\"><table align=\"center\" width=\"650\" border=\"0\" cellspacing=\"0\" cellpadding=\"0\" class=\"em_main_table\" style=\"width: 650px; table-layout: fixed;\"><tbody><tr><td align=\"center\" valign=\"top\" style=\"padding: 0 25px;\" class=\"em_aside10\"></td></tr><tr><td class=\"em_hide\" style=\"line-height: 1px; min-width: 650px; background-color: #efefef;\"><img alt=\"\" src=\"https://app.eu.mailgun.com/assets/templates/spacer.gif\" height=\"1\" width=\"650\" style=\"max-height: 1px; min-height: 1px; display: block; width: 650px; min-width: 650px;\" border=\"0\"></td></tr></tbody></table></td></tr></tbody></table></body></html><div><a  href=\"https://s7190865.sendpul.se/events/unsubscribe/ru/cd6750abf8d342b7e918f0c8cb637153/153573/7190865\">Отказаться от рассылки</a><div><br><br>','utf-8',1,0,0,'<1jjIUR-000T1P-SF@mx214.sendpulse.me>',1,24802,1591865509,NULL,'INBOX'),(6,'[\"info@sigmasms.ru\"]','[\"vit@itilus.com\"]','[]','[]','1591864287','Спасибо за регистрацию на online.sigmasms.ru','<!DOCTYPE html><html xmlns:v=\"urn:schemas-microsoft-com:vml\" xmlns:o=\"urn:schemas-microsoft-com:office:office\"><head><title></title><meta http-equiv=\"Content-Type\" content=\"text/html; charset=utf-8\"><meta http-equiv=\"X-UA-Compatible\" content=\"IE=edge\"><meta name=\"viewport\" content=\"width=device-width, initial-scale=1.0\"><meta name=\"format-detection\" content=\"telephone=no\"><!--[if !mso]><!--><link href=\"https://fonts.googleapis.com/css?family=Lato:100,100i,300,300i,400,700,700i,900,900i\" rel=\"stylesheet\"><!--<![endif]--><style type=\"text/css\">/*<![CDATA[*/body {margin: 0;padding: 0;-webkit-text-size-adjust: 100% !important;-ms-text-size-adjust: 100% !important;-webkit-font-smoothing: antialiased !important;}img {border: 0 !important;outline: none !important;}table {border-collapse: collapse;mso-table-lspace: 0px;mso-table-rspace: 0px;}td, a, span {border-collapse: collapse;mso-line-height-rule: exactly;}/*]]>*/</style></head><body class=\"em_body\" style=\"margin:0px auto; padding:0px;\" bgcolor=\"#EFEFEF\"><table style=\"width: 100%\" width=\"100%\"><tr style=\"line-height: 0\"><td>&nbsp;</td><td align=\"center\" width=\"1\" style=\"text-align: center; width: 1px;\"><img width=\"1\" height=\"1\" style=\"width: 1px; height: 1px;\" src=\"https://s7190865.sendpul.se/events/statistic/v2/open/eyJldmVudF9pZCI6ImJkOTU5MWZhODI4MDQ4YTNjN2Y0NGM4NzM4ZDdkYjFlIiwiZXZlbnRzX3VzZXJfbGlzdF9pZCI6MSwiZmxvd19pZCI6MTUzNTczLCJwYXJlbnRfaWQiOjE1MzU3MCwidXNlcl9pZCI6NzE5MDg2NX0=\" alt=\"pry\" /></td><td>&nbsp;</td></tr></table><br><table width=\"100%\" border=\"0\" cellspacing=\"0\" cellpadding=\"0\" class=\"em_full_wrap\" align=\"center\" bgcolor=\"#EFEFEF\"><tbody><tr><td align=\"center\" valign=\"top\"><table align=\"center\" width=\"650\" border=\"0\" cellspacing=\"0\" cellpadding=\"0\" class=\"em_main_table\" style=\"width: 650px; table-layout: fixed;\"><tbody><tr><td align=\"center\" valign=\"top\" style=\"padding: 0 25px;\" class=\"em_aside10\"><table width=\"100%\" border=\"0\" cellspacing=\"0\" cellpadding=\"0\" align=\"center\"><tbody><tr><td height=\"26\" style=\"height: 26px;\" class=\"em_h20\"> </td></tr><tr><td align=\"center\" valign=\"top\"><a rel=\"noopener noreferrer\" rel=\"noopener noreferrer\" href=\"https://s7190865.sendpul.se/events/statistic/v2/click/eyJ0eXBlIjoiZW1haWwiLCJldmVudF9pZCI6ImJkOTU5MWZhODI4MDQ4YTNjN2Y0NGM4NzM4ZDdkYjFlIiwiZXZlbnRzX3VzZXJfbGlzdF9pZCI6MSwibGlua19pZCI6MSwibGlua191cmwiOiJodHRwOlwvXC9odHRwcz91dG1fY2FtcGFpZ249YTM2MC1hbW8tdGVzdG92YXlhJnV0bV9zb3VyY2U9c2VuZHB1bHNlJnV0bV9tZWRpdW09ZW1haWwiLCJmbG93X2lkIjoxNTM1NzMsInBhcmVudF9pZCI6MTUzNTcwLCJ1c2VyX2lkIjo3MTkwODY1LCJ1cmxfaGFzaCI6IjM3NGQ0YTI5ZWFmMWIzZTI0ZjhkOWVhODAzNzMyMmE0In0=\" target=\"_blank\" style=\"text-decoration: none;\"><img src=\"https://sigmasms.ru/images/sigmasms_logo.png\" width=\"208\" height=\"78\" alt=\"meowgun\" border=\"0\" style=\"display: block; font-family: Arial, sans-serif; font-size: 18px; line-height: 25px; text-align: center; color: #1d4685; font-weight: bold; max-width: 208px;\" class=\"em_w150\"></a></td></tr></tbody></table></td></tr></tbody></table></td></tr></tbody></table><table width=\"100%\" border=\"0\" cellspacing=\"0\" cellpadding=\"0\" class=\"em_full_wrap\" align=\"center\" bgcolor=\"#EFEFEF\"><tbody><tr><td align=\"center\" valign=\"top\"><table align=\"center\" width=\"650\" border=\"0\" cellspacing=\"0\" cellpadding=\"0\" class=\"em_main_table\" style=\"width: 650px; table-layout: fixed; background-color: #f8f8f8;\"><tbody><tr><td align=\"center\" valign=\"top\" style=\"padding: 0 25px; background-color: #efefef;\" bgcolor=\"#EFEFEF\" class=\"em_aside10\"><table width=\"100%\" border=\"0\" cellspacing=\"0\" cellpadding=\"0\" align=\"center\"><tbody><tr><td height=\"22\" class=\"em_h20\" style=\"height: 22px; font-size: 0px; line-height: 0px;\"> </td></tr><tr><td valign=\"top\" align=\"left\" bgcolor=\"#FFFFFF\" style=\"padding-left: 25px; padding-right: 35px; background-color: #ffffff;\" class=\"em_aside10\"><table width=\"100%\" border=\"0\" cellspacing=\"0\" cellpadding=\"0\" align=\"left\"><tbody><tr><td height=\"22\" style=\"height: 22px;\" class=\"em_h20\"> </td></tr><tr><td class=\"em_blue em_center\" align=\"left\" valign=\"top\" style=\"font-family: Arial, sans-serif; font-size: 20px; line-height: 24px; color: #000000; font-weight: bold;\">Здравствуйте, Виталий!</td></tr><tr><td height=\"8\" style=\"height: 8px; font-size: 0px; line-height: 0px;\"> </td></tr><tr><td class=\"em_grey em_center\" align=\"left\" valign=\"top\" style=\"font-family: Arial, sans-serif; font-size: 16px; line-height: 24px; color: #434343;\"><p>Спасибо за обращение в нашу компанию.</p><p>Мы ценим доверие, оказанное нашей команде, создавшей лучшее техническое решение в своем сегменте рынка. Мы будем дальше заботиться о результативности вашего бизнеса.</p><p>Сообщаем, что <strong>регистрация прошла успешно</strong>.</p><p>Ваш логин и пароль для авторизации на <a rel=\"noopener noreferrer\" rel=\"noopener noreferrer\" href=\"https://s7190865.sendpul.se/events/statistic/v2/click/eyJ0eXBlIjoiZW1haWwiLCJldmVudF9pZCI6ImJkOTU5MWZhODI4MDQ4YTNjN2Y0NGM4NzM4ZDdkYjFlIiwiZXZlbnRzX3VzZXJfbGlzdF9pZCI6MSwibGlua19pZCI6MSwibGlua191cmwiOiJodHRwczpcL1wvb25saW5lLnNpZ21hc21zLnJ1XC8/dXRtX2NhbXBhaWduPWEzNjAtYW1vLXRlc3RvdmF5YSZ1dG1fc291cmNlPXNlbmRwdWxzZSZ1dG1fbWVkaXVtPWVtYWlsI1wvbG9naW4iLCJmbG93X2lkIjoxNTM1NzMsInBhcmVudF9pZCI6MTUzNTcwLCJ1c2VyX2lkIjo3MTkwODY1LCJ1cmxfaGFzaCI6IjA1N2FhODk3MWYyMTI3OWU2NjIxZWE2YWI4MTFjODAyIn0=\">https://online.sigmasms.ru/#/login</a>:<br>Ваш логин:  vitali187<br>Ваш пароль:mlc7iws8</p><p>Начинайте пользоваться прямо сейчас, мы <strong>начислили вам тестовый баланс</strong>!</p><p>Далее мы вышлем вам несколько коротких, но важных писем.<br>Большая просьба не игнорировать их и <strong>не удалять</strong>. С ними будет проще настроить систему, сэкономив время и деньги.</p><p>Если нам надо ускориться и уделить вам больше внимания, свяжитесь с нами прямо сейчас:</p><ul><li>позвонив на телефон горячей линии <a rel=\"noopener noreferrer\" rel=\"noopener noreferrer\" href=\"https://s7190865.sendpul.se/events/statistic/v2/click/eyJ0eXBlIjoiZW1haWwiLCJldmVudF9pZCI6ImJkOTU5MWZhODI4MDQ4YTNjN2Y0NGM4NzM4ZDdkYjFlIiwiZXZlbnRzX3VzZXJfbGlzdF9pZCI6MSwibGlua19pZCI6MSwibGlua191cmwiOiJ0ZWw6ODgwMDMzMzE2NTAiLCJmbG93X2lkIjoxNTM1NzMsInBhcmVudF9pZCI6MTUzNTcwLCJ1c2VyX2lkIjo3MTkwODY1LCJ1cmxfaGFzaCI6IjY4MzY0OGIxMmJhNDI3OGNhYzM4MDdiMDdmNzZjNTEzIn0=\" style=\"text-decoration: underline; color: #fe9f00;\">8 800 333-16-50</a></li><li>отправить ответное письмо в службу поддержки на адрес <a rel=\"noopener noreferrer\" rel=\"noopener noreferrer\" href=\"mailto:\" style=\"text-decoration: underline; color: #fe9f00;\">info@sigmasms.ru</a></li><li>написать нам в официальные группы в соцсетях и чатах мессенджеров <a rel=\"noopener noreferrer\" rel=\"noopener noreferrer\" href=\"https://s7190865.sendpul.se/events/statistic/v2/click/eyJ0eXBlIjoiZW1haWwiLCJldmVudF9pZCI6ImJkOTU5MWZhODI4MDQ4YTNjN2Y0NGM4NzM4ZDdkYjFlIiwiZXZlbnRzX3VzZXJfbGlzdF9pZCI6MSwibGlua19pZCI6MSwibGlua191cmwiOiJodHRwczpcL1wvdmsuY29tXC9zaWdtYXNtc3J1P3V0bV9jYW1wYWlnbj1hMzYwLWFtby10ZXN0b3ZheWEmdXRtX3NvdXJjZT1zZW5kcHVsc2UmdXRtX21lZGl1bT1lbWFpbCIsImZsb3dfaWQiOjE1MzU3MywicGFyZW50X2lkIjoxNTM1NzAsInVzZXJfaWQiOjcxOTA4NjUsInVybF9oYXNoIjoiY2UxYWQ1M2FhNzBlNjk0YWY0N2RlODhhY2NmOTRiYjgifQ==\" target=\"_blank\" style=\"text-decoration: underline; color: #fe9f00;\">ВКонтакте</a>, <a rel=\"noopener noreferrer\" rel=\"noopener noreferrer\" href=\"https://s7190865.sendpul.se/events/statistic/v2/click/eyJ0eXBlIjoiZW1haWwiLCJldmVudF9pZCI6ImJkOTU5MWZhODI4MDQ4YTNjN2Y0NGM4NzM4ZDdkYjFlIiwiZXZlbnRzX3VzZXJfbGlzdF9pZCI6MSwibGlua19pZCI6MSwibGlua191cmwiOiJodHRwczpcL1wvd3d3LmZhY2Vib29rLmNvbVwvU2lnbWFzbXMtMjE4MzU4NzIxMTkwMjgxMlwvP3V0bV9jYW1wYWlnbj1hMzYwLWFtby10ZXN0b3ZheWEmdXRtX3NvdXJjZT1zZW5kcHVsc2UmdXRtX21lZGl1bT1lbWFpbCIsImZsb3dfaWQiOjE1MzU3MywicGFyZW50X2lkIjoxNTM1NzAsInVzZXJfaWQiOjcxOTA4NjUsInVybF9oYXNoIjoiYmUwNDc4ODEyYWMwZGU3YzVmZTVhYmM1ZDY3ZTgwYTkifQ==\" target=\"_blank\" style=\"text-decoration: underline; color: #fe9f00;\">Facebook</a>, <a rel=\"noopener noreferrer\" rel=\"noopener noreferrer\" href=\"https://s7190865.sendpul.se/events/statistic/v2/click/eyJ0eXBlIjoiZW1haWwiLCJldmVudF9pZCI6ImJkOTU5MWZhODI4MDQ4YTNjN2Y0NGM4NzM4ZDdkYjFlIiwiZXZlbnRzX3VzZXJfbGlzdF9pZCI6MSwibGlua19pZCI6MSwibGlua191cmwiOiJ2aWJlcjpcL1wvcGE/Y2hhdFVSST1zaWdtYXNtc3J1IiwiZmxvd19pZCI6MTUzNTczLCJwYXJlbnRfaWQiOjE1MzU3MCwidXNlcl9pZCI6NzE5MDg2NSwidXJsX2hhc2giOiIyNjVkNTBmNzgyODkyOTQ4N2M0MjY3YzA5N2RlZTBiYiJ9\" target=\"_blank\" style=\"text-decoration: underline; color: #fe9f00;\">Viber</a>, <a rel=\"noopener noreferrer\" rel=\"noopener noreferrer\" href=\"https://s7190865.sendpul.se/events/statistic/v2/click/eyJ0eXBlIjoiZW1haWwiLCJldmVudF9pZCI6ImJkOTU5MWZhODI4MDQ4YTNjN2Y0NGM4NzM4ZDdkYjFlIiwiZXZlbnRzX3VzZXJfbGlzdF9pZCI6MSwibGlua19pZCI6MSwibGlua191cmwiOiJodHRwczpcL1wvdC5tZVwvc2lnbWFzbXNfYm90P3V0bV9jYW1wYWlnbj1hMzYwLWFtby10ZXN0b3ZheWEmdXRtX3NvdXJjZT1zZW5kcHVsc2UmdXRtX21lZGl1bT1lbWFpbCIsImZsb3dfaWQiOjE1MzU3MywicGFyZW50X2lkIjoxNTM1NzAsInVzZXJfaWQiOjcxOTA4NjUsInVybF9oYXNoIjoiNWMwNTBjM2ZmN2IxODM2NTgwYThjZTZhMTE3MDgyMzQifQ==\" target=\"_blank\" style=\"text-decoration: underline; color: #fe9f00;\">Telegram</a>, <a rel=\"noopener noreferrer\" rel=\"noopener noreferrer\" href=\"https://s7190865.sendpul.se/events/statistic/v2/click/eyJ0eXBlIjoiZW1haWwiLCJldmVudF9pZCI6ImJkOTU5MWZhODI4MDQ4YTNjN2Y0NGM4NzM4ZDdkYjFlIiwiZXZlbnRzX3VzZXJfbGlzdF9pZCI6MSwibGlua19pZCI6MSwibGlua191cmwiOiJodHRwczpcL1wvd2EubWVcLzc5NjUwMDA1NTY2P3V0bV9jYW1wYWlnbj1hMzYwLWFtby10ZXN0b3ZheWEmdXRtX3NvdXJjZT1zZW5kcHVsc2UmdXRtX21lZGl1bT1lbWFpbCIsImZsb3dfaWQiOjE1MzU3MywicGFyZW50X2lkIjoxNTM1NzAsInVzZXJfaWQiOjcxOTA4NjUsInVybF9oYXNoIjoiYzI4MGMxZTZkNjZmNmVmN2MxM2I4MGNkZGI1NTM4NDYifQ==\" target=\"_blank\" style=\"text-decoration: underline; color: #fe9f00;\">WhatsApp</a>.</li></ul><p>С уважением к вашему делу,<br>команда SigmaSMS</p></td></tr><tr><td height=\"16\" style=\"height: 16px; font-size: 1px; line-height: 1px;\"> </td></tr></tbody></table></td></tr></tbody></table></td></tr><tr><td height=\"20\" class=\"em_h10\" bgcolor=\"#EFEFEF\" style=\"height: 20px; font-size: 1px; line-height: 1px; background-color: #efefef;\"> </td></tr></tbody></table></td></tr></tbody></table><table width=\"100%\" border=\"0\" cellspacing=\"0\" cellpadding=\"0\" class=\"em_full_wrap\" align=\"center\" bgcolor=\"#EFEFEF\"><tbody><tr><td align=\"center\" valign=\"top\"><table align=\"center\" width=\"650\" border=\"0\" cellspacing=\"0\" cellpadding=\"0\" class=\"em_main_table\" style=\"width: 650px; table-layout: fixed;\"><tbody><tr><td align=\"center\" valign=\"top\" style=\"padding: 0 25px;\" class=\"em_aside10\"></td></tr><tr><td class=\"em_hide\" style=\"line-height: 1px; min-width: 650px; background-color: #efefef;\"><img alt=\"\" src=\"https://app.eu.mailgun.com/assets/templates/spacer.gif\" height=\"1\" width=\"650\" style=\"max-height: 1px; min-height: 1px; display: block; width: 650px; min-width: 650px;\" border=\"0\"></td></tr></tbody></table></td></tr></tbody></table></body></html><div><a  href=\"https://s7190865.sendpul.se/events/unsubscribe/ru/bd9591fa828048a3c7f44c8738d7db1e/153573/7190865\">Отказаться от рассылки</a><div><br><br>','utf-8',1,0,0,'<1jjIcH-000GYH-T1@mx211.sendpulse.me>',1,24803,1591865509,NULL,'INBOX'),(6,'[\"ar@sigmasms.ru\"]','[\"vit@itilus.com\"]','[]','[]','1591864381','Заявка на сайте SigmaSMS','<div>Здравствуйте, Виталий.</div><div><br></div><div>Не удалось с вами связаться по телефону. Напишите как можно с вами связаться или какой у вас вопрос?</div><div><br></div><div>Я всегда буду рада помочь вам как по почте, так и по телефону.</div><div>Все мои контакты указаны ниже.</div><div><br></div><div>--</div><div><em style=\"font-size: 11px; color: rgb(0, 124, 195);\">С уважением к Вам и Вашему делу,</em></div><div><strong style=\"font-size: 11px; color: rgb(0, 124, 195);\"><em>Антонина Ручьева</em></strong></div><div><a href=\"http://www.sigmasms.ru/\" target=\"_blank\" style=\"font-size: 16px; color: blue;\"><strong><em>SIGMASMS.RU</em></strong></a></div><div><strong style=\"font-size: 11px; color: rgb(0, 124, 195);\"><em>ООО «Медиа технолоджи»</em></strong></div><div><strong style=\"font-size: 11px; color: rgb(0, 124, 195);\"><em>+7 (800) 333-16-50&nbsp;</em></strong><em style=\"font-size: 11px; color: rgb(0, 124, 195);\">Бесплатная линия по России</em></div><div><strong style=\"font-size: 11px; color: rgb(0, 124, 195);\"><em>+7 (495) 225-50-36&nbsp;</em></strong><em style=\"font-size: 11px; color: rgb(0, 124, 195);\">Москва</em></div><div><strong style=\"font-size: 11px; color: rgb(0, 124, 195);\"><em>+7 (812) 313-24-88&nbsp;</em></strong><em style=\"font-size: 11px; color: rgb(0, 124, 195);\">Санкт-Петербург</em></div><div><em style=\"font-size: 11px; color: rgb(0, 124, 195);\">Внутренний: </em><strong style=\"font-size: 11px; color: rgb(0, 124, 195);\"><em>214</em></strong></div><div><span style=\"font-size: 11px; color: navy;\">Лицензия МИНКОМСВЯЗИ РФ № 170251</span></div><img id=\"amomail-tracking-marker\" alt=\"&#11038;\" width=\"1\" height=\"1\" src=\"https://amomail.amocrm.ru/delivery/v1/tracking?token=WTFlQklxL3pRWXZQa2hQU0hnOXl3SXBYZmFWb3dPcUdNM1ZjaURqQ3BySVIzNkgxeGN4WDBIdDRiUVQ0a00rYS9nUzljcy9pSitvSzVFQzRoeFZhMWtpdHZKL3FTMUppS1hmWFJuaFRDSk0xV1hxMlRMM3pvRG9QUzh2MTFJMzF3RHl1WU9Vd3JvbjdTNy84WTBDdkI4QnNRclBJZVo4TjVsUklnTWo3UE13YnMzbC9FSlBJNnZhdThqR2J0ZUJwSUN0ejArZmJpOHkvbVdsZmtOQ29MQT09OkZZWHZRaVVHWjU4MjVmS1U4R1R4b1dTTW05MzZzMk5XUDAvOHR0WGEvNnhCd0YxM2NURmNhUmhueUNLTDFXaGJNRTgyZ2RzQnhOVXNrWGQ1Z0xHZkhVa1FzLzdKUHJuV1BIUGl3V1d1TkJrd2Fhbm5veE5GelN0Zml5WFpXeVpaUlVvSDBORkJiUUdDSVliZFdobWo1VTNoVUg5VEREV2p1bVF1WmJPdkNkS1IxdklTRDU1RkQwNm1XTlUyZnpOcC9ZeEx5QzVYRGEyVk9FTU5rYXp3bjNsd1ZFMzRia3dDdnRvWURGWVlvSnJQbUV0aUJ1ZThUQTF5T2lRZmNVNEkrOU5IR0F4SUJuZUUxSzN0REwwQWQzb1RPM2JyVitRaEtDdU1IYmxHQi9wdkxwNGpVdGZUTndUZTRFdUxqZDhaZDdJdWtTZVFnNkhpTFR4OGt4eFpDdz09\">\r\n<br><br>','utf-8',1,0,0,'<6a6f1f77.102bcda28a234cb18f41661de1e8ab7b@smtp-id.amocrm.com>',1,24804,1591865509,NULL,'INBOX'),(6,'[\"info@sigmasms.ru\"]','[\"vit@itilus.com\"]','[]','[]','1591865273','Нужно (!) добавить имя отправителя и реквизиты','<!DOCTYPE html><html xmlns:v=\"urn:schemas-microsoft-com:vml\" xmlns:o=\"urn:schemas-microsoft-com:office:office\"><head><title></title><meta http-equiv=\"Content-Type\" content=\"text/html; charset=utf-8\"><meta http-equiv=\"X-UA-Compatible\" content=\"IE=edge\"><meta name=\"viewport\" content=\"width=device-width, initial-scale=1.0\"><meta name=\"format-detection\" content=\"telephone=no\"><!--[if !mso]><!--><link href=\"https://fonts.googleapis.com/css?family=Lato:100,100i,300,300i,400,700,700i,900,900i\" rel=\"stylesheet\"><!--<![endif]--><style type=\"text/css\">/*<![CDATA[*/body {margin: 0;padding: 0;-webkit-text-size-adjust: 100% !important;-ms-text-size-adjust: 100% !important;-webkit-font-smoothing: antialiased !important;}img {border: 0 !important;outline: none !important;}table {border-collapse: collapse;mso-table-lspace: 0px;mso-table-rspace: 0px;}td, a, span {border-collapse: collapse;mso-line-height-rule: exactly;}/*]]>*/</style></head><body class=\"em_body\" style=\"margin:0px auto; padding:0px;\" bgcolor=\"#EFEFEF\"><table style=\"width: 100%\" width=\"100%\"><tr style=\"line-height: 0\"><td>&nbsp;</td><td align=\"center\" width=\"1\" style=\"text-align: center; width: 1px;\"><img width=\"1\" height=\"1\" style=\"width: 1px; height: 1px;\" src=\"https://s7190865.sendpul.se/events/statistic/v2/open/eyJldmVudF9pZCI6ImJkOTU5MWZhODI4MDQ4YTNjN2Y0NGM4NzM4ZDdkYjFlIiwiZXZlbnRzX3VzZXJfbGlzdF9pZCI6MSwiZmxvd19pZCI6MTU0NTAzLCJwYXJlbnRfaWQiOjE1MzU3MywidXNlcl9pZCI6NzE5MDg2NX0=\" alt=\"pry\" /></td><td>&nbsp;</td></tr></table><table width=\"100%\" border=\"0\" cellspacing=\"0\" cellpadding=\"0\" class=\"em_full_wrap\" align=\"center\" bgcolor=\"#EFEFEF\"><tbody><tr><td align=\"center\" valign=\"top\"><table align=\"center\" width=\"650\" border=\"0\" cellspacing=\"0\" cellpadding=\"0\" class=\"em_main_table\" style=\"width: 650px; table-layout: fixed;\"><tbody><tr><td align=\"center\" valign=\"top\" style=\"padding: 0 25px;\" class=\"em_aside10\"><table width=\"100%\" border=\"0\" cellspacing=\"0\" cellpadding=\"0\" align=\"center\"><tbody><tr><td height=\"26\" style=\"height: 26px;\" class=\"em_h20\"> </td></tr><tr><td align=\"center\" valign=\"top\"><a href=\"https://s7190865.sendpul.se/events/statistic/v2/click/eyJ0eXBlIjoiZW1haWwiLCJldmVudF9pZCI6ImJkOTU5MWZhODI4MDQ4YTNjN2Y0NGM4NzM4ZDdkYjFlIiwiZXZlbnRzX3VzZXJfbGlzdF9pZCI6MSwibGlua19pZCI6MSwibGlua191cmwiOiJodHRwOlwvXC9odHRwcz91dG1fY2FtcGFpZ249YTM2MC1hbW8tdGVzdG92YXlhJnV0bV9zb3VyY2U9c2VuZHB1bHNlJnV0bV9tZWRpdW09ZW1haWwiLCJmbG93X2lkIjoxNTQ1MDMsInBhcmVudF9pZCI6MTUzNTczLCJ1c2VyX2lkIjo3MTkwODY1LCJ1cmxfaGFzaCI6IjM3NGQ0YTI5ZWFmMWIzZTI0ZjhkOWVhODAzNzMyMmE0In0=\" target=\"_blank\" style=\"text-decoration: none;\" rel=\"noopener noreferrer\"><img src=\"https://sigmasms.ru/images/sigmasms_logo.png\" width=\"208\" height=\"78\" alt=\"meowgun\" border=\"0\" style=\"display: block; font-family: Arial, sans-serif; font-size: 18px; line-height: 25px; text-align: center; color: #1d4685; font-weight: bold; max-width: 208px;\" class=\"em_w150\"></a></td></tr></tbody></table></td></tr></tbody></table></td></tr></tbody></table><table width=\"100%\" border=\"0\" cellspacing=\"0\" cellpadding=\"0\" class=\"em_full_wrap\" align=\"center\" bgcolor=\"#EFEFEF\"><tbody><tr><td align=\"center\" valign=\"top\"><table align=\"center\" width=\"650\" border=\"0\" cellspacing=\"0\" cellpadding=\"0\" class=\"em_main_table\" style=\"width: 650px; table-layout: fixed; background-color: #f8f8f8;\"><tbody><tr><td align=\"center\" valign=\"top\" style=\"padding: 0 25px; background-color: #efefef;\" bgcolor=\"#EFEFEF\" class=\"em_aside10\"><table width=\"100%\" border=\"0\" cellspacing=\"0\" cellpadding=\"0\" align=\"center\"><tbody><tr><td height=\"22\" class=\"em_h20\" style=\"height: 22px; font-size: 0px; line-height: 0px;\"> </td></tr><tr><td valign=\"top\" align=\"left\" bgcolor=\"#FFFFFF\" style=\"padding-left: 25px; padding-right: 35px; background-color: #ffffff;\" class=\"em_aside10\"><table width=\"100%\" border=\"0\" cellspacing=\"0\" cellpadding=\"0\" align=\"left\"><tbody><tr><td height=\"22\" style=\"height: 22px;\" class=\"em_h20\"> </td></tr><tr><td class=\"em_blue em_center\" align=\"left\" valign=\"top\" style=\"font-family: Arial, sans-serif; font-size: 20px; line-height: 24px; color: #000000; font-weight: bold;\">Здравствуйте, Виталий!</td></tr><tr><td height=\"8\" style=\"height: 8px; font-size: 0px; line-height: 0px;\"> </td></tr><tr><td class=\"em_grey em_center\" align=\"left\" valign=\"top\" style=\"font-family: Arial, sans-serif; font-size: 16px; line-height: 24px; color: #434343;\"><p>Чтобы вы смогли оценить все преимущества работы с нами, мы подготовили 2 основных шага, сделав которые вы начнете эффективную рассылку.</p><p><strong>Важно! </strong>Письмо содержит полезные ссылки и инструкцию по настройкам. Мы рекомендуем не удалять его. </p><p><strong>Шаг 1: Добавление реквизитов для формирования счета и договора</strong>. Поможет начать рассылки, а в дальнейшем оплачивать их быстро и просто. Для этого нажмите на свой профиль, выберите кнопку профиль и переключитесь во вкладку реквизиты. В открывшемся окне нажмите на кнопку <strong>\"создать новые реквизиты\" </strong>и введите необходимые данные. Затем нажмите создать.</p><p><strong>Для простоты, мы записали GIF-инструкцию:</strong></p><p><img src=\"https://img.stat-pulse.com/files/emailservice/userfiles/7f498035c9172b12ec225a0514bd64477190865/dobavlenie_rekvizitov.gif\" alt=\"GIF-анимация - добавление реквизитов в личном кабинете\" width=\"600\" height=\"302\"></p><p><strong>Шаг 2: Добавление имени отправителя. </strong>Откройте раздел <strong>\"Имя отправителя\"</strong>. В открывшемся коне выберите тип имени SMS, Viber, Вконтакте. Укажите имя отправителя в соответствующем поле. Имя может содержать только латинские буквы, цифры, подчеркивания, тире и точки. Длина от 4 до 11 символов.</p><p>В поле Комментарий добавьте тип юридического лица: ООО/ИП, наименование организации и ИНН. Подробная инструкция <a rel=\"noreferrer\" href=\"https://s7190865.sendpul.se/events/statistic/v2/click/eyJ0eXBlIjoiZW1haWwiLCJldmVudF9pZCI6ImJkOTU5MWZhODI4MDQ4YTNjN2Y0NGM4NzM4ZDdkYjFlIiwiZXZlbnRzX3VzZXJfbGlzdF9pZCI6MSwibGlua19pZCI6MSwibGlua191cmwiOiJodHRwczpcL1wvb25saW5lLnNpZ21hc21zLnJ1XC8/cm9pc3RhdF92aXNpdD0xNzkxMTkmdXRtX2NhbXBhaWduPWEzNjAtYW1vLXRlc3RvdmF5YSZ1dG1fc291cmNlPXNlbmRwdWxzZSZ1dG1fbWVkaXVtPWVtYWlsI1wvZG9jdW1lbnRhdGlvbj9pZD1yZWdpc3RyYWNpeWEtaW1lbi1vdHByYXZpdGVseWEiLCJmbG93X2lkIjoxNTQ1MDMsInBhcmVudF9pZCI6MTUzNTczLCJ1c2VyX2lkIjo3MTkwODY1LCJ1cmxfaGFzaCI6IjcwYWEyNDgzY2RiMTExYjFlZjQ2ZWU1ZTg0ZTFlNDU5In0=\">доступна по ссылке</a>. </p><p><strong>Для простоты, мы записали GIF-инструкцию:</strong></p><p><strong><img src=\"https://img.stat-pulse.com/files/emailservice/userfiles/7f498035c9172b12ec225a0514bd64477190865/dobavlenie_Imeni_4323854d.gif\" alt=\"Инструкция по добавлению имени отправителя.\" width=\"600\" height=\"272\" caption=\"false\"></strong></p><p>Если вам что-то непонято или остались вопросы, свяжитесь с нами любым удобным методом:</p><ul><li>позвонить нам на телефон горячей линии <a rel=\"noopener noreferrer\" href=\"https://s7190865.sendpul.se/events/statistic/v2/click/eyJ0eXBlIjoiZW1haWwiLCJldmVudF9pZCI6ImJkOTU5MWZhODI4MDQ4YTNjN2Y0NGM4NzM4ZDdkYjFlIiwiZXZlbnRzX3VzZXJfbGlzdF9pZCI6MSwibGlua19pZCI6MSwibGlua191cmwiOiJ0ZWw6ODgwMDMzMzE2NTAiLCJmbG93X2lkIjoxNTQ1MDMsInBhcmVudF9pZCI6MTUzNTczLCJ1c2VyX2lkIjo3MTkwODY1LCJ1cmxfaGFzaCI6IjY4MzY0OGIxMmJhNDI3OGNhYzM4MDdiMDdmNzZjNTEzIn0=\" style=\"text-decoration: underline; color: #fe9f00;\">8 800 333-16-50</a></li><li>отправить ответное письмо в службу поддержки на адрес <a rel=\"noopener noreferrer\" href=\"mailto:\">info@sigmasms.ru</a></li><li>написать нам в официальные группы в соцсетях и чатах мессенджеров <a href=\"https://s7190865.sendpul.se/events/statistic/v2/click/eyJ0eXBlIjoiZW1haWwiLCJldmVudF9pZCI6ImJkOTU5MWZhODI4MDQ4YTNjN2Y0NGM4NzM4ZDdkYjFlIiwiZXZlbnRzX3VzZXJfbGlzdF9pZCI6MSwibGlua19pZCI6MSwibGlua191cmwiOiJodHRwczpcL1wvdmsuY29tXC9zaWdtYXNtc3J1P3V0bV9jYW1wYWlnbj1hMzYwLWFtby10ZXN0b3ZheWEmdXRtX3NvdXJjZT1zZW5kcHVsc2UmdXRtX21lZGl1bT1lbWFpbCIsImZsb3dfaWQiOjE1NDUwMywicGFyZW50X2lkIjoxNTM1NzMsInVzZXJfaWQiOjcxOTA4NjUsInVybF9oYXNoIjoiY2UxYWQ1M2FhNzBlNjk0YWY0N2RlODhhY2NmOTRiYjgifQ==\" target=\"_blank\" style=\"text-decoration: underline; color: #fe9f00;\" rel=\"noopener noreferrer\">ВКонтакте</a>, <a href=\"https://s7190865.sendpul.se/events/statistic/v2/click/eyJ0eXBlIjoiZW1haWwiLCJldmVudF9pZCI6ImJkOTU5MWZhODI4MDQ4YTNjN2Y0NGM4NzM4ZDdkYjFlIiwiZXZlbnRzX3VzZXJfbGlzdF9pZCI6MSwibGlua19pZCI6MSwibGlua191cmwiOiJodHRwczpcL1wvd3d3LmZhY2Vib29rLmNvbVwvU2lnbWFzbXMtMjE4MzU4NzIxMTkwMjgxMlwvP3V0bV9jYW1wYWlnbj1hMzYwLWFtby10ZXN0b3ZheWEmdXRtX3NvdXJjZT1zZW5kcHVsc2UmdXRtX21lZGl1bT1lbWFpbCIsImZsb3dfaWQiOjE1NDUwMywicGFyZW50X2lkIjoxNTM1NzMsInVzZXJfaWQiOjcxOTA4NjUsInVybF9oYXNoIjoiYmUwNDc4ODEyYWMwZGU3YzVmZTVhYmM1ZDY3ZTgwYTkifQ==\" target=\"_blank\" style=\"text-decoration: underline; color: #fe9f00;\" rel=\"noopener noreferrer\">Facebook</a>, <a href=\"https://s7190865.sendpul.se/events/statistic/v2/click/eyJ0eXBlIjoiZW1haWwiLCJldmVudF9pZCI6ImJkOTU5MWZhODI4MDQ4YTNjN2Y0NGM4NzM4ZDdkYjFlIiwiZXZlbnRzX3VzZXJfbGlzdF9pZCI6MSwibGlua19pZCI6MSwibGlua191cmwiOiJ2aWJlcjpcL1wvcGE/Y2hhdFVSST1zaWdtYXNtc3J1IiwiZmxvd19pZCI6MTU0NTAzLCJwYXJlbnRfaWQiOjE1MzU3MywidXNlcl9pZCI6NzE5MDg2NSwidXJsX2hhc2giOiIyNjVkNTBmNzgyODkyOTQ4N2M0MjY3YzA5N2RlZTBiYiJ9\" target=\"_blank\" style=\"text-decoration: underline; color: #fe9f00;\" rel=\"noopener noreferrer\">Viber</a>, <a href=\"https://s7190865.sendpul.se/events/statistic/v2/click/eyJ0eXBlIjoiZW1haWwiLCJldmVudF9pZCI6ImJkOTU5MWZhODI4MDQ4YTNjN2Y0NGM4NzM4ZDdkYjFlIiwiZXZlbnRzX3VzZXJfbGlzdF9pZCI6MSwibGlua19pZCI6MSwibGlua191cmwiOiJodHRwczpcL1wvdC5tZVwvc2lnbWFzbXNfYm90P3V0bV9jYW1wYWlnbj1hMzYwLWFtby10ZXN0b3ZheWEmdXRtX3NvdXJjZT1zZW5kcHVsc2UmdXRtX21lZGl1bT1lbWFpbCIsImZsb3dfaWQiOjE1NDUwMywicGFyZW50X2lkIjoxNTM1NzMsInVzZXJfaWQiOjcxOTA4NjUsInVybF9oYXNoIjoiNWMwNTBjM2ZmN2IxODM2NTgwYThjZTZhMTE3MDgyMzQifQ==\" target=\"_blank\" style=\"text-decoration: underline; color: #fe9f00;\" rel=\"noopener noreferrer\">Telegram</a>, <a href=\"https://s7190865.sendpul.se/events/statistic/v2/click/eyJ0eXBlIjoiZW1haWwiLCJldmVudF9pZCI6ImJkOTU5MWZhODI4MDQ4YTNjN2Y0NGM4NzM4ZDdkYjFlIiwiZXZlbnRzX3VzZXJfbGlzdF9pZCI6MSwibGlua19pZCI6MSwibGlua191cmwiOiJodHRwczpcL1wvd2EubWVcLzc5NjUwMDA1NTY2P3V0bV9jYW1wYWlnbj1hMzYwLWFtby10ZXN0b3ZheWEmdXRtX3NvdXJjZT1zZW5kcHVsc2UmdXRtX21lZGl1bT1lbWFpbCIsImZsb3dfaWQiOjE1NDUwMywicGFyZW50X2lkIjoxNTM1NzMsInVzZXJfaWQiOjcxOTA4NjUsInVybF9oYXNoIjoiYzI4MGMxZTZkNjZmNmVmN2MxM2I4MGNkZGI1NTM4NDYifQ==\" target=\"_blank\" style=\"text-decoration: underline; color: #fe9f00;\" rel=\"noopener noreferrer\">WhatsApp</a>.</li></ul><p>С уважением к вашему делу,<br> команда SigmaSMS.</p></td></tr><tr><td height=\"16\" style=\"height: 16px; font-size: 1px; line-height: 1px;\"> </td></tr></tbody></table></td></tr></tbody></table></td></tr><tr><td height=\"20\" class=\"em_h10\" bgcolor=\"#EFEFEF\" style=\"height: 20px; font-size: 1px; line-height: 1px; background-color: #efefef;\"> </td></tr></tbody></table></td></tr></tbody></table><table width=\"100%\" border=\"0\" cellspacing=\"0\" cellpadding=\"0\" class=\"em_full_wrap\" align=\"center\" bgcolor=\"#EFEFEF\"><tbody><tr><td align=\"center\" valign=\"top\"><table align=\"center\" width=\"650\" border=\"0\" cellspacing=\"0\" cellpadding=\"0\" class=\"em_main_table\" style=\"width: 650px; table-layout: fixed;\"><tbody><tr><td align=\"center\" valign=\"top\" style=\"padding: 0 25px;\" class=\"em_aside10\"></td></tr><tr><td class=\"em_hide\" style=\"line-height: 1px; min-width: 650px; background-color: #efefef;\"><img alt=\"\" src=\"https://app.eu.mailgun.com/assets/templates/spacer.gif\" height=\"1\" width=\"650\" style=\"max-height: 1px; min-height: 1px; display: block; width: 650px; min-width: 650px;\" border=\"0\"></td></tr></tbody></table></td></tr></tbody></table></body></html><div><a  href=\"https://s7190865.sendpul.se/events/unsubscribe/ru/bd9591fa828048a3c7f44c8738d7db1e/154503/7190865\">Отказаться от рассылки</a><div><br><br>','utf-8',1,0,0,'<1jjIsB-0008AU-Qd@mx259.sendpulse.me>',1,24805,1591865509,NULL,'INBOX'),(6,'[\"info@sigmasms.ru\"]','[\"vit@itilus.com\"]','[]','[]','1591865894','\"Обратите внимание(!) это важно.','<!DOCTYPE html><html xmlns:v=\"urn:schemas-microsoft-com:vml\" xmlns:o=\"urn:schemas-microsoft-com:office:office\"><head><title></title><meta http-equiv=\"Content-Type\" content=\"text/html; charset=utf-8\"><meta http-equiv=\"X-UA-Compatible\" content=\"IE=edge\"><meta name=\"viewport\" content=\"width=device-width, initial-scale=1.0\"><meta name=\"format-detection\" content=\"telephone=no\"><!--[if !mso]><!--><link href=\"https://fonts.googleapis.com/css?family=Lato:100,100i,300,300i,400,700,700i,900,900i\" rel=\"stylesheet\"><!--<![endif]--><style type=\"text/css\">/*<![CDATA[*/body {margin: 0;padding: 0;-webkit-text-size-adjust: 100% !important;-ms-text-size-adjust: 100% !important;-webkit-font-smoothing: antialiased !important;}img {border: 0 !important;outline: none !important;}table {border-collapse: collapse;mso-table-lspace: 0px;mso-table-rspace: 0px;}td, a, span {border-collapse: collapse;mso-line-height-rule: exactly;}/*]]>*/</style></head><body class=\"em_body\" style=\"margin:0px auto; padding:0px;\" bgcolor=\"#EFEFEF\"><table style=\"width: 100%\" width=\"100%\"><tr style=\"line-height: 0\"><td>&nbsp;</td><td align=\"center\" width=\"1\" style=\"text-align: center; width: 1px;\"><img width=\"1\" height=\"1\" style=\"width: 1px; height: 1px;\" src=\"https://s7190865.sendpul.se/events/statistic/v2/open/eyJldmVudF9pZCI6ImJkOTU5MWZhODI4MDQ4YTNjN2Y0NGM4NzM4ZDdkYjFlIiwiZXZlbnRzX3VzZXJfbGlzdF9pZCI6MSwiZmxvd19pZCI6MTU0NTA0LCJwYXJlbnRfaWQiOjE1NDUwMywidXNlcl9pZCI6NzE5MDg2NX0=\" alt=\"pry\" /></td><td>&nbsp;</td></tr></table><table width=\"100%\" border=\"0\" cellspacing=\"0\" cellpadding=\"0\" class=\"em_full_wrap\" align=\"center\" bgcolor=\"#EFEFEF\"><tbody><tr><td align=\"center\" valign=\"top\"><table align=\"center\" width=\"650\" border=\"0\" cellspacing=\"0\" cellpadding=\"0\" class=\"em_main_table\" style=\"width: 650px; table-layout: fixed;\"><tbody><tr><td align=\"center\" valign=\"top\" style=\"padding: 0 25px;\" class=\"em_aside10\"><table width=\"100%\" border=\"0\" cellspacing=\"0\" cellpadding=\"0\" align=\"center\"><tbody><tr><td height=\"26\" style=\"height: 26px;\" class=\"em_h20\"> </td></tr><tr><td align=\"center\" valign=\"top\"><a href=\"https://s7190865.sendpul.se/events/statistic/v2/click/eyJ0eXBlIjoiZW1haWwiLCJldmVudF9pZCI6ImJkOTU5MWZhODI4MDQ4YTNjN2Y0NGM4NzM4ZDdkYjFlIiwiZXZlbnRzX3VzZXJfbGlzdF9pZCI6MSwibGlua19pZCI6MSwibGlua191cmwiOiJodHRwOlwvXC9odHRwcz91dG1fY2FtcGFpZ249YTM2MC1hbW8tdGVzdG92YXlhJnV0bV9zb3VyY2U9c2VuZHB1bHNlJnV0bV9tZWRpdW09ZW1haWwiLCJmbG93X2lkIjoxNTQ1MDQsInBhcmVudF9pZCI6MTU0NTAzLCJ1c2VyX2lkIjo3MTkwODY1LCJ1cmxfaGFzaCI6IjM3NGQ0YTI5ZWFmMWIzZTI0ZjhkOWVhODAzNzMyMmE0In0=\" target=\"_blank\" style=\"text-decoration: none;\" rel=\"noopener noreferrer\"><img src=\"https://sigmasms.ru/images/sigmasms_logo.png\" width=\"208\" height=\"78\" alt=\"meowgun\" border=\"0\" style=\"display: block; font-family: Arial, sans-serif; font-size: 18px; line-height: 25px; text-align: center; color: #1d4685; font-weight: bold; max-width: 208px;\" class=\"em_w150\"></a></td></tr></tbody></table></td></tr></tbody></table></td></tr></tbody></table><table width=\"100%\" border=\"0\" cellspacing=\"0\" cellpadding=\"0\" class=\"em_full_wrap\" align=\"center\" bgcolor=\"#EFEFEF\"><tbody><tr><td align=\"center\" valign=\"top\"><table align=\"center\" width=\"650\" border=\"0\" cellspacing=\"0\" cellpadding=\"0\" class=\"em_main_table\" style=\"width: 650px; table-layout: fixed; background-color: #f8f8f8;\"><tbody><tr><td align=\"center\" valign=\"top\" style=\"padding: 0 25px; background-color: #efefef;\" bgcolor=\"#EFEFEF\" class=\"em_aside10\"><table width=\"100%\" border=\"0\" cellspacing=\"0\" cellpadding=\"0\" align=\"center\"><tbody><tr><td height=\"22\" class=\"em_h20\" style=\"height: 22px; font-size: 0px; line-height: 0px;\"> </td></tr><tr><td valign=\"top\" align=\"left\" bgcolor=\"#FFFFFF\" style=\"padding-left: 25px; padding-right: 35px; background-color: #ffffff;\" class=\"em_aside10\"><table width=\"100%\" border=\"0\" cellspacing=\"0\" cellpadding=\"0\" align=\"left\"><tbody><tr><td height=\"22\" style=\"height: 22px;\" class=\"em_h20\"> </td></tr><tr><td class=\"em_blue em_center\" align=\"left\" valign=\"top\" style=\"font-family: Arial, sans-serif; font-size: 20px; line-height: 24px; color: #000000; font-weight: bold;\">Здравствуйте, Виталий!</td></tr><tr><td height=\"8\" style=\"height: 8px; font-size: 0px; line-height: 0px;\"> </td></tr><tr><td class=\"em_grey em_center\" align=\"left\" valign=\"top\" style=\"font-family: Arial, sans-serif; font-size: 16px; line-height: 24px; color: #434343;\"><p>Уверены, что вы уже закончили основные настройки. Пришло время познакомить вас с возможностями платформы, делающими рассылку удобной и быстрой.</p><p><strong>Важно! </strong>Письмо содержит полезные ссылки и инструкцию по настройкам. Мы рекомендуем не удалять его. </p><p><strong>Отложенная рассылка.</strong> Платформа позволяет настроить рассылку на определенное время и число. Это удобно и позволяет за один раз запланировать несколько рассылок. Подробно об отложенной отправке <a href=\"https://s7190865.sendpul.se/events/statistic/v2/click/eyJ0eXBlIjoiZW1haWwiLCJldmVudF9pZCI6ImJkOTU5MWZhODI4MDQ4YTNjN2Y0NGM4NzM4ZDdkYjFlIiwiZXZlbnRzX3VzZXJfbGlzdF9pZCI6MSwibGlua19pZCI6MSwibGlua191cmwiOiJodHRwczpcL1wvb25saW5lLnNpZ21hc21zLnJ1XC8/cm9pc3RhdF92aXNpdD0xNzkxMTkmdXRtX2NhbXBhaWduPWEzNjAtYW1vLXRlc3RvdmF5YSZ1dG1fc291cmNlPXNlbmRwdWxzZSZ1dG1fbWVkaXVtPWVtYWlsI1wvZG9jdW1lbnRhdGlvbj9pZD1zb3pkYW5pZS1yYXNzeWxraS12LWxpY2hub20ta2FiaW5ldGUiLCJmbG93X2lkIjoxNTQ1MDQsInBhcmVudF9pZCI6MTU0NTAzLCJ1c2VyX2lkIjo3MTkwODY1LCJ1cmxfaGFzaCI6ImIwNjk2MmFhMjE2ZGNhMzY0MGQzMTNhMGZlYThmM2IwIn0=\" rel=\"noreferrer\">можно прочитать здесь.</a></p><p><strong>GIF-инструкция:</strong></p><p><img src=\"https://img.stat-pulse.com/files/emailservice/userfiles/7f498035c9172b12ec225a0514bd64477190865/Otlozhennaya_rassylka.gif\" alt=\"GIF-анимация - отложенная отправка\" width=\"600\" height=\"430\" caption=\"false\"></p><p><strong>Удобная адресная книга</strong>. Позволяет быстро загрузить и отсортировать базу для рассылок. Также включает в себя функционал стоп-листов, помогающий ограничить список получателей рассылки. <a rel=\"noreferrer\" href=\"https://s7190865.sendpul.se/events/statistic/v2/click/eyJ0eXBlIjoiZW1haWwiLCJldmVudF9pZCI6ImJkOTU5MWZhODI4MDQ4YTNjN2Y0NGM4NzM4ZDdkYjFlIiwiZXZlbnRzX3VzZXJfbGlzdF9pZCI6MSwibGlua19pZCI6MSwibGlua191cmwiOiJodHRwczpcL1wvb25saW5lLnNpZ21hc21zLnJ1XC8/cm9pc3RhdF92aXNpdD0xNzkxMTkmdXRtX2NhbXBhaWduPWEzNjAtYW1vLXRlc3RvdmF5YSZ1dG1fc291cmNlPXNlbmRwdWxzZSZ1dG1fbWVkaXVtPWVtYWlsI1wvZG9jdW1lbnRhdGlvbj9pZD16YWdydXprYS1iYXotZGx5YS1yYXNzeWxraSIsImZsb3dfaWQiOjE1NDUwNCwicGFyZW50X2lkIjoxNTQ1MDMsInVzZXJfaWQiOjcxOTA4NjUsInVybF9oYXNoIjoiZTVmOTA5MTcyMDRmZDY5ZmIxMzZhNDdmYjM4NzI4M2EifQ==\">Подробнее об адресной книге</a>. </p><p><strong>GIF-инструкция:</strong></p><p><strong><img src=\"https://img.stat-pulse.com/files/emailservice/userfiles/7f498035c9172b12ec225a0514bd64477190865/Adresnaya_kniga.gif\" alt=\"GIF адресная книга\" width=\"600\" height=\"302\" caption=\"false\"></strong></p><p><b>Создание шаблонов</b>. Поможет быстро отправлять однотипные рассылки. Любое сообщение можно сохранить в качестве шаблона. <a rel=\"noreferrer\" href=\"https://s7190865.sendpul.se/events/statistic/v2/click/eyJ0eXBlIjoiZW1haWwiLCJldmVudF9pZCI6ImJkOTU5MWZhODI4MDQ4YTNjN2Y0NGM4NzM4ZDdkYjFlIiwiZXZlbnRzX3VzZXJfbGlzdF9pZCI6MSwibGlua19pZCI6MSwibGlua191cmwiOiJodHRwczpcL1wvb25saW5lLnNpZ21hc21zLnJ1XC8/cm9pc3RhdF92aXNpdD0xNzkxMTkmdXRtX2NhbXBhaWduPWEzNjAtYW1vLXRlc3RvdmF5YSZ1dG1fc291cmNlPXNlbmRwdWxzZSZ1dG1fbWVkaXVtPWVtYWlsI1wvZG9jdW1lbnRhdGlvbj9pZD1zb3pkYW5pZS1zaGFibG9uYS1zb29ic2hlbmlqIiwiZmxvd19pZCI6MTU0NTA0LCJwYXJlbnRfaWQiOjE1NDUwMywidXNlcl9pZCI6NzE5MDg2NSwidXJsX2hhc2giOiI2MmJlOGM1MmExNzc4ZDZhY2I5NWU4MThjZGU5NzYwNyJ9\">Подробнее о создании шаблонов</a>. </p><p><strong>GIF-инструкция:</strong></p><p><strong><img src=\"https://img.stat-pulse.com/files/emailservice/userfiles/7f498035c9172b12ec225a0514bd64477190865/Sozdanie_shablona.gif\" alt=\"Создание шаблона\" width=\"600\" height=\"430\"></strong></p><p>Если вам что-то непонято или остались вопросы, советуем <a rel=\"noreferrer\" href=\"https://s7190865.sendpul.se/events/statistic/v2/click/eyJ0eXBlIjoiZW1haWwiLCJldmVudF9pZCI6ImJkOTU5MWZhODI4MDQ4YTNjN2Y0NGM4NzM4ZDdkYjFlIiwiZXZlbnRzX3VzZXJfbGlzdF9pZCI6MSwibGlua19pZCI6MSwibGlua191cmwiOiJodHRwczpcL1wvb25saW5lLnNpZ21hc21zLnJ1XC8/cm9pc3RhdF92aXNpdD0xNzkxMTkmdXRtX2NhbXBhaWduPWEzNjAtYW1vLXRlc3RvdmF5YSZ1dG1fc291cmNlPXNlbmRwdWxzZSZ1dG1fbWVkaXVtPWVtYWlsI1wvZG9jdW1lbnRhdGlvbj9pZD16YWdydXprYS1iYXotZGx5YS1yYXNzeWxraSIsImZsb3dfaWQiOjE1NDUwNCwicGFyZW50X2lkIjoxNTQ1MDMsInVzZXJfaWQiOjcxOTA4NjUsInVybF9oYXNoIjoiZDZjMmQ1YmI3ODM0MDY0MmE4NjU2ZTY0NGQxZmMwYmIifQ==\">обратиться к руководству пользователя</a>. Или свяжитесь с нами удобным способом:</p><ul><li>позвонить нам на телефон горячей линии <a rel=\"noopener noreferrer\" href=\"https://s7190865.sendpul.se/events/statistic/v2/click/eyJ0eXBlIjoiZW1haWwiLCJldmVudF9pZCI6ImJkOTU5MWZhODI4MDQ4YTNjN2Y0NGM4NzM4ZDdkYjFlIiwiZXZlbnRzX3VzZXJfbGlzdF9pZCI6MSwibGlua19pZCI6MSwibGlua191cmwiOiJ0ZWw6ODgwMDMzMzE2NTAiLCJmbG93X2lkIjoxNTQ1MDQsInBhcmVudF9pZCI6MTU0NTAzLCJ1c2VyX2lkIjo3MTkwODY1LCJ1cmxfaGFzaCI6IjY4MzY0OGIxMmJhNDI3OGNhYzM4MDdiMDdmNzZjNTEzIn0=\" style=\"text-decoration: underline; color: #fe9f00;\">8 800 333-16-50</a></li><li>отправить ответное письмо в службу поддержки на адрес <a rel=\"noopener noreferrer\" href=\"mailto:\" style=\"text-decoration: underline; color: #fe9f00;\"></a></li><li>написать нам в официальные группы в соцсетях и чатах мессенджеров <a href=\"https://s7190865.sendpul.se/events/statistic/v2/click/eyJ0eXBlIjoiZW1haWwiLCJldmVudF9pZCI6ImJkOTU5MWZhODI4MDQ4YTNjN2Y0NGM4NzM4ZDdkYjFlIiwiZXZlbnRzX3VzZXJfbGlzdF9pZCI6MSwibGlua19pZCI6MSwibGlua191cmwiOiJodHRwczpcL1wvdmsuY29tXC9zaWdtYXNtc3J1P3V0bV9jYW1wYWlnbj1hMzYwLWFtby10ZXN0b3ZheWEmdXRtX3NvdXJjZT1zZW5kcHVsc2UmdXRtX21lZGl1bT1lbWFpbCIsImZsb3dfaWQiOjE1NDUwNCwicGFyZW50X2lkIjoxNTQ1MDMsInVzZXJfaWQiOjcxOTA4NjUsInVybF9oYXNoIjoiY2UxYWQ1M2FhNzBlNjk0YWY0N2RlODhhY2NmOTRiYjgifQ==\" target=\"_blank\" style=\"text-decoration: underline; color: #fe9f00;\" rel=\"noopener noreferrer\">ВКонтакте</a>, <a href=\"https://s7190865.sendpul.se/events/statistic/v2/click/eyJ0eXBlIjoiZW1haWwiLCJldmVudF9pZCI6ImJkOTU5MWZhODI4MDQ4YTNjN2Y0NGM4NzM4ZDdkYjFlIiwiZXZlbnRzX3VzZXJfbGlzdF9pZCI6MSwibGlua19pZCI6MSwibGlua191cmwiOiJodHRwczpcL1wvd3d3LmZhY2Vib29rLmNvbVwvU2lnbWFzbXMtMjE4MzU4NzIxMTkwMjgxMlwvP3V0bV9jYW1wYWlnbj1hMzYwLWFtby10ZXN0b3ZheWEmdXRtX3NvdXJjZT1zZW5kcHVsc2UmdXRtX21lZGl1bT1lbWFpbCIsImZsb3dfaWQiOjE1NDUwNCwicGFyZW50X2lkIjoxNTQ1MDMsInVzZXJfaWQiOjcxOTA4NjUsInVybF9oYXNoIjoiYmUwNDc4ODEyYWMwZGU3YzVmZTVhYmM1ZDY3ZTgwYTkifQ==\" target=\"_blank\" style=\"text-decoration: underline; color: #fe9f00;\" rel=\"noopener noreferrer\">Facebook</a>, <a href=\"https://s7190865.sendpul.se/events/statistic/v2/click/eyJ0eXBlIjoiZW1haWwiLCJldmVudF9pZCI6ImJkOTU5MWZhODI4MDQ4YTNjN2Y0NGM4NzM4ZDdkYjFlIiwiZXZlbnRzX3VzZXJfbGlzdF9pZCI6MSwibGlua19pZCI6MSwibGlua191cmwiOiJ2aWJlcjpcL1wvcGE/Y2hhdFVSST1zaWdtYXNtc3J1IiwiZmxvd19pZCI6MTU0NTA0LCJwYXJlbnRfaWQiOjE1NDUwMywidXNlcl9pZCI6NzE5MDg2NSwidXJsX2hhc2giOiIyNjVkNTBmNzgyODkyOTQ4N2M0MjY3YzA5N2RlZTBiYiJ9\" target=\"_blank\" style=\"text-decoration: underline; color: #fe9f00;\" rel=\"noopener noreferrer\">Viber</a>, <a href=\"https://s7190865.sendpul.se/events/statistic/v2/click/eyJ0eXBlIjoiZW1haWwiLCJldmVudF9pZCI6ImJkOTU5MWZhODI4MDQ4YTNjN2Y0NGM4NzM4ZDdkYjFlIiwiZXZlbnRzX3VzZXJfbGlzdF9pZCI6MSwibGlua19pZCI6MSwibGlua191cmwiOiJodHRwczpcL1wvdC5tZVwvc2lnbWFzbXNfYm90P3V0bV9jYW1wYWlnbj1hMzYwLWFtby10ZXN0b3ZheWEmdXRtX3NvdXJjZT1zZW5kcHVsc2UmdXRtX21lZGl1bT1lbWFpbCIsImZsb3dfaWQiOjE1NDUwNCwicGFyZW50X2lkIjoxNTQ1MDMsInVzZXJfaWQiOjcxOTA4NjUsInVybF9oYXNoIjoiNWMwNTBjM2ZmN2IxODM2NTgwYThjZTZhMTE3MDgyMzQifQ==\" target=\"_blank\" style=\"text-decoration: underline; color: #fe9f00;\" rel=\"noopener noreferrer\">Telegram</a>, <a href=\"https://s7190865.sendpul.se/events/statistic/v2/click/eyJ0eXBlIjoiZW1haWwiLCJldmVudF9pZCI6ImJkOTU5MWZhODI4MDQ4YTNjN2Y0NGM4NzM4ZDdkYjFlIiwiZXZlbnRzX3VzZXJfbGlzdF9pZCI6MSwibGlua19pZCI6MSwibGlua191cmwiOiJodHRwczpcL1wvd2EubWVcLzc5NjUwMDA1NTY2P3V0bV9jYW1wYWlnbj1hMzYwLWFtby10ZXN0b3ZheWEmdXRtX3NvdXJjZT1zZW5kcHVsc2UmdXRtX21lZGl1bT1lbWFpbCIsImZsb3dfaWQiOjE1NDUwNCwicGFyZW50X2lkIjoxNTQ1MDMsInVzZXJfaWQiOjcxOTA4NjUsInVybF9oYXNoIjoiYzI4MGMxZTZkNjZmNmVmN2MxM2I4MGNkZGI1NTM4NDYifQ==\" target=\"_blank\" style=\"text-decoration: underline; color: #fe9f00;\" rel=\"noopener noreferrer\">WhatsApp</a>.</li></ul><p>С уважением к вашему делу,<br> команда SigmaSMS</p></td></tr><tr><td height=\"16\" style=\"height: 16px; font-size: 1px; line-height: 1px;\"> </td></tr></tbody></table></td></tr></tbody></table></td></tr><tr><td height=\"20\" class=\"em_h10\" bgcolor=\"#EFEFEF\" style=\"height: 20px; font-size: 1px; line-height: 1px; background-color: #efefef;\"> </td></tr></tbody></table></td></tr></tbody></table><table width=\"100%\" border=\"0\" cellspacing=\"0\" cellpadding=\"0\" class=\"em_full_wrap\" align=\"center\" bgcolor=\"#EFEFEF\"><tbody><tr><td align=\"center\" valign=\"top\"><table align=\"center\" width=\"650\" border=\"0\" cellspacing=\"0\" cellpadding=\"0\" class=\"em_main_table\" style=\"width: 650px; table-layout: fixed;\"><tbody><tr><td align=\"center\" valign=\"top\" style=\"padding: 0 25px;\" class=\"em_aside10\"></td></tr><tr><td class=\"em_hide\" style=\"line-height: 1px; min-width: 650px; background-color: #efefef;\"><img alt=\"\" src=\"https://app.eu.mailgun.com/assets/templates/spacer.gif\" height=\"1\" width=\"650\" style=\"max-height: 1px; min-height: 1px; display: block; width: 650px; min-width: 650px;\" border=\"0\"></td></tr></tbody></table></td></tr></tbody></table></body></html><div><a  href=\"https://s7190865.sendpul.se/events/unsubscribe/ru/bd9591fa828048a3c7f44c8738d7db1e/154504/7190865\">Отказаться от рассылки</a><div><br><br>','utf-8',1,0,0,'<1jjJ2E-000L6j-MD@mx199.sendpulse.me>',1,24806,1591865951,NULL,'INBOX'),(6,'[\"noreply.crm@lgstmail.ru\"]','[\"vit@itilus.com\"]','[]','[]','1591865950','Тестовое письмо при конфигурации сервера исходящей почты.','Дорогой vit.admin, <br><br><b> Это тестовое письмо подтверждает, \r\n            что почта отправляется через SMTP-сервер, который вы настроили.</b><br><br>Можете спокойно удалить данное письмо.\r\n            <br><br>С наилучшими пожеланиями,<br> команда SalesPlatform <br><br>\r\n\r\n\r\n<br><br>','UTF-8',1,0,0,'<b614683c6060b004c0de44e8c72071e4@vt.lgst.pro>',1,24807,1591866048,NULL,'INBOX'),(6,'[\"cnt.lgst@t-logist.com\"]','[\"24@itilus.com\"]','[]','[]','1587372740','Re: помощь во 2 трубе.','Спасибо все работает.\r\n20.04.2020 11:49, Vit Kelso пишет:\r\n> Починено. Проверяйте\r\n>\r\n> ----- Исходное сообщение -----\r\n> От: \"Vit Kelso\" <vit@itilus.com>\r\n> Кому: \"Svet\" <cnt.lgst@t-logist.com>\r\n> Копия: \"24\" <24@itilus.com>\r\n> Отправленные: Понедельник, 20 Апрель 2020 г 11:27:02\r\n> Тема: Re: помощь во 2 трубе.\r\n>\r\n> Добрый день!\r\n> На третьей стороне есть проблема. Разбираются. Отпишу по готовности.\r\n>\r\n> С Уважением, Виталий\r\n> vit@itilus.com\r\n> Sip to: 203\r\n> www.itilus.com\r\n> www.itilus.ru\r\n>\r\n> ----- Исходное сообщение -----\r\n> От: \"Svet\" <cnt.lgst@t-logist.com>\r\n> Кому: \"24\" <24@itilus.com>\r\n> Отправленные: Понедельник, 20 Апрель 2020 г 11:12:12\r\n> Тема: помощь во 2 трубе.\r\n>\r\n> Добрый день! Просьба помочь во 2 трубе.\r\n>\r\n> OpenVPN   желтенький и не переподключается.\n\n','utf-8',0,0,0,'<0b28ffc0-8f43-97c0-0c82-166407e0e4ee@t-logist.com>',1,24237,1591866143,NULL,'24@itilus.com/INBOX'),(6,'[\"vit@itilus.com\"]','[\"cnt.lgst@t-logist.com\"]','[\"24@itilus.com\"]','[]','1587372988','Re: помощь во 2 трубе.','НЗ !\r\n\r\nС Уважением, Виталий\r\nvit@itilus.com\r\nSip to: 203\r\nwww.itilus.com\r\nwww.itilus.ru\r\n\r\n----- Исходное сообщение -----\r\nОт: \"Svet\" <cnt.lgst@t-logist.com>\r\nКому: \"24\" <24@itilus.com>\r\nОтправленные: Понедельник, 20 Апрель 2020 г 11:52:19\r\nТема: Re: помощь во 2 трубе.\r\n\r\nСпасибо все работает.\r\n20.04.2020 11:49, Vit Kelso пишет:\r\n> Починено. Проверяйте\r\n>\r\n> ----- Исходное сообщение -----\r\n> От: \"Vit Kelso\" <vit@itilus.com>\r\n> Кому: \"Svet\" <cnt.lgst@t-logist.com>\r\n> Копия: \"24\" <24@itilus.com>\r\n> Отправленные: Понедельник, 20 Апрель 2020 г 11:27:02\r\n> Тема: Re: помощь во 2 трубе.\r\n>\r\n> Добрый день!\r\n> На третьей стороне есть проблема. Разбираются. Отпишу по готовности.\r\n>\r\n> С Уважением, Виталий\r\n> vit@itilus.com\r\n> Sip to: 203\r\n> www.itilus.com\r\n> www.itilus.ru\r\n>\r\n> ----- Исходное сообщение -----\r\n> От: \"Svet\" <cnt.lgst@t-logist.com>\r\n> Кому: \"24\" <24@itilus.com>\r\n> Отправленные: Понедельник, 20 Апрель 2020 г 11:12:12\r\n> Тема: помощь во 2 трубе.\r\n>\r\n> Добрый день! Просьба помочь во 2 трубе.\r\n>\r\n> OpenVPN   желтенький и не переподключается.\n\n','utf-8',0,0,0,'<192896034.14444.1587372986627.JavaMail.zimbra@itilus.com>',1,24238,1591866143,NULL,'24@itilus.com/INBOX'),(6,'[\"buhgalter@tk-ptg.ru\"]','[\"24@itilus.com\"]','[\"vit@itilus.com\"]','[]','1587390393','Электронная подпись','Добрый день!\r\nПроконсультируйте, пожалуйста, Вопрос про электронную подпись.\r\nРегистрируем новую фирму, устанавливаем Контур (для сдачи эл.\r\nотчетности) и получаем эл. подпись.\r\nЭту подпись можно использовать для подписания документов в программе GS1\r\nи Частном знаке (работа с маркированным товаром)\r\nВ этих программах работают два человека, т.е. используется два компьютера.\r\nМожно использовать сертификат с эл. подписью на два компьютера или\r\nустановить ее дубликат??\r\nС уважением\r\nОльга\n\n','UTF-8',0,0,0,'<5E9DA7AF.3000608@tk-ptg.ru>',1,24239,1591866143,NULL,'24@itilus.com/INBOX'),(6,'[\"vit@itilus.com\"]','[\"count.sub@t-logist.com\"]','[\"24@itilus.com\"]','[]','1587106669','Re: загрузка и просмотр документов в зимбре','<html><body><div style=\"font-family: arial, helvetica, sans-serif; font-size: 12pt; color: #000000\"><div style=\"font-family: arial, helvetica, sans-serif; font-size: 12pt; color: #000000\"><div>Доброе утро.<br></div><div>Время сессии в Зимбре (вебклиент) - сутки. Сессия - промежуток времени от захода в Зимбру (ввод логина и пароля). По истечении сессии требуется ре-логин в Зимбру (или перезагрузка страницы, с последующим входом).<br data-mce-bogus=\"1\"></div><div>Так было всегда. В конце рабочего дня завершайте сеанс в ДЦ для возобновления сессии.<br data-mce-bogus=\"1\"></div><div><br data-mce-bogus=\"1\"></div>С Ув ТП \"Айтилус\"<br><div data-marker=\"__SIG_PRE__\">www.itilus.com<br><br></div><br><hr id=\"zwchr\" data-marker=\"__DIVIDER__\"><div data-marker=\"__HEADERS__\"><b>От: </b>\"count sub\" &lt;count.sub@t-logist.com&gt;<br><b>Кому: </b>\"24\" &lt;24@itilus.com&gt;<br><b>Отправленные: </b>Пятница, 17 Апрель 2020 г 9:44:55<br><b>Тема: </b>Re: загрузка и просмотр документов в зимбре<br></div><br><div data-marker=\"__QUOTED_TEXT__\"><div id=\"zimbraEditorContainer\" style=\"font-family: arial, helvetica, sans-serif; font-size: 12pt; color: #000000\" class=\"11\"><div>проблема решилась перезагрузкой</div><br><hr id=\"zwchr\"><div><b>От: </b>\"AAD t-logist\" &lt;count.sub@t-logist.com&gt;<br><b>Кому: </b>\"24\" &lt;24@itilus.com&gt;<br><b>Отправленные: </b>Пятница, 17 Апрель 2020 г 9:35:00<br><b>Тема: </b>загрузка и просмотр документов в зимбре<br></div><br><div><div style=\"font-family: arial, helvetica, sans-serif; font-size: 12pt; color: #000000\"><div><div style=\"font-family: arial, helvetica, sans-serif; font-size: 12pt; color: #000000\"><div>День добрый,</div><div>не работает загрузка и просмотр докуметов в зимбре - кнопка \"загрузить\" - не дает никакой реакции, а при нажатии на сам файл открывается закладка и пишет, что не может загрузить плагин</div></div></div></div></div></div></div></div><div><br></div></div></body></html><br><br>','utf-8',1,0,0,'<1547448723.13739.1587106668002.JavaMail.zimbra@itilus.com>',1,24240,1591866143,NULL,'24@itilus.com/INBOX'),(6,'[\"count.sub@t-logist.com\"]','[\"vit@itilus.com\"]','[\"24@itilus.com\"]','[]','1587107044','Re: загрузка и просмотр документов в зимбре','<html><body><div style=\"font-family: arial, helvetica, sans-serif; font-size: 12pt; color: #000000\"><div>просто выйти-зайти не помогает, требует полностью весь браузер перезапускать</div><div><br></div><hr id=\"zwchr\" data-marker=\"__DIVIDER__\"><div data-marker=\"__HEADERS__\"><b>От: </b>\"vit\" &lt;vit@itilus.com&gt;<br><b>Кому: </b>\"count sub\" &lt;count.sub@t-logist.com&gt;<br><b>Копия: </b>\"24\" &lt;24@itilus.com&gt;<br><b>Отправленные: </b>Пятница, 17 Апрель 2020 г 9:57:48<br><b>Тема: </b>Re: загрузка и просмотр документов в зимбре<br></div><div><br></div><div data-marker=\"__QUOTED_TEXT__\"><div style=\"font-family: arial, helvetica, sans-serif; font-size: 12pt; color: #000000\"><div style=\"font-family: arial, helvetica, sans-serif; font-size: 12pt; color: #000000\"><div>Доброе утро.<br></div><div>Время сессии в Зимбре (вебклиент) - сутки. Сессия - промежуток времени от захода в Зимбру (ввод логина и пароля). По истечении сессии требуется ре-логин в Зимбру (или перезагрузка страницы, с последующим входом).<br></div><div>Так было всегда. В конце рабочего дня завершайте сеанс в ДЦ для возобновления сессии.<br></div><br>С Ув ТП \"Айтилус\"<br><div>www.itilus.com<br><br></div><br><hr id=\"zwchr\"><div><b>От: </b>\"count sub\" &lt;count.sub@t-logist.com&gt;<br><b>Кому: </b>\"24\" &lt;24@itilus.com&gt;<br><b>Отправленные: </b>Пятница, 17 Апрель 2020 г 9:44:55<br><b>Тема: </b>Re: загрузка и просмотр документов в зимбре<br></div><br><div><div id=\"zimbraEditorContainer\" style=\"font-family: arial, helvetica, sans-serif; font-size: 12pt; color: #000000\" class=\"11\"><div>проблема решилась перезагрузкой</div><br><hr id=\"zwchr\"><div><b>От: </b>\"AAD t-logist\" &lt;count.sub@t-logist.com&gt;<br><b>Кому: </b>\"24\" &lt;24@itilus.com&gt;<br><b>Отправленные: </b>Пятница, 17 Апрель 2020 г 9:35:00<br><b>Тема: </b>загрузка и просмотр документов в зимбре<br></div><br><div><div style=\"font-family: arial, helvetica, sans-serif; font-size: 12pt; color: #000000\"><div><div style=\"font-family: arial, helvetica, sans-serif; font-size: 12pt; color: #000000\"><div>День добрый,</div><div>не работает загрузка и просмотр докуметов в зимбре - кнопка \"загрузить\" - не дает никакой реакции, а при нажатии на сам файл открывается закладка и пишет, что не может загрузить плагин</div></div></div></div></div></div></div></div></div><br></div></div></body></html><br><br>','utf-8',1,0,0,'<1725961170.809283.1587107042466.JavaMail.zimbra@t-logist.com>',1,24241,1591866144,NULL,'24@itilus.com/INBOX'),(6,'[\"vit@itilus.com\"]','[\"count.sub@t-logist.com\"]','[\"24@itilus.com\"]','[]','1587107093','Re: загрузка и просмотр документов в зимбре','<html><body><div style=\"font-family: arial, helvetica, sans-serif; font-size: 12pt; color: #000000\"><div>хор дня!<br></div><div><br></div><hr id=\"zwchr\" data-marker=\"__DIVIDER__\"><div data-marker=\"__HEADERS__\"><b>От: </b>\"count sub\" &lt;count.sub@t-logist.com&gt;<br><b>Кому: </b>\"Vit Kelso\" &lt;vit@itilus.com&gt;<br><b>Копия: </b>\"24\" &lt;24@itilus.com&gt;<br><b>Отправленные: </b>Пятница, 17 Апрель 2020 г 10:04:02<br><b>Тема: </b>Re: загрузка и просмотр документов в зимбре<br></div><div><br></div><div data-marker=\"__QUOTED_TEXT__\"><div style=\"font-family: arial, helvetica, sans-serif; font-size: 12pt; color: #000000\"><div>просто выйти-зайти не помогает, требует полностью весь браузер перезапускать</div><br><hr id=\"zwchr\"><div><b>От: </b>\"vit\" &lt;vit@itilus.com&gt;<br><b>Кому: </b>\"count sub\" &lt;count.sub@t-logist.com&gt;<br><b>Копия: </b>\"24\" &lt;24@itilus.com&gt;<br><b>Отправленные: </b>Пятница, 17 Апрель 2020 г 9:57:48<br><b>Тема: </b>Re: загрузка и просмотр документов в зимбре<br></div><br><div><div style=\"font-family: arial, helvetica, sans-serif; font-size: 12pt; color: #000000\"><div style=\"font-family: arial, helvetica, sans-serif; font-size: 12pt; color: #000000\"><div>Доброе утро.<br></div><div>Время сессии в Зимбре (вебклиент) - сутки. Сессия - промежуток времени от захода в Зимбру (ввод логина и пароля). По истечении сессии требуется ре-логин в Зимбру (или перезагрузка страницы, с последующим входом).<br></div><div>Так было всегда. В конце рабочего дня завершайте сеанс в ДЦ для возобновления сессии.<br></div><br>С Ув ТП \"Айтилус\"<br><div>www.itilus.com<br><br></div><br><hr id=\"zwchr\"><div><b>От: </b>\"count sub\" &lt;count.sub@t-logist.com&gt;<br><b>Кому: </b>\"24\" &lt;24@itilus.com&gt;<br><b>Отправленные: </b>Пятница, 17 Апрель 2020 г 9:44:55<br><b>Тема: </b>Re: загрузка и просмотр документов в зимбре<br></div><br><div><div id=\"zimbraEditorContainer\" style=\"font-family: arial, helvetica, sans-serif; font-size: 12pt; color: #000000\" class=\"11\"><div>проблема решилась перезагрузкой</div><br><hr id=\"zwchr\"><div><b>От: </b>\"AAD t-logist\" &lt;count.sub@t-logist.com&gt;<br><b>Кому: </b>\"24\" &lt;24@itilus.com&gt;<br><b>Отправленные: </b>Пятница, 17 Апрель 2020 г 9:35:00<br><b>Тема: </b>загрузка и просмотр документов в зимбре<br></div><br><div><div style=\"font-family: arial, helvetica, sans-serif; font-size: 12pt; color: #000000\"><div><div style=\"font-family: arial, helvetica, sans-serif; font-size: 12pt; color: #000000\"><div>День добрый,</div><div>не работает загрузка и просмотр докуметов в зимбре - кнопка \"загрузить\" - не дает никакой реакции, а при нажатии на сам файл открывается закладка и пишет, что не может загрузить плагин</div></div></div></div></div></div></div></div></div></div></div><br></div></div></body></html><br><br>','utf-8',1,0,0,'<723049905.13776.1587107090730.JavaMail.zimbra@itilus.com>',1,24243,1591866144,NULL,'24@itilus.com/INBOX'),(6,'[\"count.sub@t-logist.com\"]','[\"24@itilus.com\"]','[]','[]','1587108488','Re: загрузка и просмотр документов в зимбре','<html><body><div style=\"font-family: arial, helvetica, sans-serif; font-size: 12pt; color: #000000\"><div>взаимно!!!</div><div><br></div><hr id=\"zwchr\" data-marker=\"__DIVIDER__\"><div data-marker=\"__HEADERS__\"><b>От: </b>\"vit\" &lt;vit@itilus.com&gt;<br><b>Кому: </b>\"count sub\" &lt;count.sub@t-logist.com&gt;<br><b>Копия: </b>\"24\" &lt;24@itilus.com&gt;<br><b>Отправленные: </b>Пятница, 17 Апрель 2020 г 10:04:50<br><b>Тема: </b>Re: загрузка и просмотр документов в зимбре<br></div><div><br></div><div data-marker=\"__QUOTED_TEXT__\"><div style=\"font-family: arial, helvetica, sans-serif; font-size: 12pt; color: #000000\"><div>хор дня!<br></div><br><hr id=\"zwchr\"><div><b>От: </b>\"count sub\" &lt;count.sub@t-logist.com&gt;<br><b>Кому: </b>\"Vit Kelso\" &lt;vit@itilus.com&gt;<br><b>Копия: </b>\"24\" &lt;24@itilus.com&gt;<br><b>Отправленные: </b>Пятница, 17 Апрель 2020 г 10:04:02<br><b>Тема: </b>Re: загрузка и просмотр документов в зимбре<br></div><br><div><div style=\"font-family: arial, helvetica, sans-serif; font-size: 12pt; color: #000000\"><div>просто выйти-зайти не помогает, требует полностью весь браузер перезапускать</div><br><hr id=\"zwchr\"><div><b>От: </b>\"vit\" &lt;vit@itilus.com&gt;<br><b>Кому: </b>\"count sub\" &lt;count.sub@t-logist.com&gt;<br><b>Копия: </b>\"24\" &lt;24@itilus.com&gt;<br><b>Отправленные: </b>Пятница, 17 Апрель 2020 г 9:57:48<br><b>Тема: </b>Re: загрузка и просмотр документов в зимбре<br></div><br><div><div style=\"font-family: arial, helvetica, sans-serif; font-size: 12pt; color: #000000\"><div style=\"font-family: arial, helvetica, sans-serif; font-size: 12pt; color: #000000\"><div>Доброе утро.<br></div><div>Время сессии в Зимбре (вебклиент) - сутки. Сессия - промежуток времени от захода в Зимбру (ввод логина и пароля). По истечении сессии требуется ре-логин в Зимбру (или перезагрузка страницы, с последующим входом).<br></div><div>Так было всегда. В конце рабочего дня завершайте сеанс в ДЦ для возобновления сессии.<br></div><br>С Ув ТП \"Айтилус\"<br><div>www.itilus.com<br><br></div><br><hr id=\"zwchr\"><div><b>От: </b>\"count sub\" &lt;count.sub@t-logist.com&gt;<br><b>Кому: </b>\"24\" &lt;24@itilus.com&gt;<br><b>Отправленные: </b>Пятница, 17 Апрель 2020 г 9:44:55<br><b>Тема: </b>Re: загрузка и просмотр документов в зимбре<br></div><br><div><div id=\"zimbraEditorContainer\" style=\"font-family: arial, helvetica, sans-serif; font-size: 12pt; color: #000000\" class=\"11\"><div>проблема решилась перезагрузкой</div><br><hr id=\"zwchr\"><div><b>От: </b>\"AAD t-logist\" &lt;count.sub@t-logist.com&gt;<br><b>Кому: </b>\"24\" &lt;24@itilus.com&gt;<br><b>Отправленные: </b>Пятница, 17 Апрель 2020 г 9:35:00<br><b>Тема: </b>загрузка и просмотр документов в зимбре<br></div><br><div><div style=\"font-family: arial, helvetica, sans-serif; font-size: 12pt; color: #000000\"><div><div style=\"font-family: arial, helvetica, sans-serif; font-size: 12pt; color: #000000\"><div>День добрый,</div><div>не работает загрузка и просмотр докуметов в зимбре - кнопка \"загрузить\" - не дает никакой реакции, а при нажатии на сам файл открывается закладка и пишет, что не может загрузить плагин</div></div></div></div></div></div></div></div></div></div></div></div></div><br></div></div></body></html><br><br>','utf-8',1,0,0,'<1485304761.809775.1587108486819.JavaMail.zimbra@t-logist.com>',1,24244,1591866144,NULL,'24@itilus.com/INBOX'),(6,'[\"cnt.lgst@t-logist.com\"]','[\"24@itilus.com\"]','[]','[]','1587370334','помощь во 2 трубе.','Добрый день! Просьба помочь во 2 трубе.\r\n\r\nOpenVPN   желтенький и не переподключается.\n\n','utf-8',0,0,0,'<af7a856a-7c0a-0bf1-8cc5-298757e0ddb5@t-logist.com>',1,24245,1591866144,NULL,'24@itilus.com/INBOX'),(6,'[\"vit@itilus.com\"]','[\"main.lgst@t-logist.com\"]','[\"24@itilus.com\"]','[]','1587028129','Re: дц','Я в курсе того, что у меня на моем компе дома, со вчерашнего вечера, висит \"требование\" винды: \"Требуется перезагрузка из-за обновления\"\r\n\r\nЧтобы в офисе комп не перезагружался по \"непонятным причинам\", просьба выключать его после работы. Тогда будет ясно, что просит система и система не будет хозяйничать сама по себе.\r\n\r\nТак что я думаю , что перезагрузка связана с установкой обновления вечером или ночью, с последующей принудительной перезагрузкой системы, в связи с простоем (это она может).\r\n\r\nС Уважением, Виталий\r\nvit@itilus.com\r\nSip to: 203\r\nwww.itilus.com\r\nwww.itilus.ru\r\n\r\n----- Исходное сообщение -----\r\nОт: \"dk\" <main.lgst@t-logist.com>\r\nКому: \"Vit Kelso\" <vit@itilus.com>\r\nКопия: \"24\" <24@itilus.com>\r\nОтправленные: Четверг, 16 Апрель 2020 г 12:02:12\r\nТема: Re: дц\r\n\r\nнет, перезагрузился один раз в промежутке между вчера вечером и сегодня \r\nутром.\r\nВидимо скачок напряжения, раз даже ты не в курсе.\r\nОк.\r\n\r\n16.04.2020 11:59, Виталий \"АЙТИЛУС\" пишет:\r\n> Перезагружается прямо в процессе работы ?\r\n> Может сам перезагружаться из-за обновлений Винды, из-за сбоев в сети питания.\r\n>\r\n> С Уважением, Виталий\r\n> vit@itilus.com\r\n> Sip to: 203\r\n> www.itilus.com\r\n> www.itilus.ru\r\n>\r\n> ----- Исходное сообщение -----\r\n> От: \"dk\" <main.lgst@t-logist.com>\r\n> Кому: \"24\" <24@itilus.com>\r\n> Отправленные: Четверг, 16 Апрель 2020 г 11:57:14\r\n> Тема: Re: дц\r\n>\r\n> а у меня только один, офисный.\r\n> Домашние ты мне забанил ведь.\r\n>\r\n> 16.04.2020 11:55, Vit Kelso пишет:\r\n>> Про какой комп идет речь ?\r\n>>\r\n>> ----- Исходное сообщение -----\r\n>> От: \"dk\" <main.lgst@t-logist.com>\r\n>> Кому: \"Vit Kelso\" <vit@itilus.com>\r\n>> Копия: \"24\" <24@itilus.com>\r\n>> Отправленные: Четверг, 16 Апрель 2020 г 11:53:24\r\n>> Тема: Re: дц\r\n>>\r\n>> спс!\r\n>> А че у меня комп сам позволяет себе перегружаться? Моя волновайся.\r\n>>\r\n>> 16.04.2020 11:43, Виталий \"АЙТИЛУС\" пишет:\r\n>>> Доброе утро\r\n>>>\r\n>>> 192.168.60.202\r\n>>>\r\n>>> С Уважением, Виталий\r\n>>> vit@itilus.com\r\n>>> Sip to: 203\r\n>>> www.itilus.com\r\n>>> www.itilus.ru\r\n>>>\r\n>>> ----- Исходное сообщение -----\r\n>>> От: \"dk\" <main.lgst@t-logist.com>\r\n>>> Кому: \"Vit Kelso\" <vit@itilus.com>, \"24\" <24@itilus.com>\r\n>>> Отправленные: Четверг, 16 Апрель 2020 г 11:41:45\r\n>>> Тема: дц\r\n>>>\r\n>>> доброе утро!\r\n>>> у меня дц сбросилась и я цифры забыл,\r\n>>> 192.168. дальше какие? Подскажите.\r\n>>> спс\r\n>>>\r\n>>> Отправлено с iPhone\n\n','utf-8',0,0,0,'<398601513.13580.1587028127610.JavaMail.zimbra@itilus.com>',1,24246,1591866144,NULL,'24@itilus.com/INBOX'),(6,'[\"main.lgst@t-logist.com\"]','[\"vit@itilus.com\"]','[\"24@itilus.com\"]','[]','1587028192','Re: дц','цэ добрэ\r\n\r\n16.04.2020 12:08, Виталий \"АЙТИЛУС\" пишет:\r\n> Я в курсе того, что у меня на моем компе дома, со вчерашнего вечера, висит \"требование\" винды: \"Требуется перезагрузка из-за обновления\"\r\n>\r\n> Чтобы в офисе комп не перезагружался по \"непонятным причинам\", просьба выключать его после работы. Тогда будет ясно, что просит система и система не будет хозяйничать сама по себе.\r\n>\r\n> Так что я думаю , что перезагрузка связана с установкой обновления вечером или ночью, с последующей принудительной перезагрузкой системы, в связи с простоем (это она может).\r\n>\r\n> С Уважением, Виталий\r\n> vit@itilus.com\r\n> Sip to: 203\r\n> www.itilus.com\r\n> www.itilus.ru\r\n>\r\n> ----- Исходное сообщение -----\r\n> От: \"dk\" <main.lgst@t-logist.com>\r\n> Кому: \"Vit Kelso\" <vit@itilus.com>\r\n> Копия: \"24\" <24@itilus.com>\r\n> Отправленные: Четверг, 16 Апрель 2020 г 12:02:12\r\n> Тема: Re: дц\r\n>\r\n> нет, перезагрузился один раз в промежутке между вчера вечером и сегодня\r\n> утром.\r\n> Видимо скачок напряжения, раз даже ты не в курсе.\r\n> Ок.\r\n>\r\n> 16.04.2020 11:59, Виталий \"АЙТИЛУС\" пишет:\r\n>> Перезагружается прямо в процессе работы ?\r\n>> Может сам перезагружаться из-за обновлений Винды, из-за сбоев в сети питания.\r\n>>\r\n>> С Уважением, Виталий\r\n>> vit@itilus.com\r\n>> Sip to: 203\r\n>> www.itilus.com\r\n>> www.itilus.ru\r\n>>\r\n>> ----- Исходное сообщение -----\r\n>> От: \"dk\" <main.lgst@t-logist.com>\r\n>> Кому: \"24\" <24@itilus.com>\r\n>> Отправленные: Четверг, 16 Апрель 2020 г 11:57:14\r\n>> Тема: Re: дц\r\n>>\r\n>> а у меня только один, офисный.\r\n>> Домашние ты мне забанил ведь.\r\n>>\r\n>> 16.04.2020 11:55, Vit Kelso пишет:\r\n>>> Про какой комп идет речь ?\r\n>>>\r\n>>> ----- Исходное сообщение -----\r\n>>> От: \"dk\" <main.lgst@t-logist.com>\r\n>>> Кому: \"Vit Kelso\" <vit@itilus.com>\r\n>>> Копия: \"24\" <24@itilus.com>\r\n>>> Отправленные: Четверг, 16 Апрель 2020 г 11:53:24\r\n>>> Тема: Re: дц\r\n>>>\r\n>>> спс!\r\n>>> А че у меня комп сам позволяет себе перегружаться? Моя волновайся.\r\n>>>\r\n>>> 16.04.2020 11:43, Виталий \"АЙТИЛУС\" пишет:\r\n>>>> Доброе утро\r\n>>>>\r\n>>>> 192.168.60.202\r\n>>>>\r\n>>>> С Уважением, Виталий\r\n>>>> vit@itilus.com\r\n>>>> Sip to: 203\r\n>>>> www.itilus.com\r\n>>>> www.itilus.ru\r\n>>>>\r\n>>>> ----- Исходное сообщение -----\r\n>>>> От: \"dk\" <main.lgst@t-logist.com>\r\n>>>> Кому: \"Vit Kelso\" <vit@itilus.com>, \"24\" <24@itilus.com>\r\n>>>> Отправленные: Четверг, 16 Апрель 2020 г 11:41:45\r\n>>>> Тема: дц\r\n>>>>\r\n>>>> доброе утро!\r\n>>>> у меня дц сбросилась и я цифры забыл,\r\n>>>> 192.168. дальше какие? Подскажите.\r\n>>>> спс\r\n>>>>\r\n>>>> Отправлено с iPhone\n\n','UTF-8',0,0,0,'<5E9820DE.9040704@t-logist.com>',1,24247,1591866144,NULL,'24@itilus.com/INBOX'),(6,'[\"vit@itilus.com\"]','[\"main.lgst@t-logist.com\"]','[\"24@itilus.com\"]','[]','1587028492','Re: дц','спасибо. пожалуйста!\r\n\r\n----- Исходное сообщение -----\r\nОт: \"dk\" <main.lgst@t-logist.com>\r\nКому: \"Vit Kelso\" <vit@itilus.com>\r\nКопия: \"24\" <24@itilus.com>\r\nОтправленные: Четверг, 16 Апрель 2020 г 12:09:50\r\nТема: Re: дц\r\n\r\nцэ добрэ\r\n\r\n16.04.2020 12:08, Виталий \"АЙТИЛУС\" пишет:\r\n> Я в курсе того, что у меня на моем компе дома, со вчерашнего вечера, висит \"требование\" винды: \"Требуется перезагрузка из-за обновления\"\r\n>\r\n> Чтобы в офисе комп не перезагружался по \"непонятным причинам\", просьба выключать его после работы. Тогда будет ясно, что просит система и система не будет хозяйничать сама по себе.\r\n>\r\n> Так что я думаю , что перезагрузка связана с установкой обновления вечером или ночью, с последующей принудительной перезагрузкой системы, в связи с простоем (это она может).\r\n>\r\n> С Уважением, Виталий\r\n> vit@itilus.com\r\n> Sip to: 203\r\n> www.itilus.com\r\n> www.itilus.ru\r\n>\r\n> ----- Исходное сообщение -----\r\n> От: \"dk\" <main.lgst@t-logist.com>\r\n> Кому: \"Vit Kelso\" <vit@itilus.com>\r\n> Копия: \"24\" <24@itilus.com>\r\n> Отправленные: Четверг, 16 Апрель 2020 г 12:02:12\r\n> Тема: Re: дц\r\n>\r\n> нет, перезагрузился один раз в промежутке между вчера вечером и сегодня\r\n> утром.\r\n> Видимо скачок напряжения, раз даже ты не в курсе.\r\n> Ок.\r\n>\r\n> 16.04.2020 11:59, Виталий \"АЙТИЛУС\" пишет:\r\n>> Перезагружается прямо в процессе работы ?\r\n>> Может сам перезагружаться из-за обновлений Винды, из-за сбоев в сети питания.\r\n>>\r\n>> С Уважением, Виталий\r\n>> vit@itilus.com\r\n>> Sip to: 203\r\n>> www.itilus.com\r\n>> www.itilus.ru\r\n>>\r\n>> ----- Исходное сообщение -----\r\n>> От: \"dk\" <main.lgst@t-logist.com>\r\n>> Кому: \"24\" <24@itilus.com>\r\n>> Отправленные: Четверг, 16 Апрель 2020 г 11:57:14\r\n>> Тема: Re: дц\r\n>>\r\n>> а у меня только один, офисный.\r\n>> Домашние ты мне забанил ведь.\r\n>>\r\n>> 16.04.2020 11:55, Vit Kelso пишет:\r\n>>> Про какой комп идет речь ?\r\n>>>\r\n>>> ----- Исходное сообщение -----\r\n>>> От: \"dk\" <main.lgst@t-logist.com>\r\n>>> Кому: \"Vit Kelso\" <vit@itilus.com>\r\n>>> Копия: \"24\" <24@itilus.com>\r\n>>> Отправленные: Четверг, 16 Апрель 2020 г 11:53:24\r\n>>> Тема: Re: дц\r\n>>>\r\n>>> спс!\r\n>>> А че у меня комп сам позволяет себе перегружаться? Моя волновайся.\r\n>>>\r\n>>> 16.04.2020 11:43, Виталий \"АЙТИЛУС\" пишет:\r\n>>>> Доброе утро\r\n>>>>\r\n>>>> 192.168.60.202\r\n>>>>\r\n>>>> С Уважением, Виталий\r\n>>>> vit@itilus.com\r\n>>>> Sip to: 203\r\n>>>> www.itilus.com\r\n>>>> www.itilus.ru\r\n>>>>\r\n>>>> ----- Исходное сообщение -----\r\n>>>> От: \"dk\" <main.lgst@t-logist.com>\r\n>>>> Кому: \"Vit Kelso\" <vit@itilus.com>, \"24\" <24@itilus.com>\r\n>>>> Отправленные: Четверг, 16 Апрель 2020 г 11:41:45\r\n>>>> Тема: дц\r\n>>>>\r\n>>>> доброе утро!\r\n>>>> у меня дц сбросилась и я цифры забыл,\r\n>>>> 192.168. дальше какие? Подскажите.\r\n>>>> спс\r\n>>>>\r\n>>>> Отправлено с iPhone\n\n','utf-8',0,0,0,'<708347258.13581.1587028491786.JavaMail.zimbra@itilus.com>',1,24249,1591866144,NULL,'24@itilus.com/INBOX'),(6,'[\"count.sub@t-logist.com\"]','[\"24@itilus.com\"]','[]','[]','1587105301','загрузка и просмотр документов в зимбре','<html><body><div style=\"font-family: arial, helvetica, sans-serif; font-size: 12pt; color: #000000\"><div data-marker=\"__QUOTED_TEXT__\"><div style=\"font-family: arial, helvetica, sans-serif; font-size: 12pt; color: #000000\"><div>День добрый,</div><div>не работает загрузка и просмотр докуметов в зимбре - кнопка \"загрузить\" - не дает никакой реакции, а при нажатии на сам файл открывается закладка и пишет, что не может загрузить плагин</div></div><br></div></div></body></html><br><br>','utf-8',1,0,0,'<1168740743.808305.1587105300497.JavaMail.zimbra@t-logist.com>',1,24250,1591866144,NULL,'24@itilus.com/INBOX'),(6,'[\"count.sub@t-logist.com\"]','[\"24@itilus.com\"]','[]','[]','1587105897','Re: загрузка и просмотр документов в зимбре','<html><body><div id=\"zimbraEditorContainer\" style=\"font-family: arial, helvetica, sans-serif; font-size: 12pt; color: #000000\" class=\"11\"><div>проблема решилась перезагрузкой</div><div><br></div><hr id=\"zwchr\" data-marker=\"__DIVIDER__\"><div data-marker=\"__HEADERS__\"><b>От: </b>\"AAD t-logist\" &lt;count.sub@t-logist.com&gt;<br><b>Кому: </b>\"24\" &lt;24@itilus.com&gt;<br><b>Отправленные: </b>Пятница, 17 Апрель 2020 г 9:35:00<br><b>Тема: </b>загрузка и просмотр документов в зимбре<br></div><div><br></div><div data-marker=\"__QUOTED_TEXT__\"><div style=\"font-family: arial, helvetica, sans-serif; font-size: 12pt; color: #000000\"><div><div style=\"font-family: arial, helvetica, sans-serif; font-size: 12pt; color: #000000\"><div>День добрый,</div><div>не работает загрузка и просмотр докуметов в зимбре - кнопка \"загрузить\" - не дает никакой реакции, а при нажатии на сам файл открывается закладка и пишет, что не может загрузить плагин</div></div></div></div><br></div></div></body></html><br><br>','utf-8',1,0,0,'<1469549587.808518.1587105895163.JavaMail.zimbra@t-logist.com>',1,24251,1591866145,NULL,'24@itilus.com/INBOX'),(6,'[\"main.lgst@t-logist.com\"]','[\"vit@itilus.com\"]','[\"24@itilus.com\"]','[]','1587027206','Re: дц','спс!\r\nА че у меня комп сам позволяет себе перегружаться? Моя волновайся.\r\n\r\n16.04.2020 11:43, Виталий \"АЙТИЛУС\" пишет:\r\n> Доброе утро\r\n>\r\n> 192.168.60.202\r\n>\r\n> С Уважением, Виталий\r\n> vit@itilus.com\r\n> Sip to: 203\r\n> www.itilus.com\r\n> www.itilus.ru\r\n>\r\n> ----- Исходное сообщение -----\r\n> От: \"dk\" <main.lgst@t-logist.com>\r\n> Кому: \"Vit Kelso\" <vit@itilus.com>, \"24\" <24@itilus.com>\r\n> Отправленные: Четверг, 16 Апрель 2020 г 11:41:45\r\n> Тема: дц\r\n>\r\n> доброе утро!\r\n> у меня дц сбросилась и я цифры забыл,\r\n> 192.168. дальше какие? Подскажите.\r\n> спс\r\n>\r\n> Отправлено с iPhone\n\n','UTF-8',0,0,0,'<5E981D04.2090208@t-logist.com>',1,24252,1591866145,NULL,'24@itilus.com/INBOX'),(6,'[\"vit@itilus.com\"]','[\"main.lgst@t-logist.com\"]','[\"24@itilus.com\"]','[]','1587027318','Re: дц','Про какой комп идет речь ?\r\n\r\n----- Исходное сообщение -----\r\nОт: \"dk\" <main.lgst@t-logist.com>\r\nКому: \"Vit Kelso\" <vit@itilus.com>\r\nКопия: \"24\" <24@itilus.com>\r\nОтправленные: Четверг, 16 Апрель 2020 г 11:53:24\r\nТема: Re: дц\r\n\r\nспс!\r\nА че у меня комп сам позволяет себе перегружаться? Моя волновайся.\r\n\r\n16.04.2020 11:43, Виталий \"АЙТИЛУС\" пишет:\r\n> Доброе утро\r\n>\r\n> 192.168.60.202\r\n>\r\n> С Уважением, Виталий\r\n> vit@itilus.com\r\n> Sip to: 203\r\n> www.itilus.com\r\n> www.itilus.ru\r\n>\r\n> ----- Исходное сообщение -----\r\n> От: \"dk\" <main.lgst@t-logist.com>\r\n> Кому: \"Vit Kelso\" <vit@itilus.com>, \"24\" <24@itilus.com>\r\n> Отправленные: Четверг, 16 Апрель 2020 г 11:41:45\r\n> Тема: дц\r\n>\r\n> доброе утро!\r\n> у меня дц сбросилась и я цифры забыл,\r\n> 192.168. дальше какие? Подскажите.\r\n> спс\r\n>\r\n> Отправлено с iPhone\n\n','utf-8',0,0,0,'<486790839.13504.1587027317621.JavaMail.zimbra@itilus.com>',1,24253,1591866145,NULL,'24@itilus.com/INBOX'),(6,'[\"main.lgst@t-logist.com\"]','[\"24@itilus.com\"]','[]','[]','1587027436','Re: дц','а у меня только один, офисный.\r\nДомашние ты мне забанил ведь.\r\n\r\n16.04.2020 11:55, Vit Kelso пишет:\r\n> Про какой комп идет речь ?\r\n>\r\n> ----- Исходное сообщение -----\r\n> От: \"dk\" <main.lgst@t-logist.com>\r\n> Кому: \"Vit Kelso\" <vit@itilus.com>\r\n> Копия: \"24\" <24@itilus.com>\r\n> Отправленные: Четверг, 16 Апрель 2020 г 11:53:24\r\n> Тема: Re: дц\r\n>\r\n> спс!\r\n> А че у меня комп сам позволяет себе перегружаться? Моя волновайся.\r\n>\r\n> 16.04.2020 11:43, Виталий \"АЙТИЛУС\" пишет:\r\n>> Доброе утро\r\n>>\r\n>> 192.168.60.202\r\n>>\r\n>> С Уважением, Виталий\r\n>> vit@itilus.com\r\n>> Sip to: 203\r\n>> www.itilus.com\r\n>> www.itilus.ru\r\n>>\r\n>> ----- Исходное сообщение -----\r\n>> От: \"dk\" <main.lgst@t-logist.com>\r\n>> Кому: \"Vit Kelso\" <vit@itilus.com>, \"24\" <24@itilus.com>\r\n>> Отправленные: Четверг, 16 Апрель 2020 г 11:41:45\r\n>> Тема: дц\r\n>>\r\n>> доброе утро!\r\n>> у меня дц сбросилась и я цифры забыл,\r\n>> 192.168. дальше какие? Подскажите.\r\n>> спс\r\n>>\r\n>> Отправлено с iPhone\n\n','UTF-8',0,0,0,'<5E981DEA.1090604@t-logist.com>',1,24254,1591866145,NULL,'24@itilus.com/INBOX'),(6,'[\"vit@itilus.com\"]','[\"main.lgst@t-logist.com\"]','[\"24@itilus.com\"]','[]','1587027585','Re: дц','Перезагружается прямо в процессе работы ?\r\nМожет сам перезагружаться из-за обновлений Винды, из-за сбоев в сети питания.\r\n\r\nС Уважением, Виталий\r\nvit@itilus.com\r\nSip to: 203\r\nwww.itilus.com\r\nwww.itilus.ru\r\n\r\n----- Исходное сообщение -----\r\nОт: \"dk\" <main.lgst@t-logist.com>\r\nКому: \"24\" <24@itilus.com>\r\nОтправленные: Четверг, 16 Апрель 2020 г 11:57:14\r\nТема: Re: дц\r\n\r\nа у меня только один, офисный.\r\nДомашние ты мне забанил ведь.\r\n\r\n16.04.2020 11:55, Vit Kelso пишет:\r\n> Про какой комп идет речь ?\r\n>\r\n> ----- Исходное сообщение -----\r\n> От: \"dk\" <main.lgst@t-logist.com>\r\n> Кому: \"Vit Kelso\" <vit@itilus.com>\r\n> Копия: \"24\" <24@itilus.com>\r\n> Отправленные: Четверг, 16 Апрель 2020 г 11:53:24\r\n> Тема: Re: дц\r\n>\r\n> спс!\r\n> А че у меня комп сам позволяет себе перегружаться? Моя волновайся.\r\n>\r\n> 16.04.2020 11:43, Виталий \"АЙТИЛУС\" пишет:\r\n>> Доброе утро\r\n>>\r\n>> 192.168.60.202\r\n>>\r\n>> С Уважением, Виталий\r\n>> vit@itilus.com\r\n>> Sip to: 203\r\n>> www.itilus.com\r\n>> www.itilus.ru\r\n>>\r\n>> ----- Исходное сообщение -----\r\n>> От: \"dk\" <main.lgst@t-logist.com>\r\n>> Кому: \"Vit Kelso\" <vit@itilus.com>, \"24\" <24@itilus.com>\r\n>> Отправленные: Четверг, 16 Апрель 2020 г 11:41:45\r\n>> Тема: дц\r\n>>\r\n>> доброе утро!\r\n>> у меня дц сбросилась и я цифры забыл,\r\n>> 192.168. дальше какие? Подскажите.\r\n>> спс\r\n>>\r\n>> Отправлено с iPhone\n\n','utf-8',0,0,0,'<1771353468.13576.1587027582078.JavaMail.zimbra@itilus.com>',1,24255,1591866145,NULL,'24@itilus.com/INBOX'),(6,'[\"main.lgst@t-logist.com\"]','[\"vit@itilus.com\"]','[\"24@itilus.com\"]','[]','1587027734','Re: дц','нет, перезагрузился один раз в промежутке между вчера вечером и сегодня \r\nутром.\r\nВидимо скачок напряжения, раз даже ты не в курсе.\r\nОк.\r\n\r\n16.04.2020 11:59, Виталий \"АЙТИЛУС\" пишет:\r\n> Перезагружается прямо в процессе работы ?\r\n> Может сам перезагружаться из-за обновлений Винды, из-за сбоев в сети питания.\r\n>\r\n> С Уважением, Виталий\r\n> vit@itilus.com\r\n> Sip to: 203\r\n> www.itilus.com\r\n> www.itilus.ru\r\n>\r\n> ----- Исходное сообщение -----\r\n> От: \"dk\" <main.lgst@t-logist.com>\r\n> Кому: \"24\" <24@itilus.com>\r\n> Отправленные: Четверг, 16 Апрель 2020 г 11:57:14\r\n> Тема: Re: дц\r\n>\r\n> а у меня только один, офисный.\r\n> Домашние ты мне забанил ведь.\r\n>\r\n> 16.04.2020 11:55, Vit Kelso пишет:\r\n>> Про какой комп идет речь ?\r\n>>\r\n>> ----- Исходное сообщение -----\r\n>> От: \"dk\" <main.lgst@t-logist.com>\r\n>> Кому: \"Vit Kelso\" <vit@itilus.com>\r\n>> Копия: \"24\" <24@itilus.com>\r\n>> Отправленные: Четверг, 16 Апрель 2020 г 11:53:24\r\n>> Тема: Re: дц\r\n>>\r\n>> спс!\r\n>> А че у меня комп сам позволяет себе перегружаться? Моя волновайся.\r\n>>\r\n>> 16.04.2020 11:43, Виталий \"АЙТИЛУС\" пишет:\r\n>>> Доброе утро\r\n>>>\r\n>>> 192.168.60.202\r\n>>>\r\n>>> С Уважением, Виталий\r\n>>> vit@itilus.com\r\n>>> Sip to: 203\r\n>>> www.itilus.com\r\n>>> www.itilus.ru\r\n>>>\r\n>>> ----- Исходное сообщение -----\r\n>>> От: \"dk\" <main.lgst@t-logist.com>\r\n>>> Кому: \"Vit Kelso\" <vit@itilus.com>, \"24\" <24@itilus.com>\r\n>>> Отправленные: Четверг, 16 Апрель 2020 г 11:41:45\r\n>>> Тема: дц\r\n>>>\r\n>>> доброе утро!\r\n>>> у меня дц сбросилась и я цифры забыл,\r\n>>> 192.168. дальше какие? Подскажите.\r\n>>> спс\r\n>>>\r\n>>> Отправлено с iPhone\n\n','UTF-8',0,0,0,'<5E981F14.7090008@t-logist.com>',1,24256,1591866145,NULL,'24@itilus.com/INBOX'),(6,'[\"main.lgst@t-logist.com\"]','[\"vit@itilus.com\",\"24@itilus.com\"]','[]','[]','1587026507','дц','доброе утро!\r\nу меня дц сбросилась и я цифры забыл,\r\n192.168. дальше какие? Подскажите. \r\nспс\r\n\r\nОтправлено с iPhone\n\n','utf-8',0,0,0,'<5F0B1710-30A1-4522-8071-8B073E42A3E4@t-logist.com>',1,24257,1591866145,NULL,'24@itilus.com/INBOX'),(6,'[\"vit@itilus.com\"]','[\"main.lgst@t-logist.com\"]','[\"24@itilus.com\"]','[]','1587026617','Re: дц','Доброе утро\r\n\r\n192.168.60.202\r\n\r\nС Уважением, Виталий\r\nvit@itilus.com\r\nSip to: 203\r\nwww.itilus.com\r\nwww.itilus.ru\r\n\r\n----- Исходное сообщение -----\r\nОт: \"dk\" <main.lgst@t-logist.com>\r\nКому: \"Vit Kelso\" <vit@itilus.com>, \"24\" <24@itilus.com>\r\nОтправленные: Четверг, 16 Апрель 2020 г 11:41:45\r\nТема: дц\r\n\r\nдоброе утро!\r\nу меня дц сбросилась и я цифры забыл,\r\n192.168. дальше какие? Подскажите. \r\nспс\r\n\r\nОтправлено с iPhone\n\n','utf-8',0,0,0,'<1390389917.12403.1587026614526.JavaMail.zimbra@itilus.com>',1,24258,1591866145,NULL,'24@itilus.com/INBOX'),(6,'[\"noreply.crm@lgstmail.ru\"]','[\"skype.hello@gmail.com\"]','[]','[]','1591866042','testn1','<html>\r\n<head>\r\n	<title></title>\r\n</head>\r\n<body></body>\r\n</html>\r\n\r\n\r\n<br><br>','UTF-8',1,0,0,'<2d757569c85e9572edeb316bd02f7eac@vt.lgst.pro>',1,24808,1591866146,NULL,'24@itilus.com'),(6,'[\"skype.hello@gmail.com\"]','[\"vit@itilus.com\"]','[]','[]','1591866209','Re: testn1','uytriuyti\r\n\r\n11.06.2020 11:59, Bob Kelso пишет:\n\n','utf-8',0,0,0,'<a7a7a8ca-6abc-6f04-aa6f-a595d27ae58c@gmail.com>',1,24809,1591866222,NULL,'INBOX'),(6,'[\"skype.hello@gmail.com\"]','[\"vit@itilus.com\"]','[]','[]','1591874497','Re: test user project','ok\r\n\r\n11.06.2020 14:20, Bob Kelso пишет:\r\n> тест проджект\n\n','utf-8',0,0,0,'<427afca8-2d4f-905c-3791-9790c152a846@gmail.com>',1,24813,1591946562,NULL,'INBOX'),(6,'[\"manage.brg08@lgstmail.ru\"]','[\"frikstel29@lgstmail.ru\"]','[\"24@itilus.com\"]','[]','1591876624','Доступ к Папке \"Туркмения\"','<html><body><div id=\"zimbraEditorContainer\" style=\"font-family: arial, helvetica, sans-serif; font-size: 12pt; color: #000000\" class=\"5\"><div>Сергей Евгеньевич, добрый день,&nbsp;</div><div><br data-mce-bogus=\"1\"></div><div>Просьба переименовать данную почту на меня и открыть доступ к папке \"ТУРКМЕНИЯ\" на PTG Share (H).</div><div><br data-mce-bogus=\"1\"></div><div>Спасибо.</div><div><br data-mce-bogus=\"1\"></div><div>С Уважением Евгений</div></div></body></html><br><br>','utf-8',1,0,0,'<580077144.700325.1591876620443.JavaMail.zimbra@lgstmail.ru>',1,24815,1591946562,NULL,'INBOX'),(6,'[\"vit@itilus.com\"]','[\"manage.brg08@lgstmail.ru\",\"frikstel29@lgstmail.ru\"]','[\"24@itilus.com\"]','[]','1591877034','Re: Доступ к Папке \"Туркмения\"','<html>\r\n  <head>\r\n    <meta http-equiv=\"Content-Type\" content=\"text/html; charset=UTF-8\">\r\n  </head>\r\n  <body text=\"#000000\" bgcolor=\"#FFFFFF\">\r\n    <p>Добрый день<br>\r\n      На сервере переименовано.</p>\r\n    <p>Переименуйте подпись и \"От кого\" у себя в Тандерберде (через\r\n      Виктора)<br>\r\n    </p>\r\n    <div class=\"moz-signature\">\r\n      <meta http-equiv=\"content-type\" content=\"text/html; charset=UTF-8\">\r\n      <title></title>\r\n      <pre class=\"moz-signature\" style=\"white-space: pre-wrap; overflow-wrap: break-word !important; color: rgb(0, 0, 0); font-size: 14.16px; font-style: normal; font-variant-ligatures: normal; font-variant-caps: normal; font-weight: 400; letter-spacing: normal; orphans: 2; text-align: start; text-indent: 0px; text-transform: none; widows: 2; word-spacing: 0px; -webkit-text-stroke-width: 0px; background-color: rgb(253, 253, 253); text-decoration-style: initial; text-decoration-color: initial;\">\r\nС Уважением, Виталий «Айтилус»\r\n<span class=\"Object\" role=\"link\" id=\"OBJ_PREFIX_DWT348_ZmEmailObjectHandler\" style=\"white-space: pre-wrap; overflow-wrap: break-word !important; color: rgb(0, 61, 121); text-decoration: none; cursor: pointer;\"><span class=\"Object\" role=\"link\" id=\"OBJ_PREFIX_DWT392_ZmEmailObjectHandler\" style=\"white-space: pre-wrap; overflow-wrap: break-word !important; color: rgb(0, 61, 121); text-decoration: none; cursor: pointer;\"><a class=\"moz-txt-link-abbreviated\" href=\"mailto:24@itilus.com\" target=\"_blank\" style=\"white-space: pre-wrap; overflow-wrap: break-word !important; color: rgb(0, 61, 121); text-decoration: none; cursor: pointer;\">vit@itilus.com</a></span></span>\r\nSip to: 203\r\n<span class=\"Object\" role=\"link\" id=\"OBJ_PREFIX_DWT349_com_zimbra_url\" style=\"white-space: pre-wrap; overflow-wrap: break-word !important; color: rgb(0, 61, 121); text-decoration: none; cursor: pointer;\"><span class=\"Object\" role=\"link\" id=\"OBJ_PREFIX_DWT393_com_zimbra_url\" style=\"white-space: pre-wrap; overflow-wrap: break-word !important; color: rgb(0, 61, 121); text-decoration: none; cursor: pointer;\"><a class=\"moz-txt-link-abbreviated\" href=\"http://www.itilus.com/\" target=\"_blank\" style=\"white-space: pre-wrap; overflow-wrap: break-word !important; color: rgb(0, 61, 121); text-decoration: none; cursor: pointer;\">www.itilus.com</a></span></span>\r\n<span class=\"Object\" role=\"link\" id=\"OBJ_PREFIX_DWT350_com_zimbra_url\" style=\"white-space: pre-wrap; overflow-wrap: break-word !important; color: rgb(0, 61, 121); text-decoration: none; cursor: pointer;\"><span class=\"Object\" role=\"link\" id=\"OBJ_PREFIX_DWT394_com_zimbra_url\" style=\"white-space: pre-wrap; overflow-wrap: break-word !important; color: rgb(0, 61, 121); text-decoration: none; cursor: pointer;\"><a class=\"moz-txt-link-abbreviated\" href=\"http://www.itilus.ru/\" target=\"_blank\" style=\"white-space: pre-wrap; overflow-wrap: break-word !important; color: rgb(0, 61, 121); text-decoration: none; cursor: pointer;\">www.itilus.ru</a></span></span></pre>\r\n    </div>\r\n    <div class=\"moz-cite-prefix\">11.06.2020 14:57, S R пишет:<br>\r\n    </div>\r\n    <blockquote type=\"cite\"\r\n      cite=\"mid:580077144.700325.1591876620443.JavaMail.zimbra@lgstmail.ru\">\r\n      <meta http-equiv=\"content-type\" content=\"text/html; charset=UTF-8\">\r\n      <div id=\"zimbraEditorContainer\" style=\"font-family: arial,\r\n        helvetica, sans-serif; font-size: 12pt; color: #000000\"\r\n        class=\"5\">\r\n        <div>Сергей Евгеньевич, добрый день, </div>\r\n        <div><br data-mce-bogus=\"1\">\r\n        </div>\r\n        <div>Просьба переименовать данную почту на меня и открыть доступ\r\n          к папке \"ТУРКМЕНИЯ\" на PTG Share (H).</div>\r\n        <div><br data-mce-bogus=\"1\">\r\n        </div>\r\n        <div>Спасибо.</div>\r\n        <div><br data-mce-bogus=\"1\">\r\n        </div>\r\n        <div>С Уважением Евгений</div>\r\n      </div>\r\n    </blockquote>\r\n  </body>\r\n</html>\r\n<br><br>','utf-8',1,0,0,'<33976444-bdb9-912b-b1ee-20e53ceb2dbb@itilus.com>',1,24816,1591946562,NULL,'INBOX'),(6,'[\"manage.brg08@lgstmail.ru\"]','[\"vit@itilus.com\"]','[\"frikstel29@lgstmail.ru\",\"24@itilus.com\"]','[]','1591877222','Re: Доступ к Папке \"Туркмения\"','<html><body><div style=\"font-family: arial, helvetica, sans-serif; font-size: 12pt; color: #000000\"><div>Виталий, добрый день,&nbsp;</div><div><br data-mce-bogus=\"1\"></div><div>Принял, а доступ к папке \"ТУРКМЕНИЯ\" когда смогу получить?</div><div><br data-mce-bogus=\"1\"></div><div>Спасибо.</div><div><br data-mce-bogus=\"1\"></div><div>С Уважением Евгений</div><div><br></div><hr id=\"zwchr\" data-marker=\"__DIVIDER__\"><div data-marker=\"__HEADERS__\"><b>От: </b>\"Виталий \\\"АЙТИЛУС\\\"\" &lt;vit@itilus.com&gt;<br><b>Кому: </b>\"S R\" &lt;manage.brg08@lgstmail.ru&gt;, \"xx xx\" &lt;frikstel29@lgstmail.ru&gt;<br><b>Копия: </b>\"24\" &lt;24@itilus.com&gt;<br><b>Отправленные: </b>Четверг, 11 Июнь 2020 г 15:03:50<br><b>Тема: </b>Re: Доступ к Папке \"Туркмения\"<br></div><div><br></div><div data-marker=\"__QUOTED_TEXT__\"><p>Добрый день<br>\r\n      На сервере переименовано.</p>\r\n    <p>Переименуйте подпись и \"От кого\" у себя в Тандерберде (через\r\n      Виктора)<br>\r\n    </p>\r\n    <div class=\"moz-signature\">\r\n      \r\n      <title></title>\r\n      <pre class=\"moz-signature\" style=\"white-space: pre-wrap; overflow-wrap: break-word !important; color: rgb(0, 0, 0); font-size: 14.16px; font-style: normal; font-variant-ligatures: normal; font-variant-caps: normal; font-weight: 400; letter-spacing: normal; orphans: 2; text-align: start; text-indent: 0px; text-transform: none; widows: 2; word-spacing: 0px; -webkit-text-stroke-width: 0px; background-color: rgb(253, 253, 253); text-decoration-style: initial; text-decoration-color: initial;\">С Уважением, Виталий «Айтилус»\r\n<span class=\"Object\" id=\"OBJ_PREFIX_DWT348_ZmEmailObjectHandler\" style=\"white-space: pre-wrap; overflow-wrap: break-word !important; color: rgb(0, 61, 121); text-decoration: none; cursor: pointer;\"><span class=\"Object\" id=\"OBJ_PREFIX_DWT392_ZmEmailObjectHandler\" style=\"white-space: pre-wrap; overflow-wrap: break-word !important; color: rgb(0, 61, 121); text-decoration: none; cursor: pointer;\"><a class=\"moz-txt-link-abbreviated\" href=\"mailto:24@itilus.com\" target=\"_blank\" style=\"white-space: pre-wrap; overflow-wrap: break-word !important; color: rgb(0, 61, 121); text-decoration: none; cursor: pointer;\">vit@itilus.com</a></span></span>\r\nSip to: 203\r\n<span class=\"Object\" id=\"OBJ_PREFIX_DWT349_com_zimbra_url\" style=\"white-space: pre-wrap; overflow-wrap: break-word !important; color: rgb(0, 61, 121); text-decoration: none; cursor: pointer;\"><span class=\"Object\" id=\"OBJ_PREFIX_DWT393_com_zimbra_url\" style=\"white-space: pre-wrap; overflow-wrap: break-word !important; color: rgb(0, 61, 121); text-decoration: none; cursor: pointer;\"><a class=\"moz-txt-link-abbreviated\" href=\"http://www.itilus.com/\" target=\"_blank\" style=\"white-space: pre-wrap; overflow-wrap: break-word !important; color: rgb(0, 61, 121); text-decoration: none; cursor: pointer;\">www.itilus.com</a></span></span>\r\n<span class=\"Object\" id=\"OBJ_PREFIX_DWT350_com_zimbra_url\" style=\"white-space: pre-wrap; overflow-wrap: break-word !important; color: rgb(0, 61, 121); text-decoration: none; cursor: pointer;\"><span class=\"Object\" id=\"OBJ_PREFIX_DWT394_com_zimbra_url\" style=\"white-space: pre-wrap; overflow-wrap: break-word !important; color: rgb(0, 61, 121); text-decoration: none; cursor: pointer;\"><a class=\"moz-txt-link-abbreviated\" href=\"http://www.itilus.ru/\" target=\"_blank\" style=\"white-space: pre-wrap; overflow-wrap: break-word !important; color: rgb(0, 61, 121); text-decoration: none; cursor: pointer;\">www.itilus.ru</a></span></span></pre>\r\n    </div>\r\n    <div class=\"moz-cite-prefix\">11.06.2020 14:57, S R пишет:<br>\r\n    </div>\r\n    <blockquote cite=\"mid:580077144.700325.1591876620443.JavaMail.zimbra@lgstmail.ru\">\r\n      \r\n      <div id=\"zimbraEditorContainer\" style=\"font-family: arial,\r\n        helvetica, sans-serif; font-size: 12pt; color: #000000\" class=\"5\">\r\n        <div>Сергей Евгеньевич, добрый день,&nbsp;</div>\r\n        <div><br>\r\n        </div>\r\n        <div>Просьба переименовать данную почту на меня и открыть доступ\r\n          к папке \"ТУРКМЕНИЯ\" на PTG Share (H).</div>\r\n        <div><br>\r\n        </div>\r\n        <div>Спасибо.</div>\r\n        <div><br>\r\n        </div>\r\n        <div>С Уважением Евгений</div>\r\n      </div>\r\n    </blockquote><br></div></div></body></html><br><br>','utf-8',1,0,0,'<166821958.700535.1591877220225.JavaMail.zimbra@lgstmail.ru>',1,24819,1591946562,NULL,'INBOX'),(6,'[\"vit@itilus.com\"]','[\"manage.brg08@lgstmail.ru\",\"frikstel29@lgstmail.ru\"]','[\"24@itilus.com\"]','[]','1591877258','Re: Доступ к Папке \"Туркмения\"','<html>\r\n  <head>\r\n    <meta http-equiv=\"Content-Type\" content=\"text/html; charset=UTF-8\">\r\n  </head>\r\n  <body text=\"#000000\" bgcolor=\"#FFFFFF\">\r\n    <p>Доступ к папке \"_Туркмения\" предоставлен для Пользователя Евгений\r\n      (полный чтение/запись)<br>\r\n    </p>\r\n    <div class=\"moz-signature\">\r\n      <meta http-equiv=\"content-type\" content=\"text/html; charset=UTF-8\">\r\n      <title></title>\r\n      <pre class=\"moz-signature\" style=\"white-space: pre-wrap; overflow-wrap: break-word !important; color: rgb(0, 0, 0); font-size: 14.16px; font-style: normal; font-variant-ligatures: normal; font-variant-caps: normal; font-weight: 400; letter-spacing: normal; orphans: 2; text-align: start; text-indent: 0px; text-transform: none; widows: 2; word-spacing: 0px; -webkit-text-stroke-width: 0px; background-color: rgb(253, 253, 253); text-decoration-style: initial; text-decoration-color: initial;\">\r\nС Уважением, Виталий «Айтилус»\r\n<span class=\"Object\" role=\"link\" id=\"OBJ_PREFIX_DWT348_ZmEmailObjectHandler\" style=\"white-space: pre-wrap; overflow-wrap: break-word !important; color: rgb(0, 61, 121); text-decoration: none; cursor: pointer;\"><span class=\"Object\" role=\"link\" id=\"OBJ_PREFIX_DWT392_ZmEmailObjectHandler\" style=\"white-space: pre-wrap; overflow-wrap: break-word !important; color: rgb(0, 61, 121); text-decoration: none; cursor: pointer;\"><a class=\"moz-txt-link-abbreviated\" href=\"mailto:24@itilus.com\" target=\"_blank\" style=\"white-space: pre-wrap; overflow-wrap: break-word !important; color: rgb(0, 61, 121); text-decoration: none; cursor: pointer;\">vit@itilus.com</a></span></span>\r\nSip to: 203\r\n<span class=\"Object\" role=\"link\" id=\"OBJ_PREFIX_DWT349_com_zimbra_url\" style=\"white-space: pre-wrap; overflow-wrap: break-word !important; color: rgb(0, 61, 121); text-decoration: none; cursor: pointer;\"><span class=\"Object\" role=\"link\" id=\"OBJ_PREFIX_DWT393_com_zimbra_url\" style=\"white-space: pre-wrap; overflow-wrap: break-word !important; color: rgb(0, 61, 121); text-decoration: none; cursor: pointer;\"><a class=\"moz-txt-link-abbreviated\" href=\"http://www.itilus.com/\" target=\"_blank\" style=\"white-space: pre-wrap; overflow-wrap: break-word !important; color: rgb(0, 61, 121); text-decoration: none; cursor: pointer;\">www.itilus.com</a></span></span>\r\n<span class=\"Object\" role=\"link\" id=\"OBJ_PREFIX_DWT350_com_zimbra_url\" style=\"white-space: pre-wrap; overflow-wrap: break-word !important; color: rgb(0, 61, 121); text-decoration: none; cursor: pointer;\"><span class=\"Object\" role=\"link\" id=\"OBJ_PREFIX_DWT394_com_zimbra_url\" style=\"white-space: pre-wrap; overflow-wrap: break-word !important; color: rgb(0, 61, 121); text-decoration: none; cursor: pointer;\"><a class=\"moz-txt-link-abbreviated\" href=\"http://www.itilus.ru/\" target=\"_blank\" style=\"white-space: pre-wrap; overflow-wrap: break-word !important; color: rgb(0, 61, 121); text-decoration: none; cursor: pointer;\">www.itilus.ru</a></span></span></pre>\r\n    </div>\r\n    <div class=\"moz-cite-prefix\">11.06.2020 14:57, S R пишет:<br>\r\n    </div>\r\n    <blockquote type=\"cite\"\r\n      cite=\"mid:580077144.700325.1591876620443.JavaMail.zimbra@lgstmail.ru\">\r\n      <meta http-equiv=\"content-type\" content=\"text/html; charset=UTF-8\">\r\n      <div id=\"zimbraEditorContainer\" style=\"font-family: arial,\r\n        helvetica, sans-serif; font-size: 12pt; color: #000000\"\r\n        class=\"5\">\r\n        <div>Сергей Евгеньевич, добрый день, </div>\r\n        <div><br data-mce-bogus=\"1\">\r\n        </div>\r\n        <div>Просьба переименовать данную почту на меня и открыть доступ\r\n          к папке \"ТУРКМЕНИЯ\" на PTG Share (H).</div>\r\n        <div><br data-mce-bogus=\"1\">\r\n        </div>\r\n        <div>Спасибо.</div>\r\n        <div><br data-mce-bogus=\"1\">\r\n        </div>\r\n        <div>С Уважением Евгений</div>\r\n      </div>\r\n    </blockquote>\r\n  </body>\r\n</html>\r\n<br><br>','utf-8',1,0,0,'<9dc3c892-dcbd-a8ad-615f-7ff905ff7ee5@itilus.com>',1,24820,1591946563,NULL,'INBOX'),(6,'[\"manage.brg08@lgstmail.ru\"]','[\"vit@itilus.com\"]','[\"frikstel29@lgstmail.ru\",\"24@itilus.com\"]','[]','1591877304','Re: Доступ к Папке \"Туркмения\"','<html><body><div style=\"font-family: arial, helvetica, sans-serif; font-size: 12pt; color: #000000\"><div>Принял, зашел.</div><div><br data-mce-bogus=\"1\"></div><div>Спасибо.</div><div><br data-mce-bogus=\"1\"></div><div>С Уважением Евгений</div><div><br></div><hr id=\"zwchr\" data-marker=\"__DIVIDER__\"><div data-marker=\"__HEADERS__\"><b>От: </b>\"vit\" &lt;vit@itilus.com&gt;<br><b>Кому: </b>\"S R\" &lt;manage.brg08@lgstmail.ru&gt;, \"xx xx\" &lt;frikstel29@lgstmail.ru&gt;<br><b>Копия: </b>\"24\" &lt;24@itilus.com&gt;<br><b>Отправленные: </b>Четверг, 11 Июнь 2020 г 15:07:34<br><b>Тема: </b>Re: Доступ к Папке \"Туркмения\"<br></div><div><br></div><div data-marker=\"__QUOTED_TEXT__\"><p>Доступ к папке \"_Туркмения\" предоставлен для Пользователя Евгений\r\n      (полный чтение/запись)<br>\r\n    </p>\r\n    <div class=\"moz-signature\">\r\n      \r\n      <title></title>\r\n      <pre class=\"moz-signature\" style=\"white-space: pre-wrap; overflow-wrap: break-word !important; color: rgb(0, 0, 0); font-size: 14.16px; font-style: normal; font-variant-ligatures: normal; font-variant-caps: normal; font-weight: 400; letter-spacing: normal; orphans: 2; text-align: start; text-indent: 0px; text-transform: none; widows: 2; word-spacing: 0px; -webkit-text-stroke-width: 0px; background-color: rgb(253, 253, 253); text-decoration-style: initial; text-decoration-color: initial;\">С Уважением, Виталий «Айтилус»\r\n<span class=\"Object\" id=\"OBJ_PREFIX_DWT348_ZmEmailObjectHandler\" style=\"white-space: pre-wrap; overflow-wrap: break-word !important; color: rgb(0, 61, 121); text-decoration: none; cursor: pointer;\"><span class=\"Object\" id=\"OBJ_PREFIX_DWT392_ZmEmailObjectHandler\" style=\"white-space: pre-wrap; overflow-wrap: break-word !important; color: rgb(0, 61, 121); text-decoration: none; cursor: pointer;\"><a class=\"moz-txt-link-abbreviated\" href=\"mailto:24@itilus.com\" target=\"_blank\" style=\"white-space: pre-wrap; overflow-wrap: break-word !important; color: rgb(0, 61, 121); text-decoration: none; cursor: pointer;\">vit@itilus.com</a></span></span>\r\nSip to: 203\r\n<span class=\"Object\" id=\"OBJ_PREFIX_DWT349_com_zimbra_url\" style=\"white-space: pre-wrap; overflow-wrap: break-word !important; color: rgb(0, 61, 121); text-decoration: none; cursor: pointer;\"><span class=\"Object\" id=\"OBJ_PREFIX_DWT393_com_zimbra_url\" style=\"white-space: pre-wrap; overflow-wrap: break-word !important; color: rgb(0, 61, 121); text-decoration: none; cursor: pointer;\"><a class=\"moz-txt-link-abbreviated\" href=\"http://www.itilus.com/\" target=\"_blank\" style=\"white-space: pre-wrap; overflow-wrap: break-word !important; color: rgb(0, 61, 121); text-decoration: none; cursor: pointer;\">www.itilus.com</a></span></span>\r\n<span class=\"Object\" id=\"OBJ_PREFIX_DWT350_com_zimbra_url\" style=\"white-space: pre-wrap; overflow-wrap: break-word !important; color: rgb(0, 61, 121); text-decoration: none; cursor: pointer;\"><span class=\"Object\" id=\"OBJ_PREFIX_DWT394_com_zimbra_url\" style=\"white-space: pre-wrap; overflow-wrap: break-word !important; color: rgb(0, 61, 121); text-decoration: none; cursor: pointer;\"><a class=\"moz-txt-link-abbreviated\" href=\"http://www.itilus.ru/\" target=\"_blank\" style=\"white-space: pre-wrap; overflow-wrap: break-word !important; color: rgb(0, 61, 121); text-decoration: none; cursor: pointer;\">www.itilus.ru</a></span></span></pre>\r\n    </div>\r\n    <div class=\"moz-cite-prefix\">11.06.2020 14:57, S R пишет:<br>\r\n    </div>\r\n    <blockquote cite=\"mid:580077144.700325.1591876620443.JavaMail.zimbra@lgstmail.ru\">\r\n      \r\n      <div id=\"zimbraEditorContainer\" style=\"font-family: arial,\r\n        helvetica, sans-serif; font-size: 12pt; color: #000000\" class=\"5\">\r\n        <div>Сергей Евгеньевич, добрый день,&nbsp;</div>\r\n        <div><br>\r\n        </div>\r\n        <div>Просьба переименовать данную почту на меня и открыть доступ\r\n          к папке \"ТУРКМЕНИЯ\" на PTG Share (H).</div>\r\n        <div><br>\r\n        </div>\r\n        <div>Спасибо.</div>\r\n        <div><br>\r\n        </div>\r\n        <div>С Уважением Евгений</div>\r\n      </div>\r\n    </blockquote><br></div></div></body></html><br><br>','utf-8',1,0,0,'<1936529987.700587.1591877303208.JavaMail.zimbra@lgstmail.ru>',1,24822,1591946563,NULL,'INBOX'),(6,'[\"24@itilus.com\"]','[\"manage.brg08@lgstmail.ru\",\"vit@itilus.com\"]','[\"frikstel29@lgstmail.ru\"]','[]','1591877318','Re: Доступ к Папке \"Туркмения\"','<html>\r\n  <head>\r\n    <meta http-equiv=\"Content-Type\" content=\"text/html; charset=UTF-8\">\r\n  </head>\r\n  <body text=\"#000000\" bgcolor=\"#FFFFFF\">\r\n    <p>Не за что !<br>\r\n    </p>\r\n    <div class=\"moz-signature\">\r\n      <meta http-equiv=\"content-type\" content=\"text/html; charset=UTF-8\">\r\n      <title></title>\r\n      <pre class=\"moz-signature\" style=\"white-space: pre-wrap; overflow-wrap: break-word !important; color: rgb(0, 0, 0); font-size: 14.16px; font-style: normal; font-variant-ligatures: normal; font-variant-caps: normal; font-weight: 400; letter-spacing: normal; orphans: 2; text-align: start; text-indent: 0px; text-transform: none; widows: 2; word-spacing: 0px; -webkit-text-stroke-width: 0px; text-decoration-style: initial; text-decoration-color: initial; background-color: rgb(253, 253, 253);\">\r\nС Уважением, Служба технической поддержки «Айтилус»\r\n<span class=\"Object\" id=\"OBJ_PREFIX_DWT348_ZmEmailObjectHandler\" style=\"white-space: pre-wrap; overflow-wrap: break-word !important; color: rgb(0, 61, 121); text-decoration: none; cursor: pointer;\"><span class=\"Object\" id=\"OBJ_PREFIX_DWT392_ZmEmailObjectHandler\" style=\"white-space: pre-wrap; overflow-wrap: break-word !important; color: rgb(0, 61, 121); text-decoration: none; cursor: pointer;\"><span class=\"Object\" role=\"link\" id=\"OBJ_PREFIX_DWT100_ZmEmailObjectHandler\" style=\"white-space: pre-wrap; overflow-wrap: break-word !important; color: rgb(0, 61, 121); text-decoration: none; cursor: pointer;\"><span class=\"Object\" role=\"link\" id=\"OBJ_PREFIX_DWT104_ZmEmailObjectHandler\" style=\"white-space: pre-wrap; overflow-wrap: break-word !important; color: rgb(0, 61, 121); text-decoration: none; cursor: pointer;\"><a class=\"moz-txt-link-abbreviated\" href=\"mailto:24@itilus.com\" target=\"_blank\" style=\"white-space: pre-wrap; overflow-wrap: break-word !important; color: rgb(0, 61, 121); text-decoration: none; cursor: pointer;\">24@itilus.com</a></span></span></span></span>\r\nSip to: 3301\r\nSip to: 203\r\n<span class=\"Object\" id=\"OBJ_PREFIX_DWT349_com_zimbra_url\" style=\"white-space: pre-wrap; overflow-wrap: break-word !important; color: rgb(0, 61, 121); text-decoration: none; cursor: pointer;\"><span class=\"Object\" id=\"OBJ_PREFIX_DWT393_com_zimbra_url\" style=\"white-space: pre-wrap; overflow-wrap: break-word !important; color: rgb(0, 61, 121); text-decoration: none; cursor: pointer;\"><span class=\"Object\" role=\"link\" id=\"OBJ_PREFIX_DWT101_com_zimbra_url\" style=\"white-space: pre-wrap; overflow-wrap: break-word !important; color: rgb(0, 61, 121); text-decoration: none; cursor: pointer;\"><span class=\"Object\" role=\"link\" id=\"OBJ_PREFIX_DWT105_com_zimbra_url\" style=\"white-space: pre-wrap; overflow-wrap: break-word !important; color: rgb(0, 61, 121); text-decoration: none; cursor: pointer;\"><a class=\"moz-txt-link-abbreviated\" href=\"http://www.itilus.com/\" target=\"_blank\" style=\"white-space: pre-wrap; overflow-wrap: break-word !important; color: rgb(0, 61, 121); text-decoration: none; cursor: pointer;\">www.itilus.com</a></span></span></span></span>\r\n<span class=\"Object\" id=\"OBJ_PREFIX_DWT350_com_zimbra_url\" style=\"white-space: pre-wrap; overflow-wrap: break-word !important; color: rgb(0, 61, 121); text-decoration: none; cursor: pointer;\"><span class=\"Object\" id=\"OBJ_PREFIX_DWT394_com_zimbra_url\" style=\"white-space: pre-wrap; overflow-wrap: break-word !important; color: rgb(0, 61, 121); text-decoration: none; cursor: pointer;\"><span class=\"Object\" role=\"link\" id=\"OBJ_PREFIX_DWT102_com_zimbra_url\" style=\"white-space: pre-wrap; overflow-wrap: break-word !important; color: rgb(0, 61, 121); text-decoration: none; cursor: pointer;\"><span class=\"Object\" role=\"link\" id=\"OBJ_PREFIX_DWT106_com_zimbra_url\" style=\"white-space: pre-wrap; overflow-wrap: break-word !important; color: rgb(0, 61, 121); text-decoration: none; cursor: pointer;\"><a class=\"moz-txt-link-abbreviated\" href=\"http://www.itilus.ru/\" target=\"_blank\" style=\"white-space: pre-wrap; overflow-wrap: break-word !important; color: rgb(0, 61, 121); text-decoration: none; cursor: pointer;\">www.itilus.ru</a></span></span></span></span></pre>\r\n    </div>\r\n    <div class=\"moz-cite-prefix\">11.06.2020 15:08, S R пишет:<br>\r\n    </div>\r\n    <blockquote type=\"cite\"\r\n      cite=\"mid:1936529987.700587.1591877303208.JavaMail.zimbra@lgstmail.ru\">\r\n      <meta http-equiv=\"content-type\" content=\"text/html; charset=UTF-8\">\r\n      <div style=\"font-family: arial, helvetica, sans-serif; font-size:\r\n        12pt; color: #000000\">\r\n        <div>Принял, зашел.</div>\r\n        <div><br data-mce-bogus=\"1\">\r\n        </div>\r\n        <div>Спасибо.</div>\r\n        <div><br data-mce-bogus=\"1\">\r\n        </div>\r\n        <div>С Уважением Евгений</div>\r\n        <div><br>\r\n        </div>\r\n        <hr id=\"zwchr\" data-marker=\"__DIVIDER__\">\r\n        <div data-marker=\"__HEADERS__\"><b>От: </b>\"vit\"\r\n          <a class=\"moz-txt-link-rfc2396E\" href=\"mailto:vit@itilus.com\">&lt;vit@itilus.com&gt;</a><br>\r\n          <b>Кому: </b>\"S R\" <a class=\"moz-txt-link-rfc2396E\" href=\"mailto:manage.brg08@lgstmail.ru\">&lt;manage.brg08@lgstmail.ru&gt;</a>, \"xx xx\"\r\n          <a class=\"moz-txt-link-rfc2396E\" href=\"mailto:frikstel29@lgstmail.ru\">&lt;frikstel29@lgstmail.ru&gt;</a><br>\r\n          <b>Копия: </b>\"24\" <a class=\"moz-txt-link-rfc2396E\" href=\"mailto:24@itilus.com\">&lt;24@itilus.com&gt;</a><br>\r\n          <b>Отправленные: </b>Четверг, 11 Июнь 2020 г 15:07:34<br>\r\n          <b>Тема: </b>Re: Доступ к Папке \"Туркмения\"<br>\r\n        </div>\r\n        <div><br>\r\n        </div>\r\n        <div data-marker=\"__QUOTED_TEXT__\">\r\n          <p>Доступ к папке \"_Туркмения\" предоставлен для Пользователя\r\n            Евгений (полный чтение/запись)<br>\r\n          </p>\r\n          <div class=\"moz-signature\">\r\n            <title></title>\r\n            <pre class=\"moz-signature\" style=\"white-space: pre-wrap; overflow-wrap: break-word !important; color: rgb(0, 0, 0); font-size: 14.16px; font-style: normal; font-variant-ligatures: normal; font-variant-caps: normal; font-weight: 400; letter-spacing: normal; orphans: 2; text-align: start; text-indent: 0px; text-transform: none; widows: 2; word-spacing: 0px; -webkit-text-stroke-width: 0px; background-color: rgb(253, 253, 253); text-decoration-style: initial; text-decoration-color: initial;\">С Уважением, Виталий «Айтилус»\r\n<span class=\"Object\" id=\"OBJ_PREFIX_DWT348_ZmEmailObjectHandler\" style=\"white-space: pre-wrap; overflow-wrap: break-word !important; color: rgb(0, 61, 121); text-decoration: none; cursor: pointer;\"><span class=\"Object\" id=\"OBJ_PREFIX_DWT392_ZmEmailObjectHandler\" style=\"white-space: pre-wrap; overflow-wrap: break-word !important; color: rgb(0, 61, 121); text-decoration: none; cursor: pointer;\"><a class=\"moz-txt-link-abbreviated\" href=\"mailto:24@itilus.com\" target=\"_blank\" style=\"white-space: pre-wrap; overflow-wrap: break-word !important; color: rgb(0, 61, 121); text-decoration: none; cursor: pointer;\" moz-do-not-send=\"true\">vit@itilus.com</a></span></span>\r\nSip to: 203\r\n<span class=\"Object\" id=\"OBJ_PREFIX_DWT349_com_zimbra_url\" style=\"white-space: pre-wrap; overflow-wrap: break-word !important; color: rgb(0, 61, 121); text-decoration: none; cursor: pointer;\"><span class=\"Object\" id=\"OBJ_PREFIX_DWT393_com_zimbra_url\" style=\"white-space: pre-wrap; overflow-wrap: break-word !important; color: rgb(0, 61, 121); text-decoration: none; cursor: pointer;\"><a class=\"moz-txt-link-abbreviated\" href=\"http://www.itilus.com/\" target=\"_blank\" style=\"white-space: pre-wrap; overflow-wrap: break-word !important; color: rgb(0, 61, 121); text-decoration: none; cursor: pointer;\" moz-do-not-send=\"true\">www.itilus.com</a></span></span>\r\n<span class=\"Object\" id=\"OBJ_PREFIX_DWT350_com_zimbra_url\" style=\"white-space: pre-wrap; overflow-wrap: break-word !important; color: rgb(0, 61, 121); text-decoration: none; cursor: pointer;\"><span class=\"Object\" id=\"OBJ_PREFIX_DWT394_com_zimbra_url\" style=\"white-space: pre-wrap; overflow-wrap: break-word !important; color: rgb(0, 61, 121); text-decoration: none; cursor: pointer;\"><a class=\"moz-txt-link-abbreviated\" href=\"http://www.itilus.ru/\" target=\"_blank\" style=\"white-space: pre-wrap; overflow-wrap: break-word !important; color: rgb(0, 61, 121); text-decoration: none; cursor: pointer;\" moz-do-not-send=\"true\">www.itilus.ru</a></span></span></pre>\r\n          </div>\r\n          <div class=\"moz-cite-prefix\">11.06.2020 14:57, S R пишет:<br>\r\n          </div>\r\n          <blockquote\r\n            cite=\"mid:580077144.700325.1591876620443.JavaMail.zimbra@lgstmail.ru\">\r\n            <div id=\"zimbraEditorContainer\" style=\"font-family: arial,\r\n              helvetica, sans-serif; font-size: 12pt; color: #000000\"\r\n              class=\"5\">\r\n              <div>Сергей Евгеньевич, добрый день, </div>\r\n              <div><br>\r\n              </div>\r\n              <div>Просьба переименовать данную почту на меня и открыть\r\n                доступ к папке \"ТУРКМЕНИЯ\" на PTG Share (H).</div>\r\n              <div><br>\r\n              </div>\r\n              <div>Спасибо.</div>\r\n              <div><br>\r\n              </div>\r\n              <div>С Уважением Евгений</div>\r\n            </div>\r\n          </blockquote>\r\n          <br>\r\n        </div>\r\n      </div>\r\n    </blockquote>\r\n  </body>\r\n</html>\r\n<br><br>','utf-8',1,0,0,'<60f4928c-2c9f-0157-a933-448898bf4dfc@itilus.com>',1,24823,1591946563,NULL,'INBOX'),(6,'[\"frikstel29@lgstmail.ru\"]','[\"24@itilus.com\"]','[]','[]','1591879598','входящий IP телефона',' Входящий звонок в офис ( номер 8495-133-38-10 ) прошу перенести с \r\nмобильного телефона Сизова, на стационарный офисный телефон добавочный 106.\r\n\r\n  Секретарь Военная уволена . Есть возможность из приветствия убрать \r\n\"дождитесь ответа секретаря \"?\n\n','utf-8',0,0,0,'<66d0d36f-f2d4-5ca0-f671-e6f837be1625@lgstmail.ru>',1,24824,1591946563,NULL,'INBOX'),(6,'[\"vit@itilus.com\"]','[\"frikstel29@lgstmail.ru\",\"24@itilus.com\"]','[]','[]','1591905039','Re: входящий IP телефона','<html>\r\n  <head>\r\n    <meta http-equiv=\"Content-Type\" content=\"text/html; charset=UTF-8\">\r\n  </head>\r\n  <body text=\"#000000\" bgcolor=\"#FFFFFF\">\r\n    <p>Добрый вечер!</p>\r\n    <p>Снял авто-перенаправление вызова с 1333810 на мобильный\r\n      Александра Сизова.<br>\r\n      Включил перенаправление на \"продажи\", как было раньше в офисе.<br>\r\n      Сейчас сделал при выборе после приветствия нажатие любой из \r\n      клавиш 1 или 2 (продажи или секретарь) переключение всегда на\r\n      \"продажи\", какую бы цифру не выбрал внешний абонет.</p>\r\n    <p>После того, как файл голосового приветствия будет переделан,\r\n      оставим настройку переключения в соответствии с голосовым\r\n      приветствием (возможно вообще выбор нажатия будет отсутствовать,\r\n      т.к. вариант остался только один - отдел продаж). Подумайте, как\r\n      лучше.<br>\r\n    </p>\r\n    <div class=\"moz-signature\">\r\n      <meta http-equiv=\"content-type\" content=\"text/html; charset=UTF-8\">\r\n      <title></title>\r\n      <pre class=\"moz-signature\" style=\"white-space: pre-wrap; overflow-wrap: break-word !important; color: rgb(0, 0, 0); font-size: 14.16px; font-style: normal; font-variant-ligatures: normal; font-variant-caps: normal; font-weight: 400; letter-spacing: normal; orphans: 2; text-align: start; text-indent: 0px; text-transform: none; widows: 2; word-spacing: 0px; -webkit-text-stroke-width: 0px; background-color: rgb(253, 253, 253); text-decoration-style: initial; text-decoration-color: initial;\">\r\nС Уважением, Виталий «Айтилус»\r\n<span class=\"Object\" role=\"link\" id=\"OBJ_PREFIX_DWT348_ZmEmailObjectHandler\" style=\"white-space: pre-wrap; overflow-wrap: break-word !important; color: rgb(0, 61, 121); text-decoration: none; cursor: pointer;\"><span class=\"Object\" role=\"link\" id=\"OBJ_PREFIX_DWT392_ZmEmailObjectHandler\" style=\"white-space: pre-wrap; overflow-wrap: break-word !important; color: rgb(0, 61, 121); text-decoration: none; cursor: pointer;\"><a class=\"moz-txt-link-abbreviated\" href=\"mailto:24@itilus.com\" target=\"_blank\" style=\"white-space: pre-wrap; overflow-wrap: break-word !important; color: rgb(0, 61, 121); text-decoration: none; cursor: pointer;\">vit@itilus.com</a></span></span>\r\nSip to: 203\r\n<span class=\"Object\" role=\"link\" id=\"OBJ_PREFIX_DWT349_com_zimbra_url\" style=\"white-space: pre-wrap; overflow-wrap: break-word !important; color: rgb(0, 61, 121); text-decoration: none; cursor: pointer;\"><span class=\"Object\" role=\"link\" id=\"OBJ_PREFIX_DWT393_com_zimbra_url\" style=\"white-space: pre-wrap; overflow-wrap: break-word !important; color: rgb(0, 61, 121); text-decoration: none; cursor: pointer;\"><a class=\"moz-txt-link-abbreviated\" href=\"http://www.itilus.com/\" target=\"_blank\" style=\"white-space: pre-wrap; overflow-wrap: break-word !important; color: rgb(0, 61, 121); text-decoration: none; cursor: pointer;\">www.itilus.com</a></span></span>\r\n<span class=\"Object\" role=\"link\" id=\"OBJ_PREFIX_DWT350_com_zimbra_url\" style=\"white-space: pre-wrap; overflow-wrap: break-word !important; color: rgb(0, 61, 121); text-decoration: none; cursor: pointer;\"><span class=\"Object\" role=\"link\" id=\"OBJ_PREFIX_DWT394_com_zimbra_url\" style=\"white-space: pre-wrap; overflow-wrap: break-word !important; color: rgb(0, 61, 121); text-decoration: none; cursor: pointer;\"><a class=\"moz-txt-link-abbreviated\" href=\"http://www.itilus.ru/\" target=\"_blank\" style=\"white-space: pre-wrap; overflow-wrap: break-word !important; color: rgb(0, 61, 121); text-decoration: none; cursor: pointer;\">www.itilus.ru</a></span></span></pre>\r\n    </div>\r\n    <div class=\"moz-cite-prefix\">11.06.2020 15:46, fr29 пишет:<br>\r\n    </div>\r\n    <blockquote type=\"cite\"\r\n      cite=\"mid:66d0d36f-f2d4-5ca0-f671-e6f837be1625@lgstmail.ru\"> Входящий\r\n      звонок в офис ( номер 8495-133-38-10 ) прошу перенести с\r\n      мобильного телефона Сизова, на стационарный офисный телефон\r\n      добавочный 106.\r\n      <br>\r\n      <br>\r\n       Секретарь Военная уволена . Есть возможность из приветствия\r\n      убрать \"дождитесь ответа секретаря \"?\r\n      <br>\r\n      <br>\r\n    </blockquote>\r\n  </body>\r\n</html>\r\n<br><br>','utf-8',1,0,0,'<a61ec490-ab60-bf82-8174-a6780db3f429@itilus.com>',1,24828,1591946563,NULL,'INBOX'),(6,'[\"noreply.crm@lgstmail.ru\"]','[\"skype.hello@gmail.com\"]','[]','[]','1591866307','Re: testn1','<html>\r\n<head>\r\n</head>\r\n<body>\r\n<p>куку<br />\r\nkuku<br />\r\n </p>\r\n\r\n<p style=\"margin:0;padding:0;\">On 11-06-2020 12:03:29, skype.hello@gmail.com wrote :</p>\r\n\r\n<blockquote style=\"border:0;margin:0;border-left:1px solid gray;padding:0 0 0 2px;\"></blockquote>\r\n</body>\r\n</html>\r\n<title></title>\r\nuytriuyti<br />\r\n<br />\r\n11.06.2020 11:59, Bob Kelso пишет:<br />\r\n \r\n\r\n\r\n<br><br>','UTF-8',1,0,0,'<230ea86daaf464cf9489464abdf07084@vt.lgst.pro>',1,24811,1591948288,NULL,'24@itilus.com'),(6,'[\"noreply.crm@lgstmail.ru\"]','[\"skype.hello@gmail.com\"]','[]','[]','1591874474','test user project','<html>\r\n<head>\r\n	<title></title>\r\n</head>\r\n<body>тест проджект</body>\r\n</html>\r\n\r\n\r\n<br><br>','UTF-8',1,0,0,'<bedaef2c1458f8bb6edcfd576d8aafeb@vt.lgst.pro>',1,24812,1591948288,NULL,'24@itilus.com');
/*!40000 ALTER TABLE `vtiger_mailmanager_mailrecord` ENABLE KEYS */;
UNLOCK TABLES;

--
-- Table structure for table `vtiger_mailmanager_mailrel`
--

DROP TABLE IF EXISTS `vtiger_mailmanager_mailrel`;
/*!40101 SET @saved_cs_client     = @@character_set_client */;
/*!40101 SET character_set_client = utf8 */;
CREATE TABLE `vtiger_mailmanager_mailrel` (
  `mailuid` varchar(999) DEFAULT NULL,
  `crmid` int(11) DEFAULT NULL,
  `emailid` int(11) DEFAULT NULL
) ENGINE=InnoDB DEFAULT CHARSET=utf8;
/*!40101 SET character_set_client = @saved_cs_client */;

--
-- Dumping data for table `vtiger_mailmanager_mailrel`
--

LOCK TABLES `vtiger_mailmanager_mailrel` WRITE;
/*!40000 ALTER TABLE `vtiger_mailmanager_mailrel` DISABLE KEYS */;
/*!40000 ALTER TABLE `vtiger_mailmanager_mailrel` ENABLE KEYS */;
UNLOCK TABLES;

--
-- Table structure for table `vtiger_mailscanner`
--

DROP TABLE IF EXISTS `vtiger_mailscanner`;
/*!40101 SET @saved_cs_client     = @@character_set_client */;
/*!40101 SET character_set_client = utf8 */;
CREATE TABLE `vtiger_mailscanner` (
  `scannerid` int(11) NOT NULL AUTO_INCREMENT,
  `scannername` varchar(30) DEFAULT NULL,
  `server` varchar(100) DEFAULT NULL,
  `protocol` varchar(10) DEFAULT NULL,
  `username` varchar(255) DEFAULT NULL,
  `password` varchar(255) DEFAULT NULL,
  `ssltype` varchar(10) DEFAULT NULL,
  `sslmethod` varchar(30) DEFAULT NULL,
  `connecturl` varchar(255) DEFAULT NULL,
  `searchfor` varchar(10) DEFAULT NULL,
  `markas` varchar(10) DEFAULT NULL,
  `isvalid` int(1) DEFAULT NULL,
  `scanfrom` varchar(10) DEFAULT 'ALL',
  `time_zone` varchar(10) DEFAULT NULL,
  PRIMARY KEY (`scannerid`)
) ENGINE=InnoDB DEFAULT CHARSET=utf8;
/*!40101 SET character_set_client = @saved_cs_client */;

--
-- Dumping data for table `vtiger_mailscanner`
--

LOCK TABLES `vtiger_mailscanner` WRITE;
/*!40000 ALTER TABLE `vtiger_mailscanner` DISABLE KEYS */;
/*!40000 ALTER TABLE `vtiger_mailscanner` ENABLE KEYS */;
UNLOCK TABLES;

--
-- Table structure for table `vtiger_mailscanner_actions`
--

DROP TABLE IF EXISTS `vtiger_mailscanner_actions`;
/*!40101 SET @saved_cs_client     = @@character_set_client */;
/*!40101 SET character_set_client = utf8 */;
CREATE TABLE `vtiger_mailscanner_actions` (
  `actionid` int(11) NOT NULL AUTO_INCREMENT,
  `scannerid` int(11) DEFAULT NULL,
  `actiontype` varchar(10) DEFAULT NULL,
  `module` varchar(30) DEFAULT NULL,
  `lookup` varchar(30) DEFAULT NULL,
  `sequence` int(11) DEFAULT NULL,
  PRIMARY KEY (`actionid`)
) ENGINE=InnoDB DEFAULT CHARSET=utf8;
/*!40101 SET character_set_client = @saved_cs_client */;

--
-- Dumping data for table `vtiger_mailscanner_actions`
--

LOCK TABLES `vtiger_mailscanner_actions` WRITE;
/*!40000 ALTER TABLE `vtiger_mailscanner_actions` DISABLE KEYS */;
/*!40000 ALTER TABLE `vtiger_mailscanner_actions` ENABLE KEYS */;
UNLOCK TABLES;

--
-- Table structure for table `vtiger_mailscanner_folders`
--

DROP TABLE IF EXISTS `vtiger_mailscanner_folders`;
/*!40101 SET @saved_cs_client     = @@character_set_client */;
/*!40101 SET character_set_client = utf8 */;
CREATE TABLE `vtiger_mailscanner_folders` (
  `folderid` int(11) NOT NULL AUTO_INCREMENT,
  `scannerid` int(11) DEFAULT NULL,
  `foldername` varchar(255) DEFAULT NULL,
  `lastscan` varchar(30) DEFAULT NULL,
  `rescan` int(1) DEFAULT NULL,
  `enabled` int(1) DEFAULT NULL,
  PRIMARY KEY (`folderid`),
  KEY `folderid_idx` (`folderid`)
) ENGINE=InnoDB DEFAULT CHARSET=utf8;
/*!40101 SET character_set_client = @saved_cs_client */;

--
-- Dumping data for table `vtiger_mailscanner_folders`
--

LOCK TABLES `vtiger_mailscanner_folders` WRITE;
/*!40000 ALTER TABLE `vtiger_mailscanner_folders` DISABLE KEYS */;
/*!40000 ALTER TABLE `vtiger_mailscanner_folders` ENABLE KEYS */;
UNLOCK TABLES;

--
-- Table structure for table `vtiger_mailscanner_ids`
--

DROP TABLE IF EXISTS `vtiger_mailscanner_ids`;
/*!40101 SET @saved_cs_client     = @@character_set_client */;
/*!40101 SET character_set_client = utf8 */;
CREATE TABLE `vtiger_mailscanner_ids` (
  `scannerid` int(11) DEFAULT NULL,
  `messageid` varchar(512) DEFAULT NULL,
  `crmid` int(11) DEFAULT NULL,
  `refids` text,
  KEY `scanner_message_ids_idx` (`scannerid`,`messageid`),
  KEY `messageids_crmid_idx` (`crmid`)
) ENGINE=InnoDB DEFAULT CHARSET=utf8;
/*!40101 SET character_set_client = @saved_cs_client */;

--
-- Dumping data for table `vtiger_mailscanner_ids`
--

LOCK TABLES `vtiger_mailscanner_ids` WRITE;
/*!40000 ALTER TABLE `vtiger_mailscanner_ids` DISABLE KEYS */;
/*!40000 ALTER TABLE `vtiger_mailscanner_ids` ENABLE KEYS */;
UNLOCK TABLES;

--
-- Table structure for table `vtiger_mailscanner_ruleactions`
--

DROP TABLE IF EXISTS `vtiger_mailscanner_ruleactions`;
/*!40101 SET @saved_cs_client     = @@character_set_client */;
/*!40101 SET character_set_client = utf8 */;
CREATE TABLE `vtiger_mailscanner_ruleactions` (
  `ruleid` int(11) DEFAULT NULL,
  `actionid` int(11) DEFAULT NULL
) ENGINE=InnoDB DEFAULT CHARSET=utf8;
/*!40101 SET character_set_client = @saved_cs_client */;

--
-- Dumping data for table `vtiger_mailscanner_ruleactions`
--

LOCK TABLES `vtiger_mailscanner_ruleactions` WRITE;
/*!40000 ALTER TABLE `vtiger_mailscanner_ruleactions` DISABLE KEYS */;
/*!40000 ALTER TABLE `vtiger_mailscanner_ruleactions` ENABLE KEYS */;
UNLOCK TABLES;

--
-- Table structure for table `vtiger_mailscanner_rules`
--

DROP TABLE IF EXISTS `vtiger_mailscanner_rules`;
/*!40101 SET @saved_cs_client     = @@character_set_client */;
/*!40101 SET character_set_client = utf8 */;
CREATE TABLE `vtiger_mailscanner_rules` (
  `ruleid` int(11) NOT NULL AUTO_INCREMENT,
  `scannerid` int(11) DEFAULT NULL,
  `fromaddress` varchar(255) DEFAULT NULL,
  `toaddress` varchar(255) DEFAULT NULL,
  `subjectop` varchar(20) DEFAULT NULL,
  `subject` varchar(255) DEFAULT NULL,
  `bodyop` varchar(20) DEFAULT NULL,
  `body` varchar(255) DEFAULT NULL,
  `matchusing` varchar(5) DEFAULT NULL,
  `sequence` int(11) DEFAULT NULL,
  `assigned_to` int(10) DEFAULT NULL,
  `cc` varchar(255) DEFAULT NULL,
  `bcc` varchar(255) DEFAULT NULL,
  PRIMARY KEY (`ruleid`)
) ENGINE=InnoDB DEFAULT CHARSET=utf8;
/*!40101 SET character_set_client = @saved_cs_client */;

--
-- Dumping data for table `vtiger_mailscanner_rules`
--

LOCK TABLES `vtiger_mailscanner_rules` WRITE;
/*!40000 ALTER TABLE `vtiger_mailscanner_rules` DISABLE KEYS */;
/*!40000 ALTER TABLE `vtiger_mailscanner_rules` ENABLE KEYS */;
UNLOCK TABLES;

--
-- Table structure for table `vtiger_manufacturer`
--

DROP TABLE IF EXISTS `vtiger_manufacturer`;
/*!40101 SET @saved_cs_client     = @@character_set_client */;
/*!40101 SET character_set_client = utf8 */;
CREATE TABLE `vtiger_manufacturer` (
  `manufacturerid` int(19) NOT NULL AUTO_INCREMENT,
  `manufacturer` varchar(200) NOT NULL,
  `presence` int(1) NOT NULL DEFAULT '1',
  `picklist_valueid` int(19) NOT NULL DEFAULT '0',
  `sortorderid` int(11) DEFAULT NULL,
  `color` varchar(10) DEFAULT NULL,
  PRIMARY KEY (`manufacturerid`),
  UNIQUE KEY `manufacturer_manufacturer_idx` (`manufacturer`)
) ENGINE=InnoDB AUTO_INCREMENT=5 DEFAULT CHARSET=utf8;
/*!40101 SET character_set_client = @saved_cs_client */;

--
-- Dumping data for table `vtiger_manufacturer`
--

LOCK TABLES `vtiger_manufacturer` WRITE;
/*!40000 ALTER TABLE `vtiger_manufacturer` DISABLE KEYS */;
INSERT INTO `vtiger_manufacturer` VALUES (2,'AltvetPet Inc.',1,124,1,NULL),(3,'LexPon Inc.',1,125,2,NULL),(4,'MetBeat Corp',1,126,3,NULL);
/*!40000 ALTER TABLE `vtiger_manufacturer` ENABLE KEYS */;
UNLOCK TABLES;

--
-- Table structure for table `vtiger_manufacturer_seq`
--

DROP TABLE IF EXISTS `vtiger_manufacturer_seq`;
/*!40101 SET @saved_cs_client     = @@character_set_client */;
/*!40101 SET character_set_client = utf8 */;
CREATE TABLE `vtiger_manufacturer_seq` (
  `id` int(11) NOT NULL
) ENGINE=InnoDB DEFAULT CHARSET=utf8;
/*!40101 SET character_set_client = @saved_cs_client */;

--
-- Dumping data for table `vtiger_manufacturer_seq`
--

LOCK TABLES `vtiger_manufacturer_seq` WRITE;
/*!40000 ALTER TABLE `vtiger_manufacturer_seq` DISABLE KEYS */;
INSERT INTO `vtiger_manufacturer_seq` VALUES (4);
/*!40000 ALTER TABLE `vtiger_manufacturer_seq` ENABLE KEYS */;
UNLOCK TABLES;

--
-- Table structure for table `vtiger_mobile_alerts`
--

DROP TABLE IF EXISTS `vtiger_mobile_alerts`;
/*!40101 SET @saved_cs_client     = @@character_set_client */;
/*!40101 SET character_set_client = utf8 */;
CREATE TABLE `vtiger_mobile_alerts` (
  `id` int(11) NOT NULL AUTO_INCREMENT,
  `handler_path` varchar(500) DEFAULT NULL,
  `handler_class` varchar(50) DEFAULT NULL,
  `sequence` int(11) DEFAULT NULL,
  `deleted` int(11) NOT NULL DEFAULT '0',
  PRIMARY KEY (`id`)
) ENGINE=InnoDB AUTO_INCREMENT=15 DEFAULT CHARSET=utf8;
/*!40101 SET character_set_client = @saved_cs_client */;

--
-- Dumping data for table `vtiger_mobile_alerts`
--

LOCK TABLES `vtiger_mobile_alerts` WRITE;
/*!40000 ALTER TABLE `vtiger_mobile_alerts` DISABLE KEYS */;
INSERT INTO `vtiger_mobile_alerts` VALUES (8,'modules/Mobile/api/ws/models/alerts/IdleTicketsOfMine.php','Mobile_WS_AlertModel_IdleTicketsOfMine',NULL,0),(9,'modules/Mobile/api/ws/models/alerts/NewTicketOfMine.php','Mobile_WS_AlertModel_NewTicketOfMine',NULL,0),(10,'modules/Mobile/api/ws/models/alerts/PendingTicketsOfMine.php','Mobile_WS_AlertModel_PendingTicketsOfMine',NULL,0),(11,'modules/Mobile/api/ws/models/alerts/PotentialsDueIn5Days.php','Mobile_WS_AlertModel_PotentialsDueIn5Days',NULL,0),(12,'modules/Mobile/api/ws/models/alerts/EventsOfMineToday.php','Mobile_WS_AlertModel_EventsOfMineToday',NULL,0),(13,'modules/Mobile/api/ws/models/alerts/ProjectTasksOfMine.php','Mobile_WS_AlertModel_ProjectTasksOfMine',NULL,0),(14,'modules/Mobile/api/ws/models/alerts/Projects.php','Mobile_WS_AlertModel_Projects',NULL,0);
/*!40000 ALTER TABLE `vtiger_mobile_alerts` ENABLE KEYS */;
UNLOCK TABLES;

--
-- Table structure for table `vtiger_modcomments`
--

DROP TABLE IF EXISTS `vtiger_modcomments`;
/*!40101 SET @saved_cs_client     = @@character_set_client */;
/*!40101 SET character_set_client = utf8 */;
CREATE TABLE `vtiger_modcomments` (
  `modcommentsid` int(11) DEFAULT NULL,
  `commentcontent` text,
  `related_to` int(19) DEFAULT NULL,
  `parent_comments` int(19) DEFAULT NULL,
  `customer` int(19) DEFAULT NULL,
  `userid` int(19) DEFAULT NULL,
  `reasontoedit` varchar(100) DEFAULT NULL,
  `is_private` int(1) DEFAULT '0',
  `filename` varchar(255) DEFAULT NULL,
  `related_email_id` int(11) DEFAULT NULL,
  KEY `relatedto_idx` (`related_to`),
  KEY `fk_crmid_vtiger_modcomments` (`modcommentsid`),
  CONSTRAINT `fk_crmid_vtiger_modcomments` FOREIGN KEY (`modcommentsid`) REFERENCES `vtiger_crmentity` (`crmid`) ON DELETE CASCADE
) ENGINE=InnoDB DEFAULT CHARSET=utf8;
/*!40101 SET character_set_client = @saved_cs_client */;

--
-- Dumping data for table `vtiger_modcomments`
--

LOCK TABLES `vtiger_modcomments` WRITE;
/*!40000 ALTER TABLE `vtiger_modcomments` DISABLE KEYS */;
INSERT INTO `vtiger_modcomments` VALUES (6,'1223432',5,0,0,7,'',0,'0',0),(7,'длорлорлорд',5,0,0,7,'',0,'0',0);
/*!40000 ALTER TABLE `vtiger_modcomments` ENABLE KEYS */;
UNLOCK TABLES;

--
-- Table structure for table `vtiger_modcommentscf`
--

DROP TABLE IF EXISTS `vtiger_modcommentscf`;
/*!40101 SET @saved_cs_client     = @@character_set_client */;
/*!40101 SET character_set_client = utf8 */;
CREATE TABLE `vtiger_modcommentscf` (
  `modcommentsid` int(11) NOT NULL,
  PRIMARY KEY (`modcommentsid`),
  CONSTRAINT `fk_modcommentsid_vtiger_modcommentscf` FOREIGN KEY (`modcommentsid`) REFERENCES `vtiger_modcomments` (`modcommentsid`) ON DELETE CASCADE
) ENGINE=InnoDB DEFAULT CHARSET=utf8;
/*!40101 SET character_set_client = @saved_cs_client */;

--
-- Dumping data for table `vtiger_modcommentscf`
--

LOCK TABLES `vtiger_modcommentscf` WRITE;
/*!40000 ALTER TABLE `vtiger_modcommentscf` DISABLE KEYS */;
INSERT INTO `vtiger_modcommentscf` VALUES (6),(7);
/*!40000 ALTER TABLE `vtiger_modcommentscf` ENABLE KEYS */;
UNLOCK TABLES;

--
-- Table structure for table `vtiger_modentity_num`
--

DROP TABLE IF EXISTS `vtiger_modentity_num`;
/*!40101 SET @saved_cs_client     = @@character_set_client */;
/*!40101 SET character_set_client = utf8 */;
CREATE TABLE `vtiger_modentity_num` (
  `num_id` int(19) NOT NULL,
  `semodule` varchar(100) DEFAULT NULL,
  `prefix` varchar(50) NOT NULL DEFAULT '',
  `start_id` varchar(50) NOT NULL,
  `cur_id` varchar(50) NOT NULL,
  `active` varchar(2) NOT NULL,
  `spcompany` varchar(200) CHARACTER SET utf8 COLLATE utf8_unicode_ci DEFAULT '',
  PRIMARY KEY (`num_id`),
  UNIQUE KEY `num_idx` (`num_id`),
  KEY `semodule_active_idx` (`semodule`,`active`)
) ENGINE=InnoDB DEFAULT CHARSET=utf8;
/*!40101 SET character_set_client = @saved_cs_client */;

--
-- Dumping data for table `vtiger_modentity_num`
--

LOCK TABLES `vtiger_modentity_num` WRITE;
/*!40000 ALTER TABLE `vtiger_modentity_num` DISABLE KEYS */;
INSERT INTO `vtiger_modentity_num` VALUES (1,'Leads','ОБР_','1','1','1',''),(2,'Accounts','КОНТР_','1','2','1',''),(3,'Campaigns','КАМП_','1','1','1',''),(4,'Contacts','КОНТАКТ_','1','2','1',''),(5,'Potentials','СДЕЛКА_','1','1','1',''),(6,'HelpDesk','ЗАЯВКА_','1','1','1',''),(7,'Quotes','ПРЕД_','1','1','1',''),(8,'SalesOrder','ЗАКАЗ_','1','1','1',''),(9,'PurchaseOrder','ЗАКУПКА_','1','1','1',''),(10,'Invoice','СЧЕТ_','1','1','1',''),(11,'Products','ТОВ_','1','1','1',''),(12,'Vendors','ПОСТ_','1','1','1',''),(13,'PriceBooks','КАТ_','1','1','1',''),(14,'Faq','БЗ_','1','1','1',''),(15,'Documents','ДОК_','1','2','1',''),(16,'Services','СЕР_','1','1','1',''),(17,'ServiceContracts','СЕРКОН_','1','1','1',''),(18,'Assets','АКТИВ_','1','1','1',''),(19,'ProjectMilestone','PM','1','1','1',''),(20,'ProjectTask','PT','1','2','1',''),(21,'Project','PROJ','1','2','1',''),(22,'Act','','1','1','1',''),(23,'SPPayments','','1','1','1',''),(24,'Consignment','','1','1','1','');
/*!40000 ALTER TABLE `vtiger_modentity_num` ENABLE KEYS */;
UNLOCK TABLES;

--
-- Table structure for table `vtiger_modentity_num_seq`
--

DROP TABLE IF EXISTS `vtiger_modentity_num_seq`;
/*!40101 SET @saved_cs_client     = @@character_set_client */;
/*!40101 SET character_set_client = utf8 */;
CREATE TABLE `vtiger_modentity_num_seq` (
  `id` int(11) NOT NULL
) ENGINE=InnoDB DEFAULT CHARSET=utf8;
/*!40101 SET character_set_client = @saved_cs_client */;

--
-- Dumping data for table `vtiger_modentity_num_seq`
--

LOCK TABLES `vtiger_modentity_num_seq` WRITE;
/*!40000 ALTER TABLE `vtiger_modentity_num_seq` DISABLE KEYS */;
INSERT INTO `vtiger_modentity_num_seq` VALUES (24);
/*!40000 ALTER TABLE `vtiger_modentity_num_seq` ENABLE KEYS */;
UNLOCK TABLES;

--
-- Table structure for table `vtiger_modtracker_basic`
--

DROP TABLE IF EXISTS `vtiger_modtracker_basic`;
/*!40101 SET @saved_cs_client     = @@character_set_client */;
/*!40101 SET character_set_client = utf8 */;
CREATE TABLE `vtiger_modtracker_basic` (
  `id` int(20) NOT NULL,
  `crmid` int(20) DEFAULT NULL,
  `module` varchar(50) DEFAULT NULL,
  `whodid` int(20) DEFAULT NULL,
  `changedon` datetime DEFAULT NULL,
  `status` int(1) DEFAULT '0',
  PRIMARY KEY (`id`),
  KEY `crmidx` (`crmid`),
  KEY `idx` (`id`)
) ENGINE=InnoDB DEFAULT CHARSET=utf8;
/*!40101 SET character_set_client = @saved_cs_client */;

--
-- Dumping data for table `vtiger_modtracker_basic`
--

LOCK TABLES `vtiger_modtracker_basic` WRITE;
/*!40000 ALTER TABLE `vtiger_modtracker_basic` DISABLE KEYS */;
INSERT INTO `vtiger_modtracker_basic` VALUES (1,2,'Contacts',7,'2020-06-04 11:59:19',2),(2,3,'Events',7,'2020-06-04 12:01:19',2),(3,2,'Contacts',7,'2020-06-04 12:01:19',4),(4,4,'Calendar',7,'2020-06-04 12:02:02',2),(5,2,'Contacts',7,'2020-06-04 12:02:03',4),(6,5,'Project',7,'2020-06-04 12:04:54',2),(7,5,'Project',7,'2020-06-04 12:06:03',4),(8,6,'ModComments',7,'2020-06-04 12:06:03',2),(9,5,'Project',7,'2020-06-04 12:06:18',4),(10,7,'ModComments',7,'2020-06-04 12:06:18',2),(11,2,'Contacts',9,'2020-06-06 01:25:31',0),(12,8,'Accounts',9,'2020-06-06 01:28:45',2),(13,2,'Contacts',9,'2020-06-06 01:29:12',0),(14,9,'PBXManager',1,'2020-06-06 01:30:53',2),(15,9,'PBXManager',1,'2020-06-06 01:31:06',0),(16,9,'PBXManager',1,'2020-06-06 01:31:08',0),(17,10,'PBXManager',1,'2020-06-06 01:34:15',2),(18,10,'PBXManager',1,'2020-06-06 01:34:28',0),(19,10,'PBXManager',1,'2020-06-06 01:34:29',0),(20,11,'PBXManager',1,'2020-06-06 01:41:48',2),(21,11,'PBXManager',1,'2020-06-06 01:41:52',0),(22,11,'PBXManager',1,'2020-06-06 01:42:22',0),(23,8,'Accounts',9,'2020-06-06 01:46:15',0),(24,12,'PBXManager',1,'2020-06-06 01:58:08',2),(25,12,'PBXManager',1,'2020-06-06 01:58:22',0),(26,12,'PBXManager',1,'2020-06-06 01:58:26',0),(27,13,'PBXManager',1,'2020-06-06 02:06:18',2),(28,14,'PBXManager',1,'2020-06-06 02:07:15',2),(29,14,'PBXManager',1,'2020-06-06 02:07:28',0),(30,14,'PBXManager',1,'2020-06-06 02:08:17',0),(31,15,'PBXManager',1,'2020-06-07 10:20:28',2),(32,16,'PBXManager',1,'2020-06-07 10:20:57',2),(33,16,'PBXManager',1,'2020-06-07 10:20:58',0),(34,3,'Events',1,'2020-06-07 10:28:59',0),(35,5,'Project',1,'2020-06-09 09:57:25',0),(36,17,'ProjectTask',1,'2020-06-09 13:41:59',2),(37,17,'ProjectTask',1,'2020-06-09 13:42:20',0),(38,18,'PBXManager',1,'2020-06-10 20:26:25',2),(39,19,'PBXManager',1,'2020-06-10 22:45:08',2),(40,43,'Documents',1,'2020-06-11 11:50:22',2),(41,49,'Emails',6,'2020-06-11 11:53:01',2),(42,49,'Emails',6,'2020-06-11 11:56:54',0),(43,49,'Emails',6,'2020-06-11 11:59:42',0),(44,53,'Emails',6,'2020-06-11 12:04:02',2),(45,54,'Emails',6,'2020-06-11 14:20:13',2);
/*!40000 ALTER TABLE `vtiger_modtracker_basic` ENABLE KEYS */;
UNLOCK TABLES;

--
-- Table structure for table `vtiger_modtracker_basic_seq`
--

DROP TABLE IF EXISTS `vtiger_modtracker_basic_seq`;
/*!40101 SET @saved_cs_client     = @@character_set_client */;
/*!40101 SET character_set_client = utf8 */;
CREATE TABLE `vtiger_modtracker_basic_seq` (
  `id` int(11) NOT NULL
) ENGINE=InnoDB DEFAULT CHARSET=utf8;
/*!40101 SET character_set_client = @saved_cs_client */;

--
-- Dumping data for table `vtiger_modtracker_basic_seq`
--

LOCK TABLES `vtiger_modtracker_basic_seq` WRITE;
/*!40000 ALTER TABLE `vtiger_modtracker_basic_seq` DISABLE KEYS */;
INSERT INTO `vtiger_modtracker_basic_seq` VALUES (45);
/*!40000 ALTER TABLE `vtiger_modtracker_basic_seq` ENABLE KEYS */;
UNLOCK TABLES;

--
-- Table structure for table `vtiger_modtracker_detail`
--

DROP TABLE IF EXISTS `vtiger_modtracker_detail`;
/*!40101 SET @saved_cs_client     = @@character_set_client */;
/*!40101 SET character_set_client = utf8 */;
CREATE TABLE `vtiger_modtracker_detail` (
  `id` int(11) DEFAULT NULL,
  `fieldname` varchar(100) DEFAULT NULL,
  `prevalue` text,
  `postvalue` text,
  KEY `idx` (`id`)
) ENGINE=InnoDB DEFAULT CHARSET=utf8;
/*!40101 SET character_set_client = @saved_cs_client */;

--
-- Dumping data for table `vtiger_modtracker_detail`
--

LOCK TABLES `vtiger_modtracker_detail` WRITE;
/*!40000 ALTER TABLE `vtiger_modtracker_detail` DISABLE KEYS */;
INSERT INTO `vtiger_modtracker_detail` VALUES (1,'label',NULL,'Иван Иванов'),(1,'salutationtype',NULL,'Mr.'),(1,'firstname',NULL,'Иван'),(1,'contact_no',NULL,'КОНТАКТ_1'),(1,'lastname',NULL,'Иванов'),(1,'assigned_user_id',NULL,'7'),(1,'createdtime',NULL,'2020-06-04 11:59:19'),(1,'modifiedby',NULL,'7'),(1,'support_start_date',NULL,'2020-06-04'),(1,'support_end_date',NULL,'2021-06-04'),(1,'created_user_id',NULL,'7'),(1,'source',NULL,'CRM'),(1,'record_id',NULL,'2'),(1,'record_module',NULL,'Contacts'),(2,'label',NULL,'тест1'),(2,'subject',NULL,'тест1'),(2,'assigned_user_id',NULL,'7'),(2,'date_start',NULL,'2020-06-04'),(2,'time_start',NULL,'12:01:00'),(2,'due_date',NULL,'2020-06-04'),(2,'time_end',NULL,'12:06:00'),(2,'recurringtype',NULL,'--None--'),(2,'duration_minutes',NULL,'5'),(2,'parent_id',NULL,'2'),(2,'eventstatus',NULL,'Planned'),(2,'activitytype',NULL,'Call'),(2,'createdtime',NULL,'2020-06-04 12:01:19'),(2,'visibility',NULL,'Public'),(2,'modifiedby',NULL,'7'),(2,'contact_id',NULL,'2'),(2,'created_user_id',NULL,'7'),(2,'source',NULL,'CRM'),(2,'record_id',NULL,'3'),(2,'record_module',NULL,'Events'),(4,'label',NULL,'тест2 задача'),(4,'subject',NULL,'тест2 задача'),(4,'assigned_user_id',NULL,'7'),(4,'date_start',NULL,'2020-06-04'),(4,'time_start',NULL,'12:01:00'),(4,'due_date',NULL,'2020-06-04'),(4,'duration_hours',NULL,'11'),(4,'duration_minutes',NULL,'59'),(4,'parent_id',NULL,'2'),(4,'activitytype',NULL,'Task'),(4,'createdtime',NULL,'2020-06-04 12:02:02'),(4,'visibility',NULL,'Private'),(4,'modifiedby',NULL,'7'),(4,'contact_id',NULL,'2'),(4,'created_user_id',NULL,'7'),(4,'source',NULL,'CRM'),(4,'taskstatus',NULL,'In Progress'),(4,'record_id',NULL,'4'),(4,'record_module',NULL,'Calendar'),(6,'label',NULL,'тест проект1'),(6,'projectname',NULL,'тест проект1'),(6,'startdate',NULL,'2020-06-04'),(6,'targetenddate',NULL,'2020-06-18'),(6,'projectstatus',NULL,'prospecting'),(6,'assigned_user_id',NULL,'7'),(6,'project_no',NULL,'PROJ1'),(6,'createdtime',NULL,'2020-06-04 12:04:54'),(6,'modifiedby',NULL,'7'),(6,'description',NULL,'тест'),(6,'source',NULL,'CRM'),(6,'created_user_id',NULL,'7'),(6,'record_id',NULL,'5'),(6,'record_module',NULL,'Project'),(8,'label',NULL,'1223432'),(8,'commentcontent',NULL,'1223432'),(8,'source',NULL,'CRM'),(8,'userid',NULL,'7'),(8,'created_user_id',NULL,'7'),(8,'assigned_user_id',NULL,'7'),(8,'createdtime',NULL,'2020-06-04 12:06:03'),(8,'related_to',NULL,'5'),(8,'creator',NULL,'7'),(8,'record_id',NULL,'6'),(8,'record_module',NULL,'ModComments'),(10,'label',NULL,'длорлорлорд'),(10,'commentcontent',NULL,'длорлорлорд'),(10,'source',NULL,'CRM'),(10,'userid',NULL,'7'),(10,'created_user_id',NULL,'7'),(10,'assigned_user_id',NULL,'7'),(10,'createdtime',NULL,'2020-06-04 12:06:18'),(10,'related_to',NULL,'5'),(10,'creator',NULL,'7'),(10,'record_id',NULL,'7'),(10,'record_module',NULL,'ModComments'),(11,'mobile','','+79267094629'),(11,'modifiedby','7','9'),(12,'label',NULL,'one'),(12,'accountname',NULL,'one'),(12,'account_no',NULL,'КОНТР_1'),(12,'phone',NULL,'+79267094629'),(12,'annual_revenue',NULL,'0.00000000'),(12,'assigned_user_id',NULL,'9'),(12,'createdtime',NULL,'2020-06-06 01:28:45'),(12,'modifiedby',NULL,'9'),(12,'created_user_id',NULL,'9'),(12,'source',NULL,'CRM'),(12,'record_id',NULL,'8'),(12,'record_module',NULL,'Accounts'),(13,'account_id','0','8'),(14,'label',NULL,'79267094629'),(14,'direction',NULL,'inbound'),(14,'callstatus',NULL,'ringing'),(14,'starttime',NULL,'2020-06-06 01:30:51'),(14,'sourceuuid',NULL,'in_6336ab0e87601e3b21af13bb37dd4469fbc287e8_100'),(14,'customer',NULL,'8'),(14,'user',NULL,'9'),(14,'customernumber',NULL,'79267094629'),(14,'customertype',NULL,'Accounts'),(14,'assigned_user_id',NULL,'1'),(14,'createdtime',NULL,'2020-06-06 01:30:53'),(14,'source',NULL,'CRM'),(14,'created_user_id',NULL,'1'),(14,'sp_voip_provider',NULL,'zadarma'),(14,'sp_called_from_number',NULL,'79267094629'),(14,'sp_called_to_number',NULL,'74959759835'),(14,'record_id',NULL,'9'),(14,'record_module',NULL,'PBXManager'),(15,'callstatus','ringing','in-progress'),(15,'totalduration','0','13'),(16,'callstatus','in-progress','completed'),(16,'endtime','','2020-06-06 01:31:08'),(16,'totalduration','13','15'),(16,'billduration','0','2'),(16,'sp_call_status_code','','16'),(17,'label',NULL,'79267094629'),(17,'direction',NULL,'inbound'),(17,'callstatus',NULL,'ringing'),(17,'starttime',NULL,'2020-06-06 01:34:14'),(17,'sourceuuid',NULL,'in_8fe9013b2fad5fb1992496d3605323e5706e2a1b_100'),(17,'customer',NULL,'8'),(17,'user',NULL,'9'),(17,'customernumber',NULL,'79267094629'),(17,'customertype',NULL,'Accounts'),(17,'assigned_user_id',NULL,'1'),(17,'createdtime',NULL,'2020-06-06 01:34:15'),(17,'source',NULL,'CRM'),(17,'created_user_id',NULL,'1'),(17,'sp_voip_provider',NULL,'zadarma'),(17,'sp_called_from_number',NULL,'79267094629'),(17,'sp_called_to_number',NULL,'74959759835'),(17,'record_id',NULL,'10'),(17,'record_module',NULL,'PBXManager'),(18,'callstatus','ringing','in-progress'),(18,'totalduration','0','13'),(19,'callstatus','in-progress','completed'),(19,'endtime','','2020-06-06 01:34:29'),(19,'totalduration','13','14'),(19,'billduration','0','1'),(19,'sp_call_status_code','','16'),(20,'label',NULL,'79267094629'),(20,'direction',NULL,'inbound'),(20,'callstatus',NULL,'ringing'),(20,'starttime',NULL,'2020-06-06 01:41:46'),(20,'sourceuuid',NULL,'in_36373d4ed26d7e207ecfdfd9d6b9256fcc275377_100'),(20,'customer',NULL,'8'),(20,'user',NULL,'9'),(20,'customernumber',NULL,'79267094629'),(20,'customertype',NULL,'Accounts'),(20,'assigned_user_id',NULL,'1'),(20,'createdtime',NULL,'2020-06-06 01:41:48'),(20,'source',NULL,'CRM'),(20,'created_user_id',NULL,'1'),(20,'sp_voip_provider',NULL,'zadarma'),(20,'sp_called_from_number',NULL,'79267094629'),(20,'sp_called_to_number',NULL,'74959759835'),(20,'record_id',NULL,'11'),(20,'record_module',NULL,'PBXManager'),(21,'callstatus','ringing','in-progress'),(21,'totalduration','0','4'),(22,'callstatus','in-progress','completed'),(22,'endtime','','2020-06-06 01:42:22'),(22,'totalduration','4','35'),(22,'billduration','0','31'),(22,'sp_call_status_code','','16'),(23,'fax','','+79267094629'),(23,'otherphone','','+79267094629'),(24,'label',NULL,'79267094629'),(24,'direction',NULL,'inbound'),(24,'callstatus',NULL,'ringing'),(24,'starttime',NULL,'2020-06-06 01:58:06'),(24,'sourceuuid',NULL,'in_cb9a9e32ff1874b042f00bfbcbd808ae9bb6b946_100'),(24,'customer',NULL,'8'),(24,'user',NULL,'9'),(24,'customernumber',NULL,'79267094629'),(24,'customertype',NULL,'Accounts'),(24,'assigned_user_id',NULL,'1'),(24,'createdtime',NULL,'2020-06-06 01:58:08'),(24,'source',NULL,'CRM'),(24,'created_user_id',NULL,'1'),(24,'sp_voip_provider',NULL,'zadarma'),(24,'sp_called_from_number',NULL,'79267094629'),(24,'sp_called_to_number',NULL,'74959759835'),(24,'record_id',NULL,'12'),(24,'record_module',NULL,'PBXManager'),(25,'callstatus','ringing','in-progress'),(25,'totalduration','0','14'),(26,'callstatus','in-progress','completed'),(26,'endtime','','2020-06-06 01:58:26'),(26,'totalduration','14','18'),(26,'billduration','0','4'),(26,'sp_call_status_code','','16'),(27,'label',NULL,'79267094629'),(27,'direction',NULL,'inbound'),(27,'callstatus',NULL,'ringing'),(27,'starttime',NULL,'2020-06-06 02:06:16'),(27,'sourceuuid',NULL,'in_fd71cea37d3f8f60832fffe6441fbf8aba4eb062_100'),(27,'customer',NULL,'8'),(27,'user',NULL,'9'),(27,'customernumber',NULL,'79267094629'),(27,'customertype',NULL,'Accounts'),(27,'assigned_user_id',NULL,'1'),(27,'createdtime',NULL,'2020-06-06 02:06:18'),(27,'source',NULL,'CRM'),(27,'created_user_id',NULL,'1'),(27,'sp_voip_provider',NULL,'zadarma'),(27,'sp_called_from_number',NULL,'79267094629'),(27,'sp_called_to_number',NULL,'74959759835'),(27,'record_id',NULL,'13'),(27,'record_module',NULL,'PBXManager'),(28,'label',NULL,'79267094629'),(28,'direction',NULL,'inbound'),(28,'callstatus',NULL,'ringing'),(28,'starttime',NULL,'2020-06-06 02:07:13'),(28,'sourceuuid',NULL,'in_eae3589e27a24c4c82bd51ece2e26384d79349e4_100'),(28,'customer',NULL,'8'),(28,'user',NULL,'9'),(28,'customernumber',NULL,'79267094629'),(28,'customertype',NULL,'Accounts'),(28,'assigned_user_id',NULL,'1'),(28,'createdtime',NULL,'2020-06-06 02:07:15'),(28,'source',NULL,'CRM'),(28,'created_user_id',NULL,'1'),(28,'sp_voip_provider',NULL,'zadarma'),(28,'sp_called_from_number',NULL,'79267094629'),(28,'sp_called_to_number',NULL,'74959759835'),(28,'record_id',NULL,'14'),(28,'record_module',NULL,'PBXManager'),(29,'callstatus','ringing','in-progress'),(29,'totalduration','0','13'),(30,'callstatus','in-progress','completed'),(30,'endtime','','2020-06-06 02:08:17'),(30,'totalduration','13','62'),(30,'billduration','0','49'),(30,'sp_call_status_code','','16'),(31,'label',NULL,'88002502525'),(31,'direction',NULL,'outbound'),(31,'callstatus',NULL,'ringing'),(31,'starttime',NULL,'2020-06-07 10:20:25'),(31,'sourceuuid',NULL,'out_86611755f28573c22939b52709795e831618dc7f_100'),(31,'user',NULL,'9'),(31,'customernumber',NULL,'88002502525'),(31,'assigned_user_id',NULL,'1'),(31,'createdtime',NULL,'2020-06-07 10:20:28'),(31,'source',NULL,'CRM'),(31,'created_user_id',NULL,'1'),(31,'sp_voip_provider',NULL,'zadarma'),(31,'sp_called_from_number',NULL,'100'),(31,'sp_called_to_number',NULL,'88002502525'),(31,'record_id',NULL,'15'),(31,'record_module',NULL,'PBXManager'),(32,'label',NULL,'88002502525'),(32,'direction',NULL,'outbound'),(32,'callstatus',NULL,'ringing'),(32,'starttime',NULL,'2020-06-07 10:20:56'),(32,'sourceuuid',NULL,'out_38863fd590dd4640d6ec6f43c3b1a9010d403d4f_100'),(32,'user',NULL,'9'),(32,'customernumber',NULL,'88002502525'),(32,'assigned_user_id',NULL,'1'),(32,'createdtime',NULL,'2020-06-07 10:20:57'),(32,'source',NULL,'CRM'),(32,'created_user_id',NULL,'1'),(32,'sp_voip_provider',NULL,'zadarma'),(32,'sp_called_from_number',NULL,'100'),(32,'sp_called_to_number',NULL,'88002502525'),(32,'record_id',NULL,'16'),(32,'record_module',NULL,'PBXManager'),(33,'callstatus','ringing','failed'),(33,'endtime','','2020-06-07 10:20:58'),(33,'customer','','8'),(33,'customertype','','Accounts'),(33,'sp_call_status_code','','1'),(34,'eventstatus','Planned','Held'),(34,'modifiedby','7','1'),(35,'modifiedby','7','1'),(36,'label',NULL,'пр-зад1'),(36,'projecttaskname',NULL,'пр-зад1'),(36,'projecttaskpriority',NULL,'normal'),(36,'projectid',NULL,'5'),(36,'assigned_user_id',NULL,'1'),(36,'projecttask_no',NULL,'PT1'),(36,'projecttaskprogress',NULL,'10%'),(36,'createdtime',NULL,'2020-06-09 13:41:59'),(36,'modifiedby',NULL,'1'),(36,'description',NULL,'тест задача проект 1'),(36,'source',NULL,'CRM'),(36,'projecttaskstatus',NULL,'In Progress'),(36,'created_user_id',NULL,'1'),(36,'record_id',NULL,'17'),(36,'record_module',NULL,'ProjectTask'),(37,'projecttaskstatus','In Progress','Открыт'),(38,'label',NULL,'+79876757777'),(38,'direction',NULL,'outbound'),(38,'callstatus',NULL,'ringing'),(38,'starttime',NULL,'2020-06-10 20:26:22'),(38,'sourceuuid',NULL,'out_d0194f1613bb1bd9fa554690d0dfd4d96a394e20_100'),(38,'user',NULL,'9'),(38,'customernumber',NULL,'+79876757777'),(38,'assigned_user_id',NULL,'1'),(38,'createdtime',NULL,'2020-06-10 20:26:25'),(38,'source',NULL,'CRM'),(38,'created_user_id',NULL,'1'),(38,'sp_voip_provider',NULL,'zadarma'),(38,'sp_called_from_number',NULL,'100'),(38,'sp_called_to_number',NULL,'+79876757777'),(38,'record_id',NULL,'18'),(38,'record_module',NULL,'PBXManager'),(39,'label',NULL,'79267094629'),(39,'direction',NULL,'inbound'),(39,'callstatus',NULL,'ringing'),(39,'starttime',NULL,'2020-06-10 22:45:04'),(39,'sourceuuid',NULL,'in_7cd1258217eaa94caf865f6430d1813e9e57d5ab_100'),(39,'customer',NULL,'8'),(39,'user',NULL,'9'),(39,'customernumber',NULL,'79267094629'),(39,'customertype',NULL,'Accounts'),(39,'assigned_user_id',NULL,'1'),(39,'createdtime',NULL,'2020-06-10 22:45:08'),(39,'source',NULL,'CRM'),(39,'created_user_id',NULL,'1'),(39,'sp_voip_provider',NULL,'zadarma'),(39,'sp_called_from_number',NULL,'79267094629'),(39,'sp_called_to_number',NULL,'74959759835'),(39,'record_id',NULL,'19'),(39,'record_module',NULL,'PBXManager'),(40,'label',NULL,'Transportnaya-Kompaniya3'),(40,'notes_title',NULL,'Transportnaya-Kompaniya3'),(40,'createdtime',NULL,'2020-06-11 11:50:22'),(40,'filename',NULL,'Transportnaya-Kompaniya3.png'),(40,'assigned_user_id',NULL,'2'),(40,'filetype',NULL,'image/png'),(40,'filesize',NULL,'6061'),(40,'filelocationtype',NULL,'I'),(40,'filestatus',NULL,'1'),(40,'folderid',NULL,'2'),(40,'note_no',NULL,'ДОК_1'),(40,'modifiedby',NULL,'1'),(40,'created_user_id',NULL,'1'),(40,'source',NULL,'CRM'),(40,'record_id',NULL,'43'),(40,'record_module',NULL,'Documents'),(41,'label',NULL,'testn1'),(41,'date_start',NULL,'2020-06-11'),(41,'activitytype',NULL,'Emails'),(41,'assigned_user_id',NULL,'6'),(41,'subject',NULL,'testn1'),(41,'description',NULL,'&lt;html&gt;\r\n&lt;head&gt;\r\n	&lt;title&gt;&lt;/title&gt;\r\n&lt;/head&gt;\r\n&lt;body&gt;testn1&lt;/body&gt;\r\n&lt;/html&gt;\r\n'),(41,'time_start',NULL,'11:53'),(41,'createdtime',NULL,'2020-06-11 11:53:01'),(41,'modifiedby',NULL,'6'),(41,'from_email',NULL,'vit@itilus.com'),(41,'saved_toid',NULL,'[&quot;skype.hello@gmail.com&quot;]'),(41,'ccmail',NULL,'[&quot;&quot;]'),(41,'bccmail',NULL,'[&quot;&quot;]'),(41,'email_flag',NULL,'SENT'),(41,'source',NULL,'CRM'),(41,'record_id',NULL,'49'),(41,'record_module',NULL,'Emails'),(42,'description','&lt;html&gt;\r\n&lt;head&gt;\r\n	&lt;title&gt;&lt;/title&gt;\r\n&lt;/head&gt;\r\n&lt;body&gt;testn1&lt;/body&gt;\r\n&lt;/html&gt;\r\n','&lt;html&gt;\r\n&lt;head&gt;\r\n	&lt;title&gt;&lt;/title&gt;\r\n&lt;/head&gt;\r\n&lt;body&gt;&lt;/body&gt;\r\n&lt;/html&gt;\r\n'),(42,'time_start','11:53','11:56'),(42,'email_flag','SAVED','SENT'),(43,'time_start','11:56','11:59'),(43,'email_flag','SAVED','SENT'),(44,'label',NULL,'Re: testn1'),(44,'date_start',NULL,'2020-06-11'),(44,'activitytype',NULL,'Emails'),(44,'assigned_user_id',NULL,'6'),(44,'subject',NULL,'Re: testn1'),(44,'description',NULL,'&lt;html&gt;\r\n&lt;head&gt;\r\n&lt;/head&gt;\r\n&lt;body&gt;\r\n&lt;p&gt;куку&lt;br /&gt;\r\nkuku&lt;br /&gt;\r\n&amp;nbsp;&lt;/p&gt;\r\n\r\n&lt;p style=&quot;margin:0;padding:0;&quot;&gt;On 11-06-2020 12:03:29, skype.hello@gmail.com wrote :&lt;/p&gt;\r\n\r\n&lt;blockquote style=&quot;border:0;margin:0;border-left:1px solid gray;padding:0 0 0 2px;&quot;&gt;&lt;/blockquote&gt;\r\n&lt;/body&gt;\r\n&lt;/html&gt;\r\n&lt;title&gt;&lt;/title&gt;\r\nuytriuyti&lt;br /&gt;\r\n&lt;br /&gt;\r\n11.06.2020 11:59, Bob Kelso пишет:&lt;br /&gt;\r\n&amp;nbsp;'),(44,'time_start',NULL,'12:04'),(44,'createdtime',NULL,'2020-06-11 12:04:02'),(44,'modifiedby',NULL,'6'),(44,'from_email',NULL,'vit@itilus.com'),(44,'saved_toid',NULL,'[&quot;skype.hello@gmail.com&quot;]'),(44,'ccmail',NULL,'[&quot;&quot;]'),(44,'bccmail',NULL,'[&quot;&quot;]'),(44,'email_flag',NULL,'SENT'),(44,'source',NULL,'CRM'),(44,'record_id',NULL,'53'),(44,'record_module',NULL,'Emails'),(45,'label',NULL,'test user project'),(45,'date_start',NULL,'2020-06-11'),(45,'activitytype',NULL,'Emails'),(45,'assigned_user_id',NULL,'6'),(45,'subject',NULL,'test user project'),(45,'description',NULL,'&lt;html&gt;\r\n&lt;head&gt;\r\n	&lt;title&gt;&lt;/title&gt;\r\n&lt;/head&gt;\r\n&lt;body&gt;тест проджект&lt;/body&gt;\r\n&lt;/html&gt;\r\n'),(45,'time_start',NULL,'14:20'),(45,'createdtime',NULL,'2020-06-11 14:20:13'),(45,'modifiedby',NULL,'6'),(45,'from_email',NULL,'vit@itilus.com'),(45,'saved_toid',NULL,'[&quot;skype.hello@gmail.com&quot;]'),(45,'ccmail',NULL,'[&quot;&quot;]'),(45,'bccmail',NULL,'[&quot;&quot;]'),(45,'email_flag',NULL,'SENT'),(45,'source',NULL,'CRM'),(45,'record_id',NULL,'54'),(45,'record_module',NULL,'Emails');
/*!40000 ALTER TABLE `vtiger_modtracker_detail` ENABLE KEYS */;
UNLOCK TABLES;

--
-- Table structure for table `vtiger_modtracker_relations`
--

DROP TABLE IF EXISTS `vtiger_modtracker_relations`;
/*!40101 SET @saved_cs_client     = @@character_set_client */;
/*!40101 SET character_set_client = utf8 */;
CREATE TABLE `vtiger_modtracker_relations` (
  `id` int(19) NOT NULL,
  `targetmodule` varchar(100) NOT NULL,
  `targetid` int(19) NOT NULL,
  `changedon` datetime DEFAULT NULL,
  PRIMARY KEY (`id`)
) ENGINE=InnoDB DEFAULT CHARSET=utf8;
/*!40101 SET character_set_client = @saved_cs_client */;

--
-- Dumping data for table `vtiger_modtracker_relations`
--

LOCK TABLES `vtiger_modtracker_relations` WRITE;
/*!40000 ALTER TABLE `vtiger_modtracker_relations` DISABLE KEYS */;
INSERT INTO `vtiger_modtracker_relations` VALUES (3,'Calendar',3,'2020-06-04 12:01:19'),(5,'Calendar',4,'2020-06-04 12:02:03'),(7,'ModComments',6,'2020-06-04 12:06:03'),(9,'ModComments',7,'2020-06-04 12:06:18');
/*!40000 ALTER TABLE `vtiger_modtracker_relations` ENABLE KEYS */;
UNLOCK TABLES;

--
-- Table structure for table `vtiger_modtracker_tabs`
--

DROP TABLE IF EXISTS `vtiger_modtracker_tabs`;
/*!40101 SET @saved_cs_client     = @@character_set_client */;
/*!40101 SET character_set_client = utf8 */;
CREATE TABLE `vtiger_modtracker_tabs` (
  `tabid` int(11) NOT NULL,
  `visible` int(11) DEFAULT '0',
  PRIMARY KEY (`tabid`)
) ENGINE=InnoDB DEFAULT CHARSET=utf8;
/*!40101 SET character_set_client = @saved_cs_client */;

--
-- Dumping data for table `vtiger_modtracker_tabs`
--

LOCK TABLES `vtiger_modtracker_tabs` WRITE;
/*!40000 ALTER TABLE `vtiger_modtracker_tabs` DISABLE KEYS */;
INSERT INTO `vtiger_modtracker_tabs` VALUES (2,1),(4,1),(6,1),(7,1),(8,1),(9,1),(10,1),(13,1),(14,1),(15,1),(16,1),(18,1),(19,1),(20,1),(21,1),(22,1),(23,1),(26,1),(28,1),(31,1),(35,1),(36,1),(37,1),(38,1),(39,1),(40,1),(41,1),(42,1),(43,1),(44,1),(45,1),(46,1),(47,1),(48,1),(49,1),(50,1),(51,1),(52,1),(53,1),(54,1),(55,1),(56,1),(57,1),(58,1),(59,1),(60,1),(61,1);
/*!40000 ALTER TABLE `vtiger_modtracker_tabs` ENABLE KEYS */;
UNLOCK TABLES;

--
-- Table structure for table `vtiger_module_dashboard_widgets`
--

DROP TABLE IF EXISTS `vtiger_module_dashboard_widgets`;
/*!40101 SET @saved_cs_client     = @@character_set_client */;
/*!40101 SET character_set_client = utf8 */;
CREATE TABLE `vtiger_module_dashboard_widgets` (
  `id` int(19) NOT NULL AUTO_INCREMENT,
  `linkid` int(19) DEFAULT NULL,
  `userid` int(19) DEFAULT NULL,
  `filterid` int(19) DEFAULT NULL,
  `title` varchar(100) DEFAULT NULL,
  `data` text,
  `position` varchar(50) DEFAULT NULL,
  `reportid` int(19) DEFAULT NULL,
  `dashboardtabid` int(11) DEFAULT '1',
  `size` varchar(50) DEFAULT NULL,
  PRIMARY KEY (`id`),
  KEY `dashboardtabid` (`dashboardtabid`),
  CONSTRAINT `vtiger_module_dashboard_widgets_ibfk_1` FOREIGN KEY (`dashboardtabid`) REFERENCES `vtiger_dashboard_tabs` (`id`) ON DELETE CASCADE
) ENGINE=InnoDB AUTO_INCREMENT=12 DEFAULT CHARSET=utf8;
/*!40101 SET character_set_client = @saved_cs_client */;

--
-- Dumping data for table `vtiger_module_dashboard_widgets`
--

LOCK TABLES `vtiger_module_dashboard_widgets` WRITE;
/*!40000 ALTER TABLE `vtiger_module_dashboard_widgets` DISABLE KEYS */;
INSERT INTO `vtiger_module_dashboard_widgets` VALUES (1,82,1,0,NULL,NULL,'{\"row\":\"1\",\"col\":\"1\"}',NULL,1,NULL),(2,83,1,0,NULL,NULL,'{\"row\":\"1\",\"col\":\"2\"}',NULL,1,NULL),(3,84,1,0,NULL,NULL,'{\"row\":\"2\",\"col\":\"2\"}',NULL,1,NULL),(4,92,1,0,NULL,NULL,'{\"row\":\"2\",\"col\":\"2\"}',NULL,1,NULL),(5,132,1,0,NULL,NULL,'{\"row\":\"2\",\"col\":\"3\"}',NULL,1,NULL),(6,82,1,NULL,NULL,'null','{\"row\":\"1\",\"col\":\"1\"}',NULL,2,NULL),(7,82,8,NULL,NULL,'null','{\"row\":\"1\",\"col\":\"1\"}',NULL,6,NULL),(8,88,8,NULL,NULL,'null','{\"row\":\"1\",\"col\":\"2\"}',NULL,6,NULL),(9,88,1,NULL,NULL,'null','{\"row\":\"1\",\"col\":\"2\"}',NULL,2,NULL),(10,84,1,NULL,NULL,'null','{\"row\":\"2\",\"col\":\"2\"}',NULL,2,NULL),(11,82,6,NULL,NULL,'null','{\"row\":\"1\",\"col\":\"1\"}',NULL,3,NULL);
/*!40000 ALTER TABLE `vtiger_module_dashboard_widgets` ENABLE KEYS */;
UNLOCK TABLES;

--
-- Table structure for table `vtiger_no_of_currency_decimals`
--

DROP TABLE IF EXISTS `vtiger_no_of_currency_decimals`;
/*!40101 SET @saved_cs_client     = @@character_set_client */;
/*!40101 SET character_set_client = utf8 */;
CREATE TABLE `vtiger_no_of_currency_decimals` (
  `no_of_currency_decimalsid` int(11) NOT NULL AUTO_INCREMENT,
  `no_of_currency_decimals` varchar(200) NOT NULL,
  `sortorderid` int(11) DEFAULT NULL,
  `presence` int(11) NOT NULL DEFAULT '1',
  PRIMARY KEY (`no_of_currency_decimalsid`)
) ENGINE=InnoDB AUTO_INCREMENT=8 DEFAULT CHARSET=utf8;
/*!40101 SET character_set_client = @saved_cs_client */;

--
-- Dumping data for table `vtiger_no_of_currency_decimals`
--

LOCK TABLES `vtiger_no_of_currency_decimals` WRITE;
/*!40000 ALTER TABLE `vtiger_no_of_currency_decimals` DISABLE KEYS */;
INSERT INTO `vtiger_no_of_currency_decimals` VALUES (2,'2',2,1),(3,'3',3,1),(4,'4',4,1),(5,'5',5,1),(6,'0',0,1),(7,'1',1,1);
/*!40000 ALTER TABLE `vtiger_no_of_currency_decimals` ENABLE KEYS */;
UNLOCK TABLES;

--
-- Table structure for table `vtiger_no_of_currency_decimals_seq`
--

DROP TABLE IF EXISTS `vtiger_no_of_currency_decimals_seq`;
/*!40101 SET @saved_cs_client     = @@character_set_client */;
/*!40101 SET character_set_client = utf8 */;
CREATE TABLE `vtiger_no_of_currency_decimals_seq` (
  `id` int(11) NOT NULL
) ENGINE=InnoDB DEFAULT CHARSET=utf8;
/*!40101 SET character_set_client = @saved_cs_client */;

--
-- Dumping data for table `vtiger_no_of_currency_decimals_seq`
--

LOCK TABLES `vtiger_no_of_currency_decimals_seq` WRITE;
/*!40000 ALTER TABLE `vtiger_no_of_currency_decimals_seq` DISABLE KEYS */;
INSERT INTO `vtiger_no_of_currency_decimals_seq` VALUES (7);
/*!40000 ALTER TABLE `vtiger_no_of_currency_decimals_seq` ENABLE KEYS */;
UNLOCK TABLES;

--
-- Table structure for table `vtiger_notebook_contents`
--

DROP TABLE IF EXISTS `vtiger_notebook_contents`;
/*!40101 SET @saved_cs_client     = @@character_set_client */;
/*!40101 SET character_set_client = utf8 */;
CREATE TABLE `vtiger_notebook_contents` (
  `userid` int(19) NOT NULL,
  `notebookid` int(19) NOT NULL,
  `contents` text
) ENGINE=InnoDB DEFAULT CHARSET=utf8;
/*!40101 SET character_set_client = @saved_cs_client */;

--
-- Dumping data for table `vtiger_notebook_contents`
--

LOCK TABLES `vtiger_notebook_contents` WRITE;
/*!40000 ALTER TABLE `vtiger_notebook_contents` DISABLE KEYS */;
/*!40000 ALTER TABLE `vtiger_notebook_contents` ENABLE KEYS */;
UNLOCK TABLES;

--
-- Table structure for table `vtiger_notes`
--

DROP TABLE IF EXISTS `vtiger_notes`;
/*!40101 SET @saved_cs_client     = @@character_set_client */;
/*!40101 SET character_set_client = utf8 */;
CREATE TABLE `vtiger_notes` (
  `notesid` int(19) NOT NULL DEFAULT '0',
  `note_no` varchar(100) NOT NULL,
  `title` varchar(50) NOT NULL,
  `filename` varchar(200) DEFAULT NULL,
  `notecontent` text,
  `folderid` int(19) NOT NULL DEFAULT '1',
  `filetype` varchar(50) DEFAULT NULL,
  `filelocationtype` varchar(5) DEFAULT NULL,
  `filedownloadcount` int(19) DEFAULT NULL,
  `filestatus` int(19) DEFAULT NULL,
  `filesize` int(19) NOT NULL DEFAULT '0',
  `fileversion` varchar(50) DEFAULT NULL,
  `tags` varchar(1) DEFAULT NULL,
  PRIMARY KEY (`notesid`),
  KEY `notes_title_idx` (`title`),
  KEY `notes_notesid_idx` (`notesid`),
  CONSTRAINT `fk_1_vtiger_notes` FOREIGN KEY (`notesid`) REFERENCES `vtiger_crmentity` (`crmid`) ON DELETE CASCADE
) ENGINE=InnoDB DEFAULT CHARSET=utf8;
/*!40101 SET character_set_client = @saved_cs_client */;

--
-- Dumping data for table `vtiger_notes`
--

LOCK TABLES `vtiger_notes` WRITE;
/*!40000 ALTER TABLE `vtiger_notes` DISABLE KEYS */;
INSERT INTO `vtiger_notes` VALUES (43,'ДОК_1','Transportnaya-Kompaniya3','Transportnaya-Kompaniya3.png','',2,'image/png','I',NULL,1,6061,'','');
/*!40000 ALTER TABLE `vtiger_notes` ENABLE KEYS */;
UNLOCK TABLES;

--
-- Table structure for table `vtiger_notescf`
--

DROP TABLE IF EXISTS `vtiger_notescf`;
/*!40101 SET @saved_cs_client     = @@character_set_client */;
/*!40101 SET character_set_client = utf8 */;
CREATE TABLE `vtiger_notescf` (
  `notesid` int(19) NOT NULL DEFAULT '0',
  PRIMARY KEY (`notesid`),
  CONSTRAINT `fk_notesid_vtiger_notescf` FOREIGN KEY (`notesid`) REFERENCES `vtiger_notes` (`notesid`) ON DELETE CASCADE
) ENGINE=InnoDB DEFAULT CHARSET=utf8;
/*!40101 SET character_set_client = @saved_cs_client */;

--
-- Dumping data for table `vtiger_notescf`
--

LOCK TABLES `vtiger_notescf` WRITE;
/*!40000 ALTER TABLE `vtiger_notescf` DISABLE KEYS */;
INSERT INTO `vtiger_notescf` VALUES (43);
/*!40000 ALTER TABLE `vtiger_notescf` ENABLE KEYS */;
UNLOCK TABLES;

--
-- Table structure for table `vtiger_notificationscheduler`
--

DROP TABLE IF EXISTS `vtiger_notificationscheduler`;
/*!40101 SET @saved_cs_client     = @@character_set_client */;
/*!40101 SET character_set_client = utf8 */;
CREATE TABLE `vtiger_notificationscheduler` (
  `schedulednotificationid` int(19) NOT NULL AUTO_INCREMENT,
  `schedulednotificationname` varchar(200) DEFAULT NULL,
  `active` int(1) DEFAULT NULL,
  `notificationsubject` varchar(200) DEFAULT NULL,
  `notificationbody` text,
  `label` varchar(50) DEFAULT NULL,
  `type` varchar(10) DEFAULT NULL,
  PRIMARY KEY (`schedulednotificationid`),
  UNIQUE KEY `notificationscheduler_schedulednotificationname_idx` (`schedulednotificationname`)
) ENGINE=InnoDB AUTO_INCREMENT=9 DEFAULT CHARSET=utf8;
/*!40101 SET character_set_client = @saved_cs_client */;

--
-- Dumping data for table `vtiger_notificationscheduler`
--

LOCK TABLES `vtiger_notificationscheduler` WRITE;
/*!40000 ALTER TABLE `vtiger_notificationscheduler` DISABLE KEYS */;
INSERT INTO `vtiger_notificationscheduler` VALUES (1,'LBL_TASK_NOTIFICATION_DESCRITPION',1,'Task Delay Notification','Tasks delayed beyond 24 hrs ','LBL_TASK_NOTIFICATION',NULL),(2,'LBL_BIG_DEAL_DESCRIPTION',1,'Big Deal notification','Success! A big deal has been won! ','LBL_BIG_DEAL',NULL),(3,'LBL_TICKETS_DESCRIPTION',1,'Pending Tickets notification','Ticket pending please ','LBL_PENDING_TICKETS',NULL),(4,'LBL_MANY_TICKETS_DESCRIPTION',1,'Too many tickets Notification','Too many tickets pending against this entity ','LBL_MANY_TICKETS',NULL),(5,'LBL_START_DESCRIPTION',1,'Support Start Notification','10','LBL_START_NOTIFICATION','select'),(6,'LBL_SUPPORT_DESCRIPTION',1,'Support ending please','11','LBL_SUPPORT_NOTICIATION','select'),(7,'LBL_SUPPORT_DESCRIPTION_MONTH',1,'Support ending please','12','LBL_SUPPORT_NOTICIATION_MONTH','select'),(8,'LBL_ACTIVITY_REMINDER_DESCRIPTION',1,'Уведомление о событии','Напоминание о событии Календаря.','LBL_ACTIVITY_NOTIFICATION',NULL);
/*!40000 ALTER TABLE `vtiger_notificationscheduler` ENABLE KEYS */;
UNLOCK TABLES;

--
-- Table structure for table `vtiger_notificationscheduler_seq`
--

DROP TABLE IF EXISTS `vtiger_notificationscheduler_seq`;
/*!40101 SET @saved_cs_client     = @@character_set_client */;
/*!40101 SET character_set_client = utf8 */;
CREATE TABLE `vtiger_notificationscheduler_seq` (
  `id` int(11) NOT NULL
) ENGINE=InnoDB DEFAULT CHARSET=utf8;
/*!40101 SET character_set_client = @saved_cs_client */;

--
-- Dumping data for table `vtiger_notificationscheduler_seq`
--

LOCK TABLES `vtiger_notificationscheduler_seq` WRITE;
/*!40000 ALTER TABLE `vtiger_notificationscheduler_seq` DISABLE KEYS */;
INSERT INTO `vtiger_notificationscheduler_seq` VALUES (8);
/*!40000 ALTER TABLE `vtiger_notificationscheduler_seq` ENABLE KEYS */;
UNLOCK TABLES;

--
-- Table structure for table `vtiger_opportunity_type`
--

DROP TABLE IF EXISTS `vtiger_opportunity_type`;
/*!40101 SET @saved_cs_client     = @@character_set_client */;
/*!40101 SET character_set_client = utf8 */;
CREATE TABLE `vtiger_opportunity_type` (
  `opptypeid` int(19) NOT NULL AUTO_INCREMENT,
  `opportunity_type` varchar(200) NOT NULL,
  `presence` int(1) NOT NULL DEFAULT '1',
  `picklist_valueid` int(19) NOT NULL DEFAULT '0',
  `sortorderid` int(11) DEFAULT NULL,
  `color` varchar(10) DEFAULT NULL,
  PRIMARY KEY (`opptypeid`),
  UNIQUE KEY `opportunity_type_opportunity_type_idx` (`opportunity_type`)
) ENGINE=InnoDB AUTO_INCREMENT=4 DEFAULT CHARSET=utf8;
/*!40101 SET character_set_client = @saved_cs_client */;

--
-- Dumping data for table `vtiger_opportunity_type`
--

LOCK TABLES `vtiger_opportunity_type` WRITE;
/*!40000 ALTER TABLE `vtiger_opportunity_type` DISABLE KEYS */;
INSERT INTO `vtiger_opportunity_type` VALUES (2,'Existing Business',1,128,1,NULL),(3,'New Business',1,129,2,NULL);
/*!40000 ALTER TABLE `vtiger_opportunity_type` ENABLE KEYS */;
UNLOCK TABLES;

--
-- Table structure for table `vtiger_opportunity_type_seq`
--

DROP TABLE IF EXISTS `vtiger_opportunity_type_seq`;
/*!40101 SET @saved_cs_client     = @@character_set_client */;
/*!40101 SET character_set_client = utf8 */;
CREATE TABLE `vtiger_opportunity_type_seq` (
  `id` int(11) NOT NULL
) ENGINE=InnoDB DEFAULT CHARSET=utf8;
/*!40101 SET character_set_client = @saved_cs_client */;

--
-- Dumping data for table `vtiger_opportunity_type_seq`
--

LOCK TABLES `vtiger_opportunity_type_seq` WRITE;
/*!40000 ALTER TABLE `vtiger_opportunity_type_seq` DISABLE KEYS */;
INSERT INTO `vtiger_opportunity_type_seq` VALUES (3);
/*!40000 ALTER TABLE `vtiger_opportunity_type_seq` ENABLE KEYS */;
UNLOCK TABLES;

--
-- Table structure for table `vtiger_opportunitystage`
--

DROP TABLE IF EXISTS `vtiger_opportunitystage`;
/*!40101 SET @saved_cs_client     = @@character_set_client */;
/*!40101 SET character_set_client = utf8 */;
CREATE TABLE `vtiger_opportunitystage` (
  `potstageid` int(19) NOT NULL AUTO_INCREMENT,
  `stage` varchar(200) NOT NULL,
  `sortorderid` int(19) NOT NULL DEFAULT '0',
  `presence` int(1) NOT NULL DEFAULT '1',
  `probability` decimal(3,2) DEFAULT '0.00',
  PRIMARY KEY (`potstageid`),
  UNIQUE KEY `opportunitystage_stage_idx` (`stage`)
) ENGINE=InnoDB DEFAULT CHARSET=utf8;
/*!40101 SET character_set_client = @saved_cs_client */;

--
-- Dumping data for table `vtiger_opportunitystage`
--

LOCK TABLES `vtiger_opportunitystage` WRITE;
/*!40000 ALTER TABLE `vtiger_opportunitystage` DISABLE KEYS */;
/*!40000 ALTER TABLE `vtiger_opportunitystage` ENABLE KEYS */;
UNLOCK TABLES;

--
-- Table structure for table `vtiger_org_share_action2tab`
--

DROP TABLE IF EXISTS `vtiger_org_share_action2tab`;
/*!40101 SET @saved_cs_client     = @@character_set_client */;
/*!40101 SET character_set_client = utf8 */;
CREATE TABLE `vtiger_org_share_action2tab` (
  `share_action_id` int(19) NOT NULL,
  `tabid` int(19) NOT NULL,
  PRIMARY KEY (`share_action_id`,`tabid`),
  KEY `fk_2_vtiger_org_share_action2tab` (`tabid`),
  CONSTRAINT `fk_2_vtiger_org_share_action2tab` FOREIGN KEY (`tabid`) REFERENCES `vtiger_tab` (`tabid`) ON DELETE CASCADE
) ENGINE=InnoDB DEFAULT CHARSET=utf8;
/*!40101 SET character_set_client = @saved_cs_client */;

--
-- Dumping data for table `vtiger_org_share_action2tab`
--

LOCK TABLES `vtiger_org_share_action2tab` WRITE;
/*!40000 ALTER TABLE `vtiger_org_share_action2tab` DISABLE KEYS */;
INSERT INTO `vtiger_org_share_action2tab` VALUES (0,2),(1,2),(2,2),(3,2),(0,4),(1,4),(2,4),(3,4),(0,6),(1,6),(2,6),(3,6),(0,7),(1,7),(2,7),(3,7),(0,8),(1,8),(2,8),(3,8),(0,9),(1,9),(2,9),(3,9),(0,10),(1,10),(2,10),(3,10),(0,13),(1,13),(2,13),(3,13),(0,14),(1,14),(2,14),(3,14),(0,16),(1,16),(2,16),(3,16),(0,18),(1,18),(2,18),(3,18),(0,20),(1,20),(2,20),(3,20),(0,21),(1,21),(2,21),(3,21),(0,22),(1,22),(2,22),(3,22),(0,23),(1,23),(2,23),(3,23),(0,26),(1,26),(2,26),(3,26),(0,31),(1,31),(2,31),(3,31),(0,35),(1,35),(2,35),(3,35),(0,36),(1,36),(2,36),(3,36),(0,39),(1,39),(2,39),(3,39),(0,40),(1,40),(2,40),(3,40),(0,42),(1,42),(2,42),(3,42),(0,45),(1,45),(2,45),(3,45),(0,46),(1,46),(2,46),(3,46),(0,50),(1,50),(2,50),(3,50),(0,54),(1,54),(2,54),(3,54),(0,55),(1,55),(2,55),(3,55),(0,56),(1,56),(2,56),(3,56),(0,57),(1,57),(2,57),(3,57),(0,58),(1,58),(2,58),(3,58),(0,59),(1,59),(2,59),(3,59);
/*!40000 ALTER TABLE `vtiger_org_share_action2tab` ENABLE KEYS */;
UNLOCK TABLES;

--
-- Table structure for table `vtiger_org_share_action_mapping`
--

DROP TABLE IF EXISTS `vtiger_org_share_action_mapping`;
/*!40101 SET @saved_cs_client     = @@character_set_client */;
/*!40101 SET character_set_client = utf8 */;
CREATE TABLE `vtiger_org_share_action_mapping` (
  `share_action_id` int(19) NOT NULL,
  `share_action_name` varchar(200) DEFAULT NULL,
  PRIMARY KEY (`share_action_id`)
) ENGINE=InnoDB DEFAULT CHARSET=utf8;
/*!40101 SET character_set_client = @saved_cs_client */;

--
-- Dumping data for table `vtiger_org_share_action_mapping`
--

LOCK TABLES `vtiger_org_share_action_mapping` WRITE;
/*!40000 ALTER TABLE `vtiger_org_share_action_mapping` DISABLE KEYS */;
INSERT INTO `vtiger_org_share_action_mapping` VALUES (0,'Public: Read Only'),(1,'Public: Read, Create/Edit'),(2,'Public: Read, Create/Edit, Delete'),(3,'Private'),(4,'Hide Details'),(5,'Hide Details and Add Events'),(6,'Show Details'),(7,'Show Details and Add Events');
/*!40000 ALTER TABLE `vtiger_org_share_action_mapping` ENABLE KEYS */;
UNLOCK TABLES;

--
-- Table structure for table `vtiger_organizationdetails`
--

DROP TABLE IF EXISTS `vtiger_organizationdetails`;
/*!40101 SET @saved_cs_client     = @@character_set_client */;
/*!40101 SET character_set_client = utf8 */;
CREATE TABLE `vtiger_organizationdetails` (
  `organization_id` int(11) NOT NULL,
  `organizationname` varchar(60) DEFAULT NULL,
  `address` varchar(150) DEFAULT NULL,
  `city` varchar(100) DEFAULT NULL,
  `state` varchar(100) DEFAULT NULL,
  `country` varchar(100) DEFAULT NULL,
  `code` varchar(30) DEFAULT NULL,
  `phone` varchar(30) DEFAULT NULL,
  `fax` varchar(30) DEFAULT NULL,
  `website` varchar(100) DEFAULT NULL,
  `logoname` varchar(50) DEFAULT NULL,
  `logo` text,
  `vatid` varchar(100) DEFAULT NULL,
  `inn` varchar(30) DEFAULT '',
  `kpp` varchar(30) DEFAULT '',
  `bankaccount` varchar(1024) DEFAULT '',
  `bankname` varchar(1024) DEFAULT '',
  `bankid` varchar(30) DEFAULT '',
  `corraccount` varchar(100) DEFAULT '',
  `director` varchar(100) DEFAULT '',
  `bookkeeper` varchar(100) DEFAULT '',
  `entrepreneur` varchar(100) DEFAULT '',
  `entrepreneurreg` varchar(100) DEFAULT '',
  `okpo` varchar(100) DEFAULT '',
  `company` varchar(255) DEFAULT NULL,
  PRIMARY KEY (`organization_id`)
) ENGINE=InnoDB DEFAULT CHARSET=utf8;
/*!40101 SET character_set_client = @saved_cs_client */;

--
-- Dumping data for table `vtiger_organizationdetails`
--

LOCK TABLES `vtiger_organizationdetails` WRITE;
/*!40000 ALTER TABLE `vtiger_organizationdetails` DISABLE KEYS */;
INSERT INTO `vtiger_organizationdetails` VALUES (1,'ООО \"ТК-ПТГ\"','5й Донской проезд, д. 15, стр. 13','Москва','','Россия','119334','+74951333810','+74951333810','www.tk-ptg.ru','Transportnaya-Kompaniya5.png',NULL,NULL,'','','','','','','Баль А.Н.','Горяинова О.','','','','Default');
/*!40000 ALTER TABLE `vtiger_organizationdetails` ENABLE KEYS */;
UNLOCK TABLES;

--
-- Table structure for table `vtiger_organizationdetails_seq`
--

DROP TABLE IF EXISTS `vtiger_organizationdetails_seq`;
/*!40101 SET @saved_cs_client     = @@character_set_client */;
/*!40101 SET character_set_client = utf8 */;
CREATE TABLE `vtiger_organizationdetails_seq` (
  `id` int(11) NOT NULL
) ENGINE=InnoDB DEFAULT CHARSET=utf8;
/*!40101 SET character_set_client = @saved_cs_client */;

--
-- Dumping data for table `vtiger_organizationdetails_seq`
--

LOCK TABLES `vtiger_organizationdetails_seq` WRITE;
/*!40000 ALTER TABLE `vtiger_organizationdetails_seq` DISABLE KEYS */;
INSERT INTO `vtiger_organizationdetails_seq` VALUES (1);
/*!40000 ALTER TABLE `vtiger_organizationdetails_seq` ENABLE KEYS */;
UNLOCK TABLES;

--
-- Table structure for table `vtiger_othereventduration`
--

DROP TABLE IF EXISTS `vtiger_othereventduration`;
/*!40101 SET @saved_cs_client     = @@character_set_client */;
/*!40101 SET character_set_client = utf8 */;
CREATE TABLE `vtiger_othereventduration` (
  `othereventdurationid` int(11) NOT NULL AUTO_INCREMENT,
  `othereventduration` varchar(200) NOT NULL,
  `sortorderid` int(11) DEFAULT NULL,
  `presence` int(11) NOT NULL DEFAULT '1',
  PRIMARY KEY (`othereventdurationid`)
) ENGINE=InnoDB AUTO_INCREMENT=6 DEFAULT CHARSET=utf8;
/*!40101 SET character_set_client = @saved_cs_client */;

--
-- Dumping data for table `vtiger_othereventduration`
--

LOCK TABLES `vtiger_othereventduration` WRITE;
/*!40000 ALTER TABLE `vtiger_othereventduration` DISABLE KEYS */;
INSERT INTO `vtiger_othereventduration` VALUES (1,'5',0,1),(2,'10',1,1),(3,'30',2,1),(4,'60',3,1),(5,'120',4,1);
/*!40000 ALTER TABLE `vtiger_othereventduration` ENABLE KEYS */;
UNLOCK TABLES;

--
-- Table structure for table `vtiger_othereventduration_seq`
--

DROP TABLE IF EXISTS `vtiger_othereventduration_seq`;
/*!40101 SET @saved_cs_client     = @@character_set_client */;
/*!40101 SET character_set_client = utf8 */;
CREATE TABLE `vtiger_othereventduration_seq` (
  `id` int(11) NOT NULL
) ENGINE=InnoDB DEFAULT CHARSET=utf8;
/*!40101 SET character_set_client = @saved_cs_client */;

--
-- Dumping data for table `vtiger_othereventduration_seq`
--

LOCK TABLES `vtiger_othereventduration_seq` WRITE;
/*!40000 ALTER TABLE `vtiger_othereventduration_seq` DISABLE KEYS */;
INSERT INTO `vtiger_othereventduration_seq` VALUES (5);
/*!40000 ALTER TABLE `vtiger_othereventduration_seq` ENABLE KEYS */;
UNLOCK TABLES;

--
-- Table structure for table `vtiger_parenttab`
--

DROP TABLE IF EXISTS `vtiger_parenttab`;
/*!40101 SET @saved_cs_client     = @@character_set_client */;
/*!40101 SET character_set_client = utf8 */;
CREATE TABLE `vtiger_parenttab` (
  `parenttabid` int(19) NOT NULL,
  `parenttab_label` varchar(100) NOT NULL,
  `sequence` int(10) NOT NULL,
  `visible` int(2) NOT NULL DEFAULT '0',
  PRIMARY KEY (`parenttabid`),
  KEY `parenttab_parenttabid_parenttabl_label_visible_idx` (`parenttabid`,`parenttab_label`,`visible`)
) ENGINE=InnoDB DEFAULT CHARSET=utf8;
/*!40101 SET character_set_client = @saved_cs_client */;

--
-- Dumping data for table `vtiger_parenttab`
--

LOCK TABLES `vtiger_parenttab` WRITE;
/*!40000 ALTER TABLE `vtiger_parenttab` DISABLE KEYS */;
INSERT INTO `vtiger_parenttab` VALUES (1,'My Home Page',1,0),(2,'Marketing',2,0),(3,'Sales',3,0),(4,'Support',4,0),(5,'Analytics',5,0),(6,'Inventory',6,0),(7,'Tools',7,0),(8,'Settings',8,0);
/*!40000 ALTER TABLE `vtiger_parenttab` ENABLE KEYS */;
UNLOCK TABLES;

--
-- Table structure for table `vtiger_parenttabrel`
--

DROP TABLE IF EXISTS `vtiger_parenttabrel`;
/*!40101 SET @saved_cs_client     = @@character_set_client */;
/*!40101 SET character_set_client = utf8 */;
CREATE TABLE `vtiger_parenttabrel` (
  `parenttabid` int(19) NOT NULL,
  `tabid` int(19) NOT NULL,
  `sequence` int(3) NOT NULL,
  KEY `parenttabrel_tabid_parenttabid_idx` (`tabid`,`parenttabid`),
  KEY `fk_2_vtiger_parenttabrel` (`parenttabid`),
  CONSTRAINT `fk_1_vtiger_parenttabrel` FOREIGN KEY (`tabid`) REFERENCES `vtiger_tab` (`tabid`) ON DELETE CASCADE,
  CONSTRAINT `fk_2_vtiger_parenttabrel` FOREIGN KEY (`parenttabid`) REFERENCES `vtiger_parenttab` (`parenttabid`) ON DELETE CASCADE
) ENGINE=InnoDB DEFAULT CHARSET=utf8;
/*!40101 SET character_set_client = @saved_cs_client */;

--
-- Dumping data for table `vtiger_parenttabrel`
--

LOCK TABLES `vtiger_parenttabrel` WRITE;
/*!40000 ALTER TABLE `vtiger_parenttabrel` DISABLE KEYS */;
INSERT INTO `vtiger_parenttabrel` VALUES (1,9,2),(1,28,4),(1,3,1),(3,7,1),(3,6,2),(3,4,3),(3,2,4),(3,20,5),(3,22,6),(3,23,7),(3,19,8),(3,8,9),(4,13,1),(4,15,2),(4,6,3),(4,4,4),(4,8,5),(5,1,2),(5,25,1),(6,14,1),(6,18,2),(6,19,3),(6,21,4),(6,22,5),(6,20,6),(6,23,7),(7,24,1),(7,27,2),(7,8,3),(7,30,4),(2,26,1),(2,6,2),(2,4,3),(2,28,4),(4,28,7),(2,7,5),(2,9,6),(4,9,8),(2,8,8),(3,9,11),(6,31,8),(6,31,9),(7,35,5),(7,35,6),(4,36,9),(4,36,10),(7,38,7),(7,38,8),(6,42,10),(6,42,11),(7,44,9),(7,44,10),(7,45,11),(7,45,12),(3,46,12),(3,46,13),(6,50,12),(6,50,13),(7,53,13),(7,53,14),(4,54,11),(4,54,12),(4,55,13),(4,55,14),(4,56,15),(4,56,16),(3,57,14),(3,57,15),(3,58,16),(3,58,17),(3,59,18),(3,59,19),(8,61,1),(8,61,2),(7,24,15),(7,27,16),(7,44,17),(7,53,18),(7,30,19);
/*!40000 ALTER TABLE `vtiger_parenttabrel` ENABLE KEYS */;
UNLOCK TABLES;

--
-- Table structure for table `vtiger_pay_type`
--

DROP TABLE IF EXISTS `vtiger_pay_type`;
/*!40101 SET @saved_cs_client     = @@character_set_client */;
/*!40101 SET character_set_client = utf8 */;
CREATE TABLE `vtiger_pay_type` (
  `pay_typeid` int(11) NOT NULL AUTO_INCREMENT,
  `pay_type` varchar(200) NOT NULL,
  `presence` int(1) NOT NULL DEFAULT '1',
  `picklist_valueid` int(11) NOT NULL DEFAULT '0',
  `sortorderid` int(11) DEFAULT '0',
  `color` varchar(10) DEFAULT NULL,
  PRIMARY KEY (`pay_typeid`)
) ENGINE=InnoDB AUTO_INCREMENT=3 DEFAULT CHARSET=utf8;
/*!40101 SET character_set_client = @saved_cs_client */;

--
-- Dumping data for table `vtiger_pay_type`
--

LOCK TABLES `vtiger_pay_type` WRITE;
/*!40000 ALTER TABLE `vtiger_pay_type` DISABLE KEYS */;
INSERT INTO `vtiger_pay_type` VALUES (1,'Receipt',1,296,1,NULL),(2,'Expense',1,297,2,NULL);
/*!40000 ALTER TABLE `vtiger_pay_type` ENABLE KEYS */;
UNLOCK TABLES;

--
-- Table structure for table `vtiger_pay_type_seq`
--

DROP TABLE IF EXISTS `vtiger_pay_type_seq`;
/*!40101 SET @saved_cs_client     = @@character_set_client */;
/*!40101 SET character_set_client = utf8 */;
CREATE TABLE `vtiger_pay_type_seq` (
  `id` int(11) NOT NULL
) ENGINE=InnoDB DEFAULT CHARSET=utf8;
/*!40101 SET character_set_client = @saved_cs_client */;

--
-- Dumping data for table `vtiger_pay_type_seq`
--

LOCK TABLES `vtiger_pay_type_seq` WRITE;
/*!40000 ALTER TABLE `vtiger_pay_type_seq` DISABLE KEYS */;
INSERT INTO `vtiger_pay_type_seq` VALUES (2);
/*!40000 ALTER TABLE `vtiger_pay_type_seq` ENABLE KEYS */;
UNLOCK TABLES;

--
-- Table structure for table `vtiger_payment_duration`
--

DROP TABLE IF EXISTS `vtiger_payment_duration`;
/*!40101 SET @saved_cs_client     = @@character_set_client */;
/*!40101 SET character_set_client = utf8 */;
CREATE TABLE `vtiger_payment_duration` (
  `payment_duration_id` int(11) DEFAULT NULL,
  `payment_duration` varchar(200) DEFAULT NULL,
  `sortorderid` int(11) DEFAULT NULL,
  `presence` int(11) DEFAULT NULL,
  `color` varchar(10) DEFAULT NULL
) ENGINE=InnoDB DEFAULT CHARSET=utf8;
/*!40101 SET character_set_client = @saved_cs_client */;

--
-- Dumping data for table `vtiger_payment_duration`
--

LOCK TABLES `vtiger_payment_duration` WRITE;
/*!40000 ALTER TABLE `vtiger_payment_duration` DISABLE KEYS */;
INSERT INTO `vtiger_payment_duration` VALUES (1,'Net 30 days',0,1,NULL),(2,'Net 45 days',1,1,NULL),(3,'Net 60 days',2,1,NULL);
/*!40000 ALTER TABLE `vtiger_payment_duration` ENABLE KEYS */;
UNLOCK TABLES;

--
-- Table structure for table `vtiger_payment_duration_seq`
--

DROP TABLE IF EXISTS `vtiger_payment_duration_seq`;
/*!40101 SET @saved_cs_client     = @@character_set_client */;
/*!40101 SET character_set_client = utf8 */;
CREATE TABLE `vtiger_payment_duration_seq` (
  `id` int(11) NOT NULL
) ENGINE=InnoDB DEFAULT CHARSET=utf8;
/*!40101 SET character_set_client = @saved_cs_client */;

--
-- Dumping data for table `vtiger_payment_duration_seq`
--

LOCK TABLES `vtiger_payment_duration_seq` WRITE;
/*!40000 ALTER TABLE `vtiger_payment_duration_seq` DISABLE KEYS */;
INSERT INTO `vtiger_payment_duration_seq` VALUES (3);
/*!40000 ALTER TABLE `vtiger_payment_duration_seq` ENABLE KEYS */;
UNLOCK TABLES;

--
-- Table structure for table `vtiger_pbxmanager`
--

DROP TABLE IF EXISTS `vtiger_pbxmanager`;
/*!40101 SET @saved_cs_client     = @@character_set_client */;
/*!40101 SET character_set_client = utf8 */;
CREATE TABLE `vtiger_pbxmanager` (
  `pbxmanagerid` int(20) NOT NULL AUTO_INCREMENT,
  `direction` varchar(10) DEFAULT NULL,
  `callstatus` varchar(20) DEFAULT NULL,
  `starttime` datetime DEFAULT NULL,
  `endtime` datetime DEFAULT NULL,
  `totalduration` int(11) DEFAULT NULL,
  `billduration` int(11) DEFAULT NULL,
  `recordingurl` varchar(200) DEFAULT NULL,
  `sourceuuid` varchar(100) DEFAULT NULL,
  `gateway` varchar(20) DEFAULT NULL,
  `customer` varchar(100) DEFAULT NULL,
  `user` varchar(100) DEFAULT NULL,
  `customernumber` varchar(100) DEFAULT NULL,
  `customertype` varchar(100) DEFAULT NULL,
  `incominglinename` varchar(100) DEFAULT NULL,
  `sp_is_local_cached` tinyint(4) DEFAULT NULL,
  `sp_recordingurl` varchar(255) DEFAULT NULL,
  `sp_is_recorded` varchar(255) DEFAULT NULL,
  `sp_recorded_call_id` varchar(255) DEFAULT NULL,
  `sp_voip_provider` varchar(255) DEFAULT NULL,
  `sp_call_status_code` varchar(255) DEFAULT NULL,
  `sp_called_from_number` varchar(255) DEFAULT NULL,
  `sp_called_to_number` varchar(255) DEFAULT NULL,
  `tags` varchar(1) DEFAULT NULL,
  PRIMARY KEY (`pbxmanagerid`),
  KEY `index_sourceuuid` (`sourceuuid`),
  KEY `index_pbxmanager_id` (`pbxmanagerid`),
  CONSTRAINT `fk_crmid_vtiger_pbxmanager` FOREIGN KEY (`pbxmanagerid`) REFERENCES `vtiger_crmentity` (`crmid`) ON DELETE CASCADE
) ENGINE=InnoDB AUTO_INCREMENT=20 DEFAULT CHARSET=utf8;
/*!40101 SET character_set_client = @saved_cs_client */;

--
-- Dumping data for table `vtiger_pbxmanager`
--

LOCK TABLES `vtiger_pbxmanager` WRITE;
/*!40000 ALTER TABLE `vtiger_pbxmanager` DISABLE KEYS */;
INSERT INTO `vtiger_pbxmanager` VALUES (9,'inbound','completed','2020-06-06 01:30:51','2020-06-06 01:31:08',15,2,'','in_6336ab0e87601e3b21af13bb37dd4469fbc287e8_100','','8','9','79267094629','Accounts','',0,'','0','','zadarma','16','79267094629','74959759835',''),(10,'inbound','completed','2020-06-06 01:34:14','2020-06-06 01:34:29',14,1,'','in_8fe9013b2fad5fb1992496d3605323e5706e2a1b_100','','8','9','79267094629','Accounts','',0,'','0','','zadarma','16','79267094629','74959759835',''),(11,'inbound','completed','2020-06-06 01:41:46','2020-06-06 01:42:22',35,31,'','in_36373d4ed26d7e207ecfdfd9d6b9256fcc275377_100','','8','9','79267094629','Accounts','',0,'','0','','zadarma','16','79267094629','74959759835',''),(12,'inbound','completed','2020-06-06 01:58:06','2020-06-06 01:58:26',18,4,'','in_cb9a9e32ff1874b042f00bfbcbd808ae9bb6b946_100','','8','9','79267094629','Accounts','',0,'','0','','zadarma','16','79267094629','74959759835',''),(13,'inbound','no-answer','2020-06-06 02:06:16',NULL,0,0,'','in_fd71cea37d3f8f60832fffe6441fbf8aba4eb062_100','','8','9','79267094629','Accounts','',0,'','','','zadarma','','79267094629','74959759835',''),(14,'inbound','completed','2020-06-06 02:07:13','2020-06-06 02:08:17',62,49,'','in_eae3589e27a24c4c82bd51ece2e26384d79349e4_100','','8','9','79267094629','Accounts','',0,'','0','','zadarma','16','79267094629','74959759835',''),(15,'outbound','ringing','2020-06-07 10:20:25',NULL,0,0,'','out_86611755f28573c22939b52709795e831618dc7f_100','','','9','88002502525','','',0,'','','','zadarma','','100','88002502525',''),(16,'outbound','failed','2020-06-07 10:20:56','2020-06-07 10:20:58',0,0,'','out_38863fd590dd4640d6ec6f43c3b1a9010d403d4f_100','','8','9','88002502525','Accounts','',0,'','0','','zadarma','1','100','88002502525',''),(18,'outbound','ringing','2020-06-10 20:26:22',NULL,0,0,'','out_d0194f1613bb1bd9fa554690d0dfd4d96a394e20_100','','','9','+79876757777','','',0,'','','','zadarma','','100','+79876757777',''),(19,'inbound','no-answer','2020-06-10 22:45:04',NULL,0,0,'','in_7cd1258217eaa94caf865f6430d1813e9e57d5ab_100','','8','9','79267094629','Accounts','',0,'','','','zadarma','','79267094629','74959759835','');
/*!40000 ALTER TABLE `vtiger_pbxmanager` ENABLE KEYS */;
UNLOCK TABLES;

--
-- Table structure for table `vtiger_pbxmanager_gateway`
--

DROP TABLE IF EXISTS `vtiger_pbxmanager_gateway`;
/*!40101 SET @saved_cs_client     = @@character_set_client */;
/*!40101 SET character_set_client = utf8 */;
CREATE TABLE `vtiger_pbxmanager_gateway` (
  `id` int(11) NOT NULL AUTO_INCREMENT,
  `gateway` varchar(20) DEFAULT NULL,
  `parameters` text,
  PRIMARY KEY (`id`)
) ENGINE=InnoDB DEFAULT CHARSET=utf8;
/*!40101 SET character_set_client = @saved_cs_client */;

--
-- Dumping data for table `vtiger_pbxmanager_gateway`
--

LOCK TABLES `vtiger_pbxmanager_gateway` WRITE;
/*!40000 ALTER TABLE `vtiger_pbxmanager_gateway` DISABLE KEYS */;
/*!40000 ALTER TABLE `vtiger_pbxmanager_gateway` ENABLE KEYS */;
UNLOCK TABLES;

--
-- Table structure for table `vtiger_pbxmanager_phonelookup`
--

DROP TABLE IF EXISTS `vtiger_pbxmanager_phonelookup`;
/*!40101 SET @saved_cs_client     = @@character_set_client */;
/*!40101 SET character_set_client = utf8 */;
CREATE TABLE `vtiger_pbxmanager_phonelookup` (
  `crmid` int(20) DEFAULT NULL,
  `setype` varchar(30) DEFAULT NULL,
  `fnumber` varchar(100) DEFAULT NULL,
  `rnumber` varchar(100) DEFAULT NULL,
  `fieldname` varchar(50) DEFAULT NULL,
  UNIQUE KEY `unique_key` (`crmid`,`setype`,`fieldname`),
  KEY `index_phone_number` (`fnumber`,`rnumber`),
  CONSTRAINT `vtiger_pbxmanager_phonelookup_ibfk_1` FOREIGN KEY (`crmid`) REFERENCES `vtiger_crmentity` (`crmid`) ON DELETE CASCADE
) ENGINE=InnoDB DEFAULT CHARSET=utf8;
/*!40101 SET character_set_client = @saved_cs_client */;

--
-- Dumping data for table `vtiger_pbxmanager_phonelookup`
--

LOCK TABLES `vtiger_pbxmanager_phonelookup` WRITE;
/*!40000 ALTER TABLE `vtiger_pbxmanager_phonelookup` DISABLE KEYS */;
INSERT INTO `vtiger_pbxmanager_phonelookup` VALUES (2,'Contacts','79267094629','92649076297','mobile'),(8,'Accounts','79267094629','92649076297','phone'),(8,'Accounts','79267094629','92649076297','fax'),(8,'Accounts','79267094629','92649076297','otherphone');
/*!40000 ALTER TABLE `vtiger_pbxmanager_phonelookup` ENABLE KEYS */;
UNLOCK TABLES;

--
-- Table structure for table `vtiger_pbxmanagercf`
--

DROP TABLE IF EXISTS `vtiger_pbxmanagercf`;
/*!40101 SET @saved_cs_client     = @@character_set_client */;
/*!40101 SET character_set_client = utf8 */;
CREATE TABLE `vtiger_pbxmanagercf` (
  `pbxmanagerid` int(11) NOT NULL,
  PRIMARY KEY (`pbxmanagerid`),
  CONSTRAINT `fk_pbxmanagerid_vtiger_pbxmanagercf` FOREIGN KEY (`pbxmanagerid`) REFERENCES `vtiger_pbxmanager` (`pbxmanagerid`) ON DELETE CASCADE
) ENGINE=InnoDB DEFAULT CHARSET=utf8;
/*!40101 SET character_set_client = @saved_cs_client */;

--
-- Dumping data for table `vtiger_pbxmanagercf`
--

LOCK TABLES `vtiger_pbxmanagercf` WRITE;
/*!40000 ALTER TABLE `vtiger_pbxmanagercf` DISABLE KEYS */;
INSERT INTO `vtiger_pbxmanagercf` VALUES (9),(10),(11),(12),(13),(14),(15),(16),(18),(19);
/*!40000 ALTER TABLE `vtiger_pbxmanagercf` ENABLE KEYS */;
UNLOCK TABLES;

--
-- Table structure for table `vtiger_picklist`
--

DROP TABLE IF EXISTS `vtiger_picklist`;
/*!40101 SET @saved_cs_client     = @@character_set_client */;
/*!40101 SET character_set_client = utf8 */;
CREATE TABLE `vtiger_picklist` (
  `picklistid` int(11) NOT NULL AUTO_INCREMENT,
  `name` varchar(200) NOT NULL,
  PRIMARY KEY (`picklistid`),
  UNIQUE KEY `picklist_name_idx` (`name`)
) ENGINE=InnoDB AUTO_INCREMENT=57 DEFAULT CHARSET=utf8;
/*!40101 SET character_set_client = @saved_cs_client */;

--
-- Dumping data for table `vtiger_picklist`
--

LOCK TABLES `vtiger_picklist` WRITE;
/*!40000 ALTER TABLE `vtiger_picklist` DISABLE KEYS */;
INSERT INTO `vtiger_picklist` VALUES (1,'accounttype'),(2,'activitytype'),(37,'assetstatus'),(3,'campaignstatus'),(4,'campaigntype'),(5,'carrier'),(35,'contract_priority'),(34,'contract_status'),(36,'contract_type'),(56,'defaultactivitytype'),(55,'defaulteventstatus'),(6,'eventstatus'),(7,'expectedresponse'),(8,'faqcategories'),(9,'faqstatus'),(10,'glacct'),(11,'industry'),(12,'invoicestatus'),(13,'leadsource'),(14,'leadstatus'),(15,'manufacturer'),(16,'opportunity_type'),(50,'pay_type'),(17,'postatus'),(18,'productcategory'),(48,'progress'),(41,'projectmilestonetype'),(47,'projectpriority'),(45,'projectstatus'),(43,'projecttaskpriority'),(44,'projecttaskprogress'),(54,'projecttaskstatus'),(42,'projecttasktype'),(46,'projecttype'),(19,'quotestage'),(20,'rating'),(21,'sales_stage'),(22,'salutationtype'),(32,'servicecategory'),(31,'service_usageunit'),(23,'sostatus'),(52,'spstatus'),(49,'sp_actstatus'),(53,'sp_consignmentstatus'),(24,'taskpriority'),(25,'taskstatus'),(26,'ticketcategories'),(27,'ticketpriorities'),(28,'ticketseverities'),(29,'ticketstatus'),(33,'tracking_unit'),(40,'tw_status'),(38,'type'),(51,'type_payment'),(30,'usageunit'),(39,'vk_status');
/*!40000 ALTER TABLE `vtiger_picklist` ENABLE KEYS */;
UNLOCK TABLES;

--
-- Table structure for table `vtiger_picklist_dependency`
--

DROP TABLE IF EXISTS `vtiger_picklist_dependency`;
/*!40101 SET @saved_cs_client     = @@character_set_client */;
/*!40101 SET character_set_client = utf8 */;
CREATE TABLE `vtiger_picklist_dependency` (
  `id` int(11) NOT NULL,
  `tabid` int(19) NOT NULL,
  `sourcefield` varchar(255) DEFAULT NULL,
  `targetfield` varchar(255) DEFAULT NULL,
  `sourcevalue` varchar(100) DEFAULT NULL,
  `targetvalues` text,
  `criteria` text,
  PRIMARY KEY (`id`)
) ENGINE=InnoDB DEFAULT CHARSET=utf8;
/*!40101 SET character_set_client = @saved_cs_client */;

--
-- Dumping data for table `vtiger_picklist_dependency`
--

LOCK TABLES `vtiger_picklist_dependency` WRITE;
/*!40000 ALTER TABLE `vtiger_picklist_dependency` DISABLE KEYS */;
/*!40000 ALTER TABLE `vtiger_picklist_dependency` ENABLE KEYS */;
UNLOCK TABLES;

--
-- Table structure for table `vtiger_picklist_seq`
--

DROP TABLE IF EXISTS `vtiger_picklist_seq`;
/*!40101 SET @saved_cs_client     = @@character_set_client */;
/*!40101 SET character_set_client = utf8 */;
CREATE TABLE `vtiger_picklist_seq` (
  `id` int(11) NOT NULL
) ENGINE=InnoDB DEFAULT CHARSET=utf8;
/*!40101 SET character_set_client = @saved_cs_client */;

--
-- Dumping data for table `vtiger_picklist_seq`
--

LOCK TABLES `vtiger_picklist_seq` WRITE;
/*!40000 ALTER TABLE `vtiger_picklist_seq` DISABLE KEYS */;
INSERT INTO `vtiger_picklist_seq` VALUES (56);
/*!40000 ALTER TABLE `vtiger_picklist_seq` ENABLE KEYS */;
UNLOCK TABLES;

--
-- Table structure for table `vtiger_picklist_transitions`
--

DROP TABLE IF EXISTS `vtiger_picklist_transitions`;
/*!40101 SET @saved_cs_client     = @@character_set_client */;
/*!40101 SET character_set_client = utf8 */;
CREATE TABLE `vtiger_picklist_transitions` (
  `fieldname` varchar(255) NOT NULL,
  `module` varchar(100) NOT NULL,
  `transition_data` varchar(1000) NOT NULL,
  PRIMARY KEY (`fieldname`)
) ENGINE=InnoDB DEFAULT CHARSET=utf8;
/*!40101 SET character_set_client = @saved_cs_client */;

--
-- Dumping data for table `vtiger_picklist_transitions`
--

LOCK TABLES `vtiger_picklist_transitions` WRITE;
/*!40000 ALTER TABLE `vtiger_picklist_transitions` DISABLE KEYS */;
/*!40000 ALTER TABLE `vtiger_picklist_transitions` ENABLE KEYS */;
UNLOCK TABLES;

--
-- Table structure for table `vtiger_picklistvalues_seq`
--

DROP TABLE IF EXISTS `vtiger_picklistvalues_seq`;
/*!40101 SET @saved_cs_client     = @@character_set_client */;
/*!40101 SET character_set_client = utf8 */;
CREATE TABLE `vtiger_picklistvalues_seq` (
  `id` int(11) NOT NULL
) ENGINE=InnoDB DEFAULT CHARSET=utf8;
/*!40101 SET character_set_client = @saved_cs_client */;

--
-- Dumping data for table `vtiger_picklistvalues_seq`
--

LOCK TABLES `vtiger_picklistvalues_seq` WRITE;
/*!40000 ALTER TABLE `vtiger_picklistvalues_seq` DISABLE KEYS */;
INSERT INTO `vtiger_picklistvalues_seq` VALUES (321);
/*!40000 ALTER TABLE `vtiger_picklistvalues_seq` ENABLE KEYS */;
UNLOCK TABLES;

--
-- Table structure for table `vtiger_pobillads`
--

DROP TABLE IF EXISTS `vtiger_pobillads`;
/*!40101 SET @saved_cs_client     = @@character_set_client */;
/*!40101 SET character_set_client = utf8 */;
CREATE TABLE `vtiger_pobillads` (
  `pobilladdressid` int(19) NOT NULL DEFAULT '0',
  `bill_city` varchar(30) DEFAULT NULL,
  `bill_code` varchar(30) DEFAULT NULL,
  `bill_country` varchar(30) DEFAULT NULL,
  `bill_state` varchar(30) DEFAULT NULL,
  `bill_street` varchar(250) DEFAULT NULL,
  `bill_pobox` varchar(30) DEFAULT NULL,
  PRIMARY KEY (`pobilladdressid`),
  CONSTRAINT `fk_1_vtiger_pobillads` FOREIGN KEY (`pobilladdressid`) REFERENCES `vtiger_purchaseorder` (`purchaseorderid`) ON DELETE CASCADE
) ENGINE=InnoDB DEFAULT CHARSET=utf8;
/*!40101 SET character_set_client = @saved_cs_client */;

--
-- Dumping data for table `vtiger_pobillads`
--

LOCK TABLES `vtiger_pobillads` WRITE;
/*!40000 ALTER TABLE `vtiger_pobillads` DISABLE KEYS */;
/*!40000 ALTER TABLE `vtiger_pobillads` ENABLE KEYS */;
UNLOCK TABLES;

--
-- Table structure for table `vtiger_portal`
--

DROP TABLE IF EXISTS `vtiger_portal`;
/*!40101 SET @saved_cs_client     = @@character_set_client */;
/*!40101 SET character_set_client = utf8 */;
CREATE TABLE `vtiger_portal` (
  `portalid` int(19) NOT NULL,
  `portalname` varchar(200) NOT NULL,
  `portalurl` varchar(255) NOT NULL,
  `sequence` int(3) NOT NULL,
  `setdefault` int(3) NOT NULL DEFAULT '0',
  `createdtime` datetime DEFAULT NULL,
  PRIMARY KEY (`portalid`),
  KEY `portal_portalname_idx` (`portalname`)
) ENGINE=InnoDB DEFAULT CHARSET=utf8;
/*!40101 SET character_set_client = @saved_cs_client */;

--
-- Dumping data for table `vtiger_portal`
--

LOCK TABLES `vtiger_portal` WRITE;
/*!40000 ALTER TABLE `vtiger_portal` DISABLE KEYS */;
/*!40000 ALTER TABLE `vtiger_portal` ENABLE KEYS */;
UNLOCK TABLES;

--
-- Table structure for table `vtiger_portalinfo`
--

DROP TABLE IF EXISTS `vtiger_portalinfo`;
/*!40101 SET @saved_cs_client     = @@character_set_client */;
/*!40101 SET character_set_client = utf8 */;
CREATE TABLE `vtiger_portalinfo` (
  `id` int(11) NOT NULL,
  `user_name` varchar(50) DEFAULT NULL,
  `user_password` varchar(255) DEFAULT NULL,
  `type` varchar(5) DEFAULT NULL,
  `cryptmode` varchar(20) DEFAULT NULL,
  `last_login_time` datetime DEFAULT NULL,
  `login_time` datetime DEFAULT NULL,
  `logout_time` datetime DEFAULT NULL,
  `isactive` int(1) DEFAULT NULL,
  PRIMARY KEY (`id`),
  CONSTRAINT `fk_1_vtiger_portalinfo` FOREIGN KEY (`id`) REFERENCES `vtiger_contactdetails` (`contactid`) ON DELETE CASCADE
) ENGINE=InnoDB DEFAULT CHARSET=utf8;
/*!40101 SET character_set_client = @saved_cs_client */;

--
-- Dumping data for table `vtiger_portalinfo`
--

LOCK TABLES `vtiger_portalinfo` WRITE;
/*!40000 ALTER TABLE `vtiger_portalinfo` DISABLE KEYS */;
/*!40000 ALTER TABLE `vtiger_portalinfo` ENABLE KEYS */;
UNLOCK TABLES;

--
-- Table structure for table `vtiger_poshipads`
--

DROP TABLE IF EXISTS `vtiger_poshipads`;
/*!40101 SET @saved_cs_client     = @@character_set_client */;
/*!40101 SET character_set_client = utf8 */;
CREATE TABLE `vtiger_poshipads` (
  `poshipaddressid` int(19) NOT NULL DEFAULT '0',
  `ship_city` varchar(30) DEFAULT NULL,
  `ship_code` varchar(30) DEFAULT NULL,
  `ship_country` varchar(30) DEFAULT NULL,
  `ship_state` varchar(30) DEFAULT NULL,
  `ship_street` varchar(250) DEFAULT NULL,
  `ship_pobox` varchar(30) DEFAULT NULL,
  PRIMARY KEY (`poshipaddressid`),
  CONSTRAINT `fk_1_vtiger_poshipads` FOREIGN KEY (`poshipaddressid`) REFERENCES `vtiger_purchaseorder` (`purchaseorderid`) ON DELETE CASCADE
) ENGINE=InnoDB DEFAULT CHARSET=utf8;
/*!40101 SET character_set_client = @saved_cs_client */;

--
-- Dumping data for table `vtiger_poshipads`
--

LOCK TABLES `vtiger_poshipads` WRITE;
/*!40000 ALTER TABLE `vtiger_poshipads` DISABLE KEYS */;
/*!40000 ALTER TABLE `vtiger_poshipads` ENABLE KEYS */;
UNLOCK TABLES;

--
-- Table structure for table `vtiger_postatus`
--

DROP TABLE IF EXISTS `vtiger_postatus`;
/*!40101 SET @saved_cs_client     = @@character_set_client */;
/*!40101 SET character_set_client = utf8 */;
CREATE TABLE `vtiger_postatus` (
  `postatusid` int(19) NOT NULL AUTO_INCREMENT,
  `postatus` varchar(200) NOT NULL,
  `presence` int(1) NOT NULL DEFAULT '1',
  `picklist_valueid` int(19) NOT NULL DEFAULT '0',
  `sortorderid` int(11) DEFAULT NULL,
  `color` varchar(10) DEFAULT NULL,
  PRIMARY KEY (`postatusid`),
  UNIQUE KEY `postatus_postatus_idx` (`postatus`)
) ENGINE=InnoDB AUTO_INCREMENT=6 DEFAULT CHARSET=utf8;
/*!40101 SET character_set_client = @saved_cs_client */;

--
-- Dumping data for table `vtiger_postatus`
--

LOCK TABLES `vtiger_postatus` WRITE;
/*!40000 ALTER TABLE `vtiger_postatus` DISABLE KEYS */;
INSERT INTO `vtiger_postatus` VALUES (1,'Created',0,130,0,NULL),(2,'Approved',0,131,1,NULL),(3,'Delivered',0,132,2,NULL),(4,'Cancelled',0,133,3,NULL),(5,'Received Shipment',0,134,4,NULL);
/*!40000 ALTER TABLE `vtiger_postatus` ENABLE KEYS */;
UNLOCK TABLES;

--
-- Table structure for table `vtiger_postatus_seq`
--

DROP TABLE IF EXISTS `vtiger_postatus_seq`;
/*!40101 SET @saved_cs_client     = @@character_set_client */;
/*!40101 SET character_set_client = utf8 */;
CREATE TABLE `vtiger_postatus_seq` (
  `id` int(11) NOT NULL
) ENGINE=InnoDB DEFAULT CHARSET=utf8;
/*!40101 SET character_set_client = @saved_cs_client */;

--
-- Dumping data for table `vtiger_postatus_seq`
--

LOCK TABLES `vtiger_postatus_seq` WRITE;
/*!40000 ALTER TABLE `vtiger_postatus_seq` DISABLE KEYS */;
INSERT INTO `vtiger_postatus_seq` VALUES (5);
/*!40000 ALTER TABLE `vtiger_postatus_seq` ENABLE KEYS */;
UNLOCK TABLES;

--
-- Table structure for table `vtiger_postatushistory`
--

DROP TABLE IF EXISTS `vtiger_postatushistory`;
/*!40101 SET @saved_cs_client     = @@character_set_client */;
/*!40101 SET character_set_client = utf8 */;
CREATE TABLE `vtiger_postatushistory` (
  `historyid` int(19) NOT NULL AUTO_INCREMENT,
  `purchaseorderid` int(19) NOT NULL,
  `vendorname` varchar(100) DEFAULT NULL,
  `total` decimal(10,0) DEFAULT NULL,
  `postatus` varchar(200) DEFAULT NULL,
  `lastmodified` datetime DEFAULT NULL,
  PRIMARY KEY (`historyid`),
  KEY `postatushistory_purchaseorderid_idx` (`purchaseorderid`),
  CONSTRAINT `fk_1_vtiger_postatushistory` FOREIGN KEY (`purchaseorderid`) REFERENCES `vtiger_purchaseorder` (`purchaseorderid`) ON DELETE CASCADE
) ENGINE=InnoDB DEFAULT CHARSET=utf8;
/*!40101 SET character_set_client = @saved_cs_client */;

--
-- Dumping data for table `vtiger_postatushistory`
--

LOCK TABLES `vtiger_postatushistory` WRITE;
/*!40000 ALTER TABLE `vtiger_postatushistory` DISABLE KEYS */;
/*!40000 ALTER TABLE `vtiger_postatushistory` ENABLE KEYS */;
UNLOCK TABLES;

--
-- Table structure for table `vtiger_potential`
--

DROP TABLE IF EXISTS `vtiger_potential`;
/*!40101 SET @saved_cs_client     = @@character_set_client */;
/*!40101 SET character_set_client = utf8 */;
CREATE TABLE `vtiger_potential` (
  `potentialid` int(19) NOT NULL DEFAULT '0',
  `potential_no` varchar(100) NOT NULL,
  `related_to` int(19) DEFAULT NULL,
  `potentialname` varchar(120) NOT NULL,
  `amount` decimal(25,8) DEFAULT NULL,
  `currency` varchar(20) DEFAULT NULL,
  `closingdate` date DEFAULT NULL,
  `typeofrevenue` varchar(50) DEFAULT NULL,
  `nextstep` varchar(100) DEFAULT NULL,
  `private` int(1) DEFAULT '0',
  `probability` decimal(7,3) DEFAULT '0.000',
  `campaignid` int(19) DEFAULT NULL,
  `sales_stage` varchar(200) DEFAULT NULL,
  `potentialtype` varchar(200) DEFAULT NULL,
  `leadsource` varchar(200) DEFAULT NULL,
  `productid` int(50) DEFAULT NULL,
  `productversion` varchar(50) DEFAULT NULL,
  `quotationref` varchar(50) DEFAULT NULL,
  `partnercontact` varchar(50) DEFAULT NULL,
  `remarks` varchar(50) DEFAULT NULL,
  `runtimefee` int(19) DEFAULT '0',
  `followupdate` date DEFAULT NULL,
  `evaluationstatus` varchar(50) DEFAULT NULL,
  `description` text,
  `forecastcategory` int(19) DEFAULT '0',
  `outcomeanalysis` int(19) DEFAULT '0',
  `forecast_amount` decimal(25,8) DEFAULT NULL,
  `isconvertedfromlead` varchar(3) DEFAULT '0',
  `contact_id` int(19) DEFAULT NULL,
  `spcompany` varchar(200) CHARACTER SET utf8 COLLATE utf8_unicode_ci DEFAULT 'Default',
  `tags` varchar(1) DEFAULT NULL,
  `converted` int(1) NOT NULL DEFAULT '0',
  PRIMARY KEY (`potentialid`),
  KEY `potential_relatedto_idx` (`related_to`),
  KEY `potentail_sales_stage_idx` (`sales_stage`),
  KEY `potentail_sales_stage_amount_idx` (`amount`,`sales_stage`),
  CONSTRAINT `fk_1_vtiger_potential` FOREIGN KEY (`potentialid`) REFERENCES `vtiger_crmentity` (`crmid`) ON DELETE CASCADE
) ENGINE=InnoDB DEFAULT CHARSET=utf8;
/*!40101 SET character_set_client = @saved_cs_client */;

--
-- Dumping data for table `vtiger_potential`
--

LOCK TABLES `vtiger_potential` WRITE;
/*!40000 ALTER TABLE `vtiger_potential` DISABLE KEYS */;
/*!40000 ALTER TABLE `vtiger_potential` ENABLE KEYS */;
UNLOCK TABLES;

--
-- Table structure for table `vtiger_potentialscf`
--

DROP TABLE IF EXISTS `vtiger_potentialscf`;
/*!40101 SET @saved_cs_client     = @@character_set_client */;
/*!40101 SET character_set_client = utf8 */;
CREATE TABLE `vtiger_potentialscf` (
  `potentialid` int(19) NOT NULL DEFAULT '0',
  PRIMARY KEY (`potentialid`),
  CONSTRAINT `fk_1_vtiger_potentialscf` FOREIGN KEY (`potentialid`) REFERENCES `vtiger_potential` (`potentialid`) ON DELETE CASCADE
) ENGINE=InnoDB DEFAULT CHARSET=utf8;
/*!40101 SET character_set_client = @saved_cs_client */;

--
-- Dumping data for table `vtiger_potentialscf`
--

LOCK TABLES `vtiger_potentialscf` WRITE;
/*!40000 ALTER TABLE `vtiger_potentialscf` DISABLE KEYS */;
/*!40000 ALTER TABLE `vtiger_potentialscf` ENABLE KEYS */;
UNLOCK TABLES;

--
-- Table structure for table `vtiger_potstagehistory`
--

DROP TABLE IF EXISTS `vtiger_potstagehistory`;
/*!40101 SET @saved_cs_client     = @@character_set_client */;
/*!40101 SET character_set_client = utf8 */;
CREATE TABLE `vtiger_potstagehistory` (
  `historyid` int(19) NOT NULL AUTO_INCREMENT,
  `potentialid` int(19) NOT NULL,
  `amount` decimal(10,0) DEFAULT NULL,
  `stage` varchar(100) DEFAULT NULL,
  `probability` decimal(7,3) DEFAULT NULL,
  `expectedrevenue` decimal(10,0) DEFAULT NULL,
  `closedate` date DEFAULT NULL,
  `lastmodified` datetime DEFAULT NULL,
  PRIMARY KEY (`historyid`),
  KEY `potstagehistory_potentialid_idx` (`potentialid`),
  CONSTRAINT `fk_1_vtiger_potstagehistory` FOREIGN KEY (`potentialid`) REFERENCES `vtiger_potential` (`potentialid`) ON DELETE CASCADE
) ENGINE=InnoDB DEFAULT CHARSET=utf8;
/*!40101 SET character_set_client = @saved_cs_client */;

--
-- Dumping data for table `vtiger_potstagehistory`
--

LOCK TABLES `vtiger_potstagehistory` WRITE;
/*!40000 ALTER TABLE `vtiger_potstagehistory` DISABLE KEYS */;
/*!40000 ALTER TABLE `vtiger_potstagehistory` ENABLE KEYS */;
UNLOCK TABLES;

--
-- Table structure for table `vtiger_pricebook`
--

DROP TABLE IF EXISTS `vtiger_pricebook`;
/*!40101 SET @saved_cs_client     = @@character_set_client */;
/*!40101 SET character_set_client = utf8 */;
CREATE TABLE `vtiger_pricebook` (
  `pricebookid` int(19) NOT NULL DEFAULT '0',
  `pricebook_no` varchar(100) NOT NULL,
  `bookname` varchar(100) DEFAULT NULL,
  `active` int(1) DEFAULT NULL,
  `currency_id` int(19) NOT NULL DEFAULT '1',
  `one_s_id` varchar(255) DEFAULT NULL,
  `tags` varchar(1) DEFAULT NULL,
  PRIMARY KEY (`pricebookid`),
  CONSTRAINT `fk_1_vtiger_pricebook` FOREIGN KEY (`pricebookid`) REFERENCES `vtiger_crmentity` (`crmid`) ON DELETE CASCADE
) ENGINE=InnoDB DEFAULT CHARSET=utf8;
/*!40101 SET character_set_client = @saved_cs_client */;

--
-- Dumping data for table `vtiger_pricebook`
--

LOCK TABLES `vtiger_pricebook` WRITE;
/*!40000 ALTER TABLE `vtiger_pricebook` DISABLE KEYS */;
/*!40000 ALTER TABLE `vtiger_pricebook` ENABLE KEYS */;
UNLOCK TABLES;

--
-- Table structure for table `vtiger_pricebookcf`
--

DROP TABLE IF EXISTS `vtiger_pricebookcf`;
/*!40101 SET @saved_cs_client     = @@character_set_client */;
/*!40101 SET character_set_client = utf8 */;
CREATE TABLE `vtiger_pricebookcf` (
  `pricebookid` int(19) NOT NULL DEFAULT '0',
  PRIMARY KEY (`pricebookid`),
  CONSTRAINT `fk_1_vtiger_pricebookcf` FOREIGN KEY (`pricebookid`) REFERENCES `vtiger_pricebook` (`pricebookid`) ON DELETE CASCADE
) ENGINE=InnoDB DEFAULT CHARSET=utf8;
/*!40101 SET character_set_client = @saved_cs_client */;

--
-- Dumping data for table `vtiger_pricebookcf`
--

LOCK TABLES `vtiger_pricebookcf` WRITE;
/*!40000 ALTER TABLE `vtiger_pricebookcf` DISABLE KEYS */;
/*!40000 ALTER TABLE `vtiger_pricebookcf` ENABLE KEYS */;
UNLOCK TABLES;

--
-- Table structure for table `vtiger_pricebookproductrel`
--

DROP TABLE IF EXISTS `vtiger_pricebookproductrel`;
/*!40101 SET @saved_cs_client     = @@character_set_client */;
/*!40101 SET character_set_client = utf8 */;
CREATE TABLE `vtiger_pricebookproductrel` (
  `pricebookid` int(19) NOT NULL,
  `productid` int(19) NOT NULL,
  `listprice` decimal(27,8) DEFAULT NULL,
  `usedcurrency` int(11) NOT NULL DEFAULT '1',
  PRIMARY KEY (`pricebookid`,`productid`),
  KEY `pricebookproductrel_pricebookid_idx` (`pricebookid`),
  KEY `pricebookproductrel_productid_idx` (`productid`),
  CONSTRAINT `fk_1_vtiger_pricebookproductrel` FOREIGN KEY (`pricebookid`) REFERENCES `vtiger_pricebook` (`pricebookid`) ON DELETE CASCADE
) ENGINE=InnoDB DEFAULT CHARSET=utf8;
/*!40101 SET character_set_client = @saved_cs_client */;

--
-- Dumping data for table `vtiger_pricebookproductrel`
--

LOCK TABLES `vtiger_pricebookproductrel` WRITE;
/*!40000 ALTER TABLE `vtiger_pricebookproductrel` DISABLE KEYS */;
/*!40000 ALTER TABLE `vtiger_pricebookproductrel` ENABLE KEYS */;
UNLOCK TABLES;

--
-- Table structure for table `vtiger_priority`
--

DROP TABLE IF EXISTS `vtiger_priority`;
/*!40101 SET @saved_cs_client     = @@character_set_client */;
/*!40101 SET character_set_client = utf8 */;
CREATE TABLE `vtiger_priority` (
  `priorityid` int(19) NOT NULL AUTO_INCREMENT,
  `priority` varchar(200) NOT NULL,
  `sortorderid` int(19) NOT NULL DEFAULT '0',
  `presence` int(1) NOT NULL DEFAULT '1',
  PRIMARY KEY (`priorityid`),
  UNIQUE KEY `priority_priority_idx` (`priority`)
) ENGINE=InnoDB DEFAULT CHARSET=utf8;
/*!40101 SET character_set_client = @saved_cs_client */;

--
-- Dumping data for table `vtiger_priority`
--

LOCK TABLES `vtiger_priority` WRITE;
/*!40000 ALTER TABLE `vtiger_priority` DISABLE KEYS */;
/*!40000 ALTER TABLE `vtiger_priority` ENABLE KEYS */;
UNLOCK TABLES;

--
-- Table structure for table `vtiger_productcategory`
--

DROP TABLE IF EXISTS `vtiger_productcategory`;
/*!40101 SET @saved_cs_client     = @@character_set_client */;
/*!40101 SET character_set_client = utf8 */;
CREATE TABLE `vtiger_productcategory` (
  `productcategoryid` int(19) NOT NULL AUTO_INCREMENT,
  `productcategory` varchar(200) NOT NULL,
  `presence` int(1) NOT NULL DEFAULT '1',
  `picklist_valueid` int(19) NOT NULL DEFAULT '0',
  `sortorderid` int(11) DEFAULT NULL,
  `color` varchar(10) DEFAULT NULL,
  PRIMARY KEY (`productcategoryid`),
  UNIQUE KEY `productcategory_productcategory_idx` (`productcategory`)
) ENGINE=InnoDB AUTO_INCREMENT=5 DEFAULT CHARSET=utf8;
/*!40101 SET character_set_client = @saved_cs_client */;

--
-- Dumping data for table `vtiger_productcategory`
--

LOCK TABLES `vtiger_productcategory` WRITE;
/*!40000 ALTER TABLE `vtiger_productcategory` DISABLE KEYS */;
INSERT INTO `vtiger_productcategory` VALUES (2,'Hardware',1,136,1,NULL),(3,'Software',1,137,2,NULL),(4,'CRM Applications',1,138,3,NULL);
/*!40000 ALTER TABLE `vtiger_productcategory` ENABLE KEYS */;
UNLOCK TABLES;

--
-- Table structure for table `vtiger_productcategory_seq`
--

DROP TABLE IF EXISTS `vtiger_productcategory_seq`;
/*!40101 SET @saved_cs_client     = @@character_set_client */;
/*!40101 SET character_set_client = utf8 */;
CREATE TABLE `vtiger_productcategory_seq` (
  `id` int(11) NOT NULL
) ENGINE=InnoDB DEFAULT CHARSET=utf8;
/*!40101 SET character_set_client = @saved_cs_client */;

--
-- Dumping data for table `vtiger_productcategory_seq`
--

LOCK TABLES `vtiger_productcategory_seq` WRITE;
/*!40000 ALTER TABLE `vtiger_productcategory_seq` DISABLE KEYS */;
INSERT INTO `vtiger_productcategory_seq` VALUES (4);
/*!40000 ALTER TABLE `vtiger_productcategory_seq` ENABLE KEYS */;
UNLOCK TABLES;

--
-- Table structure for table `vtiger_productcf`
--

DROP TABLE IF EXISTS `vtiger_productcf`;
/*!40101 SET @saved_cs_client     = @@character_set_client */;
/*!40101 SET character_set_client = utf8 */;
CREATE TABLE `vtiger_productcf` (
  `productid` int(19) NOT NULL DEFAULT '0',
  PRIMARY KEY (`productid`),
  CONSTRAINT `fk_1_vtiger_productcf` FOREIGN KEY (`productid`) REFERENCES `vtiger_products` (`productid`) ON DELETE CASCADE
) ENGINE=InnoDB DEFAULT CHARSET=utf8;
/*!40101 SET character_set_client = @saved_cs_client */;

--
-- Dumping data for table `vtiger_productcf`
--

LOCK TABLES `vtiger_productcf` WRITE;
/*!40000 ALTER TABLE `vtiger_productcf` DISABLE KEYS */;
/*!40000 ALTER TABLE `vtiger_productcf` ENABLE KEYS */;
UNLOCK TABLES;

--
-- Table structure for table `vtiger_productcurrencyrel`
--

DROP TABLE IF EXISTS `vtiger_productcurrencyrel`;
/*!40101 SET @saved_cs_client     = @@character_set_client */;
/*!40101 SET character_set_client = utf8 */;
CREATE TABLE `vtiger_productcurrencyrel` (
  `productid` int(11) NOT NULL,
  `currencyid` int(11) NOT NULL,
  `converted_price` decimal(28,8) DEFAULT NULL,
  `actual_price` decimal(28,8) DEFAULT NULL
) ENGINE=InnoDB DEFAULT CHARSET=utf8;
/*!40101 SET character_set_client = @saved_cs_client */;

--
-- Dumping data for table `vtiger_productcurrencyrel`
--

LOCK TABLES `vtiger_productcurrencyrel` WRITE;
/*!40000 ALTER TABLE `vtiger_productcurrencyrel` DISABLE KEYS */;
/*!40000 ALTER TABLE `vtiger_productcurrencyrel` ENABLE KEYS */;
UNLOCK TABLES;

--
-- Table structure for table `vtiger_products`
--

DROP TABLE IF EXISTS `vtiger_products`;
/*!40101 SET @saved_cs_client     = @@character_set_client */;
/*!40101 SET character_set_client = utf8 */;
CREATE TABLE `vtiger_products` (
  `productid` int(11) NOT NULL,
  `product_no` varchar(100) NOT NULL,
  `productname` varchar(100) DEFAULT NULL,
  `productcode` varchar(40) DEFAULT NULL,
  `productcategory` varchar(200) DEFAULT NULL,
  `manufacturer` varchar(200) DEFAULT NULL,
  `qty_per_unit` decimal(11,2) DEFAULT '0.00',
  `unit_price` decimal(25,8) DEFAULT NULL,
  `weight` decimal(11,3) DEFAULT NULL,
  `pack_size` int(11) DEFAULT NULL,
  `sales_start_date` date DEFAULT NULL,
  `sales_end_date` date DEFAULT NULL,
  `start_date` date DEFAULT NULL,
  `expiry_date` date DEFAULT NULL,
  `cost_factor` int(11) DEFAULT NULL,
  `commissionrate` decimal(7,3) DEFAULT NULL,
  `commissionmethod` varchar(50) DEFAULT NULL,
  `discontinued` int(1) NOT NULL DEFAULT '0',
  `usageunit` varchar(200) DEFAULT NULL,
  `reorderlevel` int(11) DEFAULT NULL,
  `website` varchar(100) DEFAULT NULL,
  `taxclass` varchar(200) DEFAULT NULL,
  `mfr_part_no` varchar(200) DEFAULT NULL,
  `vendor_part_no` varchar(200) DEFAULT NULL,
  `serialno` varchar(200) DEFAULT NULL,
  `qtyinstock` decimal(25,3) DEFAULT NULL,
  `productsheet` varchar(200) DEFAULT NULL,
  `qtyindemand` int(11) DEFAULT NULL,
  `glacct` varchar(200) DEFAULT NULL,
  `vendor_id` int(11) DEFAULT NULL,
  `imagename` text,
  `currency_id` int(19) NOT NULL DEFAULT '1',
  `is_subproducts_viewable` int(1) DEFAULT '1',
  `manuf_country` varchar(100) DEFAULT '',
  `customs_id` varchar(100) DEFAULT '',
  `manuf_country_code` varchar(100) DEFAULT '',
  `unit_code` varchar(100) DEFAULT '',
  `one_s_id` varchar(255) DEFAULT NULL,
  `purchase_cost` decimal(27,8) DEFAULT NULL,
  `tags` varchar(1) DEFAULT NULL,
  `sp_product_international_code` varchar(255) DEFAULT NULL,
  PRIMARY KEY (`productid`),
  CONSTRAINT `fk_1_vtiger_products` FOREIGN KEY (`productid`) REFERENCES `vtiger_crmentity` (`crmid`) ON DELETE CASCADE
) ENGINE=InnoDB DEFAULT CHARSET=utf8;
/*!40101 SET character_set_client = @saved_cs_client */;

--
-- Dumping data for table `vtiger_products`
--

LOCK TABLES `vtiger_products` WRITE;
/*!40000 ALTER TABLE `vtiger_products` DISABLE KEYS */;
/*!40000 ALTER TABLE `vtiger_products` ENABLE KEYS */;
UNLOCK TABLES;

--
-- Table structure for table `vtiger_producttaxrel`
--

DROP TABLE IF EXISTS `vtiger_producttaxrel`;
/*!40101 SET @saved_cs_client     = @@character_set_client */;
/*!40101 SET character_set_client = utf8 */;
CREATE TABLE `vtiger_producttaxrel` (
  `productid` int(11) NOT NULL,
  `taxid` int(3) NOT NULL,
  `taxpercentage` decimal(7,3) DEFAULT NULL,
  `regions` text,
  KEY `producttaxrel_productid_idx` (`productid`),
  KEY `producttaxrel_taxid_idx` (`taxid`),
  CONSTRAINT `fk_crmid_vtiger_producttaxrel` FOREIGN KEY (`productid`) REFERENCES `vtiger_crmentity` (`crmid`) ON DELETE CASCADE
) ENGINE=InnoDB DEFAULT CHARSET=utf8;
/*!40101 SET character_set_client = @saved_cs_client */;

--
-- Dumping data for table `vtiger_producttaxrel`
--

LOCK TABLES `vtiger_producttaxrel` WRITE;
/*!40000 ALTER TABLE `vtiger_producttaxrel` DISABLE KEYS */;
/*!40000 ALTER TABLE `vtiger_producttaxrel` ENABLE KEYS */;
UNLOCK TABLES;

--
-- Table structure for table `vtiger_profile`
--

DROP TABLE IF EXISTS `vtiger_profile`;
/*!40101 SET @saved_cs_client     = @@character_set_client */;
/*!40101 SET character_set_client = utf8 */;
CREATE TABLE `vtiger_profile` (
  `profileid` int(10) NOT NULL AUTO_INCREMENT,
  `profilename` varchar(50) NOT NULL,
  `description` text,
  `directly_related_to_role` int(1) DEFAULT '0',
  PRIMARY KEY (`profileid`)
) ENGINE=InnoDB AUTO_INCREMENT=7 DEFAULT CHARSET=utf8;
/*!40101 SET character_set_client = @saved_cs_client */;

--
-- Dumping data for table `vtiger_profile`
--

LOCK TABLES `vtiger_profile` WRITE;
/*!40000 ALTER TABLE `vtiger_profile` DISABLE KEYS */;
INSERT INTO `vtiger_profile` VALUES (1,'Администратор','Профиль Администратора Системы',0),(2,'Продажи','Профиль относящийся к Продажам',0),(3,'Поддержка','Профиль относящийся к Поддержке',0),(4,'Гости','Гостевой профиль для Тестирования',0),(5,'Users Profile Read','Только Просмотр',0),(6,'User Profile all-in','',0);
/*!40000 ALTER TABLE `vtiger_profile` ENABLE KEYS */;
UNLOCK TABLES;

--
-- Table structure for table `vtiger_profile2field`
--

DROP TABLE IF EXISTS `vtiger_profile2field`;
/*!40101 SET @saved_cs_client     = @@character_set_client */;
/*!40101 SET character_set_client = utf8 */;
CREATE TABLE `vtiger_profile2field` (
  `profileid` int(11) NOT NULL,
  `tabid` int(10) DEFAULT NULL,
  `fieldid` int(19) NOT NULL,
  `visible` int(19) DEFAULT NULL,
  `readonly` int(19) DEFAULT NULL,
  PRIMARY KEY (`profileid`,`fieldid`),
  KEY `profile2field_profileid_tabid_fieldname_idx` (`profileid`,`tabid`),
  KEY `profile2field_tabid_profileid_idx` (`tabid`,`profileid`),
  KEY `profile2field_visible_profileid_idx` (`visible`,`profileid`)
) ENGINE=InnoDB DEFAULT CHARSET=utf8;
/*!40101 SET character_set_client = @saved_cs_client */;

--
-- Dumping data for table `vtiger_profile2field`
--

LOCK TABLES `vtiger_profile2field` WRITE;
/*!40000 ALTER TABLE `vtiger_profile2field` DISABLE KEYS */;
INSERT INTO `vtiger_profile2field` VALUES (1,6,1,0,0),(1,6,2,0,0),(1,6,3,0,0),(1,6,4,0,0),(1,6,5,0,0),(1,6,6,0,0),(1,6,7,0,0),(1,6,8,0,0),(1,6,9,0,0),(1,6,10,0,0),(1,6,11,0,0),(1,6,12,0,0),(1,6,13,0,0),(1,6,14,0,0),(1,6,15,0,0),(1,6,16,0,0),(1,6,17,0,0),(1,6,18,0,0),(1,6,19,0,0),(1,6,20,0,0),(1,6,21,0,0),(1,6,22,0,0),(1,6,23,0,0),(1,6,24,0,0),(1,6,25,0,0),(1,6,26,0,0),(1,6,27,0,0),(1,6,28,0,0),(1,6,29,0,0),(1,6,30,0,0),(1,6,31,0,0),(1,6,32,0,0),(1,6,33,0,0),(1,6,34,0,0),(1,6,35,0,0),(1,6,36,0,0),(1,6,37,0,0),(1,6,38,0,0),(1,6,39,0,0),(1,7,40,0,0),(1,7,41,0,0),(1,7,42,0,0),(1,7,43,0,0),(1,7,44,0,0),(1,7,45,0,0),(1,7,46,0,0),(1,7,47,0,0),(1,7,48,0,0),(1,7,49,0,0),(1,7,50,0,0),(1,7,51,0,0),(1,7,52,0,0),(1,7,53,0,0),(1,7,54,0,0),(1,7,55,0,0),(1,7,56,0,0),(1,7,57,0,0),(1,7,58,0,0),(1,7,59,0,0),(1,7,60,0,0),(1,7,61,0,0),(1,7,62,0,0),(1,7,63,0,0),(1,7,64,0,0),(1,7,65,0,0),(1,7,66,0,0),(1,7,67,0,0),(1,7,68,0,0),(1,7,69,0,0),(1,4,70,0,0),(1,4,71,0,0),(1,4,72,0,0),(1,4,73,0,0),(1,4,74,0,0),(1,4,75,0,0),(1,4,76,0,0),(1,4,77,0,0),(1,4,78,0,0),(1,4,79,0,0),(1,4,80,0,0),(1,4,81,0,0),(1,4,82,0,0),(1,4,83,0,0),(1,4,84,0,0),(1,4,85,0,0),(1,4,86,0,0),(1,4,87,0,0),(1,4,88,0,0),(1,4,89,0,0),(1,4,90,0,0),(1,4,91,0,0),(1,4,92,0,0),(1,4,93,0,0),(1,4,94,0,0),(1,4,95,0,0),(1,4,96,0,0),(1,4,97,0,0),(1,4,98,0,0),(1,4,99,0,0),(1,4,100,0,0),(1,4,101,0,0),(1,4,102,0,0),(1,4,103,0,0),(1,4,104,0,0),(1,4,105,0,0),(1,4,106,0,0),(1,4,107,0,0),(1,4,108,0,0),(1,4,109,0,0),(1,4,110,0,0),(1,4,111,0,0),(1,4,112,0,0),(1,4,113,0,0),(1,4,114,0,0),(1,2,115,0,0),(1,2,116,0,0),(1,2,117,0,0),(1,2,118,0,0),(1,2,119,0,0),(1,2,120,0,0),(1,2,121,0,0),(1,2,122,0,0),(1,2,123,0,0),(1,2,124,0,0),(1,2,125,0,0),(1,2,126,0,0),(1,2,127,0,0),(1,2,128,0,0),(1,2,129,0,0),(1,2,130,0,0),(1,26,131,0,0),(1,26,132,0,0),(1,26,133,0,0),(1,26,134,0,0),(1,26,135,0,0),(1,26,136,0,0),(1,26,137,0,0),(1,26,138,0,0),(1,26,139,0,0),(1,26,140,0,0),(1,26,141,0,0),(1,26,142,0,0),(1,26,143,0,0),(1,26,144,0,0),(1,26,145,0,0),(1,26,146,0,0),(1,26,147,0,0),(1,26,148,0,0),(1,26,149,0,0),(1,26,150,0,0),(1,26,151,0,0),(1,26,152,0,0),(1,26,153,0,0),(1,26,154,0,0),(1,26,155,0,0),(1,4,156,0,0),(1,6,157,0,0),(1,7,158,0,0),(1,26,159,0,0),(1,13,160,0,0),(1,13,161,0,0),(1,13,162,0,0),(1,13,163,0,0),(1,13,164,0,0),(1,13,165,0,0),(1,13,166,0,0),(1,13,167,0,0),(1,13,168,0,0),(1,13,169,0,0),(1,13,170,0,0),(1,13,171,0,0),(1,13,172,0,0),(1,13,173,0,0),(1,13,174,0,0),(1,13,175,0,0),(1,13,176,0,0),(1,13,177,0,0),(1,13,178,0,0),(1,14,179,0,0),(1,14,180,0,0),(1,14,181,0,0),(1,14,182,0,0),(1,14,183,0,0),(1,14,184,0,0),(1,14,185,0,0),(1,14,186,0,0),(1,14,187,0,0),(1,14,188,0,0),(1,14,189,0,0),(1,14,190,0,0),(1,14,191,0,0),(1,14,192,0,0),(1,14,193,0,0),(1,14,194,0,0),(1,14,195,0,0),(1,14,196,0,0),(1,14,197,0,0),(1,14,198,0,0),(1,14,199,0,0),(1,14,200,0,0),(1,14,201,0,0),(1,14,202,0,0),(1,14,203,0,0),(1,14,204,0,0),(1,14,205,0,0),(1,14,206,0,0),(1,14,207,0,0),(1,14,208,0,0),(1,14,209,0,0),(1,14,210,0,0),(1,14,211,0,0),(1,14,212,0,0),(1,8,213,0,0),(1,8,214,0,0),(1,8,215,0,0),(1,8,216,0,0),(1,8,217,0,0),(1,8,218,0,0),(1,8,219,0,0),(1,8,220,0,0),(1,8,221,0,0),(1,8,222,0,0),(1,8,223,0,0),(1,8,224,0,0),(1,8,225,0,0),(1,8,226,0,0),(1,8,227,0,0),(1,10,228,0,0),(1,10,229,0,0),(1,10,230,0,0),(1,10,231,0,0),(1,10,232,0,0),(1,10,233,0,0),(1,10,234,0,0),(1,10,235,0,0),(1,10,236,0,0),(1,10,237,0,0),(1,10,238,0,0),(1,10,239,0,0),(1,9,240,0,0),(1,9,241,0,0),(1,9,242,0,0),(1,9,243,0,0),(1,9,244,0,0),(1,9,245,0,0),(1,9,246,0,0),(1,9,247,0,0),(1,9,248,0,0),(1,9,249,0,0),(1,9,250,0,0),(1,9,251,0,0),(1,9,252,0,0),(1,9,253,0,0),(1,9,254,0,0),(1,9,255,0,0),(1,9,256,0,0),(1,9,257,0,0),(1,9,258,0,0),(1,9,259,0,0),(1,9,260,0,0),(1,9,261,0,0),(1,9,262,0,0),(1,9,263,0,0),(1,16,264,0,0),(1,16,265,0,0),(1,16,266,0,0),(1,16,267,0,0),(1,16,268,0,0),(1,16,269,0,0),(1,16,270,0,0),(1,16,271,0,0),(1,16,272,0,0),(1,16,273,0,0),(1,16,274,0,0),(1,16,275,0,0),(1,16,276,0,0),(1,16,277,0,0),(1,16,278,0,0),(1,16,279,0,0),(1,16,280,0,0),(1,16,281,0,0),(1,16,282,0,0),(1,16,283,0,0),(1,16,284,0,0),(1,16,285,0,0),(1,16,286,0,0),(1,15,287,0,0),(1,15,288,0,0),(1,15,289,0,0),(1,15,290,0,0),(1,15,291,0,0),(1,15,292,0,0),(1,15,293,0,0),(1,15,294,0,0),(1,15,295,0,0),(1,15,296,0,0),(1,18,297,0,0),(1,18,298,0,0),(1,18,299,0,0),(1,18,300,0,0),(1,18,301,0,0),(1,18,302,0,0),(1,18,303,0,0),(1,18,304,0,0),(1,18,305,0,0),(1,18,306,0,0),(1,18,307,0,0),(1,18,308,0,0),(1,18,309,0,0),(1,18,310,0,0),(1,18,311,0,0),(1,18,312,0,0),(1,18,313,0,0),(1,18,314,0,0),(1,19,315,0,0),(1,19,316,0,0),(1,19,317,0,0),(1,19,318,0,0),(1,19,319,0,0),(1,19,320,0,0),(1,19,321,0,0),(1,19,322,0,0),(1,20,323,0,0),(1,20,324,0,0),(1,20,325,0,0),(1,20,326,0,0),(1,20,327,0,0),(1,20,328,0,0),(1,20,329,0,0),(1,20,330,0,0),(1,20,331,0,0),(1,20,332,0,0),(1,20,333,0,0),(1,20,334,0,0),(1,20,335,0,0),(1,20,336,0,0),(1,20,337,0,0),(1,20,338,0,0),(1,20,339,0,0),(1,20,340,0,0),(1,20,341,0,0),(1,20,342,0,0),(1,20,343,0,0),(1,20,344,0,0),(1,20,345,0,0),(1,20,346,0,0),(1,20,347,0,0),(1,20,348,0,0),(1,20,349,0,0),(1,20,350,0,0),(1,20,351,0,0),(1,20,352,0,0),(1,20,353,0,0),(1,20,354,0,0),(1,20,355,0,0),(1,20,356,0,0),(1,20,357,0,0),(1,20,358,0,0),(1,20,359,0,0),(1,21,360,0,0),(1,21,361,0,0),(1,21,362,0,0),(1,21,363,0,0),(1,21,364,0,0),(1,21,365,0,0),(1,21,366,0,0),(1,21,367,0,0),(1,21,368,0,0),(1,21,369,0,0),(1,21,370,0,0),(1,21,371,0,0),(1,21,372,0,0),(1,21,373,0,0),(1,21,374,0,0),(1,21,375,0,0),(1,21,376,0,0),(1,21,377,0,0),(1,21,378,0,0),(1,21,379,0,0),(1,21,380,0,0),(1,21,381,0,0),(1,21,382,0,0),(1,21,383,0,0),(1,21,384,0,0),(1,21,385,0,0),(1,21,386,0,0),(1,21,387,0,0),(1,21,388,0,0),(1,21,389,0,0),(1,21,390,0,0),(1,21,391,0,0),(1,21,392,0,0),(1,21,393,0,0),(1,21,394,0,0),(1,21,395,0,0),(1,21,396,0,0),(1,21,397,0,0),(1,22,398,0,0),(1,22,399,0,0),(1,22,400,0,0),(1,22,401,0,0),(1,22,402,0,0),(1,22,403,0,0),(1,22,404,0,0),(1,22,405,0,0),(1,22,406,0,0),(1,22,407,0,0),(1,22,408,0,0),(1,22,409,0,0),(1,22,410,0,0),(1,22,411,0,0),(1,22,412,0,0),(1,22,413,0,0),(1,22,414,0,0),(1,22,415,0,0),(1,22,416,0,0),(1,22,417,0,0),(1,22,418,0,0),(1,22,419,0,0),(1,22,420,0,0),(1,22,421,0,0),(1,22,422,0,0),(1,22,423,0,0),(1,22,424,0,0),(1,22,425,0,0),(1,22,426,0,0),(1,22,427,0,0),(1,22,428,0,0),(1,22,429,0,0),(1,22,430,0,0),(1,22,431,0,0),(1,22,432,0,0),(1,22,433,0,0),(1,22,434,0,0),(1,22,435,0,0),(1,22,436,0,0),(1,22,437,0,0),(1,22,438,0,0),(1,22,439,0,0),(1,22,440,0,0),(1,22,441,0,0),(1,22,442,0,0),(1,22,443,0,0),(1,22,444,0,0),(1,23,445,0,0),(1,23,446,0,0),(1,23,447,0,0),(1,23,448,0,0),(1,23,449,0,0),(1,23,450,0,0),(1,23,451,0,0),(1,23,452,0,0),(1,23,453,0,0),(1,23,454,0,0),(1,23,455,0,0),(1,23,456,0,0),(1,23,457,0,0),(1,23,458,0,0),(1,23,459,0,0),(1,23,460,0,0),(1,23,461,0,0),(1,23,462,0,0),(1,23,463,0,0),(1,23,464,0,0),(1,23,465,0,0),(1,23,466,0,0),(1,23,467,0,0),(1,23,468,0,0),(1,23,469,0,0),(1,23,470,0,0),(1,23,471,0,0),(1,23,472,0,0),(1,23,473,0,0),(1,23,474,0,0),(1,23,475,0,0),(1,23,476,0,0),(1,23,477,0,0),(1,23,478,0,0),(1,23,479,0,0),(1,23,480,0,0),(1,23,481,0,0),(1,23,482,0,0),(1,23,483,0,0),(1,29,484,0,0),(1,29,488,0,0),(1,29,489,0,0),(1,29,491,0,0),(1,29,498,0,0),(1,29,499,0,0),(1,29,500,0,0),(1,29,501,0,0),(1,29,502,0,0),(1,29,504,0,0),(1,29,505,0,0),(1,29,506,0,0),(1,29,507,0,0),(1,29,508,0,0),(1,29,513,0,0),(1,29,514,0,0),(1,29,515,0,0),(1,29,516,0,0),(1,29,524,0,0),(1,10,529,0,0),(1,10,530,0,0),(1,10,531,0,0),(1,10,532,0,0),(1,10,533,0,0),(1,10,534,0,0),(1,31,535,0,0),(1,31,536,0,0),(1,31,537,0,0),(1,31,538,0,0),(1,31,539,0,0),(1,31,540,0,0),(1,31,541,0,0),(1,31,542,0,0),(1,31,543,0,0),(1,31,544,0,0),(1,31,545,0,0),(1,31,546,0,0),(1,31,547,0,0),(1,31,548,0,0),(1,31,549,0,0),(1,31,550,0,0),(1,31,551,0,0),(1,31,552,0,0),(1,31,553,0,0),(1,31,554,0,0),(1,31,555,0,0),(1,31,556,0,0),(1,31,557,0,0),(1,31,558,0,0),(1,35,559,0,0),(1,35,560,0,0),(1,35,561,0,0),(1,35,562,0,0),(1,35,563,0,0),(1,35,564,0,0),(1,35,565,0,0),(1,35,566,0,0),(1,35,567,0,0),(1,35,568,0,0),(1,35,569,0,0),(1,35,570,0,0),(1,35,571,0,0),(1,35,572,0,0),(1,35,573,0,0),(1,35,574,0,0),(1,35,575,0,0),(1,35,576,0,0),(1,35,577,0,0),(1,29,578,0,0),(1,36,579,0,0),(1,36,580,0,0),(1,36,581,0,0),(1,36,582,0,0),(1,36,583,0,0),(1,36,584,0,0),(1,36,585,0,0),(1,36,586,0,0),(1,36,587,0,0),(1,36,588,0,0),(1,36,589,0,0),(1,36,590,0,0),(1,36,591,0,0),(1,36,592,0,0),(1,36,593,0,0),(1,36,594,0,0),(1,36,595,0,0),(1,36,596,0,0),(1,36,597,0,0),(1,36,598,0,0),(1,36,599,0,0),(1,36,600,0,0),(1,36,601,0,0),(1,40,602,0,0),(1,40,603,0,0),(1,40,604,0,0),(1,40,605,0,0),(1,40,606,0,0),(1,40,607,0,0),(1,40,608,0,0),(1,40,609,0,0),(1,40,610,0,0),(1,40,611,0,0),(1,40,612,0,0),(1,40,613,0,0),(1,42,614,0,0),(1,42,615,0,0),(1,42,616,0,0),(1,42,617,0,0),(1,42,618,0,0),(1,42,619,0,0),(1,42,620,0,0),(1,42,621,0,0),(1,42,622,0,0),(1,42,623,0,0),(1,42,624,0,0),(1,42,625,0,0),(1,42,626,0,0),(1,42,627,0,0),(1,42,628,0,0),(1,42,629,0,0),(1,42,630,0,0),(1,42,631,0,0),(1,42,632,0,0),(1,42,633,0,0),(1,42,634,0,0),(1,42,635,0,0),(1,6,636,0,0),(1,19,637,0,0),(1,14,638,0,0),(1,22,639,0,0),(1,22,640,0,0),(1,31,641,0,0),(1,45,642,0,0),(1,45,643,0,0),(1,45,644,0,0),(1,45,645,0,0),(1,45,646,0,0),(1,45,647,0,0),(1,45,648,0,0),(1,45,649,0,0),(1,45,650,0,0),(1,45,651,0,0),(1,45,652,0,0),(1,45,653,0,0),(1,4,654,0,0),(1,4,655,0,0),(1,7,656,0,0),(1,7,657,0,0),(1,6,658,0,0),(1,6,659,0,0),(1,46,660,0,0),(1,46,661,0,0),(1,46,662,0,0),(1,46,663,0,0),(1,46,664,0,0),(1,46,665,0,0),(1,46,666,0,0),(1,35,667,0,0),(1,35,668,0,0),(1,35,669,0,0),(1,35,670,0,0),(1,35,671,0,0),(1,35,672,0,0),(1,35,673,0,0),(1,35,674,0,0),(1,29,675,0,0),(1,29,676,0,0),(1,29,677,0,0),(1,29,678,0,0),(1,29,679,0,0),(1,29,680,0,0),(1,29,681,0,0),(1,29,682,0,0),(1,29,683,0,0),(1,29,684,0,0),(1,29,685,0,0),(1,29,686,0,0),(1,29,687,0,0),(1,29,688,0,0),(1,29,689,0,0),(1,29,690,0,0),(1,29,691,0,0),(1,50,692,0,0),(1,50,693,0,0),(1,50,694,0,0),(1,50,695,0,0),(1,50,696,0,0),(1,50,697,0,0),(1,50,698,0,0),(1,50,699,0,0),(1,50,700,0,0),(1,50,701,0,0),(1,50,702,0,0),(1,50,703,0,0),(1,14,704,0,0),(1,31,705,0,0),(1,54,706,0,0),(1,54,707,0,0),(1,54,708,0,0),(1,54,709,0,0),(1,54,710,0,0),(1,54,711,0,0),(1,54,712,0,0),(1,54,713,0,0),(1,54,714,0,0),(1,54,715,0,0),(1,54,716,0,0),(1,54,717,0,0),(1,54,718,0,0),(1,55,719,0,0),(1,55,720,0,0),(1,55,721,0,0),(1,55,722,0,0),(1,55,723,0,0),(1,55,724,0,0),(1,55,725,0,0),(1,55,726,0,0),(1,55,727,0,0),(1,55,728,0,0),(1,55,729,0,0),(1,55,730,0,0),(1,55,731,0,0),(1,55,732,0,0),(1,55,733,0,0),(1,55,734,0,0),(1,55,735,0,0),(1,55,736,0,0),(1,56,737,0,0),(1,56,738,0,0),(1,56,739,0,0),(1,56,740,0,0),(1,56,741,0,0),(1,56,742,0,0),(1,56,743,0,0),(1,56,744,0,0),(1,56,745,0,0),(1,56,746,0,0),(1,56,747,0,0),(1,56,748,0,0),(1,56,749,0,0),(1,56,750,0,0),(1,56,751,0,0),(1,56,752,0,0),(1,56,753,0,0),(1,56,754,0,0),(1,56,755,0,0),(1,56,756,0,0),(1,57,757,0,0),(1,57,758,0,0),(1,57,759,0,0),(1,57,760,0,0),(1,57,761,0,0),(1,57,762,0,0),(1,57,763,0,0),(1,57,764,0,0),(1,57,765,0,0),(1,57,766,0,0),(1,57,767,0,0),(1,57,768,0,0),(1,57,769,0,0),(1,57,770,0,0),(1,57,771,0,0),(1,57,772,0,0),(1,57,773,0,0),(1,57,774,0,0),(1,57,775,0,0),(1,57,776,0,0),(1,57,777,0,0),(1,57,778,0,0),(1,57,779,0,0),(1,57,780,0,0),(1,57,781,0,0),(1,57,782,0,0),(1,57,783,0,0),(1,57,784,0,0),(1,57,785,0,0),(1,57,786,0,0),(1,57,787,0,0),(1,57,788,0,0),(1,57,789,0,0),(1,57,790,0,0),(1,57,791,0,0),(1,57,792,0,0),(1,23,793,0,0),(1,58,794,0,0),(1,58,795,0,0),(1,58,796,0,0),(1,58,797,0,0),(1,58,798,0,0),(1,58,799,0,0),(1,58,800,0,0),(1,58,801,0,0),(1,58,802,0,0),(1,58,803,0,0),(1,58,804,0,0),(1,58,805,0,0),(1,58,806,0,0),(1,58,807,0,0),(1,58,808,0,0),(1,58,809,0,0),(1,58,810,0,0),(1,58,811,0,0),(1,58,812,0,0),(1,58,813,0,0),(1,58,814,0,0),(1,58,815,0,0),(1,58,816,0,0),(1,59,817,0,0),(1,59,818,0,0),(1,59,819,0,0),(1,59,820,0,0),(1,59,821,0,0),(1,59,822,0,0),(1,59,823,0,0),(1,59,824,0,0),(1,59,825,0,0),(1,59,826,0,0),(1,59,827,0,0),(1,59,828,0,0),(1,59,829,0,0),(1,59,830,0,0),(1,59,831,0,0),(1,59,832,0,0),(1,59,833,0,0),(1,59,834,0,0),(1,59,835,0,0),(1,59,836,0,0),(1,59,837,0,0),(1,59,838,0,0),(1,59,839,0,0),(1,59,840,0,0),(1,59,841,0,0),(1,59,842,0,0),(1,59,843,0,0),(1,59,844,0,0),(1,59,845,0,0),(1,59,846,0,0),(1,59,847,0,0),(1,59,848,0,0),(1,59,849,0,0),(1,59,850,0,0),(1,59,851,0,0),(1,59,852,0,0),(1,59,853,0,0),(1,59,854,0,0),(1,59,855,0,0),(1,2,856,0,0),(1,29,857,0,0),(1,23,858,0,0),(1,23,859,0,0),(1,23,860,0,0),(1,23,861,0,0),(1,23,862,0,0),(1,23,863,0,0),(1,23,864,0,0),(1,23,865,0,0),(1,23,866,0,0),(1,22,867,0,0),(1,22,868,0,0),(1,22,869,0,0),(1,22,870,0,0),(1,22,871,0,0),(1,22,872,0,0),(1,22,873,0,0),(1,22,874,0,0),(1,22,875,0,0),(1,21,876,0,0),(1,21,877,0,0),(1,21,878,0,0),(1,21,879,0,0),(1,21,880,0,0),(1,21,881,0,0),(1,21,882,0,0),(1,21,883,0,0),(1,21,884,0,0),(1,20,885,0,0),(1,20,886,0,0),(1,20,887,0,0),(1,20,888,0,0),(1,20,889,0,0),(1,20,890,0,0),(1,20,891,0,0),(1,20,892,0,0),(1,20,893,0,0),(1,57,894,0,0),(1,57,895,0,0),(1,57,896,0,0),(1,57,897,0,0),(1,57,898,0,0),(1,57,899,0,0),(1,57,900,0,0),(1,57,901,0,0),(1,57,902,0,0),(1,59,903,0,0),(1,59,904,0,0),(1,59,905,0,0),(1,59,906,0,0),(1,59,907,0,0),(1,59,908,0,0),(1,59,909,0,0),(1,59,910,0,0),(1,59,911,0,0),(1,29,912,0,0),(1,55,913,0,0),(1,29,914,0,0),(1,29,915,0,0),(1,29,916,0,0),(1,23,917,0,0),(1,22,918,0,0),(1,21,919,0,0),(1,20,920,0,0),(1,57,921,0,0),(1,59,922,0,0),(1,29,923,0,0),(1,6,924,0,0),(1,4,925,0,0),(1,2,926,0,0),(1,29,927,0,0),(1,23,928,0,0),(1,23,929,0,0),(1,21,930,0,0),(1,21,931,0,0),(1,7,932,0,0),(1,23,933,0,0),(1,20,934,0,0),(1,21,935,0,0),(1,22,936,0,0),(1,57,937,0,0),(1,59,938,0,0),(1,29,939,0,0),(1,2,940,0,0),(1,13,941,0,0),(1,29,942,0,0),(1,29,943,0,0),(1,29,944,0,0),(1,29,945,0,0),(1,23,977,0,1),(1,20,978,0,1),(1,22,979,0,1),(1,57,980,0,1),(1,59,981,0,1),(1,2,982,0,1),(1,21,983,0,1),(1,58,984,0,1),(1,2,985,0,0),(1,4,986,0,0),(1,6,987,0,0),(1,7,988,0,0),(1,8,989,0,0),(1,9,990,0,0),(1,13,991,0,0),(1,14,992,0,0),(1,15,993,0,0),(1,16,994,0,0),(1,18,995,0,0),(1,19,996,0,0),(1,20,997,0,0),(1,21,998,0,0),(1,22,999,0,0),(1,23,1000,0,0),(1,26,1001,0,0),(1,31,1002,0,0),(1,35,1003,0,0),(1,36,1004,0,0),(1,40,1005,0,0),(1,42,1006,0,0),(1,45,1007,0,0),(1,46,1008,0,0),(1,50,1009,0,0),(1,54,1010,0,0),(1,55,1011,0,0),(1,56,1012,0,0),(1,57,1013,0,0),(1,58,1014,0,0),(1,59,1015,0,0),(1,14,1016,0,0),(1,31,1017,0,0),(1,23,1018,0,0),(1,29,1019,0,0),(1,23,1020,0,0),(1,23,1021,0,0),(1,23,1022,0,0),(1,20,1023,0,0),(1,20,1024,0,0),(1,20,1025,0,0),(1,21,1026,0,0),(1,22,1027,0,0),(1,22,1028,0,0),(1,22,1029,0,0),(1,57,1030,0,0),(1,57,1031,0,0),(1,57,1032,0,0),(1,59,1033,0,0),(1,59,1034,0,0),(1,59,1035,0,0),(1,40,1036,0,0),(1,40,1037,0,0),(1,40,1038,0,0),(1,2,1039,0,0),(1,4,1040,0,0),(1,6,1041,0,0),(1,7,1042,0,0),(1,8,1043,0,0),(1,9,1044,0,0),(1,13,1045,0,0),(1,14,1046,0,0),(1,15,1047,0,0),(1,16,1048,0,0),(1,18,1049,0,0),(1,19,1050,0,0),(1,20,1051,0,0),(1,21,1052,0,0),(1,22,1053,0,0),(1,23,1054,0,0),(1,26,1055,0,0),(1,10,1056,0,0),(1,10,1057,0,0),(1,2,1058,0,0),(1,4,1059,0,0),(1,6,1060,0,0),(1,7,1061,0,0),(1,8,1062,0,0),(1,9,1063,0,0),(1,10,1064,0,0),(1,13,1065,0,0),(1,14,1066,0,0),(1,15,1067,0,0),(1,16,1068,0,0),(1,18,1069,0,0),(1,19,1070,0,0),(1,20,1071,0,0),(1,21,1072,0,0),(1,22,1073,0,0),(1,23,1074,0,0),(1,26,1075,0,0),(1,35,1076,0,0),(1,2,1077,0,0),(1,4,1078,0,0),(1,6,1079,0,0),(1,7,1080,0,0),(1,8,1081,0,0),(1,9,1082,0,0),(1,10,1083,0,0),(1,13,1084,0,0),(1,14,1085,0,0),(1,15,1086,0,0),(1,16,1087,0,0),(1,18,1088,0,0),(1,19,1089,0,0),(1,20,1090,0,0),(1,21,1091,0,0),(1,22,1092,0,0),(1,23,1093,0,0),(1,26,1094,0,0),(1,35,1095,0,0),(1,20,1096,0,0),(1,21,1097,0,0),(1,22,1098,0,0),(1,23,1099,0,0),(1,57,1100,0,0),(1,59,1101,0,0),(1,56,1102,0,0),(1,56,1103,0,0),(1,14,1104,0,0),(1,57,1105,0,0),(1,59,1106,0,0),(2,6,1,0,0),(2,6,2,0,0),(2,6,3,0,0),(2,6,4,0,0),(2,6,5,0,0),(2,6,6,0,0),(2,6,7,0,0),(2,6,8,0,0),(2,6,9,0,0),(2,6,10,0,0),(2,6,11,0,0),(2,6,12,0,0),(2,6,13,0,0),(2,6,14,0,0),(2,6,15,0,0),(2,6,16,0,0),(2,6,17,0,0),(2,6,18,0,0),(2,6,19,0,0),(2,6,20,0,0),(2,6,21,0,0),(2,6,22,0,0),(2,6,23,0,0),(2,6,24,0,0),(2,6,25,0,0),(2,6,26,0,0),(2,6,27,0,0),(2,6,28,0,0),(2,6,29,0,0),(2,6,30,0,0),(2,6,31,0,0),(2,6,32,0,0),(2,6,33,0,0),(2,6,34,0,0),(2,6,35,0,0),(2,6,36,0,0),(2,6,37,0,0),(2,6,38,0,0),(2,6,39,0,0),(2,7,40,0,0),(2,7,41,0,0),(2,7,42,0,0),(2,7,43,0,0),(2,7,44,0,0),(2,7,45,0,0),(2,7,46,0,0),(2,7,47,0,0),(2,7,48,0,0),(2,7,49,0,0),(2,7,50,0,0),(2,7,51,0,0),(2,7,52,0,0),(2,7,53,0,0),(2,7,54,0,0),(2,7,55,0,0),(2,7,56,0,0),(2,7,57,0,0),(2,7,58,0,0),(2,7,59,0,0),(2,7,60,0,0),(2,7,61,0,0),(2,7,62,0,0),(2,7,63,0,0),(2,7,64,0,0),(2,7,65,0,0),(2,7,66,0,0),(2,7,67,0,0),(2,7,68,0,0),(2,7,69,0,0),(2,4,70,0,0),(2,4,71,0,0),(2,4,72,0,0),(2,4,73,0,0),(2,4,74,0,0),(2,4,75,0,0),(2,4,76,0,0),(2,4,77,0,0),(2,4,78,0,0),(2,4,79,0,0),(2,4,80,0,0),(2,4,81,0,0),(2,4,82,0,0),(2,4,83,0,0),(2,4,84,0,0),(2,4,85,0,0),(2,4,86,0,0),(2,4,87,0,0),(2,4,88,0,0),(2,4,89,0,0),(2,4,90,0,0),(2,4,91,0,0),(2,4,92,0,0),(2,4,93,0,0),(2,4,94,0,0),(2,4,95,0,0),(2,4,96,0,0),(2,4,97,0,0),(2,4,98,0,0),(2,4,99,0,0),(2,4,100,0,0),(2,4,101,0,0),(2,4,102,0,0),(2,4,103,0,0),(2,4,104,0,0),(2,4,105,0,0),(2,4,106,0,0),(2,4,107,0,0),(2,4,108,0,0),(2,4,109,0,0),(2,4,110,0,0),(2,4,111,0,0),(2,4,112,0,0),(2,4,113,0,0),(2,4,114,0,0),(2,2,115,0,0),(2,2,116,0,0),(2,2,117,0,0),(2,2,118,0,0),(2,2,119,0,0),(2,2,120,0,0),(2,2,121,0,0),(2,2,122,0,0),(2,2,123,0,0),(2,2,124,0,0),(2,2,125,0,0),(2,2,126,0,0),(2,2,127,0,0),(2,2,128,0,0),(2,2,129,0,0),(2,2,130,0,0),(2,26,131,0,0),(2,26,132,0,0),(2,26,133,0,0),(2,26,134,0,0),(2,26,135,0,0),(2,26,136,0,0),(2,26,137,0,0),(2,26,138,0,0),(2,26,139,0,0),(2,26,140,0,0),(2,26,141,0,0),(2,26,142,0,0),(2,26,143,0,0),(2,26,144,0,0),(2,26,145,0,0),(2,26,146,0,0),(2,26,147,0,0),(2,26,148,0,0),(2,26,149,0,0),(2,26,150,0,0),(2,26,151,0,0),(2,26,152,0,0),(2,26,153,0,0),(2,26,154,0,0),(2,26,155,0,0),(2,4,156,0,0),(2,6,157,0,0),(2,7,158,0,0),(2,26,159,0,0),(2,13,160,0,0),(2,13,161,0,0),(2,13,162,0,0),(2,13,163,0,0),(2,13,164,0,0),(2,13,165,0,0),(2,13,166,0,0),(2,13,167,0,0),(2,13,168,0,0),(2,13,169,0,0),(2,13,170,0,0),(2,13,171,0,0),(2,13,172,0,0),(2,13,173,0,0),(2,13,174,0,0),(2,13,175,0,0),(2,13,176,0,0),(2,13,177,0,0),(2,13,178,0,0),(2,14,179,0,0),(2,14,180,0,0),(2,14,181,0,0),(2,14,182,0,0),(2,14,183,0,0),(2,14,184,0,0),(2,14,185,0,0),(2,14,186,0,0),(2,14,187,0,0),(2,14,188,0,0),(2,14,189,0,0),(2,14,190,0,0),(2,14,191,0,0),(2,14,192,0,0),(2,14,193,0,0),(2,14,194,0,0),(2,14,195,0,0),(2,14,196,0,0),(2,14,197,0,0),(2,14,198,0,0),(2,14,199,0,0),(2,14,200,0,0),(2,14,201,0,0),(2,14,202,0,0),(2,14,203,0,0),(2,14,204,0,0),(2,14,205,0,0),(2,14,206,0,0),(2,14,207,0,0),(2,14,208,0,0),(2,14,209,0,0),(2,14,210,0,0),(2,14,211,0,0),(2,14,212,0,0),(2,8,213,0,0),(2,8,214,0,0),(2,8,215,0,0),(2,8,216,0,0),(2,8,217,0,0),(2,8,218,0,0),(2,8,219,0,0),(2,8,220,0,0),(2,8,221,0,0),(2,8,222,0,0),(2,8,223,0,0),(2,8,224,0,0),(2,8,225,0,0),(2,8,226,0,0),(2,8,227,0,0),(2,10,228,0,0),(2,10,229,0,0),(2,10,230,0,0),(2,10,231,0,0),(2,10,232,0,0),(2,10,233,0,0),(2,10,234,0,0),(2,10,235,0,0),(2,10,236,0,0),(2,10,237,0,0),(2,10,238,0,0),(2,10,239,0,0),(2,9,240,0,0),(2,9,241,0,0),(2,9,242,0,0),(2,9,243,0,0),(2,9,244,0,0),(2,9,245,0,0),(2,9,246,0,0),(2,9,247,0,0),(2,9,248,0,0),(2,9,249,0,0),(2,9,250,0,0),(2,9,251,0,0),(2,9,252,0,0),(2,9,253,0,0),(2,9,254,0,0),(2,9,255,0,0),(2,9,256,0,0),(2,9,257,0,0),(2,9,258,0,0),(2,9,259,0,0),(2,9,260,0,0),(2,9,261,0,0),(2,9,262,0,0),(2,9,263,0,0),(2,16,264,0,0),(2,16,265,0,0),(2,16,266,0,0),(2,16,267,0,0),(2,16,268,0,0),(2,16,269,0,0),(2,16,270,0,0),(2,16,271,0,0),(2,16,272,0,0),(2,16,273,0,0),(2,16,274,0,0),(2,16,275,0,0),(2,16,276,0,0),(2,16,277,0,0),(2,16,278,0,0),(2,16,279,0,0),(2,16,280,0,0),(2,16,281,0,0),(2,16,282,0,0),(2,16,283,0,0),(2,16,284,0,0),(2,16,285,0,0),(2,16,286,0,0),(2,15,287,0,0),(2,15,288,0,0),(2,15,289,0,0),(2,15,290,0,0),(2,15,291,0,0),(2,15,292,0,0),(2,15,293,0,0),(2,15,294,0,0),(2,15,295,0,0),(2,15,296,0,0),(2,18,297,0,0),(2,18,298,0,0),(2,18,299,0,0),(2,18,300,0,0),(2,18,301,0,0),(2,18,302,0,0),(2,18,303,0,0),(2,18,304,0,0),(2,18,305,0,0),(2,18,306,0,0),(2,18,307,0,0),(2,18,308,0,0),(2,18,309,0,0),(2,18,310,0,0),(2,18,311,0,0),(2,18,312,0,0),(2,18,313,0,0),(2,18,314,0,0),(2,19,315,0,0),(2,19,316,0,0),(2,19,317,0,0),(2,19,318,0,0),(2,19,319,0,0),(2,19,320,0,0),(2,19,321,0,0),(2,19,322,0,0),(2,20,323,0,0),(2,20,324,0,0),(2,20,325,0,0),(2,20,326,0,0),(2,20,327,0,0),(2,20,328,0,0),(2,20,329,0,0),(2,20,330,0,0),(2,20,331,0,0),(2,20,332,0,0),(2,20,333,0,0),(2,20,334,0,0),(2,20,335,0,0),(2,20,336,0,0),(2,20,337,0,0),(2,20,338,0,0),(2,20,339,0,0),(2,20,340,0,0),(2,20,341,0,0),(2,20,342,0,0),(2,20,343,0,0),(2,20,344,0,0),(2,20,345,0,0),(2,20,346,0,0),(2,20,347,0,0),(2,20,348,0,0),(2,20,349,0,0),(2,20,350,0,0),(2,20,351,0,0),(2,20,352,0,0),(2,20,353,0,0),(2,20,354,0,0),(2,20,355,0,0),(2,20,356,0,0),(2,20,357,0,0),(2,20,358,0,0),(2,20,359,0,0),(2,21,360,0,0),(2,21,361,0,0),(2,21,362,0,0),(2,21,363,0,0),(2,21,364,0,0),(2,21,365,0,0),(2,21,366,0,0),(2,21,367,0,0),(2,21,368,0,0),(2,21,369,0,0),(2,21,370,0,0),(2,21,371,0,0),(2,21,372,0,0),(2,21,373,0,0),(2,21,374,0,0),(2,21,375,0,0),(2,21,376,0,0),(2,21,377,0,0),(2,21,378,0,0),(2,21,379,0,0),(2,21,380,0,0),(2,21,381,0,0),(2,21,382,0,0),(2,21,383,0,0),(2,21,384,0,0),(2,21,385,0,0),(2,21,386,0,0),(2,21,387,0,0),(2,21,388,0,0),(2,21,389,0,0),(2,21,390,0,0),(2,21,391,0,0),(2,21,392,0,0),(2,21,393,0,0),(2,21,394,0,0),(2,21,395,0,0),(2,21,396,0,0),(2,21,397,0,0),(2,22,398,0,0),(2,22,399,0,0),(2,22,400,0,0),(2,22,401,0,0),(2,22,402,0,0),(2,22,403,0,0),(2,22,404,0,0),(2,22,405,0,0),(2,22,406,0,0),(2,22,407,0,0),(2,22,408,0,0),(2,22,409,0,0),(2,22,410,0,0),(2,22,411,0,0),(2,22,412,0,0),(2,22,413,0,0),(2,22,414,0,0),(2,22,415,0,0),(2,22,416,0,0),(2,22,417,0,0),(2,22,418,0,0),(2,22,419,0,0),(2,22,420,0,0),(2,22,421,0,0),(2,22,422,0,0),(2,22,423,0,0),(2,22,424,0,0),(2,22,425,0,0),(2,22,426,0,0),(2,22,427,0,0),(2,22,428,0,0),(2,22,429,0,0),(2,22,430,0,0),(2,22,431,0,0),(2,22,432,0,0),(2,22,433,0,0),(2,22,434,0,0),(2,22,435,0,0),(2,22,436,0,0),(2,22,437,0,0),(2,22,438,0,0),(2,22,439,0,0),(2,22,440,0,0),(2,22,441,0,0),(2,22,442,0,0),(2,22,443,0,0),(2,22,444,0,0),(2,23,445,0,0),(2,23,446,0,0),(2,23,447,0,0),(2,23,448,0,0),(2,23,449,0,0),(2,23,450,0,0),(2,23,451,0,0),(2,23,452,0,0),(2,23,453,0,0),(2,23,454,0,0),(2,23,455,0,0),(2,23,456,0,0),(2,23,457,0,0),(2,23,458,0,0),(2,23,459,0,0),(2,23,460,0,0),(2,23,461,0,0),(2,23,462,0,0),(2,23,463,0,0),(2,23,464,0,0),(2,23,465,0,0),(2,23,466,0,0),(2,23,467,0,0),(2,23,468,0,0),(2,23,469,0,0),(2,23,470,0,0),(2,23,471,0,0),(2,23,472,0,0),(2,23,473,0,0),(2,23,474,0,0),(2,23,475,0,0),(2,23,476,0,0),(2,23,477,0,0),(2,23,478,0,0),(2,23,479,0,0),(2,23,480,0,0),(2,23,481,0,0),(2,23,482,0,0),(2,23,483,0,0),(2,29,484,0,0),(2,29,488,0,0),(2,29,489,0,0),(2,29,491,0,0),(2,29,498,0,0),(2,29,499,0,0),(2,29,500,0,0),(2,29,501,0,0),(2,29,502,0,0),(2,29,504,0,0),(2,29,505,0,0),(2,29,506,0,0),(2,29,507,0,0),(2,29,508,0,0),(2,29,513,0,0),(2,29,514,0,0),(2,29,515,0,0),(2,29,516,0,0),(2,29,524,0,0),(2,10,529,0,0),(2,10,530,0,0),(2,10,531,0,0),(2,10,532,0,0),(2,10,533,0,0),(2,10,534,0,0),(2,31,535,0,0),(2,31,536,0,0),(2,31,537,0,0),(2,31,538,0,0),(2,31,539,0,0),(2,31,540,0,0),(2,31,541,0,0),(2,31,542,0,0),(2,31,543,0,0),(2,31,544,0,0),(2,31,545,0,0),(2,31,546,0,0),(2,31,547,0,0),(2,31,548,0,0),(2,31,549,0,0),(2,31,550,0,0),(2,31,551,0,0),(2,31,552,0,0),(2,31,553,0,0),(2,31,554,0,0),(2,31,555,0,0),(2,31,556,0,0),(2,31,557,0,0),(2,31,558,0,0),(2,35,559,0,0),(2,35,560,0,0),(2,35,561,0,0),(2,35,562,0,0),(2,35,563,0,0),(2,35,564,0,0),(2,35,565,0,0),(2,35,566,0,0),(2,35,567,0,0),(2,35,568,0,0),(2,35,569,0,0),(2,35,570,0,0),(2,35,571,0,0),(2,35,572,0,0),(2,35,573,0,0),(2,35,574,0,0),(2,35,575,0,0),(2,35,576,0,0),(2,35,577,0,0),(2,29,578,0,0),(2,36,579,0,0),(2,36,580,0,0),(2,36,581,0,0),(2,36,582,0,0),(2,36,583,0,0),(2,36,584,0,0),(2,36,585,0,0),(2,36,586,0,0),(2,36,587,0,0),(2,36,588,0,0),(2,36,589,0,0),(2,36,590,0,0),(2,36,591,0,0),(2,36,592,0,0),(2,36,593,0,0),(2,36,594,0,0),(2,36,595,0,0),(2,36,596,0,0),(2,36,597,0,0),(2,36,598,0,0),(2,36,599,0,0),(2,36,600,0,0),(2,36,601,0,0),(2,40,602,0,0),(2,40,603,0,0),(2,40,604,0,0),(2,40,605,0,0),(2,40,606,0,0),(2,40,607,0,0),(2,40,608,0,0),(2,40,609,0,0),(2,40,610,0,0),(2,40,611,0,0),(2,40,612,0,0),(2,40,613,0,0),(2,42,614,0,0),(2,42,615,0,0),(2,42,616,0,0),(2,42,617,0,0),(2,42,618,0,0),(2,42,619,0,0),(2,42,620,0,0),(2,42,621,0,0),(2,42,622,0,0),(2,42,623,0,0),(2,42,624,0,0),(2,42,625,0,0),(2,42,626,0,0),(2,42,627,0,0),(2,42,628,0,0),(2,42,629,0,0),(2,42,630,0,0),(2,42,631,0,0),(2,42,632,0,0),(2,42,633,0,0),(2,42,634,0,0),(2,42,635,0,0),(2,6,636,0,0),(2,19,637,0,0),(2,14,638,0,0),(2,22,639,0,0),(2,22,640,0,0),(2,31,641,0,0),(2,45,642,0,0),(2,45,643,0,0),(2,45,644,0,0),(2,45,645,0,0),(2,45,646,0,0),(2,45,647,0,0),(2,45,648,0,0),(2,45,649,0,0),(2,45,650,0,0),(2,45,651,0,0),(2,45,652,0,0),(2,45,653,0,0),(2,4,654,0,0),(2,4,655,0,0),(2,7,656,0,0),(2,7,657,0,0),(2,6,658,0,0),(2,6,659,0,0),(2,46,660,0,0),(2,46,661,0,0),(2,46,662,0,0),(2,46,663,0,0),(2,46,664,0,0),(2,46,665,0,0),(2,46,666,0,0),(2,35,667,0,0),(2,35,668,0,0),(2,35,669,0,0),(2,35,670,0,0),(2,35,671,0,0),(2,35,672,0,0),(2,35,673,0,0),(2,35,674,0,0),(2,29,675,0,0),(2,29,676,0,0),(2,29,677,0,0),(2,29,678,0,0),(2,29,679,0,0),(2,29,680,0,0),(2,29,681,0,0),(2,29,682,0,0),(2,29,683,0,0),(2,29,684,0,0),(2,29,685,0,0),(2,29,686,0,0),(2,29,687,0,0),(2,29,688,0,0),(2,29,689,0,0),(2,29,690,0,0),(2,29,691,0,0),(2,50,692,0,0),(2,50,693,0,0),(2,50,694,0,0),(2,50,695,0,0),(2,50,696,0,0),(2,50,697,0,0),(2,50,698,0,0),(2,50,699,0,0),(2,50,700,0,0),(2,50,701,0,0),(2,50,702,0,0),(2,50,703,0,0),(2,14,704,0,0),(2,31,705,0,0),(2,54,706,0,0),(2,54,707,0,0),(2,54,708,0,0),(2,54,709,0,0),(2,54,710,0,0),(2,54,711,0,0),(2,54,712,0,0),(2,54,713,0,0),(2,54,714,0,0),(2,54,715,0,0),(2,54,716,0,0),(2,54,717,0,0),(2,54,718,0,0),(2,55,719,0,0),(2,55,720,0,0),(2,55,721,0,0),(2,55,722,0,0),(2,55,723,0,0),(2,55,724,0,0),(2,55,725,0,0),(2,55,726,0,0),(2,55,727,0,0),(2,55,728,0,0),(2,55,729,0,0),(2,55,730,0,0),(2,55,731,0,0),(2,55,732,0,0),(2,55,733,0,0),(2,55,734,0,0),(2,55,735,0,0),(2,55,736,0,0),(2,56,737,0,0),(2,56,738,0,0),(2,56,739,0,0),(2,56,740,0,0),(2,56,741,0,0),(2,56,742,0,0),(2,56,743,0,0),(2,56,744,0,0),(2,56,745,0,0),(2,56,746,0,0),(2,56,747,0,0),(2,56,748,0,0),(2,56,749,0,0),(2,56,750,0,0),(2,56,751,0,0),(2,56,752,0,0),(2,56,753,0,0),(2,56,754,0,0),(2,56,755,0,0),(2,56,756,0,0),(2,57,757,0,0),(2,57,758,0,0),(2,57,759,0,0),(2,57,760,0,0),(2,57,761,0,0),(2,57,762,0,0),(2,57,763,0,0),(2,57,764,0,0),(2,57,765,0,0),(2,57,766,0,0),(2,57,767,0,0),(2,57,768,0,0),(2,57,769,0,0),(2,57,770,0,0),(2,57,771,0,0),(2,57,772,0,0),(2,57,773,0,0),(2,57,774,0,0),(2,57,775,0,0),(2,57,776,0,0),(2,57,777,0,0),(2,57,778,0,0),(2,57,779,0,0),(2,57,780,0,0),(2,57,781,0,0),(2,57,782,0,0),(2,57,783,0,0),(2,57,784,0,0),(2,57,785,0,0),(2,57,786,0,0),(2,57,787,0,0),(2,57,788,0,0),(2,57,789,0,0),(2,57,790,0,0),(2,57,791,0,0),(2,57,792,0,0),(2,23,793,0,0),(2,58,794,0,0),(2,58,795,0,0),(2,58,796,0,0),(2,58,797,0,0),(2,58,798,0,0),(2,58,799,0,0),(2,58,800,0,0),(2,58,801,0,0),(2,58,802,0,0),(2,58,803,0,0),(2,58,804,0,0),(2,58,805,0,0),(2,58,806,0,0),(2,58,807,0,0),(2,58,808,0,0),(2,58,809,0,0),(2,58,810,0,0),(2,58,811,0,0),(2,58,812,0,0),(2,58,813,0,0),(2,58,814,0,0),(2,58,815,0,0),(2,58,816,0,0),(2,59,817,0,0),(2,59,818,0,0),(2,59,819,0,0),(2,59,820,0,0),(2,59,821,0,0),(2,59,822,0,0),(2,59,823,0,0),(2,59,824,0,0),(2,59,825,0,0),(2,59,826,0,0),(2,59,827,0,0),(2,59,828,0,0),(2,59,829,0,0),(2,59,830,0,0),(2,59,831,0,0),(2,59,832,0,0),(2,59,833,0,0),(2,59,834,0,0),(2,59,835,0,0),(2,59,836,0,0),(2,59,837,0,0),(2,59,838,0,0),(2,59,839,0,0),(2,59,840,0,0),(2,59,841,0,0),(2,59,842,0,0),(2,59,843,0,0),(2,59,844,0,0),(2,59,845,0,0),(2,59,846,0,0),(2,59,847,0,0),(2,59,848,0,0),(2,59,849,0,0),(2,59,850,0,0),(2,59,851,0,0),(2,59,852,0,0),(2,59,853,0,0),(2,59,854,0,0),(2,59,855,0,0),(2,2,856,0,0),(2,29,857,0,0),(2,23,858,0,0),(2,23,859,0,0),(2,23,860,0,0),(2,23,861,0,0),(2,23,862,0,0),(2,23,863,0,0),(2,23,864,0,0),(2,23,865,0,0),(2,23,866,0,0),(2,22,867,0,0),(2,22,868,0,0),(2,22,869,0,0),(2,22,870,0,0),(2,22,871,0,0),(2,22,872,0,0),(2,22,873,0,0),(2,22,874,0,0),(2,22,875,0,0),(2,21,876,0,0),(2,21,877,0,0),(2,21,878,0,0),(2,21,879,0,0),(2,21,880,0,0),(2,21,881,0,0),(2,21,882,0,0),(2,21,883,0,0),(2,21,884,0,0),(2,20,885,0,0),(2,20,886,0,0),(2,20,887,0,0),(2,20,888,0,0),(2,20,889,0,0),(2,20,890,0,0),(2,20,891,0,0),(2,20,892,0,0),(2,20,893,0,0),(2,57,894,0,0),(2,57,895,0,0),(2,57,896,0,0),(2,57,897,0,0),(2,57,898,0,0),(2,57,899,0,0),(2,57,900,0,0),(2,57,901,0,0),(2,57,902,0,0),(2,59,903,0,0),(2,59,904,0,0),(2,59,905,0,0),(2,59,906,0,0),(2,59,907,0,0),(2,59,908,0,0),(2,59,909,0,0),(2,59,910,0,0),(2,59,911,0,0),(2,29,912,0,0),(2,55,913,0,0),(2,29,914,0,0),(2,29,915,0,0),(2,29,916,0,0),(2,23,917,0,0),(2,22,918,0,0),(2,21,919,0,0),(2,20,920,0,0),(2,57,921,0,0),(2,59,922,0,0),(2,29,923,0,0),(2,6,924,0,0),(2,4,925,0,0),(2,2,926,0,0),(2,29,927,0,0),(2,23,928,0,0),(2,23,929,0,0),(2,21,930,0,0),(2,21,931,0,0),(2,7,932,0,0),(2,23,933,0,0),(2,20,934,0,0),(2,21,935,0,0),(2,22,936,0,0),(2,57,937,0,0),(2,59,938,0,0),(2,29,939,0,0),(2,2,940,0,0),(2,13,941,0,0),(2,29,942,0,0),(2,29,943,0,0),(2,29,944,0,0),(2,29,945,0,0),(2,23,977,0,1),(2,20,978,0,1),(2,22,979,0,1),(2,57,980,0,1),(2,59,981,0,1),(2,2,982,0,1),(2,21,983,0,1),(2,58,984,0,1),(2,2,985,0,0),(2,4,986,0,0),(2,6,987,0,0),(2,7,988,0,0),(2,8,989,0,0),(2,9,990,0,0),(2,13,991,0,0),(2,14,992,0,0),(2,15,993,0,0),(2,16,994,0,0),(2,18,995,0,0),(2,19,996,0,0),(2,20,997,0,0),(2,21,998,0,0),(2,22,999,0,0),(2,23,1000,0,0),(2,26,1001,0,0),(2,31,1002,0,0),(2,35,1003,0,0),(2,36,1004,0,0),(2,40,1005,0,0),(2,42,1006,0,0),(2,45,1007,0,0),(2,46,1008,0,0),(2,50,1009,0,0),(2,54,1010,0,0),(2,55,1011,0,0),(2,56,1012,0,0),(2,57,1013,0,0),(2,58,1014,0,0),(2,59,1015,0,0),(2,14,1016,0,0),(2,31,1017,0,0),(2,23,1018,0,0),(2,29,1019,0,0),(2,23,1020,0,0),(2,23,1021,0,0),(2,23,1022,0,0),(2,20,1023,0,0),(2,20,1024,0,0),(2,20,1025,0,0),(2,21,1026,0,0),(2,22,1027,0,0),(2,22,1028,0,0),(2,22,1029,0,0),(2,57,1030,0,0),(2,57,1031,0,0),(2,57,1032,0,0),(2,59,1033,0,0),(2,59,1034,0,0),(2,59,1035,0,0),(2,40,1036,0,0),(2,40,1037,0,0),(2,40,1038,0,0),(2,2,1039,0,0),(2,4,1040,0,0),(2,6,1041,0,0),(2,7,1042,0,0),(2,8,1043,0,0),(2,9,1044,0,0),(2,13,1045,0,0),(2,14,1046,0,0),(2,15,1047,0,0),(2,16,1048,0,0),(2,18,1049,0,0),(2,19,1050,0,0),(2,20,1051,0,0),(2,21,1052,0,0),(2,22,1053,0,0),(2,23,1054,0,0),(2,26,1055,0,0),(2,10,1056,0,0),(2,10,1057,0,0),(2,2,1058,0,0),(2,4,1059,0,0),(2,6,1060,0,0),(2,7,1061,0,0),(2,8,1062,0,0),(2,9,1063,0,0),(2,10,1064,0,0),(2,13,1065,0,0),(2,14,1066,0,0),(2,15,1067,0,0),(2,16,1068,0,0),(2,18,1069,0,0),(2,19,1070,0,0),(2,20,1071,0,0),(2,21,1072,0,0),(2,22,1073,0,0),(2,23,1074,0,0),(2,26,1075,0,0),(2,35,1076,0,0),(2,2,1077,0,0),(2,4,1078,0,0),(2,6,1079,0,0),(2,7,1080,0,0),(2,8,1081,0,0),(2,9,1082,0,0),(2,10,1083,0,0),(2,13,1084,0,0),(2,14,1085,0,0),(2,15,1086,0,0),(2,16,1087,0,0),(2,18,1088,0,0),(2,19,1089,0,0),(2,20,1090,0,0),(2,21,1091,0,0),(2,22,1092,0,0),(2,23,1093,0,0),(2,26,1094,0,0),(2,35,1095,0,0),(2,20,1096,0,0),(2,21,1097,0,0),(2,22,1098,0,0),(2,23,1099,0,0),(2,57,1100,0,0),(2,59,1101,0,0),(2,56,1102,0,0),(2,56,1103,0,0),(2,14,1104,0,0),(2,57,1105,0,0),(2,59,1106,0,0),(3,6,1,0,0),(3,6,2,0,0),(3,6,3,0,0),(3,6,4,0,0),(3,6,5,0,0),(3,6,6,0,0),(3,6,7,0,0),(3,6,8,0,0),(3,6,9,0,0),(3,6,10,0,0),(3,6,11,0,0),(3,6,12,0,0),(3,6,13,0,0),(3,6,14,0,0),(3,6,15,0,0),(3,6,16,0,0),(3,6,17,0,0),(3,6,18,0,0),(3,6,19,0,0),(3,6,20,0,0),(3,6,21,0,0),(3,6,22,0,0),(3,6,23,0,0),(3,6,24,0,0),(3,6,25,0,0),(3,6,26,0,0),(3,6,27,0,0),(3,6,28,0,0),(3,6,29,0,0),(3,6,30,0,0),(3,6,31,0,0),(3,6,32,0,0),(3,6,33,0,0),(3,6,34,0,0),(3,6,35,0,0),(3,6,36,0,0),(3,6,37,0,0),(3,6,38,0,0),(3,6,39,0,0),(3,7,40,0,0),(3,7,41,0,0),(3,7,42,0,0),(3,7,43,0,0),(3,7,44,0,0),(3,7,45,0,0),(3,7,46,0,0),(3,7,47,0,0),(3,7,48,0,0),(3,7,49,0,0),(3,7,50,0,0),(3,7,51,0,0),(3,7,52,0,0),(3,7,53,0,0),(3,7,54,0,0),(3,7,55,0,0),(3,7,56,0,0),(3,7,57,0,0),(3,7,58,0,0),(3,7,59,0,0),(3,7,60,0,0),(3,7,61,0,0),(3,7,62,0,0),(3,7,63,0,0),(3,7,64,0,0),(3,7,65,0,0),(3,7,66,0,0),(3,7,67,0,0),(3,7,68,0,0),(3,7,69,0,0),(3,4,70,0,0),(3,4,71,0,0),(3,4,72,0,0),(3,4,73,0,0),(3,4,74,0,0),(3,4,75,0,0),(3,4,76,0,0),(3,4,77,0,0),(3,4,78,0,0),(3,4,79,0,0),(3,4,80,0,0),(3,4,81,0,0),(3,4,82,0,0),(3,4,83,0,0),(3,4,84,0,0),(3,4,85,0,0),(3,4,86,0,0),(3,4,87,0,0),(3,4,88,0,0),(3,4,89,0,0),(3,4,90,0,0),(3,4,91,0,0),(3,4,92,0,0),(3,4,93,0,0),(3,4,94,0,0),(3,4,95,0,0),(3,4,96,0,0),(3,4,97,0,0),(3,4,98,0,0),(3,4,99,0,0),(3,4,100,0,0),(3,4,101,0,0),(3,4,102,0,0),(3,4,103,0,0),(3,4,104,0,0),(3,4,105,0,0),(3,4,106,0,0),(3,4,107,0,0),(3,4,108,0,0),(3,4,109,0,0),(3,4,110,0,0),(3,4,111,0,0),(3,4,112,0,0),(3,4,113,0,0),(3,4,114,0,0),(3,2,115,0,0),(3,2,116,0,0),(3,2,117,0,0),(3,2,118,0,0),(3,2,119,0,0),(3,2,120,0,0),(3,2,121,0,0),(3,2,122,0,0),(3,2,123,0,0),(3,2,124,0,0),(3,2,125,0,0),(3,2,126,0,0),(3,2,127,0,0),(3,2,128,0,0),(3,2,129,0,0),(3,2,130,0,0),(3,26,131,0,0),(3,26,132,0,0),(3,26,133,0,0),(3,26,134,0,0),(3,26,135,0,0),(3,26,136,0,0),(3,26,137,0,0),(3,26,138,0,0),(3,26,139,0,0),(3,26,140,0,0),(3,26,141,0,0),(3,26,142,0,0),(3,26,143,0,0),(3,26,144,0,0),(3,26,145,0,0),(3,26,146,0,0),(3,26,147,0,0),(3,26,148,0,0),(3,26,149,0,0),(3,26,150,0,0),(3,26,151,0,0),(3,26,152,0,0),(3,26,153,0,0),(3,26,154,0,0),(3,26,155,0,0),(3,4,156,0,0),(3,6,157,0,0),(3,7,158,0,0),(3,26,159,0,0),(3,13,160,0,0),(3,13,161,0,0),(3,13,162,0,0),(3,13,163,0,0),(3,13,164,0,0),(3,13,165,0,0),(3,13,166,0,0),(3,13,167,0,0),(3,13,168,0,0),(3,13,169,0,0),(3,13,170,0,0),(3,13,171,0,0),(3,13,172,0,0),(3,13,173,0,0),(3,13,174,0,0),(3,13,175,0,0),(3,13,176,0,0),(3,13,177,0,0),(3,13,178,0,0),(3,14,179,0,0),(3,14,180,0,0),(3,14,181,0,0),(3,14,182,0,0),(3,14,183,0,0),(3,14,184,0,0),(3,14,185,0,0),(3,14,186,0,0),(3,14,187,0,0),(3,14,188,0,0),(3,14,189,0,0),(3,14,190,0,0),(3,14,191,0,0),(3,14,192,0,0),(3,14,193,0,0),(3,14,194,0,0),(3,14,195,0,0),(3,14,196,0,0),(3,14,197,0,0),(3,14,198,0,0),(3,14,199,0,0),(3,14,200,0,0),(3,14,201,0,0),(3,14,202,0,0),(3,14,203,0,0),(3,14,204,0,0),(3,14,205,0,0),(3,14,206,0,0),(3,14,207,0,0),(3,14,208,0,0),(3,14,209,0,0),(3,14,210,0,0),(3,14,211,0,0),(3,14,212,0,0),(3,8,213,0,0),(3,8,214,0,0),(3,8,215,0,0),(3,8,216,0,0),(3,8,217,0,0),(3,8,218,0,0),(3,8,219,0,0),(3,8,220,0,0),(3,8,221,0,0),(3,8,222,0,0),(3,8,223,0,0),(3,8,224,0,0),(3,8,225,0,0),(3,8,226,0,0),(3,8,227,0,0),(3,10,228,0,0),(3,10,229,0,0),(3,10,230,0,0),(3,10,231,0,0),(3,10,232,0,0),(3,10,233,0,0),(3,10,234,0,0),(3,10,235,0,0),(3,10,236,0,0),(3,10,237,0,0),(3,10,238,0,0),(3,10,239,0,0),(3,9,240,0,0),(3,9,241,0,0),(3,9,242,0,0),(3,9,243,0,0),(3,9,244,0,0),(3,9,245,0,0),(3,9,246,0,0),(3,9,247,0,0),(3,9,248,0,0),(3,9,249,0,0),(3,9,250,0,0),(3,9,251,0,0),(3,9,252,0,0),(3,9,253,0,0),(3,9,254,0,0),(3,9,255,0,0),(3,9,256,0,0),(3,9,257,0,0),(3,9,258,0,0),(3,9,259,0,0),(3,9,260,0,0),(3,9,261,0,0),(3,9,262,0,0),(3,9,263,0,0),(3,16,264,0,0),(3,16,265,0,0),(3,16,266,0,0),(3,16,267,0,0),(3,16,268,0,0),(3,16,269,0,0),(3,16,270,0,0),(3,16,271,0,0),(3,16,272,0,0),(3,16,273,0,0),(3,16,274,0,0),(3,16,275,0,0),(3,16,276,0,0),(3,16,277,0,0),(3,16,278,0,0),(3,16,279,0,0),(3,16,280,0,0),(3,16,281,0,0),(3,16,282,0,0),(3,16,283,0,0),(3,16,284,0,0),(3,16,285,0,0),(3,16,286,0,0),(3,15,287,0,0),(3,15,288,0,0),(3,15,289,0,0),(3,15,290,0,0),(3,15,291,0,0),(3,15,292,0,0),(3,15,293,0,0),(3,15,294,0,0),(3,15,295,0,0),(3,15,296,0,0),(3,18,297,0,0),(3,18,298,0,0),(3,18,299,0,0),(3,18,300,0,0),(3,18,301,0,0),(3,18,302,0,0),(3,18,303,0,0),(3,18,304,0,0),(3,18,305,0,0),(3,18,306,0,0),(3,18,307,0,0),(3,18,308,0,0),(3,18,309,0,0),(3,18,310,0,0),(3,18,311,0,0),(3,18,312,0,0),(3,18,313,0,0),(3,18,314,0,0),(3,19,315,0,0),(3,19,316,0,0),(3,19,317,0,0),(3,19,318,0,0),(3,19,319,0,0),(3,19,320,0,0),(3,19,321,0,0),(3,19,322,0,0),(3,20,323,0,0),(3,20,324,0,0),(3,20,325,0,0),(3,20,326,0,0),(3,20,327,0,0),(3,20,328,0,0),(3,20,329,0,0),(3,20,330,0,0),(3,20,331,0,0),(3,20,332,0,0),(3,20,333,0,0),(3,20,334,0,0),(3,20,335,0,0),(3,20,336,0,0),(3,20,337,0,0),(3,20,338,0,0),(3,20,339,0,0),(3,20,340,0,0),(3,20,341,0,0),(3,20,342,0,0),(3,20,343,0,0),(3,20,344,0,0),(3,20,345,0,0),(3,20,346,0,0),(3,20,347,0,0),(3,20,348,0,0),(3,20,349,0,0),(3,20,350,0,0),(3,20,351,0,0),(3,20,352,0,0),(3,20,353,0,0),(3,20,354,0,0),(3,20,355,0,0),(3,20,356,0,0),(3,20,357,0,0),(3,20,358,0,0),(3,20,359,0,0),(3,21,360,0,0),(3,21,361,0,0),(3,21,362,0,0),(3,21,363,0,0),(3,21,364,0,0),(3,21,365,0,0),(3,21,366,0,0),(3,21,367,0,0),(3,21,368,0,0),(3,21,369,0,0),(3,21,370,0,0),(3,21,371,0,0),(3,21,372,0,0),(3,21,373,0,0),(3,21,374,0,0),(3,21,375,0,0),(3,21,376,0,0),(3,21,377,0,0),(3,21,378,0,0),(3,21,379,0,0),(3,21,380,0,0),(3,21,381,0,0),(3,21,382,0,0),(3,21,383,0,0),(3,21,384,0,0),(3,21,385,0,0),(3,21,386,0,0),(3,21,387,0,0),(3,21,388,0,0),(3,21,389,0,0),(3,21,390,0,0),(3,21,391,0,0),(3,21,392,0,0),(3,21,393,0,0),(3,21,394,0,0),(3,21,395,0,0),(3,21,396,0,0),(3,21,397,0,0),(3,22,398,0,0),(3,22,399,0,0),(3,22,400,0,0),(3,22,401,0,0),(3,22,402,0,0),(3,22,403,0,0),(3,22,404,0,0),(3,22,405,0,0),(3,22,406,0,0),(3,22,407,0,0),(3,22,408,0,0),(3,22,409,0,0),(3,22,410,0,0),(3,22,411,0,0),(3,22,412,0,0),(3,22,413,0,0),(3,22,414,0,0),(3,22,415,0,0),(3,22,416,0,0),(3,22,417,0,0),(3,22,418,0,0),(3,22,419,0,0),(3,22,420,0,0),(3,22,421,0,0),(3,22,422,0,0),(3,22,423,0,0),(3,22,424,0,0),(3,22,425,0,0),(3,22,426,0,0),(3,22,427,0,0),(3,22,428,0,0),(3,22,429,0,0),(3,22,430,0,0),(3,22,431,0,0),(3,22,432,0,0),(3,22,433,0,0),(3,22,434,0,0),(3,22,435,0,0),(3,22,436,0,0),(3,22,437,0,0),(3,22,438,0,0),(3,22,439,0,0),(3,22,440,0,0),(3,22,441,0,0),(3,22,442,0,0),(3,22,443,0,0),(3,22,444,0,0),(3,23,445,0,0),(3,23,446,0,0),(3,23,447,0,0),(3,23,448,0,0),(3,23,449,0,0),(3,23,450,0,0),(3,23,451,0,0),(3,23,452,0,0),(3,23,453,0,0),(3,23,454,0,0),(3,23,455,0,0),(3,23,456,0,0),(3,23,457,0,0),(3,23,458,0,0),(3,23,459,0,0),(3,23,460,0,0),(3,23,461,0,0),(3,23,462,0,0),(3,23,463,0,0),(3,23,464,0,0),(3,23,465,0,0),(3,23,466,0,0),(3,23,467,0,0),(3,23,468,0,0),(3,23,469,0,0),(3,23,470,0,0),(3,23,471,0,0),(3,23,472,0,0),(3,23,473,0,0),(3,23,474,0,0),(3,23,475,0,0),(3,23,476,0,0),(3,23,477,0,0),(3,23,478,0,0),(3,23,479,0,0),(3,23,480,0,0),(3,23,481,0,0),(3,23,482,0,0),(3,23,483,0,0),(3,29,484,0,0),(3,29,488,0,0),(3,29,489,0,0),(3,29,491,0,0),(3,29,498,0,0),(3,29,499,0,0),(3,29,500,0,0),(3,29,501,0,0),(3,29,502,0,0),(3,29,504,0,0),(3,29,505,0,0),(3,29,506,0,0),(3,29,507,0,0),(3,29,508,0,0),(3,29,513,0,0),(3,29,514,0,0),(3,29,515,0,0),(3,29,516,0,0),(3,29,524,0,0),(3,10,529,0,0),(3,10,530,0,0),(3,10,531,0,0),(3,10,532,0,0),(3,10,533,0,0),(3,10,534,0,0),(3,31,535,0,0),(3,31,536,0,0),(3,31,537,0,0),(3,31,538,0,0),(3,31,539,0,0),(3,31,540,0,0),(3,31,541,0,0),(3,31,542,0,0),(3,31,543,0,0),(3,31,544,0,0),(3,31,545,0,0),(3,31,546,0,0),(3,31,547,0,0),(3,31,548,0,0),(3,31,549,0,0),(3,31,550,0,0),(3,31,551,0,0),(3,31,552,0,0),(3,31,553,0,0),(3,31,554,0,0),(3,31,555,0,0),(3,31,556,0,0),(3,31,557,0,0),(3,31,558,0,0),(3,35,559,0,0),(3,35,560,0,0),(3,35,561,0,0),(3,35,562,0,0),(3,35,563,0,0),(3,35,564,0,0),(3,35,565,0,0),(3,35,566,0,0),(3,35,567,0,0),(3,35,568,0,0),(3,35,569,0,0),(3,35,570,0,0),(3,35,571,0,0),(3,35,572,0,0),(3,35,573,0,0),(3,35,574,0,0),(3,35,575,0,0),(3,35,576,0,0),(3,35,577,0,0),(3,29,578,0,0),(3,36,579,0,0),(3,36,580,0,0),(3,36,581,0,0),(3,36,582,0,0),(3,36,583,0,0),(3,36,584,0,0),(3,36,585,0,0),(3,36,586,0,0),(3,36,587,0,0),(3,36,588,0,0),(3,36,589,0,0),(3,36,590,0,0),(3,36,591,0,0),(3,36,592,0,0),(3,36,593,0,0),(3,36,594,0,0),(3,36,595,0,0),(3,36,596,0,0),(3,36,597,0,0),(3,36,598,0,0),(3,36,599,0,0),(3,36,600,0,0),(3,36,601,0,0),(3,40,602,0,0),(3,40,603,0,0),(3,40,604,0,0),(3,40,605,0,0),(3,40,606,0,0),(3,40,607,0,0),(3,40,608,0,0),(3,40,609,0,0),(3,40,610,0,0),(3,40,611,0,0),(3,40,612,0,0),(3,40,613,0,0),(3,42,614,0,0),(3,42,615,0,0),(3,42,616,0,0),(3,42,617,0,0),(3,42,618,0,0),(3,42,619,0,0),(3,42,620,0,0),(3,42,621,0,0),(3,42,622,0,0),(3,42,623,0,0),(3,42,624,0,0),(3,42,625,0,0),(3,42,626,0,0),(3,42,627,0,0),(3,42,628,0,0),(3,42,629,0,0),(3,42,630,0,0),(3,42,631,0,0),(3,42,632,0,0),(3,42,633,0,0),(3,42,634,0,0),(3,42,635,0,0),(3,6,636,0,0),(3,19,637,0,0),(3,14,638,0,0),(3,22,639,0,0),(3,22,640,0,0),(3,31,641,0,0),(3,45,642,0,0),(3,45,643,0,0),(3,45,644,0,0),(3,45,645,0,0),(3,45,646,0,0),(3,45,647,0,0),(3,45,648,0,0),(3,45,649,0,0),(3,45,650,0,0),(3,45,651,0,0),(3,45,652,0,0),(3,45,653,0,0),(3,4,654,0,0),(3,4,655,0,0),(3,7,656,0,0),(3,7,657,0,0),(3,6,658,0,0),(3,6,659,0,0),(3,46,660,0,0),(3,46,661,0,0),(3,46,662,0,0),(3,46,663,0,0),(3,46,664,0,0),(3,46,665,0,0),(3,46,666,0,0),(3,35,667,0,0),(3,35,668,0,0),(3,35,669,0,0),(3,35,670,0,0),(3,35,671,0,0),(3,35,672,0,0),(3,35,673,0,0),(3,35,674,0,0),(3,29,675,0,0),(3,29,676,0,0),(3,29,677,0,0),(3,29,678,0,0),(3,29,679,0,0),(3,29,680,0,0),(3,29,681,0,0),(3,29,682,0,0),(3,29,683,0,0),(3,29,684,0,0),(3,29,685,0,0),(3,29,686,0,0),(3,29,687,0,0),(3,29,688,0,0),(3,29,689,0,0),(3,29,690,0,0),(3,29,691,0,0),(3,50,692,0,0),(3,50,693,0,0),(3,50,694,0,0),(3,50,695,0,0),(3,50,696,0,0),(3,50,697,0,0),(3,50,698,0,0),(3,50,699,0,0),(3,50,700,0,0),(3,50,701,0,0),(3,50,702,0,0),(3,50,703,0,0),(3,14,704,0,0),(3,31,705,0,0),(3,54,706,0,0),(3,54,707,0,0),(3,54,708,0,0),(3,54,709,0,0),(3,54,710,0,0),(3,54,711,0,0),(3,54,712,0,0),(3,54,713,0,0),(3,54,714,0,0),(3,54,715,0,0),(3,54,716,0,0),(3,54,717,0,0),(3,54,718,0,0),(3,55,719,0,0),(3,55,720,0,0),(3,55,721,0,0),(3,55,722,0,0),(3,55,723,0,0),(3,55,724,0,0),(3,55,725,0,0),(3,55,726,0,0),(3,55,727,0,0),(3,55,728,0,0),(3,55,729,0,0),(3,55,730,0,0),(3,55,731,0,0),(3,55,732,0,0),(3,55,733,0,0),(3,55,734,0,0),(3,55,735,0,0),(3,55,736,0,0),(3,56,737,0,0),(3,56,738,0,0),(3,56,739,0,0),(3,56,740,0,0),(3,56,741,0,0),(3,56,742,0,0),(3,56,743,0,0),(3,56,744,0,0),(3,56,745,0,0),(3,56,746,0,0),(3,56,747,0,0),(3,56,748,0,0),(3,56,749,0,0),(3,56,750,0,0),(3,56,751,0,0),(3,56,752,0,0),(3,56,753,0,0),(3,56,754,0,0),(3,56,755,0,0),(3,56,756,0,0),(3,57,757,0,0),(3,57,758,0,0),(3,57,759,0,0),(3,57,760,0,0),(3,57,761,0,0),(3,57,762,0,0),(3,57,763,0,0),(3,57,764,0,0),(3,57,765,0,0),(3,57,766,0,0),(3,57,767,0,0),(3,57,768,0,0),(3,57,769,0,0),(3,57,770,0,0),(3,57,771,0,0),(3,57,772,0,0),(3,57,773,0,0),(3,57,774,0,0),(3,57,775,0,0),(3,57,776,0,0),(3,57,777,0,0),(3,57,778,0,0),(3,57,779,0,0),(3,57,780,0,0),(3,57,781,0,0),(3,57,782,0,0),(3,57,783,0,0),(3,57,784,0,0),(3,57,785,0,0),(3,57,786,0,0),(3,57,787,0,0),(3,57,788,0,0),(3,57,789,0,0),(3,57,790,0,0),(3,57,791,0,0),(3,57,792,0,0),(3,23,793,0,0),(3,58,794,0,0),(3,58,795,0,0),(3,58,796,0,0),(3,58,797,0,0),(3,58,798,0,0),(3,58,799,0,0),(3,58,800,0,0),(3,58,801,0,0),(3,58,802,0,0),(3,58,803,0,0),(3,58,804,0,0),(3,58,805,0,0),(3,58,806,0,0),(3,58,807,0,0),(3,58,808,0,0),(3,58,809,0,0),(3,58,810,0,0),(3,58,811,0,0),(3,58,812,0,0),(3,58,813,0,0),(3,58,814,0,0),(3,58,815,0,0),(3,58,816,0,0),(3,59,817,0,0),(3,59,818,0,0),(3,59,819,0,0),(3,59,820,0,0),(3,59,821,0,0),(3,59,822,0,0),(3,59,823,0,0),(3,59,824,0,0),(3,59,825,0,0),(3,59,826,0,0),(3,59,827,0,0),(3,59,828,0,0),(3,59,829,0,0),(3,59,830,0,0),(3,59,831,0,0),(3,59,832,0,0),(3,59,833,0,0),(3,59,834,0,0),(3,59,835,0,0),(3,59,836,0,0),(3,59,837,0,0),(3,59,838,0,0),(3,59,839,0,0),(3,59,840,0,0),(3,59,841,0,0),(3,59,842,0,0),(3,59,843,0,0),(3,59,844,0,0),(3,59,845,0,0),(3,59,846,0,0),(3,59,847,0,0),(3,59,848,0,0),(3,59,849,0,0),(3,59,850,0,0),(3,59,851,0,0),(3,59,852,0,0),(3,59,853,0,0),(3,59,854,0,0),(3,59,855,0,0),(3,2,856,0,0),(3,29,857,0,0),(3,23,858,0,0),(3,23,859,0,0),(3,23,860,0,0),(3,23,861,0,0),(3,23,862,0,0),(3,23,863,0,0),(3,23,864,0,0),(3,23,865,0,0),(3,23,866,0,0),(3,22,867,0,0),(3,22,868,0,0),(3,22,869,0,0),(3,22,870,0,0),(3,22,871,0,0),(3,22,872,0,0),(3,22,873,0,0),(3,22,874,0,0),(3,22,875,0,0),(3,21,876,0,0),(3,21,877,0,0),(3,21,878,0,0),(3,21,879,0,0),(3,21,880,0,0),(3,21,881,0,0),(3,21,882,0,0),(3,21,883,0,0),(3,21,884,0,0),(3,20,885,0,0),(3,20,886,0,0),(3,20,887,0,0),(3,20,888,0,0),(3,20,889,0,0),(3,20,890,0,0),(3,20,891,0,0),(3,20,892,0,0),(3,20,893,0,0),(3,57,894,0,0),(3,57,895,0,0),(3,57,896,0,0),(3,57,897,0,0),(3,57,898,0,0),(3,57,899,0,0),(3,57,900,0,0),(3,57,901,0,0),(3,57,902,0,0),(3,59,903,0,0),(3,59,904,0,0),(3,59,905,0,0),(3,59,906,0,0),(3,59,907,0,0),(3,59,908,0,0),(3,59,909,0,0),(3,59,910,0,0),(3,59,911,0,0),(3,29,912,0,0),(3,55,913,0,0),(3,29,914,0,0),(3,29,915,0,0),(3,29,916,0,0),(3,23,917,0,0),(3,22,918,0,0),(3,21,919,0,0),(3,20,920,0,0),(3,57,921,0,0),(3,59,922,0,0),(3,29,923,0,0),(3,6,924,0,0),(3,4,925,0,0),(3,2,926,0,0),(3,29,927,0,0),(3,23,928,0,0),(3,23,929,0,0),(3,21,930,0,0),(3,21,931,0,0),(3,7,932,0,0),(3,23,933,0,0),(3,20,934,0,0),(3,21,935,0,0),(3,22,936,0,0),(3,57,937,0,0),(3,59,938,0,0),(3,29,939,0,0),(3,2,940,0,0),(3,13,941,0,0),(3,29,942,0,0),(3,29,943,0,0),(3,29,944,0,0),(3,29,945,0,0),(3,23,977,0,1),(3,20,978,0,1),(3,22,979,0,1),(3,57,980,0,1),(3,59,981,0,1),(3,2,982,0,1),(3,21,983,0,1),(3,58,984,0,1),(3,2,985,0,0),(3,4,986,0,0),(3,6,987,0,0),(3,7,988,0,0),(3,8,989,0,0),(3,9,990,0,0),(3,13,991,0,0),(3,14,992,0,0),(3,15,993,0,0),(3,16,994,0,0),(3,18,995,0,0),(3,19,996,0,0),(3,20,997,0,0),(3,21,998,0,0),(3,22,999,0,0),(3,23,1000,0,0),(3,26,1001,0,0),(3,31,1002,0,0),(3,35,1003,0,0),(3,36,1004,0,0),(3,40,1005,0,0),(3,42,1006,0,0),(3,45,1007,0,0),(3,46,1008,0,0),(3,50,1009,0,0),(3,54,1010,0,0),(3,55,1011,0,0),(3,56,1012,0,0),(3,57,1013,0,0),(3,58,1014,0,0),(3,59,1015,0,0),(3,14,1016,0,0),(3,31,1017,0,0),(3,23,1018,0,0),(3,29,1019,0,0),(3,23,1020,0,0),(3,23,1021,0,0),(3,23,1022,0,0),(3,20,1023,0,0),(3,20,1024,0,0),(3,20,1025,0,0),(3,21,1026,0,0),(3,22,1027,0,0),(3,22,1028,0,0),(3,22,1029,0,0),(3,57,1030,0,0),(3,57,1031,0,0),(3,57,1032,0,0),(3,59,1033,0,0),(3,59,1034,0,0),(3,59,1035,0,0),(3,40,1036,0,0),(3,40,1037,0,0),(3,40,1038,0,0),(3,2,1039,0,0),(3,4,1040,0,0),(3,6,1041,0,0),(3,7,1042,0,0),(3,8,1043,0,0),(3,9,1044,0,0),(3,13,1045,0,0),(3,14,1046,0,0),(3,15,1047,0,0),(3,16,1048,0,0),(3,18,1049,0,0),(3,19,1050,0,0),(3,20,1051,0,0),(3,21,1052,0,0),(3,22,1053,0,0),(3,23,1054,0,0),(3,26,1055,0,0),(3,10,1056,0,0),(3,10,1057,0,0),(3,2,1058,0,0),(3,4,1059,0,0),(3,6,1060,0,0),(3,7,1061,0,0),(3,8,1062,0,0),(3,9,1063,0,0),(3,10,1064,0,0),(3,13,1065,0,0),(3,14,1066,0,0),(3,15,1067,0,0),(3,16,1068,0,0),(3,18,1069,0,0),(3,19,1070,0,0),(3,20,1071,0,0),(3,21,1072,0,0),(3,22,1073,0,0),(3,23,1074,0,0),(3,26,1075,0,0),(3,35,1076,0,0),(3,2,1077,0,0),(3,4,1078,0,0),(3,6,1079,0,0),(3,7,1080,0,0),(3,8,1081,0,0),(3,9,1082,0,0),(3,10,1083,0,0),(3,13,1084,0,0),(3,14,1085,0,0),(3,15,1086,0,0),(3,16,1087,0,0),(3,18,1088,0,0),(3,19,1089,0,0),(3,20,1090,0,0),(3,21,1091,0,0),(3,22,1092,0,0),(3,23,1093,0,0),(3,26,1094,0,0),(3,35,1095,0,0),(3,20,1096,0,0),(3,21,1097,0,0),(3,22,1098,0,0),(3,23,1099,0,0),(3,57,1100,0,0),(3,59,1101,0,0),(3,56,1102,0,0),(3,56,1103,0,0),(3,14,1104,0,0),(3,57,1105,0,0),(3,59,1106,0,0),(4,6,1,0,0),(4,6,2,0,0),(4,6,3,0,0),(4,6,4,0,0),(4,6,5,0,0),(4,6,6,0,0),(4,6,7,0,0),(4,6,8,0,0),(4,6,9,0,0),(4,6,10,0,0),(4,6,11,0,0),(4,6,12,0,0),(4,6,13,0,0),(4,6,14,0,0),(4,6,15,0,0),(4,6,16,0,0),(4,6,17,0,0),(4,6,18,0,0),(4,6,19,0,0),(4,6,20,0,0),(4,6,21,0,0),(4,6,22,0,0),(4,6,23,0,0),(4,6,24,0,0),(4,6,25,0,0),(4,6,26,0,0),(4,6,27,0,0),(4,6,28,0,0),(4,6,29,0,0),(4,6,30,0,0),(4,6,31,0,0),(4,6,32,0,0),(4,6,33,0,0),(4,6,34,0,0),(4,6,35,0,0),(4,6,36,0,0),(4,6,37,0,0),(4,6,38,0,0),(4,6,39,0,0),(4,7,40,0,0),(4,7,41,0,0),(4,7,42,0,0),(4,7,43,0,0),(4,7,44,0,0),(4,7,45,0,0),(4,7,46,0,0),(4,7,47,0,0),(4,7,48,0,0),(4,7,49,0,0),(4,7,50,0,0),(4,7,51,0,0),(4,7,52,0,0),(4,7,53,0,0),(4,7,54,0,0),(4,7,55,0,0),(4,7,56,0,0),(4,7,57,0,0),(4,7,58,0,0),(4,7,59,0,0),(4,7,60,0,0),(4,7,61,0,0),(4,7,62,0,0),(4,7,63,0,0),(4,7,64,0,0),(4,7,65,0,0),(4,7,66,0,0),(4,7,67,0,0),(4,7,68,0,0),(4,7,69,0,0),(4,4,70,0,0),(4,4,71,0,0),(4,4,72,0,0),(4,4,73,0,0),(4,4,74,0,0),(4,4,75,0,0),(4,4,76,0,0),(4,4,77,0,0),(4,4,78,0,0),(4,4,79,0,0),(4,4,80,0,0),(4,4,81,0,0),(4,4,82,0,0),(4,4,83,0,0),(4,4,84,0,0),(4,4,85,0,0),(4,4,86,0,0),(4,4,87,0,0),(4,4,88,0,0),(4,4,89,0,0),(4,4,90,0,0),(4,4,91,0,0),(4,4,92,0,0),(4,4,93,0,0),(4,4,94,0,0),(4,4,95,0,0),(4,4,96,0,0),(4,4,97,0,0),(4,4,98,0,0),(4,4,99,0,0),(4,4,100,0,0),(4,4,101,0,0),(4,4,102,0,0),(4,4,103,0,0),(4,4,104,0,0),(4,4,105,0,0),(4,4,106,0,0),(4,4,107,0,0),(4,4,108,0,0),(4,4,109,0,0),(4,4,110,0,0),(4,4,111,0,0),(4,4,112,0,0),(4,4,113,0,0),(4,4,114,0,0),(4,2,115,0,0),(4,2,116,0,0),(4,2,117,0,0),(4,2,118,0,0),(4,2,119,0,0),(4,2,120,0,0),(4,2,121,0,0),(4,2,122,0,0),(4,2,123,0,0),(4,2,124,0,0),(4,2,125,0,0),(4,2,126,0,0),(4,2,127,0,0),(4,2,128,0,0),(4,2,129,0,0),(4,2,130,0,0),(4,26,131,0,0),(4,26,132,0,0),(4,26,133,0,0),(4,26,134,0,0),(4,26,135,0,0),(4,26,136,0,0),(4,26,137,0,0),(4,26,138,0,0),(4,26,139,0,0),(4,26,140,0,0),(4,26,141,0,0),(4,26,142,0,0),(4,26,143,0,0),(4,26,144,0,0),(4,26,145,0,0),(4,26,146,0,0),(4,26,147,0,0),(4,26,148,0,0),(4,26,149,0,0),(4,26,150,0,0),(4,26,151,0,0),(4,26,152,0,0),(4,26,153,0,0),(4,26,154,0,0),(4,26,155,0,0),(4,4,156,0,0),(4,6,157,0,0),(4,7,158,0,0),(4,26,159,0,0),(4,13,160,0,0),(4,13,161,0,0),(4,13,162,0,0),(4,13,163,0,0),(4,13,164,0,0),(4,13,165,0,0),(4,13,166,0,0),(4,13,167,0,0),(4,13,168,0,0),(4,13,169,0,0),(4,13,170,0,0),(4,13,171,0,0),(4,13,172,0,0),(4,13,173,0,0),(4,13,174,0,0),(4,13,175,0,0),(4,13,176,0,0),(4,13,177,0,0),(4,13,178,0,0),(4,14,179,0,0),(4,14,180,0,0),(4,14,181,0,0),(4,14,182,0,0),(4,14,183,0,0),(4,14,184,0,0),(4,14,185,0,0),(4,14,186,0,0),(4,14,187,0,0),(4,14,188,0,0),(4,14,189,0,0),(4,14,190,0,0),(4,14,191,0,0),(4,14,192,0,0),(4,14,193,0,0),(4,14,194,0,0),(4,14,195,0,0),(4,14,196,0,0),(4,14,197,0,0),(4,14,198,0,0),(4,14,199,0,0),(4,14,200,0,0),(4,14,201,0,0),(4,14,202,0,0),(4,14,203,0,0),(4,14,204,0,0),(4,14,205,0,0),(4,14,206,0,0),(4,14,207,0,0),(4,14,208,0,0),(4,14,209,0,0),(4,14,210,0,0),(4,14,211,0,0),(4,14,212,0,0),(4,8,213,0,0),(4,8,214,0,0),(4,8,215,0,0),(4,8,216,0,0),(4,8,217,0,0),(4,8,218,0,0),(4,8,219,0,0),(4,8,220,0,0),(4,8,221,0,0),(4,8,222,0,0),(4,8,223,0,0),(4,8,224,0,0),(4,8,225,0,0),(4,8,226,0,0),(4,8,227,0,0),(4,10,228,0,0),(4,10,229,0,0),(4,10,230,0,0),(4,10,231,0,0),(4,10,232,0,0),(4,10,233,0,0),(4,10,234,0,0),(4,10,235,0,0),(4,10,236,0,0),(4,10,237,0,0),(4,10,238,0,0),(4,10,239,0,0),(4,9,240,0,0),(4,9,241,0,0),(4,9,242,0,0),(4,9,243,0,0),(4,9,244,0,0),(4,9,245,0,0),(4,9,246,0,0),(4,9,247,0,0),(4,9,248,0,0),(4,9,249,0,0),(4,9,250,0,0),(4,9,251,0,0),(4,9,252,0,0),(4,9,253,0,0),(4,9,254,0,0),(4,9,255,0,0),(4,9,256,0,0),(4,9,257,0,0),(4,9,258,0,0),(4,9,259,0,0),(4,9,260,0,0),(4,9,261,0,0),(4,9,262,0,0),(4,9,263,0,0),(4,16,264,0,0),(4,16,265,0,0),(4,16,266,0,0),(4,16,267,0,0),(4,16,268,0,0),(4,16,269,0,0),(4,16,270,0,0),(4,16,271,0,0),(4,16,272,0,0),(4,16,273,0,0),(4,16,274,0,0),(4,16,275,0,0),(4,16,276,0,0),(4,16,277,0,0),(4,16,278,0,0),(4,16,279,0,0),(4,16,280,0,0),(4,16,281,0,0),(4,16,282,0,0),(4,16,283,0,0),(4,16,284,0,0),(4,16,285,0,0),(4,16,286,0,0),(4,15,287,0,0),(4,15,288,0,0),(4,15,289,0,0),(4,15,290,0,0),(4,15,291,0,0),(4,15,292,0,0),(4,15,293,0,0),(4,15,294,0,0),(4,15,295,0,0),(4,15,296,0,0),(4,18,297,0,0),(4,18,298,0,0),(4,18,299,0,0),(4,18,300,0,0),(4,18,301,0,0),(4,18,302,0,0),(4,18,303,0,0),(4,18,304,0,0),(4,18,305,0,0),(4,18,306,0,0),(4,18,307,0,0),(4,18,308,0,0),(4,18,309,0,0),(4,18,310,0,0),(4,18,311,0,0),(4,18,312,0,0),(4,18,313,0,0),(4,18,314,0,0),(4,19,315,0,0),(4,19,316,0,0),(4,19,317,0,0),(4,19,318,0,0),(4,19,319,0,0),(4,19,320,0,0),(4,19,321,0,0),(4,19,322,0,0),(4,20,323,0,0),(4,20,324,0,0),(4,20,325,0,0),(4,20,326,0,0),(4,20,327,0,0),(4,20,328,0,0),(4,20,329,0,0),(4,20,330,0,0),(4,20,331,0,0),(4,20,332,0,0),(4,20,333,0,0),(4,20,334,0,0),(4,20,335,0,0),(4,20,336,0,0),(4,20,337,0,0),(4,20,338,0,0),(4,20,339,0,0),(4,20,340,0,0),(4,20,341,0,0),(4,20,342,0,0),(4,20,343,0,0),(4,20,344,0,0),(4,20,345,0,0),(4,20,346,0,0),(4,20,347,0,0),(4,20,348,0,0),(4,20,349,0,0),(4,20,350,0,0),(4,20,351,0,0),(4,20,352,0,0),(4,20,353,0,0),(4,20,354,0,0),(4,20,355,0,0),(4,20,356,0,0),(4,20,357,0,0),(4,20,358,0,0),(4,20,359,0,0),(4,21,360,0,0),(4,21,361,0,0),(4,21,362,0,0),(4,21,363,0,0),(4,21,364,0,0),(4,21,365,0,0),(4,21,366,0,0),(4,21,367,0,0),(4,21,368,0,0),(4,21,369,0,0),(4,21,370,0,0),(4,21,371,0,0),(4,21,372,0,0),(4,21,373,0,0),(4,21,374,0,0),(4,21,375,0,0),(4,21,376,0,0),(4,21,377,0,0),(4,21,378,0,0),(4,21,379,0,0),(4,21,380,0,0),(4,21,381,0,0),(4,21,382,0,0),(4,21,383,0,0),(4,21,384,0,0),(4,21,385,0,0),(4,21,386,0,0),(4,21,387,0,0),(4,21,388,0,0),(4,21,389,0,0),(4,21,390,0,0),(4,21,391,0,0),(4,21,392,0,0),(4,21,393,0,0),(4,21,394,0,0),(4,21,395,0,0),(4,21,396,0,0),(4,21,397,0,0),(4,22,398,0,0),(4,22,399,0,0),(4,22,400,0,0),(4,22,401,0,0),(4,22,402,0,0),(4,22,403,0,0),(4,22,404,0,0),(4,22,405,0,0),(4,22,406,0,0),(4,22,407,0,0),(4,22,408,0,0),(4,22,409,0,0),(4,22,410,0,0),(4,22,411,0,0),(4,22,412,0,0),(4,22,413,0,0),(4,22,414,0,0),(4,22,415,0,0),(4,22,416,0,0),(4,22,417,0,0),(4,22,418,0,0),(4,22,419,0,0),(4,22,420,0,0),(4,22,421,0,0),(4,22,422,0,0),(4,22,423,0,0),(4,22,424,0,0),(4,22,425,0,0),(4,22,426,0,0),(4,22,427,0,0),(4,22,428,0,0),(4,22,429,0,0),(4,22,430,0,0),(4,22,431,0,0),(4,22,432,0,0),(4,22,433,0,0),(4,22,434,0,0),(4,22,435,0,0),(4,22,436,0,0),(4,22,437,0,0),(4,22,438,0,0),(4,22,439,0,0),(4,22,440,0,0),(4,22,441,0,0),(4,22,442,0,0),(4,22,443,0,0),(4,22,444,0,0),(4,23,445,0,0),(4,23,446,0,0),(4,23,447,0,0),(4,23,448,0,0),(4,23,449,0,0),(4,23,450,0,0),(4,23,451,0,0),(4,23,452,0,0),(4,23,453,0,0),(4,23,454,0,0),(4,23,455,0,0),(4,23,456,0,0),(4,23,457,0,0),(4,23,458,0,0),(4,23,459,0,0),(4,23,460,0,0),(4,23,461,0,0),(4,23,462,0,0),(4,23,463,0,0),(4,23,464,0,0),(4,23,465,0,0),(4,23,466,0,0),(4,23,467,0,0),(4,23,468,0,0),(4,23,469,0,0),(4,23,470,0,0),(4,23,471,0,0),(4,23,472,0,0),(4,23,473,0,0),(4,23,474,0,0),(4,23,475,0,0),(4,23,476,0,0),(4,23,477,0,0),(4,23,478,0,0),(4,23,479,0,0),(4,23,480,0,0),(4,23,481,0,0),(4,23,482,0,0),(4,23,483,0,0),(4,29,484,0,0),(4,29,488,0,0),(4,29,489,0,0),(4,29,491,0,0),(4,29,498,0,0),(4,29,499,0,0),(4,29,500,0,0),(4,29,501,0,0),(4,29,502,0,0),(4,29,504,0,0),(4,29,505,0,0),(4,29,506,0,0),(4,29,507,0,0),(4,29,508,0,0),(4,29,513,0,0),(4,29,514,0,0),(4,29,515,0,0),(4,29,516,0,0),(4,29,524,0,0),(4,10,529,0,0),(4,10,530,0,0),(4,10,531,0,0),(4,10,532,0,0),(4,10,533,0,0),(4,10,534,0,0),(4,31,535,0,0),(4,31,536,0,0),(4,31,537,0,0),(4,31,538,0,0),(4,31,539,0,0),(4,31,540,0,0),(4,31,541,0,0),(4,31,542,0,0),(4,31,543,0,0),(4,31,544,0,0),(4,31,545,0,0),(4,31,546,0,0),(4,31,547,0,0),(4,31,548,0,0),(4,31,549,0,0),(4,31,550,0,0),(4,31,551,0,0),(4,31,552,0,0),(4,31,553,0,0),(4,31,554,0,0),(4,31,555,0,0),(4,31,556,0,0),(4,31,557,0,0),(4,31,558,0,0),(4,35,559,0,0),(4,35,560,0,0),(4,35,561,0,0),(4,35,562,0,0),(4,35,563,0,0),(4,35,564,0,0),(4,35,565,0,0),(4,35,566,0,0),(4,35,567,0,0),(4,35,568,0,0),(4,35,569,0,0),(4,35,570,0,0),(4,35,571,0,0),(4,35,572,0,0),(4,35,573,0,0),(4,35,574,0,0),(4,35,575,0,0),(4,35,576,0,0),(4,35,577,0,0),(4,29,578,0,0),(4,36,579,0,0),(4,36,580,0,0),(4,36,581,0,0),(4,36,582,0,0),(4,36,583,0,0),(4,36,584,0,0),(4,36,585,0,0),(4,36,586,0,0),(4,36,587,0,0),(4,36,588,0,0),(4,36,589,0,0),(4,36,590,0,0),(4,36,591,0,0),(4,36,592,0,0),(4,36,593,0,0),(4,36,594,0,0),(4,36,595,0,0),(4,36,596,0,0),(4,36,597,0,0),(4,36,598,0,0),(4,36,599,0,0),(4,36,600,0,0),(4,36,601,0,0),(4,40,602,0,0),(4,40,603,0,0),(4,40,604,0,0),(4,40,605,0,0),(4,40,606,0,0),(4,40,607,0,0),(4,40,608,0,0),(4,40,609,0,0),(4,40,610,0,0),(4,40,611,0,0),(4,40,612,0,0),(4,40,613,0,0),(4,42,614,0,0),(4,42,615,0,0),(4,42,616,0,0),(4,42,617,0,0),(4,42,618,0,0),(4,42,619,0,0),(4,42,620,0,0),(4,42,621,0,0),(4,42,622,0,0),(4,42,623,0,0),(4,42,624,0,0),(4,42,625,0,0),(4,42,626,0,0),(4,42,627,0,0),(4,42,628,0,0),(4,42,629,0,0),(4,42,630,0,0),(4,42,631,0,0),(4,42,632,0,0),(4,42,633,0,0),(4,42,634,0,0),(4,42,635,0,0),(4,6,636,0,0),(4,19,637,0,0),(4,14,638,0,0),(4,22,639,0,0),(4,22,640,0,0),(4,31,641,0,0),(4,45,642,0,0),(4,45,643,0,0),(4,45,644,0,0),(4,45,645,0,0),(4,45,646,0,0),(4,45,647,0,0),(4,45,648,0,0),(4,45,649,0,0),(4,45,650,0,0),(4,45,651,0,0),(4,45,652,0,0),(4,45,653,0,0),(4,4,654,0,0),(4,4,655,0,0),(4,7,656,0,0),(4,7,657,0,0),(4,6,658,0,0),(4,6,659,0,0),(4,46,660,0,0),(4,46,661,0,0),(4,46,662,0,0),(4,46,663,0,0),(4,46,664,0,0),(4,46,665,0,0),(4,46,666,0,0),(4,35,667,0,0),(4,35,668,0,0),(4,35,669,0,0),(4,35,670,0,0),(4,35,671,0,0),(4,35,672,0,0),(4,35,673,0,0),(4,35,674,0,0),(4,29,675,0,0),(4,29,676,0,0),(4,29,677,0,0),(4,29,678,0,0),(4,29,679,0,0),(4,29,680,0,0),(4,29,681,0,0),(4,29,682,0,0),(4,29,683,0,0),(4,29,684,0,0),(4,29,685,0,0),(4,29,686,0,0),(4,29,687,0,0),(4,29,688,0,0),(4,29,689,0,0),(4,29,690,0,0),(4,29,691,0,0),(4,50,692,0,0),(4,50,693,0,0),(4,50,694,0,0),(4,50,695,0,0),(4,50,696,0,0),(4,50,697,0,0),(4,50,698,0,0),(4,50,699,0,0),(4,50,700,0,0),(4,50,701,0,0),(4,50,702,0,0),(4,50,703,0,0),(4,14,704,0,0),(4,31,705,0,0),(4,54,706,0,0),(4,54,707,0,0),(4,54,708,0,0),(4,54,709,0,0),(4,54,710,0,0),(4,54,711,0,0),(4,54,712,0,0),(4,54,713,0,0),(4,54,714,0,0),(4,54,715,0,0),(4,54,716,0,0),(4,54,717,0,0),(4,54,718,0,0),(4,55,719,0,0),(4,55,720,0,0),(4,55,721,0,0),(4,55,722,0,0),(4,55,723,0,0),(4,55,724,0,0),(4,55,725,0,0),(4,55,726,0,0),(4,55,727,0,0),(4,55,728,0,0),(4,55,729,0,0),(4,55,730,0,0),(4,55,731,0,0),(4,55,732,0,0),(4,55,733,0,0),(4,55,734,0,0),(4,55,735,0,0),(4,55,736,0,0),(4,56,737,0,0),(4,56,738,0,0),(4,56,739,0,0),(4,56,740,0,0),(4,56,741,0,0),(4,56,742,0,0),(4,56,743,0,0),(4,56,744,0,0),(4,56,745,0,0),(4,56,746,0,0),(4,56,747,0,0),(4,56,748,0,0),(4,56,749,0,0),(4,56,750,0,0),(4,56,751,0,0),(4,56,752,0,0),(4,56,753,0,0),(4,56,754,0,0),(4,56,755,0,0),(4,56,756,0,0),(4,57,757,0,0),(4,57,758,0,0),(4,57,759,0,0),(4,57,760,0,0),(4,57,761,0,0),(4,57,762,0,0),(4,57,763,0,0),(4,57,764,0,0),(4,57,765,0,0),(4,57,766,0,0),(4,57,767,0,0),(4,57,768,0,0),(4,57,769,0,0),(4,57,770,0,0),(4,57,771,0,0),(4,57,772,0,0),(4,57,773,0,0),(4,57,774,0,0),(4,57,775,0,0),(4,57,776,0,0),(4,57,777,0,0),(4,57,778,0,0),(4,57,779,0,0),(4,57,780,0,0),(4,57,781,0,0),(4,57,782,0,0),(4,57,783,0,0),(4,57,784,0,0),(4,57,785,0,0),(4,57,786,0,0),(4,57,787,0,0),(4,57,788,0,0),(4,57,789,0,0),(4,57,790,0,0),(4,57,791,0,0),(4,57,792,0,0),(4,23,793,0,0),(4,58,794,0,0),(4,58,795,0,0),(4,58,796,0,0),(4,58,797,0,0),(4,58,798,0,0),(4,58,799,0,0),(4,58,800,0,0),(4,58,801,0,0),(4,58,802,0,0),(4,58,803,0,0),(4,58,804,0,0),(4,58,805,0,0),(4,58,806,0,0),(4,58,807,0,0),(4,58,808,0,0),(4,58,809,0,0),(4,58,810,0,0),(4,58,811,0,0),(4,58,812,0,0),(4,58,813,0,0),(4,58,814,0,0),(4,58,815,0,0),(4,58,816,0,0),(4,59,817,0,0),(4,59,818,0,0),(4,59,819,0,0),(4,59,820,0,0),(4,59,821,0,0),(4,59,822,0,0),(4,59,823,0,0),(4,59,824,0,0),(4,59,825,0,0),(4,59,826,0,0),(4,59,827,0,0),(4,59,828,0,0),(4,59,829,0,0),(4,59,830,0,0),(4,59,831,0,0),(4,59,832,0,0),(4,59,833,0,0),(4,59,834,0,0),(4,59,835,0,0),(4,59,836,0,0),(4,59,837,0,0),(4,59,838,0,0),(4,59,839,0,0),(4,59,840,0,0),(4,59,841,0,0),(4,59,842,0,0),(4,59,843,0,0),(4,59,844,0,0),(4,59,845,0,0),(4,59,846,0,0),(4,59,847,0,0),(4,59,848,0,0),(4,59,849,0,0),(4,59,850,0,0),(4,59,851,0,0),(4,59,852,0,0),(4,59,853,0,0),(4,59,854,0,0),(4,59,855,0,0),(4,2,856,0,0),(4,29,857,0,0),(4,23,858,0,0),(4,23,859,0,0),(4,23,860,0,0),(4,23,861,0,0),(4,23,862,0,0),(4,23,863,0,0),(4,23,864,0,0),(4,23,865,0,0),(4,23,866,0,0),(4,22,867,0,0),(4,22,868,0,0),(4,22,869,0,0),(4,22,870,0,0),(4,22,871,0,0),(4,22,872,0,0),(4,22,873,0,0),(4,22,874,0,0),(4,22,875,0,0),(4,21,876,0,0),(4,21,877,0,0),(4,21,878,0,0),(4,21,879,0,0),(4,21,880,0,0),(4,21,881,0,0),(4,21,882,0,0),(4,21,883,0,0),(4,21,884,0,0),(4,20,885,0,0),(4,20,886,0,0),(4,20,887,0,0),(4,20,888,0,0),(4,20,889,0,0),(4,20,890,0,0),(4,20,891,0,0),(4,20,892,0,0),(4,20,893,0,0),(4,57,894,0,0),(4,57,895,0,0),(4,57,896,0,0),(4,57,897,0,0),(4,57,898,0,0),(4,57,899,0,0),(4,57,900,0,0),(4,57,901,0,0),(4,57,902,0,0),(4,59,903,0,0),(4,59,904,0,0),(4,59,905,0,0),(4,59,906,0,0),(4,59,907,0,0),(4,59,908,0,0),(4,59,909,0,0),(4,59,910,0,0),(4,59,911,0,0),(4,29,912,0,0),(4,55,913,0,0),(4,29,914,0,0),(4,29,915,0,0),(4,29,916,0,0),(4,23,917,0,0),(4,22,918,0,0),(4,21,919,0,0),(4,20,920,0,0),(4,57,921,0,0),(4,59,922,0,0),(4,29,923,0,0),(4,6,924,0,0),(4,4,925,0,0),(4,2,926,0,0),(4,29,927,0,0),(4,23,928,0,0),(4,23,929,0,0),(4,21,930,0,0),(4,21,931,0,0),(4,7,932,0,0),(4,23,933,0,0),(4,20,934,0,0),(4,21,935,0,0),(4,22,936,0,0),(4,57,937,0,0),(4,59,938,0,0),(4,29,939,0,0),(4,2,940,0,0),(4,13,941,0,0),(4,29,942,0,0),(4,29,943,0,0),(4,29,944,0,0),(4,29,945,0,0),(4,23,977,0,1),(4,20,978,0,1),(4,22,979,0,1),(4,57,980,0,1),(4,59,981,0,1),(4,2,982,0,1),(4,21,983,0,1),(4,58,984,0,1),(4,2,985,0,0),(4,4,986,0,0),(4,6,987,0,0),(4,7,988,0,0),(4,8,989,0,0),(4,9,990,0,0),(4,13,991,0,0),(4,14,992,0,0),(4,15,993,0,0),(4,16,994,0,0),(4,18,995,0,0),(4,19,996,0,0),(4,20,997,0,0),(4,21,998,0,0),(4,22,999,0,0),(4,23,1000,0,0),(4,26,1001,0,0),(4,31,1002,0,0),(4,35,1003,0,0),(4,36,1004,0,0),(4,40,1005,0,0),(4,42,1006,0,0),(4,45,1007,0,0),(4,46,1008,0,0),(4,50,1009,0,0),(4,54,1010,0,0),(4,55,1011,0,0),(4,56,1012,0,0),(4,57,1013,0,0),(4,58,1014,0,0),(4,59,1015,0,0),(4,14,1016,0,0),(4,31,1017,0,0),(4,23,1018,0,0),(4,29,1019,0,0),(4,23,1020,0,0),(4,23,1021,0,0),(4,23,1022,0,0),(4,20,1023,0,0),(4,20,1024,0,0),(4,20,1025,0,0),(4,21,1026,0,0),(4,22,1027,0,0),(4,22,1028,0,0),(4,22,1029,0,0),(4,57,1030,0,0),(4,57,1031,0,0),(4,57,1032,0,0),(4,59,1033,0,0),(4,59,1034,0,0),(4,59,1035,0,0),(4,40,1036,0,0),(4,40,1037,0,0),(4,40,1038,0,0),(4,2,1039,0,0),(4,4,1040,0,0),(4,6,1041,0,0),(4,7,1042,0,0),(4,8,1043,0,0),(4,9,1044,0,0),(4,13,1045,0,0),(4,14,1046,0,0),(4,15,1047,0,0),(4,16,1048,0,0),(4,18,1049,0,0),(4,19,1050,0,0),(4,20,1051,0,0),(4,21,1052,0,0),(4,22,1053,0,0),(4,23,1054,0,0),(4,26,1055,0,0),(4,10,1056,0,0),(4,10,1057,0,0),(4,2,1058,0,0),(4,4,1059,0,0),(4,6,1060,0,0),(4,7,1061,0,0),(4,8,1062,0,0),(4,9,1063,0,0),(4,10,1064,0,0),(4,13,1065,0,0),(4,14,1066,0,0),(4,15,1067,0,0),(4,16,1068,0,0),(4,18,1069,0,0),(4,19,1070,0,0),(4,20,1071,0,0),(4,21,1072,0,0),(4,22,1073,0,0),(4,23,1074,0,0),(4,26,1075,0,0),(4,35,1076,0,0),(4,2,1077,0,0),(4,4,1078,0,0),(4,6,1079,0,0),(4,7,1080,0,0),(4,8,1081,0,0),(4,9,1082,0,0),(4,10,1083,0,0),(4,13,1084,0,0),(4,14,1085,0,0),(4,15,1086,0,0),(4,16,1087,0,0),(4,18,1088,0,0),(4,19,1089,0,0),(4,20,1090,0,0),(4,21,1091,0,0),(4,22,1092,0,0),(4,23,1093,0,0),(4,26,1094,0,0),(4,35,1095,0,0),(4,20,1096,0,0),(4,21,1097,0,0),(4,22,1098,0,0),(4,23,1099,0,0),(4,57,1100,0,0),(4,59,1101,0,0),(4,56,1102,0,0),(4,56,1103,0,0),(4,14,1104,0,0),(4,57,1105,0,0),(4,59,1106,0,0),(5,6,1,0,0),(5,6,2,0,0),(5,6,3,0,0),(5,6,4,0,0),(5,6,5,0,0),(5,6,6,0,0),(5,6,7,0,0),(5,6,8,0,0),(5,6,9,0,0),(5,6,10,0,0),(5,6,11,0,0),(5,6,12,0,0),(5,6,13,0,0),(5,6,14,0,0),(5,6,15,0,0),(5,6,16,0,0),(5,6,17,0,0),(5,6,18,0,0),(5,6,19,0,0),(5,6,20,0,0),(5,6,21,0,1),(5,6,22,0,1),(5,6,23,0,0),(5,6,24,0,0),(5,6,25,0,0),(5,6,26,0,1),(5,6,27,0,0),(5,6,28,0,0),(5,6,29,0,0),(5,6,30,0,0),(5,6,31,0,0),(5,6,32,0,0),(5,6,33,0,0),(5,6,34,0,0),(5,6,35,0,0),(5,6,36,0,0),(5,6,37,0,0),(5,6,38,0,0),(5,6,39,0,0),(5,7,40,0,0),(5,7,41,0,0),(5,7,42,0,0),(5,7,43,0,0),(5,7,44,0,0),(5,7,45,0,0),(5,7,46,0,0),(5,7,47,0,0),(5,7,48,0,0),(5,7,49,0,0),(5,7,50,0,0),(5,7,51,0,0),(5,7,52,0,0),(5,7,53,0,0),(5,7,54,0,0),(5,7,55,0,0),(5,7,56,0,0),(5,7,57,0,0),(5,7,58,0,0),(5,7,59,0,1),(5,7,60,0,1),(5,7,61,0,0),(5,7,62,0,1),(5,7,63,0,0),(5,7,64,0,0),(5,7,65,0,0),(5,7,66,0,0),(5,7,67,0,0),(5,7,68,0,0),(5,7,69,0,0),(5,4,70,0,0),(5,4,71,0,0),(5,4,72,0,0),(5,4,73,0,0),(5,4,74,0,0),(5,4,75,0,0),(5,4,76,0,0),(5,4,77,0,0),(5,4,78,0,0),(5,4,79,0,0),(5,4,80,0,0),(5,4,81,0,0),(5,4,82,0,0),(5,4,83,0,0),(5,4,84,0,0),(5,4,85,0,0),(5,4,86,0,0),(5,4,87,0,0),(5,4,88,0,0),(5,4,89,0,0),(5,4,90,0,0),(5,4,91,0,0),(5,4,92,0,0),(5,4,93,0,0),(5,4,94,0,1),(5,4,95,0,1),(5,4,96,0,0),(5,4,97,0,1),(5,4,98,0,0),(5,4,99,0,0),(5,4,100,0,0),(5,4,101,0,0),(5,4,102,0,0),(5,4,103,0,0),(5,4,104,0,0),(5,4,105,0,0),(5,4,106,0,0),(5,4,107,0,0),(5,4,108,0,0),(5,4,109,0,0),(5,4,110,0,0),(5,4,111,0,0),(5,4,112,0,0),(5,4,113,0,0),(5,4,114,0,0),(5,2,115,0,0),(5,2,116,0,0),(5,2,117,0,0),(5,2,118,0,0),(5,2,119,0,0),(5,2,120,0,0),(5,2,121,0,0),(5,2,122,0,0),(5,2,123,0,0),(5,2,124,0,0),(5,2,125,0,0),(5,2,126,0,0),(5,2,127,0,1),(5,2,128,0,1),(5,2,129,0,0),(5,2,130,0,0),(5,26,131,0,0),(5,26,132,0,0),(5,26,133,0,0),(5,26,134,0,0),(5,26,135,0,0),(5,26,136,0,0),(5,26,137,0,0),(5,26,138,0,0),(5,26,139,0,0),(5,26,140,0,0),(5,26,141,0,0),(5,26,142,0,1),(5,26,143,0,1),(5,26,144,0,0),(5,26,145,0,0),(5,26,146,0,0),(5,26,147,0,0),(5,26,148,0,0),(5,26,149,0,0),(5,26,150,0,0),(5,26,151,0,0),(5,26,152,0,0),(5,26,153,0,0),(5,26,154,0,0),(5,26,155,0,0),(5,13,160,0,0),(5,13,161,0,0),(5,13,162,0,0),(5,13,163,0,0),(5,13,164,0,0),(5,13,165,0,0),(5,13,166,0,0),(5,13,167,0,0),(5,13,169,0,0),(5,13,170,0,0),(5,13,171,0,1),(5,13,172,0,1),(5,13,173,0,0),(5,13,174,0,0),(5,13,175,0,0),(5,13,176,0,0),(5,13,177,0,0),(5,14,179,0,0),(5,14,180,0,0),(5,14,181,0,0),(5,14,182,0,0),(5,14,183,0,0),(5,14,184,0,0),(5,14,185,0,0),(5,14,186,0,0),(5,14,187,0,0),(5,14,188,0,0),(5,14,189,0,0),(5,14,190,0,0),(5,14,191,0,0),(5,14,192,0,0),(5,14,193,0,0),(5,14,194,0,0),(5,14,195,0,0),(5,14,196,0,1),(5,14,197,0,1),(5,14,198,0,0),(5,14,199,0,0),(5,14,200,0,0),(5,14,202,0,0),(5,14,203,0,0),(5,14,204,0,0),(5,14,205,0,0),(5,14,206,0,0),(5,14,207,0,0),(5,14,208,0,0),(5,14,209,0,0),(5,14,210,0,0),(5,14,211,0,0),(5,14,212,0,0),(5,8,213,0,0),(5,8,214,0,1),(5,8,215,0,1),(5,8,216,0,0),(5,8,217,0,0),(5,8,218,0,0),(5,8,219,0,1),(5,8,220,0,1),(5,8,221,0,0),(5,8,222,0,0),(5,8,223,0,0),(5,8,224,0,1),(5,8,225,0,0),(5,8,226,0,0),(5,8,227,0,0),(5,10,228,0,0),(5,10,229,0,0),(5,10,230,0,0),(5,10,231,0,0),(5,10,232,0,0),(5,10,233,0,0),(5,10,234,0,0),(5,10,235,0,0),(5,10,236,0,0),(5,10,237,0,1),(5,10,238,0,0),(5,10,239,0,0),(5,9,240,0,0),(5,9,241,0,0),(5,9,242,0,0),(5,9,243,0,0),(5,9,244,0,0),(5,9,245,0,0),(5,9,246,0,0),(5,9,247,0,0),(5,9,248,0,0),(5,9,249,0,0),(5,9,250,0,0),(5,9,251,0,0),(5,9,252,0,1),(5,9,253,0,1),(5,9,254,0,0),(5,9,255,0,0),(5,9,256,0,0),(5,9,257,0,0),(5,9,258,0,0),(5,9,259,0,0),(5,9,260,0,0),(5,9,261,0,0),(5,9,262,0,0),(5,9,263,0,0),(5,16,264,0,0),(5,16,265,0,0),(5,16,266,0,0),(5,16,267,0,0),(5,16,268,0,0),(5,16,269,0,0),(5,16,270,0,0),(5,16,271,0,0),(5,16,272,0,0),(5,16,273,0,0),(5,16,274,0,0),(5,16,275,0,0),(5,16,276,0,0),(5,16,277,0,0),(5,16,278,0,1),(5,16,279,0,1),(5,16,280,0,0),(5,16,281,0,0),(5,16,282,0,0),(5,16,283,0,0),(5,16,284,0,0),(5,16,285,0,0),(5,16,286,0,0),(5,15,287,0,0),(5,15,288,0,0),(5,15,289,0,0),(5,15,290,0,0),(5,15,291,0,0),(5,15,292,0,0),(5,15,294,0,1),(5,15,295,0,1),(5,15,296,0,0),(5,18,297,0,0),(5,18,298,0,0),(5,18,299,0,0),(5,18,300,0,0),(5,18,301,0,0),(5,18,302,0,0),(5,18,303,0,0),(5,18,304,0,1),(5,18,305,0,1),(5,18,306,0,0),(5,18,307,0,0),(5,18,308,0,0),(5,18,309,0,0),(5,18,310,0,0),(5,18,311,0,0),(5,18,312,0,0),(5,18,313,0,0),(5,18,314,0,0),(5,19,315,0,0),(5,19,316,0,0),(5,19,317,0,0),(5,19,318,0,1),(5,19,319,0,1),(5,19,320,0,0),(5,19,321,0,0),(5,19,322,0,0),(5,20,323,0,0),(5,20,324,0,0),(5,20,325,0,0),(5,20,326,0,0),(5,20,327,0,0),(5,20,328,0,0),(5,20,329,0,0),(5,20,330,0,0),(5,20,331,0,0),(5,20,332,0,0),(5,20,333,0,0),(5,20,334,0,0),(5,20,335,0,0),(5,20,336,0,0),(5,20,337,0,0),(5,20,338,0,0),(5,20,339,0,0),(5,20,340,0,0),(5,20,341,0,1),(5,20,342,0,1),(5,20,343,0,0),(5,20,344,0,0),(5,20,345,0,0),(5,20,346,0,0),(5,20,347,0,0),(5,20,348,0,0),(5,20,349,0,0),(5,20,350,0,0),(5,20,351,0,0),(5,20,352,0,0),(5,20,353,0,0),(5,20,354,0,0),(5,20,355,0,0),(5,20,356,0,0),(5,20,357,0,0),(5,20,358,0,0),(5,20,359,0,0),(5,21,360,0,0),(5,21,361,0,0),(5,21,362,0,0),(5,21,363,0,0),(5,21,364,0,0),(5,21,365,0,0),(5,21,366,0,0),(5,21,367,0,0),(5,21,368,0,0),(5,21,369,0,0),(5,21,370,0,0),(5,21,371,0,0),(5,21,372,0,0),(5,21,373,0,0),(5,21,374,0,0),(5,21,375,0,0),(5,21,376,0,0),(5,21,377,0,0),(5,21,378,0,0),(5,21,379,0,1),(5,21,380,0,1),(5,21,381,0,0),(5,21,382,0,0),(5,21,383,0,0),(5,21,384,0,0),(5,21,385,0,0),(5,21,386,0,0),(5,21,387,0,0),(5,21,388,0,0),(5,21,389,0,0),(5,21,390,0,0),(5,21,391,0,0),(5,21,392,0,0),(5,21,393,0,0),(5,21,394,0,0),(5,21,395,0,0),(5,21,396,0,0),(5,21,397,0,0),(5,22,398,0,0),(5,22,399,0,0),(5,22,400,0,0),(5,22,401,0,0),(5,22,402,0,0),(5,22,403,0,0),(5,22,404,0,0),(5,22,405,0,0),(5,22,406,0,0),(5,22,407,0,0),(5,22,408,0,0),(5,22,409,0,0),(5,22,410,0,0),(5,22,411,0,0),(5,22,412,0,0),(5,22,413,0,0),(5,22,414,0,0),(5,22,415,0,0),(5,22,416,0,0),(5,22,417,0,0),(5,22,418,0,0),(5,22,419,0,0),(5,22,420,0,1),(5,22,421,0,1),(5,22,422,0,0),(5,22,423,0,0),(5,22,424,0,0),(5,22,425,0,0),(5,22,426,0,0),(5,22,427,0,0),(5,22,428,0,0),(5,22,429,0,0),(5,22,430,0,0),(5,22,431,0,0),(5,22,432,0,0),(5,22,433,0,0),(5,22,434,0,0),(5,22,435,0,0),(5,22,436,0,0),(5,22,437,0,0),(5,22,438,0,0),(5,22,439,0,0),(5,22,440,0,0),(5,22,441,0,0),(5,22,442,0,0),(5,22,443,0,0),(5,22,444,0,0),(5,23,445,0,0),(5,23,446,0,0),(5,23,447,0,0),(5,23,448,0,0),(5,23,449,0,0),(5,23,450,0,0),(5,23,451,0,0),(5,23,452,0,0),(5,23,453,0,0),(5,23,454,0,0),(5,23,455,0,0),(5,23,456,0,0),(5,23,457,0,0),(5,23,458,0,0),(5,23,459,0,0),(5,23,460,0,0),(5,23,461,0,0),(5,23,462,0,0),(5,23,463,0,0),(5,23,464,0,1),(5,23,465,0,1),(5,23,466,0,0),(5,23,467,0,0),(5,23,468,0,0),(5,23,469,0,0),(5,23,470,0,0),(5,23,471,0,0),(5,23,472,0,0),(5,23,473,0,0),(5,23,474,0,0),(5,23,475,0,0),(5,23,476,0,0),(5,23,477,0,0),(5,23,478,0,0),(5,23,479,0,0),(5,23,480,0,0),(5,23,481,0,0),(5,23,482,0,0),(5,23,483,0,0),(5,29,484,0,0),(5,29,488,0,0),(5,29,489,0,0),(5,29,490,0,0),(5,29,491,0,0),(5,29,498,0,0),(5,29,499,0,0),(5,29,500,0,0),(5,29,501,0,0),(5,29,502,0,0),(5,29,503,0,0),(5,29,504,0,0),(5,29,505,0,0),(5,29,506,0,0),(5,29,507,0,0),(5,29,508,0,0),(5,29,513,0,0),(5,29,514,0,0),(5,29,515,0,0),(5,29,516,0,0),(5,29,519,0,0),(5,10,529,0,0),(5,10,530,0,0),(5,10,531,0,0),(5,10,532,0,0),(5,10,533,0,0),(5,10,534,0,0),(5,31,535,0,0),(5,31,536,0,0),(5,31,537,0,0),(5,31,538,0,0),(5,31,539,0,0),(5,31,540,0,0),(5,31,541,0,0),(5,31,542,0,0),(5,31,543,0,1),(5,31,544,0,1),(5,31,545,0,0),(5,31,546,0,0),(5,31,547,0,0),(5,31,548,0,0),(5,31,549,0,0),(5,31,550,0,1),(5,31,551,0,0),(5,31,554,0,0),(5,31,556,0,0),(5,31,557,0,0),(5,31,558,0,0),(5,35,559,0,0),(5,35,560,0,0),(5,35,561,0,0),(5,35,562,0,0),(5,35,563,0,0),(5,35,564,0,0),(5,35,565,0,0),(5,35,566,0,0),(5,35,567,0,0),(5,35,568,0,0),(5,35,569,0,0),(5,35,570,0,0),(5,35,571,0,0),(5,35,572,0,0),(5,35,573,0,0),(5,35,574,0,1),(5,35,575,0,1),(5,35,576,0,1),(5,29,578,0,0),(5,36,579,0,0),(5,36,580,0,1),(5,36,581,0,1),(5,36,582,0,0),(5,36,583,0,1),(5,36,584,0,0),(5,36,585,0,0),(5,36,586,0,0),(5,36,587,0,0),(5,36,588,0,0),(5,36,589,0,0),(5,36,590,0,1),(5,36,591,0,1),(5,36,592,0,0),(5,36,593,0,0),(5,36,594,0,0),(5,36,595,0,1),(5,36,596,0,0),(5,36,597,0,0),(5,36,598,0,1),(5,36,599,0,0),(5,36,601,0,0),(5,40,602,0,0),(5,40,603,0,1),(5,40,604,0,0),(5,40,605,0,0),(5,40,606,0,0),(5,40,608,0,0),(5,40,609,0,1),(5,40,610,0,1),(5,40,611,0,0),(5,40,612,0,1),(5,40,613,0,0),(5,42,614,0,0),(5,42,615,0,0),(5,42,616,0,0),(5,42,617,0,0),(5,42,618,0,0),(5,42,619,0,0),(5,42,620,0,0),(5,42,621,0,0),(5,42,622,0,0),(5,42,623,0,0),(5,42,624,0,0),(5,42,625,0,0),(5,42,626,0,0),(5,42,627,0,0),(5,42,628,0,1),(5,42,629,0,1),(5,42,630,0,0),(5,42,631,0,1),(5,42,632,0,0),(5,42,634,0,0),(5,42,635,0,0),(5,6,636,0,0),(5,19,637,0,0),(5,14,638,0,0),(5,22,639,0,0),(5,22,640,0,0),(5,31,641,0,0),(5,45,642,0,0),(5,45,643,0,0),(5,45,644,0,0),(5,45,645,0,0),(5,45,646,0,0),(5,45,647,0,0),(5,45,648,0,0),(5,45,649,0,0),(5,45,650,0,1),(5,45,651,0,0),(5,45,653,0,0),(5,4,654,0,0),(5,4,655,0,0),(5,7,656,0,0),(5,7,657,0,0),(5,6,658,0,0),(5,6,659,0,0),(5,46,660,0,0),(5,46,661,0,1),(5,46,662,0,1),(5,46,663,0,0),(5,46,664,0,0),(5,46,665,0,1),(5,35,667,0,0),(5,35,668,0,0),(5,35,669,0,0),(5,35,670,0,0),(5,35,671,0,0),(5,35,672,0,0),(5,35,673,0,0),(5,35,674,0,0),(5,29,675,0,0),(5,29,676,0,0),(5,29,677,0,0),(5,29,678,0,0),(5,29,679,0,0),(5,29,680,0,0),(5,29,681,0,0),(5,29,682,0,0),(5,29,683,0,0),(5,29,684,0,0),(5,29,685,0,0),(5,29,686,0,0),(5,29,687,0,0),(5,29,688,0,0),(5,29,689,0,0),(5,29,690,0,0),(5,29,691,0,0),(5,50,692,0,0),(5,50,693,0,0),(5,50,694,0,0),(5,50,695,0,0),(5,50,696,0,0),(5,50,697,0,1),(5,50,698,0,1),(5,50,699,0,0),(5,50,700,0,1),(5,50,701,0,0),(5,50,703,0,0),(5,14,704,0,1),(5,31,705,0,1),(5,54,706,0,0),(5,54,707,0,0),(5,54,708,0,0),(5,54,709,0,0),(5,54,710,0,0),(5,54,711,0,0),(5,54,712,0,1),(5,54,713,0,1),(5,54,714,0,0),(5,54,715,0,0),(5,54,716,0,1),(5,54,717,0,0),(5,54,718,0,0),(5,55,719,0,0),(5,55,720,0,0),(5,55,721,0,0),(5,55,722,0,0),(5,55,723,0,0),(5,55,724,0,0),(5,55,725,0,0),(5,55,726,0,0),(5,55,727,0,0),(5,55,728,0,0),(5,55,729,0,0),(5,55,730,0,1),(5,55,731,0,1),(5,55,732,0,0),(5,55,733,0,0),(5,55,734,0,1),(5,55,735,0,0),(5,55,736,0,0),(5,56,737,0,0),(5,56,738,0,0),(5,56,739,0,0),(5,56,740,0,0),(5,56,741,0,0),(5,56,742,0,0),(5,56,743,0,0),(5,56,744,0,0),(5,56,745,0,0),(5,56,746,0,0),(5,56,747,0,0),(5,56,748,0,0),(5,56,749,0,0),(5,56,750,0,1),(5,56,751,0,1),(5,56,752,0,0),(5,56,753,0,0),(5,56,754,0,1),(5,56,755,0,0),(5,56,756,0,0),(5,57,757,0,0),(5,57,758,0,0),(5,57,759,0,0),(5,57,760,0,0),(5,57,761,0,0),(5,57,762,0,1),(5,57,763,0,0),(5,57,764,0,1),(5,57,765,0,0),(5,57,766,0,0),(5,57,767,0,0),(5,57,768,0,0),(5,57,769,0,0),(5,57,770,0,0),(5,57,771,0,0),(5,57,772,0,0),(5,57,773,0,0),(5,57,774,0,0),(5,57,775,0,0),(5,57,776,0,1),(5,57,777,0,0),(5,57,779,0,0),(5,57,780,0,0),(5,57,781,0,0),(5,57,782,0,0),(5,57,783,0,0),(5,57,784,0,0),(5,57,785,0,0),(5,57,786,0,0),(5,57,787,0,0),(5,57,788,0,0),(5,57,789,0,0),(5,57,790,0,0),(5,57,791,0,0),(5,57,792,0,0),(5,23,793,0,0),(5,58,794,0,0),(5,58,795,0,0),(5,58,796,0,0),(5,58,797,0,0),(5,58,798,0,0),(5,58,799,0,0),(5,58,800,0,0),(5,58,801,0,0),(5,58,802,0,0),(5,58,803,0,1),(5,58,804,0,1),(5,58,805,0,0),(5,58,806,0,1),(5,58,807,0,0),(5,58,809,0,0),(5,58,810,0,0),(5,58,811,0,0),(5,58,812,0,0),(5,58,813,0,0),(5,58,814,0,0),(5,58,815,0,0),(5,58,816,0,0),(5,59,817,0,0),(5,59,818,0,0),(5,59,819,0,0),(5,59,820,0,0),(5,59,821,0,0),(5,59,822,0,0),(5,59,823,0,1),(5,59,824,0,0),(5,59,825,0,1),(5,59,826,0,0),(5,59,827,0,0),(5,59,828,0,0),(5,59,829,0,0),(5,59,830,0,0),(5,59,831,0,0),(5,59,832,0,0),(5,59,833,0,0),(5,59,834,0,0),(5,59,835,0,0),(5,59,836,0,0),(5,59,837,0,1),(5,59,838,0,0),(5,59,840,0,0),(5,59,841,0,0),(5,59,842,0,0),(5,59,843,0,0),(5,59,844,0,0),(5,59,845,0,0),(5,59,846,0,0),(5,59,847,0,0),(5,59,848,0,0),(5,59,849,0,0),(5,59,850,0,0),(5,59,851,0,0),(5,59,852,0,0),(5,59,853,0,0),(5,59,854,0,0),(5,59,855,0,0),(5,2,856,0,0),(5,23,858,0,0),(5,23,859,0,0),(5,23,860,0,0),(5,23,861,0,0),(5,23,862,0,0),(5,23,863,0,0),(5,22,867,0,0),(5,22,868,0,0),(5,22,869,0,0),(5,22,870,0,0),(5,22,871,0,0),(5,22,872,0,0),(5,21,876,0,0),(5,21,877,0,0),(5,21,878,0,0),(5,21,879,0,0),(5,21,880,0,0),(5,21,881,0,0),(5,20,885,0,0),(5,20,886,0,0),(5,20,887,0,0),(5,20,888,0,0),(5,20,889,0,0),(5,20,890,0,0),(5,57,894,0,0),(5,57,895,0,0),(5,57,896,0,0),(5,57,897,0,0),(5,57,898,0,0),(5,57,899,0,0),(5,59,903,0,0),(5,59,904,0,0),(5,59,905,0,0),(5,59,906,0,0),(5,59,907,0,0),(5,59,908,0,0),(5,55,913,0,0),(5,23,917,0,0),(5,22,918,0,0),(5,21,919,0,0),(5,20,920,0,0),(5,57,921,0,0),(5,59,922,0,0),(5,6,924,0,1),(5,4,925,0,1),(5,2,926,0,1),(5,23,928,0,0),(5,23,929,0,0),(5,21,930,0,0),(5,21,931,0,0),(5,7,932,0,0),(5,23,933,0,0),(5,20,934,0,0),(5,21,935,0,0),(5,22,936,0,0),(5,57,937,0,0),(5,59,938,0,0),(5,2,940,0,0),(5,13,941,0,0),(5,23,977,0,0),(5,20,978,0,0),(5,22,979,0,0),(5,57,980,0,0),(5,59,981,0,0),(5,2,982,0,0),(5,21,983,0,0),(5,58,984,0,0),(5,2,985,0,1),(5,4,986,0,1),(5,6,987,0,1),(5,7,988,0,1),(5,8,989,0,1),(5,9,990,0,1),(5,13,991,0,1),(5,14,992,0,1),(5,15,993,0,1),(5,16,994,0,1),(5,18,995,0,1),(5,19,996,0,1),(5,20,997,0,1),(5,21,998,0,1),(5,22,999,0,1),(5,23,1000,0,1),(5,26,1001,0,1),(5,31,1002,0,1),(5,35,1003,0,1),(5,36,1004,0,1),(5,40,1005,0,1),(5,42,1006,0,1),(5,45,1007,0,1),(5,46,1008,0,1),(5,50,1009,0,1),(5,54,1010,0,1),(5,55,1011,0,1),(5,56,1012,0,1),(5,57,1013,0,1),(5,58,1014,0,1),(5,59,1015,0,1),(5,14,1016,0,0),(5,31,1017,0,0),(5,23,1018,0,0),(5,40,1036,0,0),(5,40,1037,0,0),(5,40,1038,0,0),(5,2,1039,0,1),(5,4,1040,0,1),(5,6,1041,0,1),(5,7,1042,0,1),(5,8,1043,0,1),(5,9,1044,0,1),(5,13,1045,0,1),(5,14,1046,0,1),(5,15,1047,0,1),(5,16,1048,0,1),(5,18,1049,0,1),(5,19,1050,0,1),(5,20,1051,0,1),(5,21,1052,0,1),(5,22,1053,0,1),(5,23,1054,0,1),(5,26,1055,0,1),(5,10,1056,0,1),(5,10,1057,0,0),(5,2,1058,0,0),(5,4,1059,0,0),(5,6,1060,0,0),(5,7,1061,0,0),(5,8,1062,0,0),(5,9,1063,0,0),(5,10,1064,0,0),(5,13,1065,0,0),(5,14,1066,0,0),(5,15,1067,0,0),(5,16,1068,0,1),(5,18,1069,0,0),(5,19,1070,0,0),(5,20,1071,0,0),(5,21,1072,0,0),(5,22,1073,0,0),(5,23,1074,0,0),(5,26,1075,0,0),(5,35,1076,0,0),(5,2,1077,0,0),(5,4,1078,0,0),(5,6,1079,0,0),(5,7,1080,0,0),(5,8,1081,0,0),(5,9,1082,0,0),(5,10,1083,0,0),(5,13,1084,0,0),(5,14,1085,0,0),(5,15,1086,0,0),(5,16,1087,0,1),(5,18,1088,0,0),(5,19,1089,0,0),(5,20,1090,0,0),(5,21,1091,0,0),(5,22,1092,0,0),(5,23,1093,0,0),(5,26,1094,0,0),(5,35,1095,0,0),(5,20,1096,0,0),(5,21,1097,0,0),(5,22,1098,0,0),(5,23,1099,0,0),(5,57,1100,0,0),(5,59,1101,0,0),(5,56,1102,0,1),(5,56,1103,0,0),(5,14,1104,0,0),(5,57,1105,0,0),(5,59,1106,0,0),(6,6,1,0,0),(6,6,2,0,0),(6,6,3,0,0),(6,6,4,0,0),(6,6,5,0,0),(6,6,6,0,0),(6,6,7,0,0),(6,6,8,0,0),(6,6,9,0,0),(6,6,10,0,0),(6,6,11,0,0),(6,6,12,0,0),(6,6,13,0,0),(6,6,14,0,0),(6,6,15,0,0),(6,6,16,0,0),(6,6,17,0,0),(6,6,18,0,0),(6,6,19,0,0),(6,6,20,0,0),(6,6,21,0,1),(6,6,22,0,1),(6,6,23,0,0),(6,6,24,0,0),(6,6,25,0,0),(6,6,26,0,1),(6,6,27,0,0),(6,6,28,0,0),(6,6,29,0,0),(6,6,30,0,0),(6,6,31,0,0),(6,6,32,0,0),(6,6,33,0,0),(6,6,34,0,0),(6,6,35,0,0),(6,6,36,0,0),(6,6,37,0,0),(6,6,38,0,0),(6,6,39,0,0),(6,7,40,0,0),(6,7,41,0,0),(6,7,42,0,0),(6,7,43,0,0),(6,7,44,0,0),(6,7,45,0,0),(6,7,46,0,0),(6,7,47,0,0),(6,7,48,0,0),(6,7,49,0,0),(6,7,50,0,0),(6,7,51,0,0),(6,7,52,0,0),(6,7,53,0,0),(6,7,54,0,0),(6,7,55,0,0),(6,7,56,0,0),(6,7,57,0,0),(6,7,58,0,0),(6,7,59,0,1),(6,7,60,0,1),(6,7,61,0,0),(6,7,62,0,1),(6,7,63,0,0),(6,7,64,0,0),(6,7,65,0,0),(6,7,66,0,0),(6,7,67,0,0),(6,7,68,0,0),(6,7,69,0,0),(6,4,70,0,0),(6,4,71,0,0),(6,4,72,0,0),(6,4,73,0,0),(6,4,74,0,0),(6,4,75,0,0),(6,4,76,0,0),(6,4,77,0,0),(6,4,78,0,0),(6,4,79,0,0),(6,4,80,0,0),(6,4,81,0,0),(6,4,82,0,0),(6,4,83,0,0),(6,4,84,0,0),(6,4,85,0,0),(6,4,86,0,0),(6,4,87,0,0),(6,4,88,0,0),(6,4,89,0,0),(6,4,90,0,0),(6,4,91,0,0),(6,4,92,0,0),(6,4,93,0,0),(6,4,94,0,1),(6,4,95,0,1),(6,4,96,0,0),(6,4,97,0,1),(6,4,98,0,0),(6,4,99,0,0),(6,4,100,0,0),(6,4,101,0,0),(6,4,102,0,0),(6,4,103,0,0),(6,4,104,0,0),(6,4,105,0,0),(6,4,106,0,0),(6,4,107,0,0),(6,4,108,0,0),(6,4,109,0,0),(6,4,110,0,0),(6,4,111,0,0),(6,4,112,0,0),(6,4,113,0,0),(6,4,114,0,0),(6,2,115,0,0),(6,2,116,0,0),(6,2,117,0,0),(6,2,118,0,0),(6,2,119,0,0),(6,2,120,0,0),(6,2,121,0,0),(6,2,122,0,0),(6,2,123,0,0),(6,2,124,0,0),(6,2,125,0,0),(6,2,126,0,0),(6,2,127,0,1),(6,2,128,0,1),(6,2,129,0,0),(6,2,130,0,0),(6,26,131,0,0),(6,26,132,0,0),(6,26,133,0,0),(6,26,134,0,0),(6,26,135,0,0),(6,26,136,0,0),(6,26,137,0,0),(6,26,138,0,0),(6,26,139,0,0),(6,26,140,0,0),(6,26,141,0,0),(6,26,142,0,1),(6,26,143,0,1),(6,26,144,0,0),(6,26,145,0,0),(6,26,146,0,0),(6,26,147,0,0),(6,26,148,0,0),(6,26,149,0,0),(6,26,150,0,0),(6,26,151,0,0),(6,26,152,0,0),(6,26,153,0,0),(6,26,154,0,0),(6,26,155,0,0),(6,13,160,0,0),(6,13,161,0,0),(6,13,162,0,0),(6,13,163,0,0),(6,13,164,0,0),(6,13,165,0,0),(6,13,166,0,0),(6,13,167,0,0),(6,13,169,0,0),(6,13,170,0,0),(6,13,171,0,1),(6,13,172,0,1),(6,13,173,0,0),(6,13,174,0,0),(6,13,175,0,0),(6,13,176,0,0),(6,13,177,0,0),(6,14,179,0,0),(6,14,180,0,0),(6,14,181,0,0),(6,14,182,0,0),(6,14,183,0,0),(6,14,184,0,0),(6,14,185,0,0),(6,14,186,0,0),(6,14,187,0,0),(6,14,188,0,0),(6,14,189,0,0),(6,14,190,0,0),(6,14,191,0,0),(6,14,192,0,0),(6,14,193,0,0),(6,14,194,0,0),(6,14,195,0,0),(6,14,196,0,1),(6,14,197,0,1),(6,14,198,0,0),(6,14,199,0,0),(6,14,200,0,0),(6,14,202,0,0),(6,14,203,0,0),(6,14,204,0,0),(6,14,205,0,0),(6,14,206,0,0),(6,14,207,0,0),(6,14,208,0,0),(6,14,209,0,0),(6,14,210,0,0),(6,14,211,0,0),(6,14,212,0,0),(6,8,213,0,0),(6,8,214,0,1),(6,8,215,0,1),(6,8,216,0,0),(6,8,217,0,0),(6,8,218,0,0),(6,8,219,0,1),(6,8,220,0,1),(6,8,221,0,0),(6,8,222,0,0),(6,8,223,0,0),(6,8,224,0,1),(6,8,225,0,0),(6,8,226,0,0),(6,8,227,0,0),(6,10,228,0,0),(6,10,229,0,0),(6,10,230,0,0),(6,10,231,0,0),(6,10,232,0,0),(6,10,233,0,0),(6,10,234,0,0),(6,10,235,0,0),(6,10,236,0,0),(6,10,237,0,1),(6,10,238,0,0),(6,10,239,0,0),(6,9,240,0,0),(6,9,241,0,0),(6,9,242,0,0),(6,9,243,0,0),(6,9,244,0,0),(6,9,245,0,0),(6,9,246,0,0),(6,9,247,0,0),(6,9,248,0,0),(6,9,249,0,0),(6,9,250,0,0),(6,9,251,0,0),(6,9,252,0,1),(6,9,253,0,1),(6,9,254,0,0),(6,9,255,0,0),(6,9,256,0,0),(6,9,257,0,0),(6,9,258,0,0),(6,9,259,0,0),(6,9,260,0,0),(6,9,261,0,0),(6,9,262,0,0),(6,9,263,0,0),(6,16,264,0,0),(6,16,265,0,0),(6,16,266,0,0),(6,16,267,0,0),(6,16,268,0,0),(6,16,269,0,0),(6,16,270,0,0),(6,16,271,0,0),(6,16,272,0,0),(6,16,273,0,0),(6,16,274,0,0),(6,16,275,0,0),(6,16,276,0,0),(6,16,277,0,0),(6,16,278,0,1),(6,16,279,0,1),(6,16,280,0,0),(6,16,281,0,0),(6,16,282,0,0),(6,16,283,0,0),(6,16,284,0,0),(6,16,285,0,0),(6,16,286,0,0),(6,15,287,0,0),(6,15,288,0,0),(6,15,289,0,0),(6,15,290,0,0),(6,15,291,0,0),(6,15,292,0,0),(6,15,294,0,1),(6,15,295,0,1),(6,15,296,0,0),(6,18,297,0,0),(6,18,298,0,0),(6,18,299,0,0),(6,18,300,0,0),(6,18,301,0,0),(6,18,302,0,0),(6,18,303,0,0),(6,18,304,0,1),(6,18,305,0,1),(6,18,306,0,0),(6,18,307,0,0),(6,18,308,0,0),(6,18,309,0,0),(6,18,310,0,0),(6,18,311,0,0),(6,18,312,0,0),(6,18,313,0,0),(6,18,314,0,0),(6,19,315,0,0),(6,19,316,0,0),(6,19,317,0,0),(6,19,318,0,1),(6,19,319,0,1),(6,19,320,0,0),(6,19,321,0,0),(6,19,322,0,0),(6,20,323,0,0),(6,20,324,0,0),(6,20,325,0,0),(6,20,326,0,0),(6,20,327,0,0),(6,20,328,0,0),(6,20,329,0,0),(6,20,330,0,0),(6,20,331,0,0),(6,20,332,0,0),(6,20,333,0,0),(6,20,334,0,0),(6,20,335,0,0),(6,20,336,0,0),(6,20,337,0,0),(6,20,338,0,0),(6,20,339,0,0),(6,20,340,0,0),(6,20,341,0,1),(6,20,342,0,1),(6,20,343,0,0),(6,20,344,0,0),(6,20,345,0,0),(6,20,346,0,0),(6,20,347,0,0),(6,20,348,0,0),(6,20,349,0,0),(6,20,350,0,0),(6,20,351,0,0),(6,20,352,0,0),(6,20,353,0,0),(6,20,354,0,0),(6,20,355,0,0),(6,20,356,0,0),(6,20,357,0,0),(6,20,358,0,0),(6,20,359,0,0),(6,21,360,0,0),(6,21,361,0,0),(6,21,362,0,0),(6,21,363,0,0),(6,21,364,0,0),(6,21,365,0,0),(6,21,366,0,0),(6,21,367,0,0),(6,21,368,0,0),(6,21,369,0,0),(6,21,370,0,0),(6,21,371,0,0),(6,21,372,0,0),(6,21,373,0,0),(6,21,374,0,0),(6,21,375,0,0),(6,21,376,0,0),(6,21,377,0,0),(6,21,378,0,0),(6,21,379,0,1),(6,21,380,0,1),(6,21,381,0,0),(6,21,382,0,0),(6,21,383,0,0),(6,21,384,0,0),(6,21,385,0,0),(6,21,386,0,0),(6,21,387,0,0),(6,21,388,0,0),(6,21,389,0,0),(6,21,390,0,0),(6,21,391,0,0),(6,21,392,0,0),(6,21,393,0,0),(6,21,394,0,0),(6,21,395,0,0),(6,21,396,0,0),(6,21,397,0,0),(6,22,398,0,0),(6,22,399,0,0),(6,22,400,0,0),(6,22,401,0,0),(6,22,402,0,0),(6,22,403,0,0),(6,22,404,0,0),(6,22,405,0,0),(6,22,406,0,0),(6,22,407,0,0),(6,22,408,0,0),(6,22,409,0,0),(6,22,410,0,0),(6,22,411,0,0),(6,22,412,0,0),(6,22,413,0,0),(6,22,414,0,0),(6,22,415,0,0),(6,22,416,0,0),(6,22,417,0,0),(6,22,418,0,0),(6,22,419,0,0),(6,22,420,0,1),(6,22,421,0,1),(6,22,422,0,0),(6,22,423,0,0),(6,22,424,0,0),(6,22,425,0,0),(6,22,426,0,0),(6,22,427,0,0),(6,22,428,0,0),(6,22,429,0,0),(6,22,430,0,0),(6,22,431,0,0),(6,22,432,0,0),(6,22,433,0,0),(6,22,434,0,0),(6,22,435,0,0),(6,22,436,0,0),(6,22,437,0,0),(6,22,438,0,0),(6,22,439,0,0),(6,22,440,0,0),(6,22,441,0,0),(6,22,442,0,0),(6,22,443,0,0),(6,22,444,0,0),(6,23,445,0,0),(6,23,446,0,0),(6,23,447,0,0),(6,23,448,0,0),(6,23,449,0,0),(6,23,450,0,0),(6,23,451,0,0),(6,23,452,0,0),(6,23,453,0,0),(6,23,454,0,0),(6,23,455,0,0),(6,23,456,0,0),(6,23,457,0,0),(6,23,458,0,0),(6,23,459,0,0),(6,23,460,0,0),(6,23,461,0,0),(6,23,462,0,0),(6,23,463,0,0),(6,23,464,0,1),(6,23,465,0,1),(6,23,466,0,0),(6,23,467,0,0),(6,23,468,0,0),(6,23,469,0,0),(6,23,470,0,0),(6,23,471,0,0),(6,23,472,0,0),(6,23,473,0,0),(6,23,474,0,0),(6,23,475,0,0),(6,23,476,0,0),(6,23,477,0,0),(6,23,478,0,0),(6,23,479,0,0),(6,23,480,0,0),(6,23,481,0,0),(6,23,482,0,0),(6,23,483,0,0),(6,29,484,0,0),(6,29,488,0,0),(6,29,489,0,0),(6,29,490,0,0),(6,29,491,0,0),(6,29,498,0,0),(6,29,499,0,0),(6,29,500,0,0),(6,29,501,0,0),(6,29,502,0,0),(6,29,503,0,0),(6,29,504,0,0),(6,29,505,0,0),(6,29,506,0,0),(6,29,507,0,0),(6,29,508,0,0),(6,29,513,0,0),(6,29,514,0,0),(6,29,515,0,0),(6,29,516,0,0),(6,29,519,0,0),(6,10,529,0,0),(6,10,530,0,0),(6,10,531,0,0),(6,10,532,0,0),(6,10,533,0,0),(6,10,534,0,0),(6,31,535,0,0),(6,31,536,0,0),(6,31,537,0,0),(6,31,538,0,0),(6,31,539,0,0),(6,31,540,0,0),(6,31,541,0,0),(6,31,542,0,0),(6,31,543,0,1),(6,31,544,0,1),(6,31,545,0,0),(6,31,546,0,0),(6,31,547,0,0),(6,31,548,0,0),(6,31,549,0,0),(6,31,550,0,1),(6,31,551,0,0),(6,31,554,0,0),(6,31,556,0,0),(6,31,557,0,0),(6,31,558,0,0),(6,35,559,0,0),(6,35,560,0,0),(6,35,561,0,0),(6,35,562,0,0),(6,35,563,0,0),(6,35,564,0,0),(6,35,565,0,0),(6,35,566,0,0),(6,35,567,0,0),(6,35,568,0,0),(6,35,569,0,0),(6,35,570,0,0),(6,35,571,0,0),(6,35,572,0,0),(6,35,573,0,0),(6,35,574,0,1),(6,35,575,0,1),(6,35,576,0,1),(6,29,578,0,0),(6,36,579,0,0),(6,36,580,0,1),(6,36,581,0,1),(6,36,582,0,0),(6,36,583,0,1),(6,36,584,0,0),(6,36,585,0,0),(6,36,586,0,0),(6,36,587,0,0),(6,36,588,0,0),(6,36,589,0,0),(6,36,590,0,1),(6,36,591,0,1),(6,36,592,0,0),(6,36,593,0,0),(6,36,594,0,0),(6,36,595,0,1),(6,36,596,0,0),(6,36,597,0,0),(6,36,598,0,1),(6,36,599,0,0),(6,36,601,0,0),(6,40,602,0,0),(6,40,603,0,1),(6,40,604,0,0),(6,40,605,0,0),(6,40,606,0,0),(6,40,608,0,0),(6,40,609,0,1),(6,40,610,0,1),(6,40,611,0,0),(6,40,612,0,1),(6,40,613,0,0),(6,42,614,0,0),(6,42,615,0,0),(6,42,616,0,0),(6,42,617,0,0),(6,42,618,0,0),(6,42,619,0,0),(6,42,620,0,0),(6,42,621,0,0),(6,42,622,0,0),(6,42,623,0,0),(6,42,624,0,0),(6,42,625,0,0),(6,42,626,0,0),(6,42,627,0,0),(6,42,628,0,1),(6,42,629,0,1),(6,42,630,0,0),(6,42,631,0,1),(6,42,632,0,0),(6,42,634,0,0),(6,42,635,0,0),(6,6,636,0,0),(6,19,637,0,0),(6,14,638,0,0),(6,22,639,0,0),(6,22,640,0,0),(6,31,641,0,0),(6,45,642,0,0),(6,45,643,0,0),(6,45,644,0,0),(6,45,645,0,0),(6,45,646,0,0),(6,45,647,0,0),(6,45,648,0,0),(6,45,649,0,0),(6,45,650,0,1),(6,45,651,0,0),(6,45,653,0,0),(6,4,654,0,0),(6,4,655,0,0),(6,7,656,0,0),(6,7,657,0,0),(6,6,658,0,0),(6,6,659,0,0),(6,46,660,0,0),(6,46,661,0,1),(6,46,662,0,1),(6,46,663,0,0),(6,46,664,0,0),(6,46,665,0,1),(6,35,667,0,0),(6,35,668,0,0),(6,35,669,0,0),(6,35,670,0,0),(6,35,671,0,0),(6,35,672,0,0),(6,35,673,0,0),(6,35,674,0,0),(6,29,675,0,0),(6,29,676,0,0),(6,29,677,0,0),(6,29,678,0,0),(6,29,679,0,0),(6,29,680,0,0),(6,29,681,0,0),(6,29,682,0,0),(6,29,683,0,0),(6,29,684,0,0),(6,29,685,0,0),(6,29,686,0,0),(6,29,687,0,0),(6,29,688,0,0),(6,29,689,0,0),(6,29,690,0,0),(6,29,691,0,0),(6,50,692,0,0),(6,50,693,0,0),(6,50,694,0,0),(6,50,695,0,0),(6,50,696,0,0),(6,50,697,0,1),(6,50,698,0,1),(6,50,699,0,0),(6,50,700,0,1),(6,50,701,0,0),(6,50,703,0,0),(6,14,704,0,1),(6,31,705,0,1),(6,54,706,0,0),(6,54,707,0,0),(6,54,708,0,0),(6,54,709,0,0),(6,54,710,0,0),(6,54,711,0,0),(6,54,712,0,1),(6,54,713,0,1),(6,54,714,0,0),(6,54,715,0,0),(6,54,716,0,1),(6,54,717,0,0),(6,54,718,0,0),(6,55,719,0,0),(6,55,720,0,0),(6,55,721,0,0),(6,55,722,0,0),(6,55,723,0,0),(6,55,724,0,0),(6,55,725,0,0),(6,55,726,0,0),(6,55,727,0,0),(6,55,728,0,0),(6,55,729,0,0),(6,55,730,0,1),(6,55,731,0,1),(6,55,732,0,0),(6,55,733,0,0),(6,55,734,0,1),(6,55,735,0,0),(6,55,736,0,0),(6,56,737,0,0),(6,56,738,0,0),(6,56,739,0,0),(6,56,740,0,0),(6,56,741,0,0),(6,56,742,0,0),(6,56,743,0,0),(6,56,744,0,0),(6,56,745,0,0),(6,56,746,0,0),(6,56,747,0,0),(6,56,748,0,0),(6,56,749,0,0),(6,56,750,0,1),(6,56,751,0,1),(6,56,752,0,0),(6,56,753,0,0),(6,56,754,0,1),(6,56,755,0,0),(6,56,756,0,0),(6,57,757,0,0),(6,57,758,0,0),(6,57,759,0,0),(6,57,760,0,0),(6,57,761,0,0),(6,57,762,0,1),(6,57,763,0,0),(6,57,764,0,1),(6,57,765,0,0),(6,57,766,0,0),(6,57,767,0,0),(6,57,768,0,0),(6,57,769,0,0),(6,57,770,0,0),(6,57,771,0,0),(6,57,772,0,0),(6,57,773,0,0),(6,57,774,0,0),(6,57,775,0,0),(6,57,776,0,1),(6,57,777,0,0),(6,57,779,0,0),(6,57,780,0,0),(6,57,781,0,0),(6,57,782,0,0),(6,57,783,0,0),(6,57,784,0,0),(6,57,785,0,0),(6,57,786,0,0),(6,57,787,0,0),(6,57,788,0,0),(6,57,789,0,0),(6,57,790,0,0),(6,57,791,0,0),(6,57,792,0,0),(6,23,793,0,0),(6,58,794,0,0),(6,58,795,0,0),(6,58,796,0,0),(6,58,797,0,0),(6,58,798,0,0),(6,58,799,0,0),(6,58,800,0,0),(6,58,801,0,0),(6,58,802,0,0),(6,58,803,0,1),(6,58,804,0,1),(6,58,805,0,0),(6,58,806,0,1),(6,58,807,0,0),(6,58,809,0,0),(6,58,810,0,0),(6,58,811,0,0),(6,58,812,0,0),(6,58,813,0,0),(6,58,814,0,0),(6,58,815,0,0),(6,58,816,0,0),(6,59,817,0,0),(6,59,818,0,0),(6,59,819,0,0),(6,59,820,0,0),(6,59,821,0,0),(6,59,822,0,0),(6,59,823,0,1),(6,59,824,0,0),(6,59,825,0,1),(6,59,826,0,0),(6,59,827,0,0),(6,59,828,0,0),(6,59,829,0,0),(6,59,830,0,0),(6,59,831,0,0),(6,59,832,0,0),(6,59,833,0,0),(6,59,834,0,0),(6,59,835,0,0),(6,59,836,0,0),(6,59,837,0,1),(6,59,838,0,0),(6,59,840,0,0),(6,59,841,0,0),(6,59,842,0,0),(6,59,843,0,0),(6,59,844,0,0),(6,59,845,0,0),(6,59,846,0,0),(6,59,847,0,0),(6,59,848,0,0),(6,59,849,0,0),(6,59,850,0,0),(6,59,851,0,0),(6,59,852,0,0),(6,59,853,0,0),(6,59,854,0,0),(6,59,855,0,0),(6,2,856,0,0),(6,23,858,0,0),(6,23,859,0,0),(6,23,860,0,0),(6,23,861,0,0),(6,23,862,0,0),(6,23,863,0,0),(6,22,867,0,0),(6,22,868,0,0),(6,22,869,0,0),(6,22,870,0,0),(6,22,871,0,0),(6,22,872,0,0),(6,21,876,0,0),(6,21,877,0,0),(6,21,878,0,0),(6,21,879,0,0),(6,21,880,0,0),(6,21,881,0,0),(6,20,885,0,0),(6,20,886,0,0),(6,20,887,0,0),(6,20,888,0,0),(6,20,889,0,0),(6,20,890,0,0),(6,57,894,0,0),(6,57,895,0,0),(6,57,896,0,0),(6,57,897,0,0),(6,57,898,0,0),(6,57,899,0,0),(6,59,903,0,0),(6,59,904,0,0),(6,59,905,0,0),(6,59,906,0,0),(6,59,907,0,0),(6,59,908,0,0),(6,55,913,0,0),(6,23,917,0,0),(6,22,918,0,0),(6,21,919,0,0),(6,20,920,0,0),(6,57,921,0,0),(6,59,922,0,0),(6,6,924,0,1),(6,4,925,0,1),(6,2,926,0,1),(6,23,928,0,0),(6,23,929,0,0),(6,21,930,0,0),(6,21,931,0,0),(6,7,932,0,0),(6,23,933,0,0),(6,20,934,0,0),(6,21,935,0,0),(6,22,936,0,0),(6,57,937,0,0),(6,59,938,0,0),(6,2,940,0,0),(6,13,941,0,0),(6,23,977,0,0),(6,20,978,0,0),(6,22,979,0,0),(6,57,980,0,0),(6,59,981,0,0),(6,2,982,0,0),(6,21,983,0,0),(6,58,984,0,0),(6,2,985,0,1),(6,4,986,0,1),(6,6,987,0,1),(6,7,988,0,1),(6,8,989,0,1),(6,9,990,0,1),(6,13,991,0,1),(6,14,992,0,1),(6,15,993,0,1),(6,16,994,0,1),(6,18,995,0,1),(6,19,996,0,1),(6,20,997,0,1),(6,21,998,0,1),(6,22,999,0,1),(6,23,1000,0,1),(6,26,1001,0,1),(6,31,1002,0,1),(6,35,1003,0,1),(6,36,1004,0,1),(6,40,1005,0,1),(6,42,1006,0,1),(6,45,1007,0,1),(6,46,1008,0,1),(6,50,1009,0,1),(6,54,1010,0,1),(6,55,1011,0,1),(6,56,1012,0,1),(6,57,1013,0,1),(6,58,1014,0,1),(6,59,1015,0,1),(6,14,1016,0,0),(6,31,1017,0,0),(6,23,1018,0,0),(6,40,1036,0,0),(6,40,1037,0,0),(6,40,1038,0,0),(6,2,1039,0,1),(6,4,1040,0,1),(6,6,1041,0,1),(6,7,1042,0,1),(6,8,1043,0,1),(6,9,1044,0,1),(6,13,1045,0,1),(6,14,1046,0,1),(6,15,1047,0,1),(6,16,1048,0,1),(6,18,1049,0,1),(6,19,1050,0,1),(6,20,1051,0,1),(6,21,1052,0,1),(6,22,1053,0,1),(6,23,1054,0,1),(6,26,1055,0,1),(6,10,1056,0,1),(6,10,1057,0,0),(6,2,1058,0,0),(6,4,1059,0,0),(6,6,1060,0,0),(6,7,1061,0,0),(6,8,1062,0,0),(6,9,1063,0,0),(6,10,1064,0,0),(6,13,1065,0,0),(6,14,1066,0,0),(6,15,1067,0,0),(6,16,1068,0,1),(6,18,1069,0,0),(6,19,1070,0,0),(6,20,1071,0,0),(6,21,1072,0,0),(6,22,1073,0,0),(6,23,1074,0,0),(6,26,1075,0,0),(6,35,1076,0,0),(6,2,1077,0,0),(6,4,1078,0,0),(6,6,1079,0,0),(6,7,1080,0,0),(6,8,1081,0,0),(6,9,1082,0,0),(6,10,1083,0,0),(6,13,1084,0,0),(6,14,1085,0,0),(6,15,1086,0,0),(6,16,1087,0,1),(6,18,1088,0,0),(6,19,1089,0,0),(6,20,1090,0,0),(6,21,1091,0,0),(6,22,1092,0,0),(6,23,1093,0,0),(6,26,1094,0,0),(6,35,1095,0,0),(6,20,1096,0,0),(6,21,1097,0,0),(6,22,1098,0,0),(6,23,1099,0,0),(6,57,1100,0,0),(6,59,1101,0,0),(6,56,1102,0,1),(6,56,1103,0,0),(6,14,1104,0,0),(6,57,1105,0,0),(6,59,1106,0,0);
/*!40000 ALTER TABLE `vtiger_profile2field` ENABLE KEYS */;
UNLOCK TABLES;

--
-- Table structure for table `vtiger_profile2globalpermissions`
--

DROP TABLE IF EXISTS `vtiger_profile2globalpermissions`;
/*!40101 SET @saved_cs_client     = @@character_set_client */;
/*!40101 SET character_set_client = utf8 */;
CREATE TABLE `vtiger_profile2globalpermissions` (
  `profileid` int(19) NOT NULL,
  `globalactionid` int(19) NOT NULL,
  `globalactionpermission` int(19) DEFAULT NULL,
  PRIMARY KEY (`profileid`,`globalactionid`),
  KEY `idx_profile2globalpermissions` (`profileid`,`globalactionid`),
  CONSTRAINT `fk_1_vtiger_profile2globalpermissions` FOREIGN KEY (`profileid`) REFERENCES `vtiger_profile` (`profileid`) ON DELETE CASCADE
) ENGINE=InnoDB DEFAULT CHARSET=utf8;
/*!40101 SET character_set_client = @saved_cs_client */;

--
-- Dumping data for table `vtiger_profile2globalpermissions`
--

LOCK TABLES `vtiger_profile2globalpermissions` WRITE;
/*!40000 ALTER TABLE `vtiger_profile2globalpermissions` DISABLE KEYS */;
INSERT INTO `vtiger_profile2globalpermissions` VALUES (1,1,0),(1,2,0),(2,1,1),(2,2,1),(3,1,1),(3,2,1),(4,1,1),(4,2,1),(5,1,1),(5,2,1),(6,1,1),(6,2,1);
/*!40000 ALTER TABLE `vtiger_profile2globalpermissions` ENABLE KEYS */;
UNLOCK TABLES;

--
-- Table structure for table `vtiger_profile2standardpermissions`
--

DROP TABLE IF EXISTS `vtiger_profile2standardpermissions`;
/*!40101 SET @saved_cs_client     = @@character_set_client */;
/*!40101 SET character_set_client = utf8 */;
CREATE TABLE `vtiger_profile2standardpermissions` (
  `profileid` int(11) NOT NULL,
  `tabid` int(10) NOT NULL,
  `operation` int(10) NOT NULL,
  `permissions` int(1) DEFAULT NULL,
  PRIMARY KEY (`profileid`,`tabid`,`operation`),
  KEY `profile2standardpermissions_profileid_tabid_operation_idx` (`profileid`,`tabid`,`operation`)
) ENGINE=InnoDB DEFAULT CHARSET=utf8;
/*!40101 SET character_set_client = @saved_cs_client */;

--
-- Dumping data for table `vtiger_profile2standardpermissions`
--

LOCK TABLES `vtiger_profile2standardpermissions` WRITE;
/*!40000 ALTER TABLE `vtiger_profile2standardpermissions` DISABLE KEYS */;
INSERT INTO `vtiger_profile2standardpermissions` VALUES (1,2,0,0),(1,2,1,0),(1,2,2,0),(1,2,3,0),(1,2,4,0),(1,2,7,0),(1,4,0,0),(1,4,1,0),(1,4,2,0),(1,4,3,0),(1,4,4,0),(1,4,7,0),(1,6,0,0),(1,6,1,0),(1,6,2,0),(1,6,3,0),(1,6,4,0),(1,6,7,0),(1,7,0,0),(1,7,1,0),(1,7,2,0),(1,7,3,0),(1,7,4,0),(1,7,7,0),(1,8,0,0),(1,8,1,0),(1,8,2,0),(1,8,3,0),(1,8,4,0),(1,8,7,0),(1,9,0,0),(1,9,1,0),(1,9,2,0),(1,9,3,0),(1,9,4,0),(1,9,7,0),(1,13,0,0),(1,13,1,0),(1,13,2,0),(1,13,3,0),(1,13,4,0),(1,13,7,0),(1,14,0,0),(1,14,1,0),(1,14,2,0),(1,14,3,0),(1,14,4,0),(1,14,7,0),(1,15,0,0),(1,15,1,0),(1,15,2,0),(1,15,3,0),(1,15,4,0),(1,15,7,0),(1,16,0,0),(1,16,1,0),(1,16,2,0),(1,16,3,0),(1,16,4,0),(1,16,7,0),(1,18,0,0),(1,18,1,0),(1,18,2,0),(1,18,3,0),(1,18,4,0),(1,18,7,0),(1,19,0,0),(1,19,1,0),(1,19,2,0),(1,19,3,0),(1,19,4,0),(1,19,7,0),(1,20,0,0),(1,20,1,0),(1,20,2,0),(1,20,3,0),(1,20,4,0),(1,20,7,0),(1,21,0,0),(1,21,1,0),(1,21,2,0),(1,21,3,0),(1,21,4,0),(1,21,7,0),(1,22,0,0),(1,22,1,0),(1,22,2,0),(1,22,3,0),(1,22,4,0),(1,22,7,0),(1,23,0,0),(1,23,1,0),(1,23,2,0),(1,23,3,0),(1,23,4,0),(1,23,7,0),(1,25,0,1),(1,25,1,1),(1,25,2,1),(1,25,3,0),(1,25,4,0),(1,25,7,1),(1,26,0,0),(1,26,1,0),(1,26,2,0),(1,26,3,0),(1,26,4,0),(1,26,7,0),(1,31,0,0),(1,31,1,0),(1,31,2,0),(1,31,3,0),(1,31,4,0),(1,31,7,0),(1,35,0,0),(1,35,1,0),(1,35,2,0),(1,35,3,0),(1,35,4,0),(1,35,7,0),(1,36,0,0),(1,36,1,0),(1,36,2,0),(1,36,3,0),(1,36,4,0),(1,36,7,0),(1,39,0,0),(1,39,1,0),(1,39,2,0),(1,39,3,0),(1,39,4,0),(1,39,7,0),(1,40,0,0),(1,40,1,0),(1,40,2,0),(1,40,3,0),(1,40,4,0),(1,40,7,0),(1,42,0,0),(1,42,1,0),(1,42,2,0),(1,42,3,0),(1,42,4,0),(1,42,7,0),(1,45,0,0),(1,45,1,0),(1,45,2,0),(1,45,3,0),(1,45,4,0),(1,45,7,0),(1,46,0,0),(1,46,1,0),(1,46,2,0),(1,46,3,0),(1,46,4,0),(1,46,7,0),(1,50,0,0),(1,50,1,0),(1,50,2,0),(1,50,3,0),(1,50,4,0),(1,50,7,0),(1,54,0,0),(1,54,1,0),(1,54,2,0),(1,54,3,0),(1,54,4,0),(1,54,7,0),(1,55,0,0),(1,55,1,0),(1,55,2,0),(1,55,3,0),(1,55,4,0),(1,55,7,0),(1,56,0,0),(1,56,1,0),(1,56,2,0),(1,56,3,0),(1,56,4,0),(1,56,7,0),(1,57,0,0),(1,57,1,0),(1,57,2,0),(1,57,3,0),(1,57,4,0),(1,57,7,0),(1,58,0,0),(1,58,1,0),(1,58,2,0),(1,58,3,0),(1,58,4,0),(1,58,7,0),(1,59,0,0),(1,59,1,0),(1,59,2,0),(1,59,3,0),(1,59,4,0),(1,59,7,0),(2,2,0,0),(2,2,1,0),(2,2,2,0),(2,2,3,0),(2,2,4,0),(2,2,7,0),(2,4,0,0),(2,4,1,0),(2,4,2,0),(2,4,3,0),(2,4,4,0),(2,4,7,0),(2,6,0,0),(2,6,1,0),(2,6,2,0),(2,6,3,0),(2,6,4,0),(2,6,7,0),(2,7,0,0),(2,7,1,0),(2,7,2,0),(2,7,3,0),(2,7,4,0),(2,7,7,0),(2,8,0,0),(2,8,1,0),(2,8,2,0),(2,8,3,0),(2,8,4,0),(2,8,7,0),(2,9,0,0),(2,9,1,0),(2,9,2,0),(2,9,3,0),(2,9,4,0),(2,9,7,0),(2,13,0,1),(2,13,1,1),(2,13,2,1),(2,13,3,0),(2,13,4,0),(2,13,7,1),(2,14,0,0),(2,14,1,0),(2,14,2,0),(2,14,3,0),(2,14,4,0),(2,14,7,0),(2,15,0,0),(2,15,1,0),(2,15,2,0),(2,15,3,0),(2,15,4,0),(2,15,7,0),(2,16,0,0),(2,16,1,0),(2,16,2,0),(2,16,3,0),(2,16,4,0),(2,16,7,0),(2,18,0,0),(2,18,1,0),(2,18,2,0),(2,18,3,0),(2,18,4,0),(2,18,7,0),(2,19,0,0),(2,19,1,0),(2,19,2,0),(2,19,3,0),(2,19,4,0),(2,19,7,0),(2,20,0,0),(2,20,1,0),(2,20,2,0),(2,20,3,0),(2,20,4,0),(2,20,7,0),(2,21,0,0),(2,21,1,0),(2,21,2,0),(2,21,3,0),(2,21,4,0),(2,21,7,0),(2,22,0,0),(2,22,1,0),(2,22,2,0),(2,22,3,0),(2,22,4,0),(2,22,7,0),(2,23,0,0),(2,23,1,0),(2,23,2,0),(2,23,3,0),(2,23,4,0),(2,23,7,0),(2,25,0,1),(2,25,1,1),(2,25,2,1),(2,25,3,0),(2,25,4,0),(2,25,7,1),(2,26,0,0),(2,26,1,0),(2,26,2,0),(2,26,3,0),(2,26,4,0),(2,26,7,0),(2,31,0,0),(2,31,1,0),(2,31,2,0),(2,31,3,0),(2,31,4,0),(2,31,7,0),(2,35,0,0),(2,35,1,0),(2,35,2,0),(2,35,3,0),(2,35,4,0),(2,35,7,0),(2,36,0,0),(2,36,1,0),(2,36,2,0),(2,36,3,0),(2,36,4,0),(2,36,7,0),(2,39,0,0),(2,39,1,0),(2,39,2,0),(2,39,3,0),(2,39,4,0),(2,39,7,0),(2,40,0,0),(2,40,1,0),(2,40,2,0),(2,40,3,0),(2,40,4,0),(2,40,7,0),(2,42,0,0),(2,42,1,0),(2,42,2,0),(2,42,3,0),(2,42,4,0),(2,42,7,0),(2,45,0,0),(2,45,1,0),(2,45,2,0),(2,45,3,0),(2,45,4,0),(2,45,7,0),(2,46,0,0),(2,46,1,0),(2,46,2,0),(2,46,3,0),(2,46,4,0),(2,46,7,0),(2,50,0,0),(2,50,1,0),(2,50,2,0),(2,50,3,0),(2,50,4,0),(2,50,7,0),(2,54,0,0),(2,54,1,0),(2,54,2,0),(2,54,3,0),(2,54,4,0),(2,54,7,0),(2,55,0,0),(2,55,1,0),(2,55,2,0),(2,55,3,0),(2,55,4,0),(2,55,7,0),(2,56,0,0),(2,56,1,0),(2,56,2,0),(2,56,3,0),(2,56,4,0),(2,56,7,0),(2,57,0,0),(2,57,1,0),(2,57,2,0),(2,57,3,0),(2,57,4,0),(2,57,7,0),(2,58,0,0),(2,58,1,0),(2,58,2,0),(2,58,3,0),(2,58,4,0),(2,58,7,0),(2,59,0,0),(2,59,1,0),(2,59,2,0),(2,59,3,0),(2,59,4,0),(2,59,7,0),(3,2,0,1),(3,2,1,1),(3,2,2,1),(3,2,3,0),(3,2,4,0),(3,2,7,1),(3,4,0,0),(3,4,1,0),(3,4,2,0),(3,4,3,0),(3,4,4,0),(3,4,7,0),(3,6,0,0),(3,6,1,0),(3,6,2,0),(3,6,3,0),(3,6,4,0),(3,6,7,0),(3,7,0,0),(3,7,1,0),(3,7,2,0),(3,7,3,0),(3,7,4,0),(3,7,7,0),(3,8,0,0),(3,8,1,0),(3,8,2,0),(3,8,3,0),(3,8,4,0),(3,8,7,0),(3,9,0,0),(3,9,1,0),(3,9,2,0),(3,9,3,0),(3,9,4,0),(3,9,7,0),(3,13,0,0),(3,13,1,0),(3,13,2,0),(3,13,3,0),(3,13,4,0),(3,13,7,0),(3,14,0,0),(3,14,1,0),(3,14,2,0),(3,14,3,0),(3,14,4,0),(3,14,7,0),(3,15,0,0),(3,15,1,0),(3,15,2,0),(3,15,3,0),(3,15,4,0),(3,15,7,0),(3,16,0,0),(3,16,1,0),(3,16,2,0),(3,16,3,0),(3,16,4,0),(3,16,7,0),(3,18,0,0),(3,18,1,0),(3,18,2,0),(3,18,3,0),(3,18,4,0),(3,18,7,0),(3,19,0,0),(3,19,1,0),(3,19,2,0),(3,19,3,0),(3,19,4,0),(3,19,7,0),(3,20,0,0),(3,20,1,0),(3,20,2,0),(3,20,3,0),(3,20,4,0),(3,20,7,0),(3,21,0,0),(3,21,1,0),(3,21,2,0),(3,21,3,0),(3,21,4,0),(3,21,7,0),(3,22,0,0),(3,22,1,0),(3,22,2,0),(3,22,3,0),(3,22,4,0),(3,22,7,0),(3,23,0,0),(3,23,1,0),(3,23,2,0),(3,23,3,0),(3,23,4,0),(3,23,7,0),(3,25,0,1),(3,25,1,1),(3,25,2,1),(3,25,3,0),(3,25,4,0),(3,25,7,1),(3,26,0,0),(3,26,1,0),(3,26,2,0),(3,26,3,0),(3,26,4,0),(3,26,7,0),(3,31,0,0),(3,31,1,0),(3,31,2,0),(3,31,3,0),(3,31,4,0),(3,31,7,0),(3,35,0,0),(3,35,1,0),(3,35,2,0),(3,35,3,0),(3,35,4,0),(3,35,7,0),(3,36,0,0),(3,36,1,0),(3,36,2,0),(3,36,3,0),(3,36,4,0),(3,36,7,0),(3,39,0,0),(3,39,1,0),(3,39,2,0),(3,39,3,0),(3,39,4,0),(3,39,7,0),(3,40,0,0),(3,40,1,0),(3,40,2,0),(3,40,3,0),(3,40,4,0),(3,40,7,0),(3,42,0,0),(3,42,1,0),(3,42,2,0),(3,42,3,0),(3,42,4,0),(3,42,7,0),(3,45,0,0),(3,45,1,0),(3,45,2,0),(3,45,3,0),(3,45,4,0),(3,45,7,0),(3,46,0,0),(3,46,1,0),(3,46,2,0),(3,46,3,0),(3,46,4,0),(3,46,7,0),(3,50,0,0),(3,50,1,0),(3,50,2,0),(3,50,3,0),(3,50,4,0),(3,50,7,0),(3,54,0,0),(3,54,1,0),(3,54,2,0),(3,54,3,0),(3,54,4,0),(3,54,7,0),(3,55,0,0),(3,55,1,0),(3,55,2,0),(3,55,3,0),(3,55,4,0),(3,55,7,0),(3,56,0,0),(3,56,1,0),(3,56,2,0),(3,56,3,0),(3,56,4,0),(3,56,7,0),(3,57,0,0),(3,57,1,0),(3,57,2,0),(3,57,3,0),(3,57,4,0),(3,57,7,0),(3,58,0,0),(3,58,1,0),(3,58,2,0),(3,58,3,0),(3,58,4,0),(3,58,7,0),(3,59,0,0),(3,59,1,0),(3,59,2,0),(3,59,3,0),(3,59,4,0),(3,59,7,0),(4,2,0,1),(4,2,1,1),(4,2,2,1),(4,2,3,0),(4,2,4,0),(4,2,7,1),(4,4,0,1),(4,4,1,1),(4,4,2,1),(4,4,3,0),(4,4,4,0),(4,4,7,1),(4,6,0,1),(4,6,1,1),(4,6,2,1),(4,6,3,0),(4,6,4,0),(4,6,7,1),(4,7,0,1),(4,7,1,1),(4,7,2,1),(4,7,3,0),(4,7,4,0),(4,7,7,1),(4,8,0,1),(4,8,1,1),(4,8,2,1),(4,8,3,0),(4,8,4,0),(4,8,7,1),(4,9,0,1),(4,9,1,1),(4,9,2,1),(4,9,3,0),(4,9,4,0),(4,9,7,1),(4,13,0,1),(4,13,1,1),(4,13,2,1),(4,13,3,0),(4,13,4,0),(4,13,7,1),(4,14,0,1),(4,14,1,1),(4,14,2,1),(4,14,3,0),(4,14,4,0),(4,14,7,1),(4,15,0,1),(4,15,1,1),(4,15,2,1),(4,15,3,0),(4,15,4,0),(4,15,7,1),(4,16,0,1),(4,16,1,1),(4,16,2,1),(4,16,3,0),(4,16,4,0),(4,16,7,1),(4,18,0,1),(4,18,1,1),(4,18,2,1),(4,18,3,0),(4,18,4,0),(4,18,7,1),(4,19,0,1),(4,19,1,1),(4,19,2,1),(4,19,3,0),(4,19,4,0),(4,19,7,1),(4,20,0,1),(4,20,1,1),(4,20,2,1),(4,20,3,0),(4,20,4,0),(4,20,7,1),(4,21,0,1),(4,21,1,1),(4,21,2,1),(4,21,3,0),(4,21,4,0),(4,21,7,1),(4,22,0,1),(4,22,1,1),(4,22,2,1),(4,22,3,0),(4,22,4,0),(4,22,7,1),(4,23,0,1),(4,23,1,1),(4,23,2,1),(4,23,3,0),(4,23,4,0),(4,23,7,1),(4,25,0,1),(4,25,1,1),(4,25,2,1),(4,25,3,0),(4,25,4,0),(4,25,7,1),(4,26,0,1),(4,26,1,1),(4,26,2,1),(4,26,3,0),(4,26,4,0),(4,26,7,1),(4,31,0,0),(4,31,1,0),(4,31,2,0),(4,31,3,0),(4,31,4,0),(4,31,7,0),(4,35,0,0),(4,35,1,0),(4,35,2,0),(4,35,3,0),(4,35,4,0),(4,35,7,0),(4,36,0,0),(4,36,1,0),(4,36,2,0),(4,36,3,0),(4,36,4,0),(4,36,7,0),(4,39,0,0),(4,39,1,0),(4,39,2,0),(4,39,3,0),(4,39,4,0),(4,39,7,0),(4,40,0,0),(4,40,1,0),(4,40,2,0),(4,40,3,0),(4,40,4,0),(4,40,7,0),(4,42,0,0),(4,42,1,0),(4,42,2,0),(4,42,3,0),(4,42,4,0),(4,42,7,0),(4,45,0,0),(4,45,1,0),(4,45,2,0),(4,45,3,0),(4,45,4,0),(4,45,7,0),(4,46,0,0),(4,46,1,0),(4,46,2,0),(4,46,3,0),(4,46,4,0),(4,46,7,0),(4,50,0,0),(4,50,1,0),(4,50,2,0),(4,50,3,0),(4,50,4,0),(4,50,7,0),(4,54,0,0),(4,54,1,0),(4,54,2,0),(4,54,3,0),(4,54,4,0),(4,54,7,0),(4,55,0,0),(4,55,1,0),(4,55,2,0),(4,55,3,0),(4,55,4,0),(4,55,7,0),(4,56,0,0),(4,56,1,0),(4,56,2,0),(4,56,3,0),(4,56,4,0),(4,56,7,0),(4,57,0,0),(4,57,1,0),(4,57,2,0),(4,57,3,0),(4,57,4,0),(4,57,7,0),(4,58,0,0),(4,58,1,0),(4,58,2,0),(4,58,3,0),(4,58,4,0),(4,58,7,0),(4,59,0,0),(4,59,1,0),(4,59,2,0),(4,59,3,0),(4,59,4,0),(4,59,7,0),(5,2,0,1),(5,2,1,1),(5,2,2,1),(5,2,4,0),(5,2,7,1),(5,4,0,1),(5,4,1,1),(5,4,2,1),(5,4,4,0),(5,4,7,1),(5,6,0,1),(5,6,1,1),(5,6,2,1),(5,6,4,0),(5,6,7,1),(5,7,0,1),(5,7,1,1),(5,7,2,1),(5,7,4,0),(5,7,7,1),(5,8,0,1),(5,8,1,1),(5,8,2,1),(5,8,4,0),(5,8,7,1),(5,9,0,1),(5,9,1,1),(5,9,2,1),(5,9,4,0),(5,9,7,1),(5,13,0,1),(5,13,1,1),(5,13,2,1),(5,13,4,0),(5,13,7,1),(5,14,0,1),(5,14,1,1),(5,14,2,1),(5,14,4,0),(5,14,7,1),(5,15,0,1),(5,15,1,1),(5,15,2,1),(5,15,4,0),(5,15,7,1),(5,16,0,1),(5,16,1,1),(5,16,2,1),(5,16,4,0),(5,16,7,1),(5,18,0,1),(5,18,1,1),(5,18,2,1),(5,18,4,0),(5,18,7,1),(5,19,0,1),(5,19,1,1),(5,19,2,1),(5,19,4,0),(5,19,7,1),(5,20,0,1),(5,20,1,1),(5,20,2,1),(5,20,4,0),(5,20,7,1),(5,21,0,1),(5,21,1,1),(5,21,2,1),(5,21,4,0),(5,21,7,1),(5,22,0,1),(5,22,1,1),(5,22,2,1),(5,22,4,0),(5,22,7,1),(5,23,0,1),(5,23,1,1),(5,23,2,1),(5,23,4,0),(5,23,7,1),(5,25,0,1),(5,25,1,0),(5,25,2,0),(5,25,4,0),(5,25,7,0),(5,26,0,1),(5,26,1,1),(5,26,2,1),(5,26,4,0),(5,26,7,1),(5,31,0,1),(5,31,1,1),(5,31,2,1),(5,31,4,0),(5,31,7,1),(5,35,0,1),(5,35,1,1),(5,35,2,1),(5,35,4,0),(5,35,7,1),(5,36,0,1),(5,36,1,1),(5,36,2,1),(5,36,4,0),(5,36,7,1),(5,40,0,1),(5,40,1,1),(5,40,2,1),(5,40,4,0),(5,40,7,1),(5,42,0,1),(5,42,1,1),(5,42,2,1),(5,42,4,0),(5,42,7,1),(5,45,0,1),(5,45,1,1),(5,45,2,1),(5,45,4,0),(5,45,7,1),(5,46,0,1),(5,46,1,1),(5,46,2,1),(5,46,4,0),(5,46,7,1),(5,50,0,1),(5,50,1,1),(5,50,2,1),(5,50,4,0),(5,50,7,1),(5,54,0,1),(5,54,1,1),(5,54,2,1),(5,54,4,0),(5,54,7,1),(5,55,0,1),(5,55,1,1),(5,55,2,1),(5,55,4,0),(5,55,7,1),(5,56,0,1),(5,56,1,1),(5,56,2,1),(5,56,4,0),(5,56,7,1),(5,57,0,1),(5,57,1,1),(5,57,2,1),(5,57,4,0),(5,57,7,1),(5,58,0,1),(5,58,1,1),(5,58,2,1),(5,58,4,0),(5,58,7,1),(5,59,0,1),(5,59,1,1),(5,59,2,1),(5,59,4,0),(5,59,7,1),(6,2,0,0),(6,2,1,0),(6,2,2,0),(6,2,4,0),(6,2,7,0),(6,4,0,0),(6,4,1,0),(6,4,2,0),(6,4,4,0),(6,4,7,0),(6,6,0,0),(6,6,1,0),(6,6,2,0),(6,6,4,0),(6,6,7,0),(6,7,0,0),(6,7,1,0),(6,7,2,0),(6,7,4,0),(6,7,7,0),(6,8,0,0),(6,8,1,0),(6,8,2,0),(6,8,4,0),(6,8,7,0),(6,9,0,0),(6,9,1,0),(6,9,2,0),(6,9,4,0),(6,9,7,0),(6,13,0,0),(6,13,1,0),(6,13,2,0),(6,13,4,0),(6,13,7,0),(6,14,0,0),(6,14,1,0),(6,14,2,0),(6,14,4,0),(6,14,7,0),(6,15,0,0),(6,15,1,0),(6,15,2,0),(6,15,4,0),(6,15,7,0),(6,16,0,0),(6,16,1,0),(6,16,2,0),(6,16,4,0),(6,16,7,0),(6,18,0,0),(6,18,1,0),(6,18,2,0),(6,18,4,0),(6,18,7,0),(6,19,0,0),(6,19,1,0),(6,19,2,0),(6,19,4,0),(6,19,7,0),(6,20,0,0),(6,20,1,0),(6,20,2,0),(6,20,4,0),(6,20,7,0),(6,21,0,0),(6,21,1,0),(6,21,2,0),(6,21,4,0),(6,21,7,0),(6,22,0,0),(6,22,1,0),(6,22,2,0),(6,22,4,0),(6,22,7,0),(6,23,0,0),(6,23,1,0),(6,23,2,0),(6,23,4,0),(6,23,7,0),(6,25,0,1),(6,25,1,0),(6,25,2,0),(6,25,4,0),(6,25,7,0),(6,26,0,0),(6,26,1,0),(6,26,2,0),(6,26,4,0),(6,26,7,0),(6,31,0,0),(6,31,1,0),(6,31,2,0),(6,31,4,0),(6,31,7,0),(6,35,0,0),(6,35,1,0),(6,35,2,0),(6,35,4,0),(6,35,7,0),(6,36,0,0),(6,36,1,0),(6,36,2,0),(6,36,4,0),(6,36,7,0),(6,40,0,0),(6,40,1,0),(6,40,2,0),(6,40,4,0),(6,40,7,0),(6,42,0,0),(6,42,1,0),(6,42,2,0),(6,42,4,0),(6,42,7,0),(6,45,0,0),(6,45,1,0),(6,45,2,0),(6,45,4,0),(6,45,7,0),(6,46,0,0),(6,46,1,0),(6,46,2,0),(6,46,4,0),(6,46,7,0),(6,50,0,0),(6,50,1,0),(6,50,2,0),(6,50,4,0),(6,50,7,0),(6,54,0,0),(6,54,1,0),(6,54,2,0),(6,54,4,0),(6,54,7,0),(6,55,0,0),(6,55,1,0),(6,55,2,0),(6,55,4,0),(6,55,7,0),(6,56,0,0),(6,56,1,0),(6,56,2,0),(6,56,4,0),(6,56,7,0),(6,57,0,0),(6,57,1,0),(6,57,2,0),(6,57,4,0),(6,57,7,0),(6,58,0,0),(6,58,1,0),(6,58,2,0),(6,58,4,0),(6,58,7,0),(6,59,0,0),(6,59,1,0),(6,59,2,0),(6,59,4,0),(6,59,7,0);
/*!40000 ALTER TABLE `vtiger_profile2standardpermissions` ENABLE KEYS */;
UNLOCK TABLES;

--
-- Table structure for table `vtiger_profile2tab`
--

DROP TABLE IF EXISTS `vtiger_profile2tab`;
/*!40101 SET @saved_cs_client     = @@character_set_client */;
/*!40101 SET character_set_client = utf8 */;
CREATE TABLE `vtiger_profile2tab` (
  `profileid` int(11) DEFAULT NULL,
  `tabid` int(10) DEFAULT NULL,
  `permissions` int(10) NOT NULL DEFAULT '0',
  KEY `profile2tab_profileid_tabid_idx` (`profileid`,`tabid`)
) ENGINE=InnoDB DEFAULT CHARSET=utf8;
/*!40101 SET character_set_client = @saved_cs_client */;

--
-- Dumping data for table `vtiger_profile2tab`
--

LOCK TABLES `vtiger_profile2tab` WRITE;
/*!40000 ALTER TABLE `vtiger_profile2tab` DISABLE KEYS */;
INSERT INTO `vtiger_profile2tab` VALUES (1,1,0),(1,2,0),(1,3,0),(1,4,0),(1,6,0),(1,7,0),(1,8,0),(1,9,0),(1,10,0),(1,13,0),(1,14,0),(1,15,0),(1,16,0),(1,18,0),(1,19,0),(1,20,0),(1,21,0),(1,22,0),(1,23,0),(1,24,0),(1,25,0),(1,26,0),(1,27,0),(1,30,1),(2,1,0),(2,2,0),(2,3,0),(2,4,0),(2,6,0),(2,7,0),(2,8,0),(2,9,0),(2,10,0),(2,13,0),(2,14,0),(2,15,0),(2,16,0),(2,18,0),(2,19,0),(2,20,0),(2,21,0),(2,22,0),(2,23,0),(2,24,0),(2,25,0),(2,26,0),(2,27,0),(2,30,1),(3,1,0),(3,2,0),(3,3,0),(3,4,0),(3,6,0),(3,7,0),(3,8,0),(3,9,0),(3,10,0),(3,13,0),(3,14,0),(3,15,0),(3,16,0),(3,18,0),(3,19,0),(3,20,0),(3,21,0),(3,22,0),(3,23,0),(3,24,0),(3,25,0),(3,26,0),(3,27,0),(3,30,1),(4,1,0),(4,2,0),(4,3,0),(4,4,0),(4,6,0),(4,7,0),(4,8,0),(4,9,0),(4,10,0),(4,13,0),(4,14,0),(4,15,0),(4,16,0),(4,18,0),(4,19,0),(4,20,0),(4,21,0),(4,22,0),(4,23,0),(4,24,0),(4,25,0),(4,26,0),(4,27,0),(4,30,1),(1,31,0),(2,31,0),(3,31,0),(4,31,0),(1,32,0),(2,32,0),(3,32,0),(4,32,0),(1,33,0),(2,33,0),(3,33,0),(4,33,0),(1,34,0),(2,34,0),(3,34,0),(4,34,0),(1,35,0),(2,35,0),(3,35,0),(4,35,0),(1,36,0),(2,36,0),(3,36,0),(4,36,0),(1,37,0),(2,37,0),(3,37,0),(4,37,0),(1,38,0),(2,38,0),(3,38,0),(4,38,0),(1,39,0),(2,39,0),(3,39,0),(4,39,0),(1,40,0),(2,40,0),(3,40,0),(4,40,0),(1,41,0),(2,41,0),(3,41,0),(4,41,0),(1,42,0),(2,42,0),(3,42,0),(4,42,0),(1,43,0),(2,43,0),(3,43,0),(4,43,0),(1,44,0),(2,44,0),(3,44,0),(4,44,0),(1,45,0),(2,45,0),(3,45,0),(4,45,0),(1,46,0),(2,46,0),(3,46,0),(4,46,0),(1,47,0),(2,47,0),(3,47,0),(4,47,0),(1,48,0),(2,48,0),(3,48,0),(4,48,0),(1,49,0),(2,49,0),(3,49,0),(4,49,0),(1,50,0),(2,50,0),(3,50,0),(4,50,0),(1,51,0),(2,51,0),(3,51,0),(4,51,0),(1,52,0),(2,52,0),(3,52,0),(4,52,0),(1,53,0),(2,53,0),(3,53,0),(4,53,0),(1,54,0),(2,54,0),(3,54,0),(4,54,0),(1,55,0),(2,55,0),(3,55,0),(4,55,0),(1,56,0),(2,56,0),(3,56,0),(4,56,0),(1,57,0),(2,57,0),(3,57,0),(4,57,0),(1,58,0),(2,58,0),(3,58,0),(4,58,0),(1,59,0),(2,59,0),(3,59,0),(4,59,0),(1,60,0),(2,60,0),(3,60,0),(4,60,0),(1,61,0),(2,61,0),(3,61,0),(4,61,0),(5,1,0),(5,2,0),(5,4,0),(5,6,0),(5,7,0),(5,8,0),(5,9,0),(5,10,0),(5,13,0),(5,14,0),(5,15,0),(5,18,0),(5,19,0),(5,20,0),(5,21,0),(5,22,0),(5,23,0),(5,24,0),(5,25,0),(5,26,0),(5,27,0),(5,30,0),(5,31,0),(5,35,0),(5,36,0),(5,38,0),(5,39,0),(5,40,0),(5,41,0),(5,42,0),(5,43,0),(5,44,0),(5,45,0),(5,46,0),(5,47,0),(5,48,0),(5,49,0),(5,50,0),(5,51,0),(5,52,0),(5,53,0),(5,54,0),(5,55,0),(5,56,0),(5,57,0),(5,58,0),(5,59,0),(5,16,0),(6,1,0),(6,2,0),(6,4,0),(6,6,0),(6,7,0),(6,8,0),(6,9,0),(6,10,0),(6,13,0),(6,14,0),(6,15,0),(6,18,0),(6,19,0),(6,20,0),(6,21,0),(6,22,0),(6,23,0),(6,24,0),(6,25,0),(6,26,0),(6,27,0),(6,30,0),(6,31,0),(6,35,0),(6,36,0),(6,38,0),(6,39,0),(6,40,0),(6,41,0),(6,42,0),(6,43,0),(6,44,0),(6,45,0),(6,46,0),(6,47,0),(6,48,0),(6,49,0),(6,50,0),(6,51,0),(6,52,0),(6,53,0),(6,54,0),(6,55,0),(6,56,0),(6,57,0),(6,58,0),(6,59,0),(6,16,0);
/*!40000 ALTER TABLE `vtiger_profile2tab` ENABLE KEYS */;
UNLOCK TABLES;

--
-- Table structure for table `vtiger_profile2utility`
--

DROP TABLE IF EXISTS `vtiger_profile2utility`;
/*!40101 SET @saved_cs_client     = @@character_set_client */;
/*!40101 SET character_set_client = utf8 */;
CREATE TABLE `vtiger_profile2utility` (
  `profileid` int(11) NOT NULL,
  `tabid` int(11) NOT NULL,
  `activityid` int(11) NOT NULL,
  `permission` int(1) DEFAULT NULL,
  PRIMARY KEY (`profileid`,`tabid`,`activityid`),
  KEY `profile2utility_profileid_tabid_activityid_idx` (`profileid`,`tabid`,`activityid`)
) ENGINE=InnoDB DEFAULT CHARSET=utf8;
/*!40101 SET character_set_client = @saved_cs_client */;

--
-- Dumping data for table `vtiger_profile2utility`
--

LOCK TABLES `vtiger_profile2utility` WRITE;
/*!40000 ALTER TABLE `vtiger_profile2utility` DISABLE KEYS */;
INSERT INTO `vtiger_profile2utility` VALUES (1,2,5,0),(1,2,6,0),(1,2,8,0),(1,2,10,0),(1,4,5,0),(1,4,6,0),(1,4,8,0),(1,4,10,0),(1,6,5,0),(1,6,6,0),(1,6,8,0),(1,6,10,0),(1,7,5,0),(1,7,6,0),(1,7,8,0),(1,7,9,0),(1,7,10,0),(1,8,6,0),(1,9,5,0),(1,9,6,0),(1,13,5,0),(1,13,6,0),(1,13,8,0),(1,13,10,0),(1,14,5,0),(1,14,6,0),(1,14,10,0),(1,18,5,0),(1,18,6,0),(1,18,10,0),(1,19,5,1),(1,19,6,1),(1,19,10,1),(1,20,5,0),(1,20,6,0),(1,21,5,0),(1,21,6,0),(1,22,5,0),(1,22,6,0),(1,23,5,0),(1,23,6,0),(1,25,6,0),(1,25,13,0),(1,31,5,0),(1,31,6,0),(1,31,10,0),(1,35,11,0),(1,35,12,0),(1,36,5,0),(1,36,6,0),(1,36,10,0),(1,50,5,0),(1,50,6,0),(1,50,10,0),(1,54,5,1),(1,54,6,1),(1,54,10,1),(1,55,5,0),(1,55,6,0),(1,55,10,0),(1,56,5,0),(1,56,6,0),(1,56,10,0),(1,57,5,0),(1,57,6,0),(1,57,10,0),(1,58,5,0),(1,58,6,0),(1,58,10,0),(1,59,5,0),(1,59,6,0),(1,59,10,0),(2,2,5,1),(2,2,6,1),(2,2,8,0),(2,2,10,0),(2,4,5,1),(2,4,6,1),(2,4,8,0),(2,4,10,0),(2,6,5,1),(2,6,6,1),(2,6,8,0),(2,6,10,0),(2,7,5,1),(2,7,6,1),(2,7,8,0),(2,7,9,0),(2,7,10,0),(2,8,6,1),(2,9,5,0),(2,9,6,0),(2,13,5,1),(2,13,6,1),(2,13,8,0),(2,13,10,0),(2,14,5,1),(2,14,6,1),(2,14,10,0),(2,18,5,1),(2,18,6,1),(2,18,10,0),(2,19,5,1),(2,19,6,1),(2,19,10,1),(2,20,5,0),(2,20,6,0),(2,21,5,0),(2,21,6,0),(2,22,5,0),(2,22,6,0),(2,23,5,0),(2,23,6,0),(2,25,6,0),(2,25,13,0),(2,31,5,0),(2,31,6,0),(2,31,10,0),(2,35,11,0),(2,35,12,0),(2,36,5,0),(2,36,6,0),(2,36,10,0),(2,50,5,0),(2,50,6,0),(2,50,10,0),(2,54,5,1),(2,54,6,1),(2,54,10,1),(2,55,5,0),(2,55,6,0),(2,55,10,0),(2,56,5,0),(2,56,6,0),(2,56,10,0),(2,57,5,0),(2,57,6,0),(2,57,10,0),(2,58,5,0),(2,58,6,0),(2,58,10,0),(2,59,5,0),(2,59,6,0),(2,59,10,0),(3,2,5,1),(3,2,6,1),(3,2,8,0),(3,2,10,0),(3,4,5,1),(3,4,6,1),(3,4,8,0),(3,4,10,0),(3,6,5,1),(3,6,6,1),(3,6,8,0),(3,6,10,0),(3,7,5,1),(3,7,6,1),(3,7,8,0),(3,7,9,0),(3,7,10,0),(3,8,6,1),(3,9,5,0),(3,9,6,0),(3,13,5,1),(3,13,6,1),(3,13,8,0),(3,13,10,0),(3,14,5,1),(3,14,6,1),(3,14,10,0),(3,18,5,1),(3,18,6,1),(3,18,10,0),(3,19,5,1),(3,19,6,1),(3,19,10,1),(3,20,5,0),(3,20,6,0),(3,21,5,0),(3,21,6,0),(3,22,5,0),(3,22,6,0),(3,23,5,0),(3,23,6,0),(3,25,6,0),(3,25,13,0),(3,31,5,0),(3,31,6,0),(3,31,10,0),(3,35,11,0),(3,35,12,0),(3,36,5,0),(3,36,6,0),(3,36,10,0),(3,50,5,0),(3,50,6,0),(3,50,10,0),(3,54,5,1),(3,54,6,1),(3,54,10,1),(3,55,5,0),(3,55,6,0),(3,55,10,0),(3,56,5,0),(3,56,6,0),(3,56,10,0),(3,57,5,0),(3,57,6,0),(3,57,10,0),(3,58,5,0),(3,58,6,0),(3,58,10,0),(3,59,5,0),(3,59,6,0),(3,59,10,0),(4,2,5,1),(4,2,6,1),(4,2,10,0),(4,4,5,1),(4,4,6,1),(4,4,8,1),(4,4,10,0),(4,6,5,1),(4,6,6,1),(4,6,8,1),(4,6,10,0),(4,7,5,1),(4,7,6,1),(4,7,8,1),(4,7,9,0),(4,7,10,0),(4,8,6,1),(4,9,5,0),(4,9,6,0),(4,13,5,1),(4,13,6,1),(4,13,8,1),(4,13,10,0),(4,14,5,1),(4,14,6,1),(4,14,10,0),(4,18,5,1),(4,18,6,1),(4,18,10,0),(4,19,5,1),(4,19,6,1),(4,19,10,1),(4,20,5,0),(4,20,6,0),(4,21,5,0),(4,21,6,0),(4,22,5,0),(4,22,6,0),(4,23,5,0),(4,23,6,0),(4,25,6,0),(4,25,13,0),(4,31,5,0),(4,31,6,0),(4,31,10,0),(4,35,11,0),(4,35,12,0),(4,36,5,0),(4,36,6,0),(4,36,10,0),(4,50,5,0),(4,50,6,0),(4,50,10,0),(4,54,5,1),(4,54,6,1),(4,54,10,1),(4,55,5,0),(4,55,6,0),(4,55,10,0),(4,56,5,0),(4,56,6,0),(4,56,10,0),(4,57,5,0),(4,57,6,0),(4,57,10,0),(4,58,5,0),(4,58,6,0),(4,58,10,0),(4,59,5,0),(4,59,6,0),(4,59,10,0),(5,2,5,0),(5,2,6,0),(5,2,8,0),(5,2,10,0),(5,4,5,0),(5,4,6,0),(5,4,8,0),(5,4,10,0),(5,6,5,0),(5,6,6,0),(5,6,8,0),(5,6,10,0),(5,7,5,0),(5,7,6,0),(5,7,8,0),(5,7,9,0),(5,7,10,0),(5,8,6,0),(5,9,5,0),(5,9,6,0),(5,13,5,0),(5,13,6,0),(5,13,8,0),(5,13,10,0),(5,14,5,0),(5,14,6,0),(5,14,10,0),(5,16,5,0),(5,16,6,0),(5,18,5,0),(5,18,6,0),(5,18,10,0),(5,19,5,0),(5,19,6,0),(5,19,10,0),(5,20,5,0),(5,20,6,0),(5,21,5,0),(5,21,6,0),(5,22,5,0),(5,22,6,0),(5,23,5,0),(5,23,6,0),(5,25,6,0),(5,25,13,0),(5,31,5,0),(5,31,6,0),(5,31,10,0),(5,35,5,1),(5,35,6,1),(5,35,8,1),(5,35,11,0),(5,35,12,0),(5,36,5,0),(5,36,6,0),(5,36,10,0),(5,42,5,1),(5,42,6,1),(5,42,10,1),(5,45,5,1),(5,45,6,1),(5,45,8,1),(5,45,10,1),(5,50,5,0),(5,50,6,0),(5,50,8,1),(5,50,10,0),(5,54,5,0),(5,54,6,0),(5,54,10,0),(5,55,5,0),(5,55,6,0),(5,55,10,0),(5,56,5,0),(5,56,6,0),(5,56,10,0),(5,57,5,0),(5,57,6,0),(5,57,10,0),(5,58,5,0),(5,58,6,0),(5,58,8,1),(5,58,10,0),(5,59,5,0),(5,59,6,0),(5,59,10,0),(6,2,5,0),(6,2,6,0),(6,2,8,0),(6,2,10,0),(6,4,5,0),(6,4,6,0),(6,4,8,0),(6,4,10,0),(6,6,5,0),(6,6,6,0),(6,6,8,0),(6,6,10,0),(6,7,5,0),(6,7,6,0),(6,7,8,0),(6,7,9,0),(6,7,10,0),(6,8,6,0),(6,9,5,0),(6,9,6,0),(6,13,5,0),(6,13,6,0),(6,13,8,0),(6,13,10,0),(6,14,5,0),(6,14,6,0),(6,14,10,0),(6,16,5,0),(6,16,6,0),(6,18,5,0),(6,18,6,0),(6,18,10,0),(6,19,5,0),(6,19,6,0),(6,19,10,0),(6,20,5,0),(6,20,6,0),(6,21,5,0),(6,21,6,0),(6,22,5,0),(6,22,6,0),(6,23,5,0),(6,23,6,0),(6,25,6,0),(6,25,13,0),(6,31,5,0),(6,31,6,0),(6,31,10,0),(6,35,5,0),(6,35,6,0),(6,35,8,0),(6,35,11,0),(6,35,12,0),(6,36,5,0),(6,36,6,0),(6,36,10,0),(6,42,5,0),(6,42,6,0),(6,42,10,0),(6,45,5,0),(6,45,6,0),(6,45,8,0),(6,45,10,0),(6,50,5,0),(6,50,6,0),(6,50,8,0),(6,50,10,0),(6,54,5,0),(6,54,6,0),(6,54,10,0),(6,55,5,0),(6,55,6,0),(6,55,10,0),(6,56,5,0),(6,56,6,0),(6,56,10,0),(6,57,5,0),(6,57,6,0),(6,57,10,0),(6,58,5,0),(6,58,6,0),(6,58,8,0),(6,58,10,0),(6,59,5,0),(6,59,6,0),(6,59,10,0);
/*!40000 ALTER TABLE `vtiger_profile2utility` ENABLE KEYS */;
UNLOCK TABLES;

--
-- Table structure for table `vtiger_profile_seq`
--

DROP TABLE IF EXISTS `vtiger_profile_seq`;
/*!40101 SET @saved_cs_client     = @@character_set_client */;
/*!40101 SET character_set_client = utf8 */;
CREATE TABLE `vtiger_profile_seq` (
  `id` int(11) NOT NULL
) ENGINE=InnoDB DEFAULT CHARSET=utf8;
/*!40101 SET character_set_client = @saved_cs_client */;

--
-- Dumping data for table `vtiger_profile_seq`
--

LOCK TABLES `vtiger_profile_seq` WRITE;
/*!40000 ALTER TABLE `vtiger_profile_seq` DISABLE KEYS */;
INSERT INTO `vtiger_profile_seq` VALUES (6);
/*!40000 ALTER TABLE `vtiger_profile_seq` ENABLE KEYS */;
UNLOCK TABLES;

--
-- Table structure for table `vtiger_progress`
--

DROP TABLE IF EXISTS `vtiger_progress`;
/*!40101 SET @saved_cs_client     = @@character_set_client */;
/*!40101 SET character_set_client = utf8 */;
CREATE TABLE `vtiger_progress` (
  `progressid` int(11) NOT NULL AUTO_INCREMENT,
  `progress` varchar(200) NOT NULL,
  `presence` int(1) NOT NULL DEFAULT '1',
  `picklist_valueid` int(11) NOT NULL DEFAULT '0',
  `sortorderid` int(11) DEFAULT '0',
  `color` varchar(10) DEFAULT NULL,
  PRIMARY KEY (`progressid`)
) ENGINE=InnoDB AUTO_INCREMENT=12 DEFAULT CHARSET=utf8;
/*!40101 SET character_set_client = @saved_cs_client */;

--
-- Dumping data for table `vtiger_progress`
--

LOCK TABLES `vtiger_progress` WRITE;
/*!40000 ALTER TABLE `vtiger_progress` DISABLE KEYS */;
INSERT INTO `vtiger_progress` VALUES (2,'10%',1,282,2,NULL),(3,'20%',1,283,3,NULL),(4,'30%',1,284,4,NULL),(5,'40%',1,285,5,NULL),(6,'50%',1,286,6,NULL),(7,'60%',1,287,7,NULL),(8,'70%',1,288,8,NULL),(9,'80%',1,289,9,NULL),(10,'90%',1,290,10,NULL),(11,'100%',1,291,11,NULL);
/*!40000 ALTER TABLE `vtiger_progress` ENABLE KEYS */;
UNLOCK TABLES;

--
-- Table structure for table `vtiger_progress_seq`
--

DROP TABLE IF EXISTS `vtiger_progress_seq`;
/*!40101 SET @saved_cs_client     = @@character_set_client */;
/*!40101 SET character_set_client = utf8 */;
CREATE TABLE `vtiger_progress_seq` (
  `id` int(11) NOT NULL
) ENGINE=InnoDB DEFAULT CHARSET=utf8;
/*!40101 SET character_set_client = @saved_cs_client */;

--
-- Dumping data for table `vtiger_progress_seq`
--

LOCK TABLES `vtiger_progress_seq` WRITE;
/*!40000 ALTER TABLE `vtiger_progress_seq` DISABLE KEYS */;
INSERT INTO `vtiger_progress_seq` VALUES (11);
/*!40000 ALTER TABLE `vtiger_progress_seq` ENABLE KEYS */;
UNLOCK TABLES;

--
-- Table structure for table `vtiger_project`
--

DROP TABLE IF EXISTS `vtiger_project`;
/*!40101 SET @saved_cs_client     = @@character_set_client */;
/*!40101 SET character_set_client = utf8 */;
CREATE TABLE `vtiger_project` (
  `projectid` int(19) NOT NULL,
  `projectname` varchar(255) DEFAULT NULL,
  `project_no` varchar(100) DEFAULT NULL,
  `startdate` date DEFAULT NULL,
  `targetenddate` date DEFAULT NULL,
  `actualenddate` date DEFAULT NULL,
  `targetbudget` varchar(255) DEFAULT NULL,
  `projecturl` varchar(255) DEFAULT NULL,
  `projectstatus` varchar(100) DEFAULT NULL,
  `projectpriority` varchar(100) DEFAULT NULL,
  `projecttype` varchar(100) DEFAULT NULL,
  `progress` varchar(100) DEFAULT NULL,
  `linktoaccountscontacts` varchar(100) DEFAULT NULL,
  `tags` varchar(1) DEFAULT NULL,
  `isconvertedfrompotential` int(1) NOT NULL DEFAULT '0',
  `potentialid` varchar(100) DEFAULT NULL,
  PRIMARY KEY (`projectid`),
  CONSTRAINT `fk_crmid_vtiger_project` FOREIGN KEY (`projectid`) REFERENCES `vtiger_crmentity` (`crmid`) ON DELETE CASCADE
) ENGINE=InnoDB DEFAULT CHARSET=utf8;
/*!40101 SET character_set_client = @saved_cs_client */;

--
-- Dumping data for table `vtiger_project`
--

LOCK TABLES `vtiger_project` WRITE;
/*!40000 ALTER TABLE `vtiger_project` DISABLE KEYS */;
INSERT INTO `vtiger_project` VALUES (5,'тест проект1','PROJ1','2020-06-04','2020-06-18',NULL,'','','prospecting','','','','','',0,'0');
/*!40000 ALTER TABLE `vtiger_project` ENABLE KEYS */;
UNLOCK TABLES;

--
-- Table structure for table `vtiger_projectcf`
--

DROP TABLE IF EXISTS `vtiger_projectcf`;
/*!40101 SET @saved_cs_client     = @@character_set_client */;
/*!40101 SET character_set_client = utf8 */;
CREATE TABLE `vtiger_projectcf` (
  `projectid` int(11) NOT NULL,
  PRIMARY KEY (`projectid`),
  CONSTRAINT `fk_projectid_vtiger_projectcf` FOREIGN KEY (`projectid`) REFERENCES `vtiger_project` (`projectid`) ON DELETE CASCADE
) ENGINE=InnoDB DEFAULT CHARSET=utf8;
/*!40101 SET character_set_client = @saved_cs_client */;

--
-- Dumping data for table `vtiger_projectcf`
--

LOCK TABLES `vtiger_projectcf` WRITE;
/*!40000 ALTER TABLE `vtiger_projectcf` DISABLE KEYS */;
INSERT INTO `vtiger_projectcf` VALUES (5);
/*!40000 ALTER TABLE `vtiger_projectcf` ENABLE KEYS */;
UNLOCK TABLES;

--
-- Table structure for table `vtiger_projectmilestone`
--

DROP TABLE IF EXISTS `vtiger_projectmilestone`;
/*!40101 SET @saved_cs_client     = @@character_set_client */;
/*!40101 SET character_set_client = utf8 */;
CREATE TABLE `vtiger_projectmilestone` (
  `projectmilestoneid` int(11) NOT NULL,
  `projectmilestonename` varchar(255) DEFAULT NULL,
  `projectmilestone_no` varchar(100) DEFAULT NULL,
  `projectmilestonedate` varchar(255) DEFAULT NULL,
  `projectid` varchar(100) DEFAULT NULL,
  `projectmilestonetype` varchar(100) DEFAULT NULL,
  `tags` varchar(1) DEFAULT NULL,
  PRIMARY KEY (`projectmilestoneid`),
  CONSTRAINT `fk_crmid_vtiger_projectmilestone` FOREIGN KEY (`projectmilestoneid`) REFERENCES `vtiger_crmentity` (`crmid`) ON DELETE CASCADE
) ENGINE=InnoDB DEFAULT CHARSET=utf8;
/*!40101 SET character_set_client = @saved_cs_client */;

--
-- Dumping data for table `vtiger_projectmilestone`
--

LOCK TABLES `vtiger_projectmilestone` WRITE;
/*!40000 ALTER TABLE `vtiger_projectmilestone` DISABLE KEYS */;
/*!40000 ALTER TABLE `vtiger_projectmilestone` ENABLE KEYS */;
UNLOCK TABLES;

--
-- Table structure for table `vtiger_projectmilestonecf`
--

DROP TABLE IF EXISTS `vtiger_projectmilestonecf`;
/*!40101 SET @saved_cs_client     = @@character_set_client */;
/*!40101 SET character_set_client = utf8 */;
CREATE TABLE `vtiger_projectmilestonecf` (
  `projectmilestoneid` int(11) NOT NULL DEFAULT '0',
  PRIMARY KEY (`projectmilestoneid`),
  CONSTRAINT `fk_projectmilestoneid_vtiger_projectmilestonecf` FOREIGN KEY (`projectmilestoneid`) REFERENCES `vtiger_projectmilestone` (`projectmilestoneid`) ON DELETE CASCADE
) ENGINE=InnoDB DEFAULT CHARSET=utf8;
/*!40101 SET character_set_client = @saved_cs_client */;

--
-- Dumping data for table `vtiger_projectmilestonecf`
--

LOCK TABLES `vtiger_projectmilestonecf` WRITE;
/*!40000 ALTER TABLE `vtiger_projectmilestonecf` DISABLE KEYS */;
/*!40000 ALTER TABLE `vtiger_projectmilestonecf` ENABLE KEYS */;
UNLOCK TABLES;

--
-- Table structure for table `vtiger_projectmilestonetype`
--

DROP TABLE IF EXISTS `vtiger_projectmilestonetype`;
/*!40101 SET @saved_cs_client     = @@character_set_client */;
/*!40101 SET character_set_client = utf8 */;
CREATE TABLE `vtiger_projectmilestonetype` (
  `projectmilestonetypeid` int(11) NOT NULL AUTO_INCREMENT,
  `projectmilestonetype` varchar(200) NOT NULL,
  `presence` int(1) NOT NULL DEFAULT '1',
  `picklist_valueid` int(11) NOT NULL DEFAULT '0',
  `sortorderid` int(11) DEFAULT '0',
  `color` varchar(10) DEFAULT NULL,
  PRIMARY KEY (`projectmilestonetypeid`)
) ENGINE=InnoDB AUTO_INCREMENT=5 DEFAULT CHARSET=utf8;
/*!40101 SET character_set_client = @saved_cs_client */;

--
-- Dumping data for table `vtiger_projectmilestonetype`
--

LOCK TABLES `vtiger_projectmilestonetype` WRITE;
/*!40000 ALTER TABLE `vtiger_projectmilestonetype` DISABLE KEYS */;
INSERT INTO `vtiger_projectmilestonetype` VALUES (2,'administrative',1,242,2,NULL),(3,'operative',1,243,3,NULL),(4,'other',1,244,4,NULL);
/*!40000 ALTER TABLE `vtiger_projectmilestonetype` ENABLE KEYS */;
UNLOCK TABLES;

--
-- Table structure for table `vtiger_projectmilestonetype_seq`
--

DROP TABLE IF EXISTS `vtiger_projectmilestonetype_seq`;
/*!40101 SET @saved_cs_client     = @@character_set_client */;
/*!40101 SET character_set_client = utf8 */;
CREATE TABLE `vtiger_projectmilestonetype_seq` (
  `id` int(11) NOT NULL
) ENGINE=InnoDB DEFAULT CHARSET=utf8;
/*!40101 SET character_set_client = @saved_cs_client */;

--
-- Dumping data for table `vtiger_projectmilestonetype_seq`
--

LOCK TABLES `vtiger_projectmilestonetype_seq` WRITE;
/*!40000 ALTER TABLE `vtiger_projectmilestonetype_seq` DISABLE KEYS */;
INSERT INTO `vtiger_projectmilestonetype_seq` VALUES (4);
/*!40000 ALTER TABLE `vtiger_projectmilestonetype_seq` ENABLE KEYS */;
UNLOCK TABLES;

--
-- Table structure for table `vtiger_projectpriority`
--

DROP TABLE IF EXISTS `vtiger_projectpriority`;
/*!40101 SET @saved_cs_client     = @@character_set_client */;
/*!40101 SET character_set_client = utf8 */;
CREATE TABLE `vtiger_projectpriority` (
  `projectpriorityid` int(11) NOT NULL AUTO_INCREMENT,
  `projectpriority` varchar(200) NOT NULL,
  `presence` int(1) NOT NULL DEFAULT '1',
  `picklist_valueid` int(11) NOT NULL DEFAULT '0',
  `sortorderid` int(11) DEFAULT '0',
  `color` varchar(10) DEFAULT NULL,
  PRIMARY KEY (`projectpriorityid`)
) ENGINE=InnoDB AUTO_INCREMENT=5 DEFAULT CHARSET=utf8;
/*!40101 SET character_set_client = @saved_cs_client */;

--
-- Dumping data for table `vtiger_projectpriority`
--

LOCK TABLES `vtiger_projectpriority` WRITE;
/*!40000 ALTER TABLE `vtiger_projectpriority` DISABLE KEYS */;
INSERT INTO `vtiger_projectpriority` VALUES (2,'low',1,278,2,NULL),(3,'normal',1,279,3,NULL),(4,'high',1,280,4,NULL);
/*!40000 ALTER TABLE `vtiger_projectpriority` ENABLE KEYS */;
UNLOCK TABLES;

--
-- Table structure for table `vtiger_projectpriority_seq`
--

DROP TABLE IF EXISTS `vtiger_projectpriority_seq`;
/*!40101 SET @saved_cs_client     = @@character_set_client */;
/*!40101 SET character_set_client = utf8 */;
CREATE TABLE `vtiger_projectpriority_seq` (
  `id` int(11) NOT NULL
) ENGINE=InnoDB DEFAULT CHARSET=utf8;
/*!40101 SET character_set_client = @saved_cs_client */;

--
-- Dumping data for table `vtiger_projectpriority_seq`
--

LOCK TABLES `vtiger_projectpriority_seq` WRITE;
/*!40000 ALTER TABLE `vtiger_projectpriority_seq` DISABLE KEYS */;
INSERT INTO `vtiger_projectpriority_seq` VALUES (4);
/*!40000 ALTER TABLE `vtiger_projectpriority_seq` ENABLE KEYS */;
UNLOCK TABLES;

--
-- Table structure for table `vtiger_projectstatus`
--

DROP TABLE IF EXISTS `vtiger_projectstatus`;
/*!40101 SET @saved_cs_client     = @@character_set_client */;
/*!40101 SET character_set_client = utf8 */;
CREATE TABLE `vtiger_projectstatus` (
  `projectstatusid` int(11) NOT NULL AUTO_INCREMENT,
  `projectstatus` varchar(200) NOT NULL,
  `presence` int(1) NOT NULL DEFAULT '1',
  `picklist_valueid` int(11) NOT NULL DEFAULT '0',
  `sortorderid` int(11) DEFAULT '0',
  `color` varchar(10) DEFAULT NULL,
  PRIMARY KEY (`projectstatusid`)
) ENGINE=InnoDB AUTO_INCREMENT=10 DEFAULT CHARSET=utf8;
/*!40101 SET character_set_client = @saved_cs_client */;

--
-- Dumping data for table `vtiger_projectstatus`
--

LOCK TABLES `vtiger_projectstatus` WRITE;
/*!40000 ALTER TABLE `vtiger_projectstatus` DISABLE KEYS */;
INSERT INTO `vtiger_projectstatus` VALUES (2,'prospecting',1,265,2,NULL),(3,'initiated',1,266,3,NULL),(4,'in progress',1,267,4,NULL),(5,'waiting for feedback',1,268,5,NULL),(6,'on hold',1,269,6,NULL),(7,'completed',1,270,7,NULL),(8,'delivered',1,271,8,NULL),(9,'archived',1,272,9,NULL);
/*!40000 ALTER TABLE `vtiger_projectstatus` ENABLE KEYS */;
UNLOCK TABLES;

--
-- Table structure for table `vtiger_projectstatus_seq`
--

DROP TABLE IF EXISTS `vtiger_projectstatus_seq`;
/*!40101 SET @saved_cs_client     = @@character_set_client */;
/*!40101 SET character_set_client = utf8 */;
CREATE TABLE `vtiger_projectstatus_seq` (
  `id` int(11) NOT NULL
) ENGINE=InnoDB DEFAULT CHARSET=utf8;
/*!40101 SET character_set_client = @saved_cs_client */;

--
-- Dumping data for table `vtiger_projectstatus_seq`
--

LOCK TABLES `vtiger_projectstatus_seq` WRITE;
/*!40000 ALTER TABLE `vtiger_projectstatus_seq` DISABLE KEYS */;
INSERT INTO `vtiger_projectstatus_seq` VALUES (9);
/*!40000 ALTER TABLE `vtiger_projectstatus_seq` ENABLE KEYS */;
UNLOCK TABLES;

--
-- Table structure for table `vtiger_projecttask`
--

DROP TABLE IF EXISTS `vtiger_projecttask`;
/*!40101 SET @saved_cs_client     = @@character_set_client */;
/*!40101 SET character_set_client = utf8 */;
CREATE TABLE `vtiger_projecttask` (
  `projecttaskid` int(11) NOT NULL,
  `projecttaskname` varchar(255) DEFAULT NULL,
  `projecttask_no` varchar(100) DEFAULT NULL,
  `projecttasktype` varchar(100) DEFAULT NULL,
  `projecttaskpriority` varchar(100) DEFAULT NULL,
  `projecttaskprogress` varchar(100) DEFAULT NULL,
  `projecttaskhours` varchar(255) DEFAULT NULL,
  `startdate` date DEFAULT NULL,
  `enddate` date DEFAULT NULL,
  `projectid` varchar(100) DEFAULT NULL,
  `projecttasknumber` int(11) DEFAULT NULL,
  `tags` varchar(1) DEFAULT NULL,
  `projecttaskstatus` varchar(100) DEFAULT NULL,
  PRIMARY KEY (`projecttaskid`),
  CONSTRAINT `fk_crmid_vtiger_projecttask` FOREIGN KEY (`projecttaskid`) REFERENCES `vtiger_crmentity` (`crmid`) ON DELETE CASCADE
) ENGINE=InnoDB DEFAULT CHARSET=utf8;
/*!40101 SET character_set_client = @saved_cs_client */;

--
-- Dumping data for table `vtiger_projecttask`
--

LOCK TABLES `vtiger_projecttask` WRITE;
/*!40000 ALTER TABLE `vtiger_projecttask` DISABLE KEYS */;
INSERT INTO `vtiger_projecttask` VALUES (17,'пр-зад1','PT1','','normal','10%','',NULL,NULL,'5',0,'','Открыт');
/*!40000 ALTER TABLE `vtiger_projecttask` ENABLE KEYS */;
UNLOCK TABLES;

--
-- Table structure for table `vtiger_projecttask_status_color`
--

DROP TABLE IF EXISTS `vtiger_projecttask_status_color`;
/*!40101 SET @saved_cs_client     = @@character_set_client */;
/*!40101 SET character_set_client = utf8 */;
CREATE TABLE `vtiger_projecttask_status_color` (
  `status` varchar(255) DEFAULT NULL,
  `defaultcolor` varchar(50) DEFAULT NULL,
  `color` varchar(50) DEFAULT NULL,
  UNIQUE KEY `status` (`status`)
) ENGINE=InnoDB DEFAULT CHARSET=utf8;
/*!40101 SET character_set_client = @saved_cs_client */;

--
-- Dumping data for table `vtiger_projecttask_status_color`
--

LOCK TABLES `vtiger_projecttask_status_color` WRITE;
/*!40000 ALTER TABLE `vtiger_projecttask_status_color` DISABLE KEYS */;
INSERT INTO `vtiger_projecttask_status_color` VALUES ('Open','#0099ff',NULL),('In Progress','#fdff00',NULL),('Completed','#3BBF67',NULL),('Deferred','#fbb11e',NULL),('Canceled','#660066',NULL);
/*!40000 ALTER TABLE `vtiger_projecttask_status_color` ENABLE KEYS */;
UNLOCK TABLES;

--
-- Table structure for table `vtiger_projecttaskcf`
--

DROP TABLE IF EXISTS `vtiger_projecttaskcf`;
/*!40101 SET @saved_cs_client     = @@character_set_client */;
/*!40101 SET character_set_client = utf8 */;
CREATE TABLE `vtiger_projecttaskcf` (
  `projecttaskid` int(11) NOT NULL DEFAULT '0',
  PRIMARY KEY (`projecttaskid`),
  CONSTRAINT `fk_projecttaskid_vtiger_projecttaskcf` FOREIGN KEY (`projecttaskid`) REFERENCES `vtiger_projecttask` (`projecttaskid`) ON DELETE CASCADE
) ENGINE=InnoDB DEFAULT CHARSET=utf8;
/*!40101 SET character_set_client = @saved_cs_client */;

--
-- Dumping data for table `vtiger_projecttaskcf`
--

LOCK TABLES `vtiger_projecttaskcf` WRITE;
/*!40000 ALTER TABLE `vtiger_projecttaskcf` DISABLE KEYS */;
INSERT INTO `vtiger_projecttaskcf` VALUES (17);
/*!40000 ALTER TABLE `vtiger_projecttaskcf` ENABLE KEYS */;
UNLOCK TABLES;

--
-- Table structure for table `vtiger_projecttaskpriority`
--

DROP TABLE IF EXISTS `vtiger_projecttaskpriority`;
/*!40101 SET @saved_cs_client     = @@character_set_client */;
/*!40101 SET character_set_client = utf8 */;
CREATE TABLE `vtiger_projecttaskpriority` (
  `projecttaskpriorityid` int(11) NOT NULL AUTO_INCREMENT,
  `projecttaskpriority` varchar(200) NOT NULL,
  `presence` int(1) NOT NULL DEFAULT '1',
  `picklist_valueid` int(11) NOT NULL DEFAULT '0',
  `sortorderid` int(11) DEFAULT '0',
  `color` varchar(10) DEFAULT NULL,
  PRIMARY KEY (`projecttaskpriorityid`)
) ENGINE=InnoDB AUTO_INCREMENT=5 DEFAULT CHARSET=utf8;
/*!40101 SET character_set_client = @saved_cs_client */;

--
-- Dumping data for table `vtiger_projecttaskpriority`
--

LOCK TABLES `vtiger_projecttaskpriority` WRITE;
/*!40000 ALTER TABLE `vtiger_projecttaskpriority` DISABLE KEYS */;
INSERT INTO `vtiger_projecttaskpriority` VALUES (2,'low',1,250,2,NULL),(3,'normal',1,251,3,NULL),(4,'high',1,252,4,NULL);
/*!40000 ALTER TABLE `vtiger_projecttaskpriority` ENABLE KEYS */;
UNLOCK TABLES;

--
-- Table structure for table `vtiger_projecttaskpriority_seq`
--

DROP TABLE IF EXISTS `vtiger_projecttaskpriority_seq`;
/*!40101 SET @saved_cs_client     = @@character_set_client */;
/*!40101 SET character_set_client = utf8 */;
CREATE TABLE `vtiger_projecttaskpriority_seq` (
  `id` int(11) NOT NULL
) ENGINE=InnoDB DEFAULT CHARSET=utf8;
/*!40101 SET character_set_client = @saved_cs_client */;

--
-- Dumping data for table `vtiger_projecttaskpriority_seq`
--

LOCK TABLES `vtiger_projecttaskpriority_seq` WRITE;
/*!40000 ALTER TABLE `vtiger_projecttaskpriority_seq` DISABLE KEYS */;
INSERT INTO `vtiger_projecttaskpriority_seq` VALUES (4);
/*!40000 ALTER TABLE `vtiger_projecttaskpriority_seq` ENABLE KEYS */;
UNLOCK TABLES;

--
-- Table structure for table `vtiger_projecttaskprogress`
--

DROP TABLE IF EXISTS `vtiger_projecttaskprogress`;
/*!40101 SET @saved_cs_client     = @@character_set_client */;
/*!40101 SET character_set_client = utf8 */;
CREATE TABLE `vtiger_projecttaskprogress` (
  `projecttaskprogressid` int(11) NOT NULL AUTO_INCREMENT,
  `projecttaskprogress` varchar(200) NOT NULL,
  `presence` int(1) NOT NULL DEFAULT '1',
  `picklist_valueid` int(11) NOT NULL DEFAULT '0',
  `sortorderid` int(11) DEFAULT '0',
  `color` varchar(10) DEFAULT NULL,
  PRIMARY KEY (`projecttaskprogressid`)
) ENGINE=InnoDB AUTO_INCREMENT=12 DEFAULT CHARSET=utf8;
/*!40101 SET character_set_client = @saved_cs_client */;

--
-- Dumping data for table `vtiger_projecttaskprogress`
--

LOCK TABLES `vtiger_projecttaskprogress` WRITE;
/*!40000 ALTER TABLE `vtiger_projecttaskprogress` DISABLE KEYS */;
INSERT INTO `vtiger_projecttaskprogress` VALUES (2,'10%',1,254,2,NULL),(3,'20%',1,255,3,NULL),(4,'30%',1,256,4,NULL),(5,'40%',1,257,5,NULL),(6,'50%',1,258,6,NULL),(7,'60%',1,259,7,NULL),(8,'70%',1,260,8,NULL),(9,'80%',1,261,9,NULL),(10,'90%',1,262,10,NULL),(11,'100%',1,263,11,NULL);
/*!40000 ALTER TABLE `vtiger_projecttaskprogress` ENABLE KEYS */;
UNLOCK TABLES;

--
-- Table structure for table `vtiger_projecttaskprogress_seq`
--

DROP TABLE IF EXISTS `vtiger_projecttaskprogress_seq`;
/*!40101 SET @saved_cs_client     = @@character_set_client */;
/*!40101 SET character_set_client = utf8 */;
CREATE TABLE `vtiger_projecttaskprogress_seq` (
  `id` int(11) NOT NULL
) ENGINE=InnoDB DEFAULT CHARSET=utf8;
/*!40101 SET character_set_client = @saved_cs_client */;

--
-- Dumping data for table `vtiger_projecttaskprogress_seq`
--

LOCK TABLES `vtiger_projecttaskprogress_seq` WRITE;
/*!40000 ALTER TABLE `vtiger_projecttaskprogress_seq` DISABLE KEYS */;
INSERT INTO `vtiger_projecttaskprogress_seq` VALUES (11);
/*!40000 ALTER TABLE `vtiger_projecttaskprogress_seq` ENABLE KEYS */;
UNLOCK TABLES;

--
-- Table structure for table `vtiger_projecttaskstatus`
--

DROP TABLE IF EXISTS `vtiger_projecttaskstatus`;
/*!40101 SET @saved_cs_client     = @@character_set_client */;
/*!40101 SET character_set_client = utf8 */;
CREATE TABLE `vtiger_projecttaskstatus` (
  `projecttaskstatusid` int(11) NOT NULL AUTO_INCREMENT,
  `projecttaskstatus` varchar(200) NOT NULL,
  `presence` int(1) NOT NULL DEFAULT '1',
  `picklist_valueid` int(11) NOT NULL DEFAULT '0',
  `sortorderid` int(11) DEFAULT '0',
  `color` varchar(10) DEFAULT NULL,
  PRIMARY KEY (`projecttaskstatusid`)
) ENGINE=InnoDB AUTO_INCREMENT=7 DEFAULT CHARSET=utf8;
/*!40101 SET character_set_client = @saved_cs_client */;

--
-- Dumping data for table `vtiger_projecttaskstatus`
--

LOCK TABLES `vtiger_projecttaskstatus` WRITE;
/*!40000 ALTER TABLE `vtiger_projecttaskstatus` DISABLE KEYS */;
INSERT INTO `vtiger_projecttaskstatus` VALUES (2,'Open',0,308,2,NULL),(3,'In Progress',0,309,3,NULL),(4,'Completed',0,310,4,NULL),(5,'Deferred',0,311,5,NULL),(6,'Canceled ',0,312,6,NULL);
/*!40000 ALTER TABLE `vtiger_projecttaskstatus` ENABLE KEYS */;
UNLOCK TABLES;

--
-- Table structure for table `vtiger_projecttaskstatus_seq`
--

DROP TABLE IF EXISTS `vtiger_projecttaskstatus_seq`;
/*!40101 SET @saved_cs_client     = @@character_set_client */;
/*!40101 SET character_set_client = utf8 */;
CREATE TABLE `vtiger_projecttaskstatus_seq` (
  `id` int(11) NOT NULL
) ENGINE=InnoDB DEFAULT CHARSET=utf8;
/*!40101 SET character_set_client = @saved_cs_client */;

--
-- Dumping data for table `vtiger_projecttaskstatus_seq`
--

LOCK TABLES `vtiger_projecttaskstatus_seq` WRITE;
/*!40000 ALTER TABLE `vtiger_projecttaskstatus_seq` DISABLE KEYS */;
INSERT INTO `vtiger_projecttaskstatus_seq` VALUES (6);
/*!40000 ALTER TABLE `vtiger_projecttaskstatus_seq` ENABLE KEYS */;
UNLOCK TABLES;

--
-- Table structure for table `vtiger_projecttasktype`
--

DROP TABLE IF EXISTS `vtiger_projecttasktype`;
/*!40101 SET @saved_cs_client     = @@character_set_client */;
/*!40101 SET character_set_client = utf8 */;
CREATE TABLE `vtiger_projecttasktype` (
  `projecttasktypeid` int(11) NOT NULL AUTO_INCREMENT,
  `projecttasktype` varchar(200) NOT NULL,
  `presence` int(1) NOT NULL DEFAULT '1',
  `picklist_valueid` int(11) NOT NULL DEFAULT '0',
  `sortorderid` int(11) DEFAULT '0',
  `color` varchar(10) DEFAULT NULL,
  PRIMARY KEY (`projecttasktypeid`)
) ENGINE=InnoDB AUTO_INCREMENT=5 DEFAULT CHARSET=utf8;
/*!40101 SET character_set_client = @saved_cs_client */;

--
-- Dumping data for table `vtiger_projecttasktype`
--

LOCK TABLES `vtiger_projecttasktype` WRITE;
/*!40000 ALTER TABLE `vtiger_projecttasktype` DISABLE KEYS */;
INSERT INTO `vtiger_projecttasktype` VALUES (2,'administrative',1,246,2,NULL),(3,'operative',1,247,3,NULL),(4,'other',1,248,4,NULL);
/*!40000 ALTER TABLE `vtiger_projecttasktype` ENABLE KEYS */;
UNLOCK TABLES;

--
-- Table structure for table `vtiger_projecttasktype_seq`
--

DROP TABLE IF EXISTS `vtiger_projecttasktype_seq`;
/*!40101 SET @saved_cs_client     = @@character_set_client */;
/*!40101 SET character_set_client = utf8 */;
CREATE TABLE `vtiger_projecttasktype_seq` (
  `id` int(11) NOT NULL
) ENGINE=InnoDB DEFAULT CHARSET=utf8;
/*!40101 SET character_set_client = @saved_cs_client */;

--
-- Dumping data for table `vtiger_projecttasktype_seq`
--

LOCK TABLES `vtiger_projecttasktype_seq` WRITE;
/*!40000 ALTER TABLE `vtiger_projecttasktype_seq` DISABLE KEYS */;
INSERT INTO `vtiger_projecttasktype_seq` VALUES (4);
/*!40000 ALTER TABLE `vtiger_projecttasktype_seq` ENABLE KEYS */;
UNLOCK TABLES;

--
-- Table structure for table `vtiger_projecttype`
--

DROP TABLE IF EXISTS `vtiger_projecttype`;
/*!40101 SET @saved_cs_client     = @@character_set_client */;
/*!40101 SET character_set_client = utf8 */;
CREATE TABLE `vtiger_projecttype` (
  `projecttypeid` int(11) NOT NULL AUTO_INCREMENT,
  `projecttype` varchar(200) NOT NULL,
  `presence` int(1) NOT NULL DEFAULT '1',
  `picklist_valueid` int(11) NOT NULL DEFAULT '0',
  `sortorderid` int(11) DEFAULT '0',
  `color` varchar(10) DEFAULT NULL,
  PRIMARY KEY (`projecttypeid`)
) ENGINE=InnoDB AUTO_INCREMENT=5 DEFAULT CHARSET=utf8;
/*!40101 SET character_set_client = @saved_cs_client */;

--
-- Dumping data for table `vtiger_projecttype`
--

LOCK TABLES `vtiger_projecttype` WRITE;
/*!40000 ALTER TABLE `vtiger_projecttype` DISABLE KEYS */;
INSERT INTO `vtiger_projecttype` VALUES (2,'administrative',1,274,2,NULL),(3,'operative',1,275,3,NULL),(4,'other',1,276,4,NULL);
/*!40000 ALTER TABLE `vtiger_projecttype` ENABLE KEYS */;
UNLOCK TABLES;

--
-- Table structure for table `vtiger_projecttype_seq`
--

DROP TABLE IF EXISTS `vtiger_projecttype_seq`;
/*!40101 SET @saved_cs_client     = @@character_set_client */;
/*!40101 SET character_set_client = utf8 */;
CREATE TABLE `vtiger_projecttype_seq` (
  `id` int(11) NOT NULL
) ENGINE=InnoDB DEFAULT CHARSET=utf8;
/*!40101 SET character_set_client = @saved_cs_client */;

--
-- Dumping data for table `vtiger_projecttype_seq`
--

LOCK TABLES `vtiger_projecttype_seq` WRITE;
/*!40000 ALTER TABLE `vtiger_projecttype_seq` DISABLE KEYS */;
INSERT INTO `vtiger_projecttype_seq` VALUES (4);
/*!40000 ALTER TABLE `vtiger_projecttype_seq` ENABLE KEYS */;
UNLOCK TABLES;

--
-- Table structure for table `vtiger_purchaseorder`
--

DROP TABLE IF EXISTS `vtiger_purchaseorder`;
/*!40101 SET @saved_cs_client     = @@character_set_client */;
/*!40101 SET character_set_client = utf8 */;
CREATE TABLE `vtiger_purchaseorder` (
  `purchaseorderid` int(19) NOT NULL DEFAULT '0',
  `subject` varchar(100) DEFAULT NULL,
  `quoteid` int(19) DEFAULT NULL,
  `vendorid` int(19) DEFAULT NULL,
  `requisition_no` varchar(100) DEFAULT NULL,
  `purchaseorder_no` varchar(100) DEFAULT NULL,
  `tracking_no` varchar(100) DEFAULT NULL,
  `contactid` int(19) DEFAULT NULL,
  `duedate` date DEFAULT NULL,
  `carrier` varchar(200) DEFAULT NULL,
  `type` varchar(100) DEFAULT NULL,
  `adjustment` decimal(25,8) DEFAULT NULL,
  `salescommission` decimal(25,3) DEFAULT NULL,
  `exciseduty` decimal(25,3) DEFAULT NULL,
  `total` decimal(25,8) DEFAULT NULL,
  `subtotal` decimal(25,8) DEFAULT NULL,
  `taxtype` varchar(25) DEFAULT NULL,
  `discount_percent` decimal(25,3) DEFAULT NULL,
  `discount_amount` decimal(25,8) DEFAULT NULL,
  `s_h_amount` decimal(25,8) DEFAULT NULL,
  `terms_conditions` text,
  `postatus` varchar(200) DEFAULT NULL,
  `currency_id` int(19) NOT NULL DEFAULT '1',
  `conversion_rate` decimal(10,3) NOT NULL DEFAULT '1.000',
  `compound_taxes_info` text,
  `pre_tax_total` decimal(25,8) DEFAULT NULL,
  `paid` decimal(25,8) DEFAULT NULL,
  `balance` decimal(25,8) DEFAULT NULL,
  `s_h_percent` int(11) DEFAULT NULL,
  `spcompany` varchar(200) CHARACTER SET utf8 COLLATE utf8_unicode_ci DEFAULT 'Default',
  `tags` varchar(1) DEFAULT NULL,
  `region_id` int(19) DEFAULT NULL,
  PRIMARY KEY (`purchaseorderid`),
  KEY `purchaseorder_vendorid_idx` (`vendorid`),
  KEY `purchaseorder_quoteid_idx` (`quoteid`),
  KEY `purchaseorder_contactid_idx` (`contactid`),
  CONSTRAINT `fk_4_vtiger_purchaseorder` FOREIGN KEY (`vendorid`) REFERENCES `vtiger_vendor` (`vendorid`) ON DELETE CASCADE,
  CONSTRAINT `fk_crmid_vtiger_purchaseorder` FOREIGN KEY (`purchaseorderid`) REFERENCES `vtiger_crmentity` (`crmid`) ON DELETE CASCADE
) ENGINE=InnoDB DEFAULT CHARSET=utf8;
/*!40101 SET character_set_client = @saved_cs_client */;

--
-- Dumping data for table `vtiger_purchaseorder`
--

LOCK TABLES `vtiger_purchaseorder` WRITE;
/*!40000 ALTER TABLE `vtiger_purchaseorder` DISABLE KEYS */;
/*!40000 ALTER TABLE `vtiger_purchaseorder` ENABLE KEYS */;
UNLOCK TABLES;

--
-- Table structure for table `vtiger_purchaseordercf`
--

DROP TABLE IF EXISTS `vtiger_purchaseordercf`;
/*!40101 SET @saved_cs_client     = @@character_set_client */;
/*!40101 SET character_set_client = utf8 */;
CREATE TABLE `vtiger_purchaseordercf` (
  `purchaseorderid` int(19) NOT NULL DEFAULT '0',
  PRIMARY KEY (`purchaseorderid`),
  CONSTRAINT `fk_1_vtiger_purchaseordercf` FOREIGN KEY (`purchaseorderid`) REFERENCES `vtiger_purchaseorder` (`purchaseorderid`) ON DELETE CASCADE
) ENGINE=InnoDB DEFAULT CHARSET=utf8;
/*!40101 SET character_set_client = @saved_cs_client */;

--
-- Dumping data for table `vtiger_purchaseordercf`
--

LOCK TABLES `vtiger_purchaseordercf` WRITE;
/*!40000 ALTER TABLE `vtiger_purchaseordercf` DISABLE KEYS */;
/*!40000 ALTER TABLE `vtiger_purchaseordercf` ENABLE KEYS */;
UNLOCK TABLES;

--
-- Table structure for table `vtiger_quotes`
--

DROP TABLE IF EXISTS `vtiger_quotes`;
/*!40101 SET @saved_cs_client     = @@character_set_client */;
/*!40101 SET character_set_client = utf8 */;
CREATE TABLE `vtiger_quotes` (
  `quoteid` int(19) NOT NULL DEFAULT '0',
  `subject` varchar(100) DEFAULT NULL,
  `potentialid` int(19) DEFAULT NULL,
  `quotestage` varchar(200) DEFAULT NULL,
  `validtill` date DEFAULT NULL,
  `contactid` int(19) DEFAULT NULL,
  `quote_no` varchar(100) DEFAULT NULL,
  `subtotal` decimal(25,8) DEFAULT NULL,
  `carrier` varchar(200) DEFAULT NULL,
  `shipping` varchar(100) DEFAULT NULL,
  `inventorymanager` int(19) DEFAULT NULL,
  `type` varchar(100) DEFAULT NULL,
  `adjustment` decimal(25,8) DEFAULT NULL,
  `total` decimal(25,8) DEFAULT NULL,
  `taxtype` varchar(25) DEFAULT NULL,
  `discount_percent` decimal(25,3) DEFAULT NULL,
  `discount_amount` decimal(25,8) DEFAULT NULL,
  `s_h_amount` decimal(25,8) DEFAULT NULL,
  `accountid` int(19) DEFAULT NULL,
  `terms_conditions` text,
  `currency_id` int(19) NOT NULL DEFAULT '1',
  `conversion_rate` decimal(10,3) NOT NULL DEFAULT '1.000',
  `compound_taxes_info` text,
  `pre_tax_total` decimal(25,8) DEFAULT NULL,
  `s_h_percent` int(11) DEFAULT NULL,
  `spcompany` varchar(200) CHARACTER SET utf8 COLLATE utf8_unicode_ci DEFAULT 'Default',
  `tags` varchar(1) DEFAULT NULL,
  `region_id` int(19) DEFAULT NULL,
  PRIMARY KEY (`quoteid`),
  KEY `quote_quotestage_idx` (`quotestage`),
  KEY `quotes_potentialid_idx` (`potentialid`),
  KEY `quotes_contactid_idx` (`contactid`),
  CONSTRAINT `fk_3_vtiger_quotes` FOREIGN KEY (`potentialid`) REFERENCES `vtiger_potential` (`potentialid`) ON DELETE CASCADE,
  CONSTRAINT `fk_crmid_vtiger_quotes` FOREIGN KEY (`quoteid`) REFERENCES `vtiger_crmentity` (`crmid`) ON DELETE CASCADE
) ENGINE=InnoDB DEFAULT CHARSET=utf8;
/*!40101 SET character_set_client = @saved_cs_client */;

--
-- Dumping data for table `vtiger_quotes`
--

LOCK TABLES `vtiger_quotes` WRITE;
/*!40000 ALTER TABLE `vtiger_quotes` DISABLE KEYS */;
/*!40000 ALTER TABLE `vtiger_quotes` ENABLE KEYS */;
UNLOCK TABLES;

--
-- Table structure for table `vtiger_quotesbillads`
--

DROP TABLE IF EXISTS `vtiger_quotesbillads`;
/*!40101 SET @saved_cs_client     = @@character_set_client */;
/*!40101 SET character_set_client = utf8 */;
CREATE TABLE `vtiger_quotesbillads` (
  `quotebilladdressid` int(19) NOT NULL DEFAULT '0',
  `bill_city` varchar(30) DEFAULT NULL,
  `bill_code` varchar(30) DEFAULT NULL,
  `bill_country` varchar(30) DEFAULT NULL,
  `bill_state` varchar(30) DEFAULT NULL,
  `bill_street` varchar(250) DEFAULT NULL,
  `bill_pobox` varchar(30) DEFAULT NULL,
  PRIMARY KEY (`quotebilladdressid`),
  CONSTRAINT `fk_1_vtiger_quotesbillads` FOREIGN KEY (`quotebilladdressid`) REFERENCES `vtiger_quotes` (`quoteid`) ON DELETE CASCADE
) ENGINE=InnoDB DEFAULT CHARSET=utf8;
/*!40101 SET character_set_client = @saved_cs_client */;

--
-- Dumping data for table `vtiger_quotesbillads`
--

LOCK TABLES `vtiger_quotesbillads` WRITE;
/*!40000 ALTER TABLE `vtiger_quotesbillads` DISABLE KEYS */;
/*!40000 ALTER TABLE `vtiger_quotesbillads` ENABLE KEYS */;
UNLOCK TABLES;

--
-- Table structure for table `vtiger_quotescf`
--

DROP TABLE IF EXISTS `vtiger_quotescf`;
/*!40101 SET @saved_cs_client     = @@character_set_client */;
/*!40101 SET character_set_client = utf8 */;
CREATE TABLE `vtiger_quotescf` (
  `quoteid` int(19) NOT NULL DEFAULT '0',
  PRIMARY KEY (`quoteid`),
  CONSTRAINT `fk_1_vtiger_quotescf` FOREIGN KEY (`quoteid`) REFERENCES `vtiger_quotes` (`quoteid`) ON DELETE CASCADE
) ENGINE=InnoDB DEFAULT CHARSET=utf8;
/*!40101 SET character_set_client = @saved_cs_client */;

--
-- Dumping data for table `vtiger_quotescf`
--

LOCK TABLES `vtiger_quotescf` WRITE;
/*!40000 ALTER TABLE `vtiger_quotescf` DISABLE KEYS */;
/*!40000 ALTER TABLE `vtiger_quotescf` ENABLE KEYS */;
UNLOCK TABLES;

--
-- Table structure for table `vtiger_quotesshipads`
--

DROP TABLE IF EXISTS `vtiger_quotesshipads`;
/*!40101 SET @saved_cs_client     = @@character_set_client */;
/*!40101 SET character_set_client = utf8 */;
CREATE TABLE `vtiger_quotesshipads` (
  `quoteshipaddressid` int(19) NOT NULL DEFAULT '0',
  `ship_city` varchar(30) DEFAULT NULL,
  `ship_code` varchar(30) DEFAULT NULL,
  `ship_country` varchar(30) DEFAULT NULL,
  `ship_state` varchar(30) DEFAULT NULL,
  `ship_street` varchar(250) DEFAULT NULL,
  `ship_pobox` varchar(30) DEFAULT NULL,
  PRIMARY KEY (`quoteshipaddressid`),
  CONSTRAINT `fk_1_vtiger_quotesshipads` FOREIGN KEY (`quoteshipaddressid`) REFERENCES `vtiger_quotes` (`quoteid`) ON DELETE CASCADE
) ENGINE=InnoDB DEFAULT CHARSET=utf8;
/*!40101 SET character_set_client = @saved_cs_client */;

--
-- Dumping data for table `vtiger_quotesshipads`
--

LOCK TABLES `vtiger_quotesshipads` WRITE;
/*!40000 ALTER TABLE `vtiger_quotesshipads` DISABLE KEYS */;
/*!40000 ALTER TABLE `vtiger_quotesshipads` ENABLE KEYS */;
UNLOCK TABLES;

--
-- Table structure for table `vtiger_quotestage`
--

DROP TABLE IF EXISTS `vtiger_quotestage`;
/*!40101 SET @saved_cs_client     = @@character_set_client */;
/*!40101 SET character_set_client = utf8 */;
CREATE TABLE `vtiger_quotestage` (
  `quotestageid` int(19) NOT NULL AUTO_INCREMENT,
  `quotestage` varchar(200) NOT NULL,
  `presence` int(1) NOT NULL DEFAULT '1',
  `picklist_valueid` int(19) NOT NULL DEFAULT '0',
  `sortorderid` int(11) DEFAULT NULL,
  `color` varchar(10) DEFAULT NULL,
  PRIMARY KEY (`quotestageid`),
  UNIQUE KEY `quotestage_quotestage_idx` (`quotestage`)
) ENGINE=InnoDB AUTO_INCREMENT=6 DEFAULT CHARSET=utf8;
/*!40101 SET character_set_client = @saved_cs_client */;

--
-- Dumping data for table `vtiger_quotestage`
--

LOCK TABLES `vtiger_quotestage` WRITE;
/*!40000 ALTER TABLE `vtiger_quotestage` DISABLE KEYS */;
INSERT INTO `vtiger_quotestage` VALUES (1,'Created',0,139,0,NULL),(2,'Delivered',0,140,1,NULL),(3,'Reviewed',0,141,2,NULL),(4,'Accepted',0,142,3,NULL),(5,'Rejected',0,143,4,NULL);
/*!40000 ALTER TABLE `vtiger_quotestage` ENABLE KEYS */;
UNLOCK TABLES;

--
-- Table structure for table `vtiger_quotestage_seq`
--

DROP TABLE IF EXISTS `vtiger_quotestage_seq`;
/*!40101 SET @saved_cs_client     = @@character_set_client */;
/*!40101 SET character_set_client = utf8 */;
CREATE TABLE `vtiger_quotestage_seq` (
  `id` int(11) NOT NULL
) ENGINE=InnoDB DEFAULT CHARSET=utf8;
/*!40101 SET character_set_client = @saved_cs_client */;

--
-- Dumping data for table `vtiger_quotestage_seq`
--

LOCK TABLES `vtiger_quotestage_seq` WRITE;
/*!40000 ALTER TABLE `vtiger_quotestage_seq` DISABLE KEYS */;
INSERT INTO `vtiger_quotestage_seq` VALUES (5);
/*!40000 ALTER TABLE `vtiger_quotestage_seq` ENABLE KEYS */;
UNLOCK TABLES;

--
-- Table structure for table `vtiger_quotestagehistory`
--

DROP TABLE IF EXISTS `vtiger_quotestagehistory`;
/*!40101 SET @saved_cs_client     = @@character_set_client */;
/*!40101 SET character_set_client = utf8 */;
CREATE TABLE `vtiger_quotestagehistory` (
  `historyid` int(19) NOT NULL AUTO_INCREMENT,
  `quoteid` int(19) NOT NULL,
  `accountname` varchar(100) DEFAULT NULL,
  `total` decimal(10,0) DEFAULT NULL,
  `quotestage` varchar(200) DEFAULT NULL,
  `lastmodified` datetime DEFAULT NULL,
  PRIMARY KEY (`historyid`),
  KEY `quotestagehistory_quoteid_idx` (`quoteid`),
  CONSTRAINT `fk_1_vtiger_quotestagehistory` FOREIGN KEY (`quoteid`) REFERENCES `vtiger_quotes` (`quoteid`) ON DELETE CASCADE
) ENGINE=InnoDB DEFAULT CHARSET=utf8;
/*!40101 SET character_set_client = @saved_cs_client */;

--
-- Dumping data for table `vtiger_quotestagehistory`
--

LOCK TABLES `vtiger_quotestagehistory` WRITE;
/*!40000 ALTER TABLE `vtiger_quotestagehistory` DISABLE KEYS */;
/*!40000 ALTER TABLE `vtiger_quotestagehistory` ENABLE KEYS */;
UNLOCK TABLES;

--
-- Table structure for table `vtiger_rating`
--

DROP TABLE IF EXISTS `vtiger_rating`;
/*!40101 SET @saved_cs_client     = @@character_set_client */;
/*!40101 SET character_set_client = utf8 */;
CREATE TABLE `vtiger_rating` (
  `rating_id` int(19) NOT NULL AUTO_INCREMENT,
  `rating` varchar(200) DEFAULT NULL,
  `presence` int(1) NOT NULL DEFAULT '1',
  `picklist_valueid` int(19) NOT NULL DEFAULT '0',
  `sortorderid` int(11) DEFAULT NULL,
  `color` varchar(10) DEFAULT NULL,
  PRIMARY KEY (`rating_id`)
) ENGINE=InnoDB AUTO_INCREMENT=7 DEFAULT CHARSET=utf8;
/*!40101 SET character_set_client = @saved_cs_client */;

--
-- Dumping data for table `vtiger_rating`
--

LOCK TABLES `vtiger_rating` WRITE;
/*!40000 ALTER TABLE `vtiger_rating` DISABLE KEYS */;
INSERT INTO `vtiger_rating` VALUES (2,'Acquired',1,145,1,NULL),(3,'Active',1,146,2,NULL),(4,'Market Failed',1,147,3,NULL),(5,'Project Cancelled',1,148,4,NULL),(6,'Shutdown',1,149,5,NULL);
/*!40000 ALTER TABLE `vtiger_rating` ENABLE KEYS */;
UNLOCK TABLES;

--
-- Table structure for table `vtiger_rating_seq`
--

DROP TABLE IF EXISTS `vtiger_rating_seq`;
/*!40101 SET @saved_cs_client     = @@character_set_client */;
/*!40101 SET character_set_client = utf8 */;
CREATE TABLE `vtiger_rating_seq` (
  `id` int(11) NOT NULL
) ENGINE=InnoDB DEFAULT CHARSET=utf8;
/*!40101 SET character_set_client = @saved_cs_client */;

--
-- Dumping data for table `vtiger_rating_seq`
--

LOCK TABLES `vtiger_rating_seq` WRITE;
/*!40000 ALTER TABLE `vtiger_rating_seq` DISABLE KEYS */;
INSERT INTO `vtiger_rating_seq` VALUES (6);
/*!40000 ALTER TABLE `vtiger_rating_seq` ENABLE KEYS */;
UNLOCK TABLES;

--
-- Table structure for table `vtiger_recurring_frequency`
--

DROP TABLE IF EXISTS `vtiger_recurring_frequency`;
/*!40101 SET @saved_cs_client     = @@character_set_client */;
/*!40101 SET character_set_client = utf8 */;
CREATE TABLE `vtiger_recurring_frequency` (
  `recurring_frequency_id` int(11) DEFAULT NULL,
  `recurring_frequency` varchar(200) DEFAULT NULL,
  `sortorderid` int(11) DEFAULT NULL,
  `presence` int(11) DEFAULT NULL,
  `color` varchar(10) DEFAULT NULL
) ENGINE=InnoDB DEFAULT CHARSET=utf8;
/*!40101 SET character_set_client = @saved_cs_client */;

--
-- Dumping data for table `vtiger_recurring_frequency`
--

LOCK TABLES `vtiger_recurring_frequency` WRITE;
/*!40000 ALTER TABLE `vtiger_recurring_frequency` DISABLE KEYS */;
INSERT INTO `vtiger_recurring_frequency` VALUES (2,'Daily',1,1,NULL),(3,'Weekly',2,1,NULL),(4,'Monthly',3,1,NULL),(5,'Quarterly',4,1,NULL),(6,'Yearly',5,1,NULL);
/*!40000 ALTER TABLE `vtiger_recurring_frequency` ENABLE KEYS */;
UNLOCK TABLES;

--
-- Table structure for table `vtiger_recurring_frequency_seq`
--

DROP TABLE IF EXISTS `vtiger_recurring_frequency_seq`;
/*!40101 SET @saved_cs_client     = @@character_set_client */;
/*!40101 SET character_set_client = utf8 */;
CREATE TABLE `vtiger_recurring_frequency_seq` (
  `id` int(11) NOT NULL
) ENGINE=InnoDB DEFAULT CHARSET=utf8;
/*!40101 SET character_set_client = @saved_cs_client */;

--
-- Dumping data for table `vtiger_recurring_frequency_seq`
--

LOCK TABLES `vtiger_recurring_frequency_seq` WRITE;
/*!40000 ALTER TABLE `vtiger_recurring_frequency_seq` DISABLE KEYS */;
INSERT INTO `vtiger_recurring_frequency_seq` VALUES (6);
/*!40000 ALTER TABLE `vtiger_recurring_frequency_seq` ENABLE KEYS */;
UNLOCK TABLES;

--
-- Table structure for table `vtiger_recurringevents`
--

DROP TABLE IF EXISTS `vtiger_recurringevents`;
/*!40101 SET @saved_cs_client     = @@character_set_client */;
/*!40101 SET character_set_client = utf8 */;
CREATE TABLE `vtiger_recurringevents` (
  `recurringid` int(19) NOT NULL AUTO_INCREMENT,
  `activityid` int(19) NOT NULL,
  `recurringdate` date DEFAULT NULL,
  `recurringtype` varchar(30) DEFAULT NULL,
  `recurringfreq` int(19) DEFAULT NULL,
  `recurringinfo` varchar(50) DEFAULT NULL,
  `recurringenddate` date DEFAULT NULL,
  PRIMARY KEY (`recurringid`),
  KEY `fk_1_vtiger_recurringevents` (`activityid`),
  CONSTRAINT `fk_1_vtiger_recurringevents` FOREIGN KEY (`activityid`) REFERENCES `vtiger_activity` (`activityid`) ON DELETE CASCADE
) ENGINE=InnoDB DEFAULT CHARSET=utf8;
/*!40101 SET character_set_client = @saved_cs_client */;

--
-- Dumping data for table `vtiger_recurringevents`
--

LOCK TABLES `vtiger_recurringevents` WRITE;
/*!40000 ALTER TABLE `vtiger_recurringevents` DISABLE KEYS */;
/*!40000 ALTER TABLE `vtiger_recurringevents` ENABLE KEYS */;
UNLOCK TABLES;

--
-- Table structure for table `vtiger_recurringtype`
--

DROP TABLE IF EXISTS `vtiger_recurringtype`;
/*!40101 SET @saved_cs_client     = @@character_set_client */;
/*!40101 SET character_set_client = utf8 */;
CREATE TABLE `vtiger_recurringtype` (
  `recurringeventid` int(19) NOT NULL AUTO_INCREMENT,
  `recurringtype` varchar(200) NOT NULL,
  `sortorderid` int(19) NOT NULL DEFAULT '0',
  `presence` int(1) NOT NULL DEFAULT '1',
  `color` varchar(10) DEFAULT NULL,
  PRIMARY KEY (`recurringeventid`),
  UNIQUE KEY `recurringtype_status_idx` (`recurringtype`)
) ENGINE=InnoDB AUTO_INCREMENT=6 DEFAULT CHARSET=utf8;
/*!40101 SET character_set_client = @saved_cs_client */;

--
-- Dumping data for table `vtiger_recurringtype`
--

LOCK TABLES `vtiger_recurringtype` WRITE;
/*!40000 ALTER TABLE `vtiger_recurringtype` DISABLE KEYS */;
INSERT INTO `vtiger_recurringtype` VALUES (2,'Daily',1,1,NULL),(3,'Weekly',2,1,NULL),(4,'Monthly',3,1,NULL),(5,'Yearly',4,1,NULL);
/*!40000 ALTER TABLE `vtiger_recurringtype` ENABLE KEYS */;
UNLOCK TABLES;

--
-- Table structure for table `vtiger_recurringtype_seq`
--

DROP TABLE IF EXISTS `vtiger_recurringtype_seq`;
/*!40101 SET @saved_cs_client     = @@character_set_client */;
/*!40101 SET character_set_client = utf8 */;
CREATE TABLE `vtiger_recurringtype_seq` (
  `id` int(11) NOT NULL
) ENGINE=InnoDB DEFAULT CHARSET=utf8;
/*!40101 SET character_set_client = @saved_cs_client */;

--
-- Dumping data for table `vtiger_recurringtype_seq`
--

LOCK TABLES `vtiger_recurringtype_seq` WRITE;
/*!40000 ALTER TABLE `vtiger_recurringtype_seq` DISABLE KEYS */;
INSERT INTO `vtiger_recurringtype_seq` VALUES (5);
/*!40000 ALTER TABLE `vtiger_recurringtype_seq` ENABLE KEYS */;
UNLOCK TABLES;

--
-- Table structure for table `vtiger_relatedlists`
--

DROP TABLE IF EXISTS `vtiger_relatedlists`;
/*!40101 SET @saved_cs_client     = @@character_set_client */;
/*!40101 SET character_set_client = utf8 */;
CREATE TABLE `vtiger_relatedlists` (
  `relation_id` int(19) NOT NULL,
  `tabid` int(10) DEFAULT NULL,
  `related_tabid` int(10) DEFAULT NULL,
  `name` varchar(100) DEFAULT NULL,
  `sequence` int(10) DEFAULT NULL,
  `label` varchar(100) DEFAULT NULL,
  `presence` int(10) NOT NULL DEFAULT '0',
  `actions` varchar(50) NOT NULL DEFAULT '',
  `relationfieldid` int(19) DEFAULT NULL,
  `source` varchar(25) DEFAULT NULL,
  `relationtype` varchar(10) DEFAULT NULL,
  PRIMARY KEY (`relation_id`),
  KEY `relatedlists_relation_id_idx` (`relation_id`)
) ENGINE=InnoDB DEFAULT CHARSET=utf8;
/*!40101 SET character_set_client = @saved_cs_client */;

--
-- Dumping data for table `vtiger_relatedlists`
--

LOCK TABLES `vtiger_relatedlists` WRITE;
/*!40000 ALTER TABLE `vtiger_relatedlists` DISABLE KEYS */;
INSERT INTO `vtiger_relatedlists` VALUES (1,6,4,'get_contacts',2,'Contacts',0,'add',76,'','1:N'),(2,6,2,'get_opportunities',3,'Potentials',0,'add',118,'','1:N'),(3,6,20,'get_quotes',4,'Quotes',0,'add',339,'','1:N'),(4,6,22,'get_salesorder',5,'Sales Order',0,'add',418,'','1:N'),(5,6,23,'get_invoices',6,'Invoice',0,'add',461,'','1:N'),(6,6,9,'get_activities',7,'Activities',0,'add',246,'','1:N'),(7,6,10,'get_emails',8,'Emails',0,'add',0,'','1:N'),(8,6,9,'get_history',9,'Activity History',0,'add',246,'','1:N'),(9,6,8,'get_attachments',10,'Documents',0,'add,select',0,'','1:N'),(10,6,13,'get_tickets',11,'HelpDesk',0,'add',162,'','1:N'),(11,6,14,'get_products',12,'Products',0,'select',0,'','1:N'),(12,7,9,'get_activities',2,'Activities',0,'add',246,'','1:N'),(13,7,10,'get_emails',3,'Emails',0,'add',0,'','1:N'),(14,7,9,'get_history',4,'Activity History',0,'add',246,'','1:N'),(15,7,8,'get_attachments',5,'Documents',0,'add,select',0,'','1:N'),(16,7,14,'get_products',6,'Products',0,'select',0,'','1:N'),(17,7,26,'get_campaigns',7,'Campaigns',0,'select',0,'','1:N'),(18,4,2,'get_opportunities',2,'Potentials',0,'add',940,'','1:N'),(19,4,9,'get_activities',3,'Activities',0,'add',247,'','1:N'),(20,4,10,'get_emails',4,'Emails',0,'add',0,'','1:N'),(21,4,13,'get_tickets',5,'HelpDesk',0,'add',941,'','1:N'),(22,4,20,'get_quotes',6,'Quotes',0,'add',328,'','1:N'),(23,4,21,'get_purchase_orders',7,'Purchase Order',0,'add',365,'','1:N'),(24,4,22,'get_salesorder',8,'Sales Order',0,'add',404,'','1:N'),(25,4,14,'get_products',9,'Products',0,'select',0,'','1:N'),(26,4,9,'get_history',10,'Activity History',0,'add',247,'','1:N'),(27,4,8,'get_attachments',11,'Documents',0,'add,select',0,'','1:N'),(28,4,26,'get_campaigns',12,'Campaigns',0,'select',0,'','1:N'),(29,4,23,'get_invoices',13,'Invoice',0,'add',448,'','1:N'),(30,2,9,'get_activities',2,'Activities',0,'add',246,'','1:N'),(31,2,4,'get_contacts',3,'Contacts',0,'select',0,'','1:N'),(32,2,14,'get_products',4,'Products',0,'select',0,'','1:N'),(33,2,0,'get_stage_history',5,'Sales Stage History',0,'',0,'','1:N'),(34,2,8,'get_attachments',6,'Documents',0,'add,select',0,'','1:N'),(35,2,20,'get_Quotes',7,'Quotes',0,'add',325,'','1:N'),(36,2,22,'get_salesorder',8,'Sales Order',0,'add',400,'','1:N'),(37,2,9,'get_history',9,'Activity History',0,'',246,'','1:N'),(39,14,13,'get_tickets',1,'HelpDesk',0,'add',164,'','1:N'),(40,14,8,'get_attachments',3,'Documents',0,'add,select',0,'','1:N'),(41,14,20,'get_quotes',4,'Quotes',0,'add',885,'','1:N'),(42,14,21,'get_purchase_orders',5,'Purchase Order',0,'add',876,'','1:N'),(43,14,22,'get_salesorder',6,'Sales Order',0,'add',867,'','1:N'),(44,14,23,'get_invoices',7,'Invoice',0,'add',858,'','1:N'),(45,14,19,'get_product_pricebooks',8,'PriceBooks',0,'ADD,SELECT',0,'','1:N'),(46,14,7,'get_leads',9,'Leads',0,'select',0,'','1:N'),(47,14,6,'get_accounts',10,'Accounts',0,'select',0,'','1:N'),(48,14,4,'get_contacts',11,'Contacts',0,'select',0,'','1:N'),(49,14,2,'get_opportunities',12,'Potentials',0,'select',0,'','1:N'),(50,14,14,'get_products',13,'Product Bundles',0,'add,select',0,'','1:N'),(51,14,14,'get_parent_products',14,'Parent Product',0,'',0,'','1:N'),(52,10,4,'get_contacts',1,'Contacts',0,'select,bulkmail',0,'','1:N'),(53,10,0,'get_users',2,'Users',0,'',0,'','1:N'),(54,10,8,'get_attachments',3,'Documents',0,'add,select',0,'','1:N'),(55,13,9,'get_activities',2,'Activities',0,'add',246,'','1:N'),(56,13,8,'get_attachments',3,'Documents',0,'add,select',0,'','1:N'),(57,13,0,'get_ticket_history',4,'Ticket History',0,'',0,'','1:N'),(58,13,9,'get_history',5,'Activity History',0,'add',246,'','1:N'),(59,19,14,'get_pricebook_products',2,'Products',0,'select',0,'','1:N'),(60,18,14,'get_products',1,'Products',0,'add,select',190,'','1:N'),(61,18,21,'get_purchase_orders',2,'Purchase Order',0,'add',362,'','1:N'),(62,18,4,'get_contacts',3,'Contacts',0,'select',0,'','1:N'),(63,18,10,'get_emails',4,'Emails',0,'add',0,'','1:N'),(67,20,22,'get_salesorder',1,'Sales Order',0,'',402,'','1:N'),(68,20,9,'get_activities',2,'Activities',0,'add',246,'','1:N'),(69,20,8,'get_attachments',3,'Documents',0,'add,select',0,'','1:N'),(70,20,9,'get_history',4,'Activity History',0,'',246,'','1:N'),(71,20,0,'get_quotestagehistory',5,'Quote Stage History',0,'',0,'','1:N'),(72,21,9,'get_activities',1,'Activities',0,'add',246,'','1:N'),(73,21,8,'get_attachments',2,'Documents',0,'add,select',0,'','1:N'),(74,21,9,'get_history',3,'Activity History',0,'',246,'','1:N'),(75,21,0,'get_postatushistory',4,'PurchaseOrder Status History',0,'',0,'','1:N'),(76,22,9,'get_activities',1,'Activities',0,'add',246,'','1:N'),(77,22,8,'get_attachments',2,'Documents',0,'add,select',0,'','1:N'),(78,22,23,'get_invoices',3,'Invoice',0,'',446,'','1:N'),(79,22,9,'get_history',4,'Activity History',0,'',246,'','1:N'),(80,22,0,'get_sostatushistory',5,'SalesOrder Status History',0,'',0,'','1:N'),(81,23,9,'get_activities',1,'Activities',0,'add',246,'','1:N'),(82,23,8,'get_attachments',2,'Documents',0,'add,select',0,'','1:N'),(83,23,9,'get_history',3,'Activity History',0,'',246,'','1:N'),(84,23,0,'get_invoicestatushistory',4,'Invoice Status History',0,'',0,'','1:N'),(85,9,0,'get_users',1,'Users',0,'',0,'','1:N'),(86,9,4,'get_contacts',2,'Contacts',0,'',0,'','1:N'),(87,26,4,'get_contacts',1,'Contacts',0,'add,select',0,'','1:N'),(88,26,7,'get_leads',2,'Leads',0,'add,select',0,'','1:N'),(89,26,2,'get_opportunities',3,'Potentials',0,'add',126,'','1:N'),(90,26,9,'get_activities',4,'Activities',0,'add',246,'','1:N'),(91,6,26,'get_campaigns',14,'Campaigns',0,'select',0,'','1:N'),(92,26,6,'get_accounts',5,'Accounts',0,'add,select',0,'','1:N'),(93,15,8,'get_attachments',2,'Documents',0,'add,select',0,'','1:N'),(94,31,13,'get_related_list',1,'HelpDesk',0,'ADD,SELECT',NULL,NULL,'N:N'),(95,31,20,'get_quotes',2,'Quotes',0,'ADD',885,NULL,'1:N'),(96,31,21,'get_purchase_orders',3,'Purchase Order',0,'ADD',876,NULL,'1:N'),(97,31,22,'get_salesorder',4,'Sales Order',0,'ADD',867,NULL,'1:N'),(98,31,23,'get_invoices',5,'Invoice',0,'ADD',858,NULL,'1:N'),(99,31,19,'get_service_pricebooks',6,'PriceBooks',0,'ADD',NULL,NULL,'N:N'),(100,31,7,'get_related_list',7,'Leads',0,'SELECT',NULL,NULL,'N:N'),(101,31,6,'get_related_list',8,'Accounts',0,'SELECT',NULL,NULL,'N:N'),(102,31,4,'get_related_list',9,'Contacts',0,'SELECT',NULL,NULL,'N:N'),(103,31,2,'get_related_list',10,'Potentials',0,'SELECT',NULL,NULL,'N:N'),(104,31,8,'get_attachments',11,'Documents',0,'ADD,SELECT',NULL,NULL,'N:N'),(105,13,31,'get_related_list',6,'Services',0,'SELECT',NULL,NULL,'N:N'),(106,7,31,'get_related_list',8,'Services',0,'SELECT',NULL,NULL,'N:N'),(107,6,31,'get_related_list',15,'Services',0,'SELECT',NULL,NULL,'N:N'),(108,4,31,'get_related_list',14,'Services',0,'SELECT',NULL,NULL,'N:N'),(109,2,31,'get_related_list',10,'Services',0,'SELECT',NULL,NULL,'N:N'),(110,19,31,'get_pricebook_services',3,'Services',0,'SELECT',NULL,NULL,'N:N'),(111,4,35,'get_dependents_list',15,'PBXManager',0,'',568,NULL,'1:N'),(112,7,35,'get_dependents_list',9,'PBXManager',0,'',568,NULL,'1:N'),(113,6,35,'get_merged_list',16,'PBXManager',0,'',568,NULL,'1:N'),(114,36,13,'get_related_list',1,'Service Requests',0,'ADD,SELECT',NULL,NULL,'N:N'),(115,36,8,'get_attachments',2,'Documents',0,'ADD,SELECT',NULL,NULL,'N:N'),(116,6,36,'get_merged_list',17,'Service Contracts',0,'ADD',584,NULL,'1:N'),(117,4,36,'get_dependents_list',16,'Service Contracts',0,'ADD',584,NULL,'1:N'),(118,13,36,'get_related_list',7,'Service Contracts',0,'ADD,SELECT',NULL,NULL,'N:N'),(119,7,40,'get_comments',10,'ModComments',0,'',611,NULL,'1:N'),(120,4,40,'get_comments',17,'ModComments',0,'',611,NULL,'1:N'),(121,6,40,'get_comments',18,'ModComments',0,'',611,NULL,'1:N'),(122,2,40,'get_comments',11,'ModComments',0,'',611,NULL,'1:N'),(123,42,13,'get_related_list',1,'HelpDesk',0,'ADD,SELECT',NULL,NULL,'N:N'),(124,42,8,'get_attachments',11,'Documents',0,'ADD,SELECT',NULL,NULL,'N:N'),(125,6,42,'get_merged_list',19,'Assets',0,'ADD',626,NULL,'1:N'),(126,14,42,'get_dependents_list',15,'Assets',0,'ADD',615,NULL,'1:N'),(127,23,42,'get_dependents_list',5,'Assets',0,'ADD',621,NULL,'1:N'),(128,45,6,'get_related_list',1,'Accounts',0,'',NULL,NULL,'N:N'),(129,45,4,'get_related_list',2,'Contacts',0,'',NULL,NULL,'N:N'),(130,45,7,'get_related_list',3,'Leads',0,'',NULL,NULL,'N:N'),(131,4,45,'get_related_list',18,'SPSocialConnector',0,' ',NULL,NULL,'N:N'),(132,7,45,'get_related_list',11,'SPSocialConnector',0,' ',NULL,NULL,'N:N'),(133,6,45,'get_related_list',20,'SPSocialConnector',0,' ',NULL,NULL,'N:N'),(134,46,6,'get_related_list',1,'Accounts',0,' ',NULL,NULL,'N:N'),(135,46,4,'get_related_list',2,'Contacts',0,' ',NULL,NULL,'N:N'),(136,46,7,'get_related_list',3,'Leads',0,' ',NULL,NULL,'N:N'),(144,6,56,'get_merged_list',21,'Projects',0,'add',743,NULL,'1:N'),(145,4,56,'get_dependents_list',19,'Projects',0,'add',743,NULL,'1:N'),(146,13,56,'get_related_list',8,'Projects',0,'SELECT',NULL,NULL,'N:N'),(148,57,23,'get_dependents_list',1,'Invoice',0,'ADD',793,NULL,'1:N'),(149,57,9,'get_activities',2,'Activities',0,'ADD',246,NULL,'1:N'),(150,57,8,'get_attachments',3,'Documents',0,'ADD,SELECT',NULL,NULL,'N:N'),(151,57,9,'get_history',4,'Activity History',0,'ADD',246,NULL,'1:N'),(152,6,57,'get_merged_list',22,'Act',0,'ADD',761,NULL,'1:N'),(153,58,8,'get_attachments',0,'Documents',0,'ADD,SELECT',NULL,NULL,'N:N'),(154,6,58,'get_merged_list',23,'SPPayments',0,'ADD',796,NULL,'1:N'),(155,4,58,'get_dependents_list',20,'SPPayments',0,'ADD',796,NULL,'1:N'),(156,18,58,'get_dependents_list',5,'SPPayments',0,'ADD',796,NULL,'1:N'),(157,23,58,'get_dependents_list',6,'SPPayments',0,'ADD',798,NULL,'1:N'),(158,22,58,'get_dependents_list',6,'SPPayments',0,'ADD',798,NULL,'1:N'),(159,21,58,'get_dependents_list',5,'SPPayments',0,'ADD',798,NULL,'1:N'),(160,59,9,'get_activities',1,'Activities',0,'ADD',246,NULL,'1:N'),(161,59,8,'get_attachments',2,'Documents',0,'ADD,SELECT',NULL,NULL,'N:N'),(162,59,9,'get_history',3,'Activity History',0,'ADD',246,NULL,'1:N'),(163,23,59,'get_dependents_list',7,'Consignment',0,'ADD',818,NULL,'1:N'),(164,6,59,'get_merged_list',24,'Consignment',0,'ADD',822,NULL,'1:N'),(165,55,8,'get_attachments',2,'Documents',0,'ADD,SELECT',NULL,NULL,'N:N'),(166,55,40,'get_comments',3,'ModComments',0,'',611,NULL,'1:N'),(167,56,55,'get_dependents_list',2,'Project Tasks',0,'ADD',722,NULL,'1:N'),(168,56,54,'get_dependents_list',3,'Project Milestones',0,'ADD',708,NULL,'1:N'),(169,56,8,'get_attachments',4,'Documents',0,'ADD,SELECT',NULL,NULL,'N:N'),(170,56,13,'get_related_list',5,'HelpDesk',0,'ADD,SELECT',NULL,NULL,'N:N'),(171,56,0,'get_gantt_chart',6,'Charts',0,'',NULL,NULL,'N:N'),(172,56,40,'get_comments',7,'ModComments',0,'',611,NULL,'1:N'),(173,13,40,'get_comments',9,'ModComments',0,'',611,NULL,'1:N'),(174,15,40,'get_comments',3,'ModComments',0,'',611,NULL,'1:N'),(175,4,42,'get_dependents_list',21,'Assets',0,'ADD',627,NULL,'1:N'),(176,2,23,'get_dependents_list',12,'Invoice',0,'ADD',1018,NULL,'1:N'),(177,8,4,'get_related_list',1,'Contacts',0,'1',NULL,NULL,'N:N'),(178,8,6,'get_related_list',2,'Accounts',0,'1',NULL,NULL,'N:N'),(179,8,2,'get_related_list',3,'Potentials',0,'1',NULL,NULL,'N:N'),(180,8,7,'get_related_list',4,'Leads',0,'1',NULL,NULL,'N:N'),(181,8,14,'get_related_list',5,'Products',0,'1',NULL,NULL,'N:N'),(182,8,31,'get_related_list',6,'Services',0,'1',NULL,NULL,'N:N'),(183,8,56,'get_related_list',7,'Project',0,'1',NULL,NULL,'N:N'),(184,8,42,'get_related_list',8,'Assets',0,'1',NULL,NULL,'N:N'),(185,8,36,'get_related_list',9,'ServiceContracts',0,'1',NULL,NULL,'N:N'),(186,8,20,'get_related_list',10,'Quotes',0,'1',NULL,NULL,'N:N'),(187,8,23,'get_related_list',11,'Invoice',0,'1',NULL,NULL,'N:N'),(188,8,22,'get_related_list',12,'SalesOrder',0,'1',NULL,NULL,'N:N'),(189,8,21,'get_related_list',13,'PurchaseOrder',0,'1',NULL,NULL,'N:N'),(190,8,13,'get_related_list',14,'HelpDesk',0,'1',NULL,NULL,'N:N'),(191,8,15,'get_related_list',15,'Faq',0,'1',NULL,NULL,'N:N'),(192,8,57,'get_related_list',16,'Act',0,'1',NULL,NULL,'N:N'),(193,8,59,'get_related_list',17,'Consignment',0,'1',NULL,NULL,'N:N'),(194,56,10,'get_emails',8,'Emails',0,'ADD',NULL,NULL,'N:N'),(195,55,10,'get_emails',4,'Emails',0,'ADD',NULL,NULL,'N:N'),(196,56,9,'get_related_list',9,'Activities',0,'ADD',NULL,NULL,NULL),(197,56,20,'get_related_list',10,'Quotes',0,'SELECT',NULL,NULL,NULL),(198,14,21,'get_purchase_orders',16,'PurchaseOrder',0,'ADD',NULL,NULL,NULL),(199,4,46,'get_related_list',22,'SMSNotifier',0,'',NULL,NULL,NULL),(200,6,46,'get_related_list',25,'SMSNotifier',0,'',NULL,NULL,NULL),(201,7,46,'get_related_list',12,'SMSNotifier',0,'',NULL,NULL,NULL);
/*!40000 ALTER TABLE `vtiger_relatedlists` ENABLE KEYS */;
UNLOCK TABLES;

--
-- Table structure for table `vtiger_relatedlists_rb`
--

DROP TABLE IF EXISTS `vtiger_relatedlists_rb`;
/*!40101 SET @saved_cs_client     = @@character_set_client */;
/*!40101 SET character_set_client = utf8 */;
CREATE TABLE `vtiger_relatedlists_rb` (
  `entityid` int(19) DEFAULT NULL,
  `action` varchar(50) DEFAULT NULL,
  `rel_table` varchar(200) DEFAULT NULL,
  `rel_column` varchar(200) DEFAULT NULL,
  `ref_column` varchar(200) DEFAULT NULL,
  `related_crm_ids` text
) ENGINE=InnoDB DEFAULT CHARSET=utf8;
/*!40101 SET character_set_client = @saved_cs_client */;

--
-- Dumping data for table `vtiger_relatedlists_rb`
--

LOCK TABLES `vtiger_relatedlists_rb` WRITE;
/*!40000 ALTER TABLE `vtiger_relatedlists_rb` DISABLE KEYS */;
/*!40000 ALTER TABLE `vtiger_relatedlists_rb` ENABLE KEYS */;
UNLOCK TABLES;

--
-- Table structure for table `vtiger_relatedlists_seq`
--

DROP TABLE IF EXISTS `vtiger_relatedlists_seq`;
/*!40101 SET @saved_cs_client     = @@character_set_client */;
/*!40101 SET character_set_client = utf8 */;
CREATE TABLE `vtiger_relatedlists_seq` (
  `id` int(11) NOT NULL
) ENGINE=InnoDB DEFAULT CHARSET=utf8;
/*!40101 SET character_set_client = @saved_cs_client */;

--
-- Dumping data for table `vtiger_relatedlists_seq`
--

LOCK TABLES `vtiger_relatedlists_seq` WRITE;
/*!40000 ALTER TABLE `vtiger_relatedlists_seq` DISABLE KEYS */;
INSERT INTO `vtiger_relatedlists_seq` VALUES (201);
/*!40000 ALTER TABLE `vtiger_relatedlists_seq` ENABLE KEYS */;
UNLOCK TABLES;

--
-- Table structure for table `vtiger_relcriteria`
--

DROP TABLE IF EXISTS `vtiger_relcriteria`;
/*!40101 SET @saved_cs_client     = @@character_set_client */;
/*!40101 SET character_set_client = utf8 */;
CREATE TABLE `vtiger_relcriteria` (
  `queryid` int(19) NOT NULL,
  `columnindex` int(11) NOT NULL,
  `columnname` varchar(250) DEFAULT '',
  `comparator` varchar(20) DEFAULT NULL,
  `value` varchar(512) DEFAULT NULL,
  `groupid` int(11) DEFAULT '1',
  `column_condition` varchar(256) DEFAULT 'and',
  PRIMARY KEY (`queryid`,`columnindex`),
  KEY `relcriteria_queryid_idx` (`queryid`),
  CONSTRAINT `fk_1_vtiger_relcriteria` FOREIGN KEY (`queryid`) REFERENCES `vtiger_selectquery` (`queryid`) ON DELETE CASCADE
) ENGINE=InnoDB DEFAULT CHARSET=utf8;
/*!40101 SET character_set_client = @saved_cs_client */;

--
-- Dumping data for table `vtiger_relcriteria`
--

LOCK TABLES `vtiger_relcriteria` WRITE;
/*!40000 ALTER TABLE `vtiger_relcriteria` DISABLE KEYS */;
INSERT INTO `vtiger_relcriteria` VALUES (1,0,'vtiger_contactdetails:accountid:Contacts_Account_Name:account_id:V','n','',1,'and'),(2,0,'vtiger_contactdetails:accountid:Contacts_Account_Name:account_id:V','e','',1,'and'),(3,0,'vtiger_potential:potentialname:Potentials_Potential_Name:potentialname:V','n','',1,'and'),(7,0,'vtiger_potential:sales_stage:Potentials_Sales_Stage:sales_stage:V','e','Closed Won',1,'and'),(12,0,'vtiger_troubletickets:status:HelpDesk_Status:ticketstatus:V','n','Closed',1,'and'),(15,0,'vtiger_quotes:quotestage:Quotes_Quote_Stage:quotestage:V','n','Accepted',1,'and'),(15,1,'vtiger_quotes:quotestage:Quotes_Quote_Stage:quotestage:V','n','Rejected',1,'and'),(22,0,'vtiger_email_track:access_count:Emails_Access_Count:access_count:V','n','',1,'and'),(23,0,'vtiger_email_track:access_count:Emails_Access_Count:access_count:V','n','',1,'and'),(24,0,'vtiger_email_track:access_count:Emails_Access_Count:access_count:V','n','',1,'and'),(25,0,'vtiger_email_track:access_count:Emails_Access_Count:access_count:V','n','',1,'and');
/*!40000 ALTER TABLE `vtiger_relcriteria` ENABLE KEYS */;
UNLOCK TABLES;

--
-- Table structure for table `vtiger_relcriteria_grouping`
--

DROP TABLE IF EXISTS `vtiger_relcriteria_grouping`;
/*!40101 SET @saved_cs_client     = @@character_set_client */;
/*!40101 SET character_set_client = utf8 */;
CREATE TABLE `vtiger_relcriteria_grouping` (
  `groupid` int(11) NOT NULL,
  `queryid` int(19) NOT NULL,
  `group_condition` varchar(256) DEFAULT NULL,
  `condition_expression` text,
  PRIMARY KEY (`groupid`,`queryid`)
) ENGINE=InnoDB DEFAULT CHARSET=utf8;
/*!40101 SET character_set_client = @saved_cs_client */;

--
-- Dumping data for table `vtiger_relcriteria_grouping`
--

LOCK TABLES `vtiger_relcriteria_grouping` WRITE;
/*!40000 ALTER TABLE `vtiger_relcriteria_grouping` DISABLE KEYS */;
INSERT INTO `vtiger_relcriteria_grouping` VALUES (1,1,'','0'),(1,2,'','0'),(1,3,'','0'),(1,7,'','0'),(1,12,'','0'),(1,15,'','0 and 1'),(1,22,'','0'),(1,23,'','0'),(1,24,'','0'),(1,25,'','0');
/*!40000 ALTER TABLE `vtiger_relcriteria_grouping` ENABLE KEYS */;
UNLOCK TABLES;

--
-- Table structure for table `vtiger_reminder_interval`
--

DROP TABLE IF EXISTS `vtiger_reminder_interval`;
/*!40101 SET @saved_cs_client     = @@character_set_client */;
/*!40101 SET character_set_client = utf8 */;
CREATE TABLE `vtiger_reminder_interval` (
  `reminder_intervalid` int(19) NOT NULL AUTO_INCREMENT,
  `reminder_interval` varchar(200) NOT NULL,
  `sortorderid` int(19) NOT NULL,
  `presence` int(1) NOT NULL,
  PRIMARY KEY (`reminder_intervalid`)
) ENGINE=InnoDB AUTO_INCREMENT=9 DEFAULT CHARSET=utf8;
/*!40101 SET character_set_client = @saved_cs_client */;

--
-- Dumping data for table `vtiger_reminder_interval`
--

LOCK TABLES `vtiger_reminder_interval` WRITE;
/*!40000 ALTER TABLE `vtiger_reminder_interval` DISABLE KEYS */;
INSERT INTO `vtiger_reminder_interval` VALUES (2,'1 Minute',1,1),(3,'5 Minutes',2,1),(4,'15 Minutes',3,1),(5,'30 Minutes',4,1),(6,'45 Minutes',5,1),(7,'1 Hour',6,1),(8,'1 Day',7,1);
/*!40000 ALTER TABLE `vtiger_reminder_interval` ENABLE KEYS */;
UNLOCK TABLES;

--
-- Table structure for table `vtiger_reminder_interval_seq`
--

DROP TABLE IF EXISTS `vtiger_reminder_interval_seq`;
/*!40101 SET @saved_cs_client     = @@character_set_client */;
/*!40101 SET character_set_client = utf8 */;
CREATE TABLE `vtiger_reminder_interval_seq` (
  `id` int(11) NOT NULL
) ENGINE=InnoDB DEFAULT CHARSET=utf8;
/*!40101 SET character_set_client = @saved_cs_client */;

--
-- Dumping data for table `vtiger_reminder_interval_seq`
--

LOCK TABLES `vtiger_reminder_interval_seq` WRITE;
/*!40000 ALTER TABLE `vtiger_reminder_interval_seq` DISABLE KEYS */;
INSERT INTO `vtiger_reminder_interval_seq` VALUES (8);
/*!40000 ALTER TABLE `vtiger_reminder_interval_seq` ENABLE KEYS */;
UNLOCK TABLES;

--
-- Table structure for table `vtiger_report`
--

DROP TABLE IF EXISTS `vtiger_report`;
/*!40101 SET @saved_cs_client     = @@character_set_client */;
/*!40101 SET character_set_client = utf8 */;
CREATE TABLE `vtiger_report` (
  `reportid` int(19) NOT NULL,
  `folderid` int(19) NOT NULL,
  `reportname` varchar(100) DEFAULT '',
  `description` varchar(250) DEFAULT '',
  `reporttype` varchar(50) DEFAULT '',
  `queryid` int(19) NOT NULL DEFAULT '0',
  `state` varchar(50) DEFAULT 'SAVED',
  `customizable` int(1) DEFAULT '1',
  `category` int(11) DEFAULT '1',
  `owner` int(11) DEFAULT '1',
  `sharingtype` varchar(200) DEFAULT 'Private',
  PRIMARY KEY (`reportid`),
  KEY `report_queryid_idx` (`queryid`),
  KEY `report_folderid_idx` (`folderid`),
  CONSTRAINT `fk_2_vtiger_report` FOREIGN KEY (`queryid`) REFERENCES `vtiger_selectquery` (`queryid`) ON DELETE CASCADE
) ENGINE=InnoDB DEFAULT CHARSET=utf8;
/*!40101 SET character_set_client = @saved_cs_client */;

--
-- Dumping data for table `vtiger_report`
--

LOCK TABLES `vtiger_report` WRITE;
/*!40000 ALTER TABLE `vtiger_report` DISABLE KEYS */;
INSERT INTO `vtiger_report` VALUES (1,1,'Contacts by Accounts','Contacts related to Accounts','tabular',1,'CUSTOM',1,1,1,'Public'),(2,1,'Contacts without Accounts','Contacts not related to Accounts','tabular',2,'CUSTOM',1,1,1,'Public'),(3,1,'Contacts by Potentials','Contacts related to Potentials','tabular',3,'CUSTOM',1,1,1,'Public'),(4,2,'Lead by Source','Lead by Source','summary',4,'CUSTOM',1,1,1,'Public'),(5,2,'Lead Status Report','Lead Status Report','summary',5,'CUSTOM',1,1,1,'Public'),(6,3,'Potential Pipeline','Potential Pipeline','summary',6,'CUSTOM',1,1,1,'Public'),(7,3,'Closed Potentials','Potential that have Won','tabular',7,'CUSTOM',1,1,1,'Public'),(8,4,'Last Month Activities','Last Month Activities','tabular',8,'CUSTOM',1,1,1,'Public'),(9,4,'This Month Activities','This Month Activities','tabular',9,'CUSTOM',1,1,1,'Public'),(10,5,'Tickets by Products','Tickets related to Products','tabular',10,'CUSTOM',1,1,1,'Public'),(11,5,'Tickets by Priority','Tickets by Priority','summary',11,'CUSTOM',1,1,1,'Public'),(12,5,'Open Tickets','Tickets that are Open','tabular',12,'CUSTOM',1,1,1,'Public'),(13,6,'Product Details','Product Detailed Report','tabular',13,'CUSTOM',1,1,1,'Public'),(14,6,'Products by Contacts','Products related to Contacts','tabular',14,'CUSTOM',1,1,1,'Public'),(15,7,'Open Quotes','Quotes that are Open','tabular',15,'CUSTOM',1,1,1,'Public'),(16,7,'Quotes Detailed Report','Quotes Detailed Report','tabular',16,'CUSTOM',1,1,1,'Public'),(17,8,'PurchaseOrder by Contacts','PurchaseOrder related to Contacts','tabular',17,'CUSTOM',1,1,1,'Public'),(18,8,'PurchaseOrder Detailed Report','PurchaseOrder Detailed Report','tabular',18,'CUSTOM',1,1,1,'Public'),(19,9,'Invoice Detailed Report','Invoice Detailed Report','tabular',19,'CUSTOM',1,1,1,'Public'),(20,10,'SalesOrder Detailed Report','SalesOrder Detailed Report','tabular',20,'CUSTOM',1,1,1,'Public'),(21,11,'Campaign Expectations and Actuals','Campaign Expectations and Actuals','tabular',21,'CUSTOM',1,1,1,'Public'),(22,12,'Contacts Email Report','Emails sent to Contacts','tabular',22,'CUSTOM',1,1,1,'Public'),(23,12,'Accounts Email Report','Emails sent to Organizations','tabular',23,'CUSTOM',1,1,1,'Public'),(24,12,'Leads Email Report','Emails sent to Leads','tabular',24,'CUSTOM',1,1,1,'Public'),(25,12,'Vendors Email Report','Emails sent to Vendors','tabular',25,'CUSTOM',1,1,1,'Public');
/*!40000 ALTER TABLE `vtiger_report` ENABLE KEYS */;
UNLOCK TABLES;

--
-- Table structure for table `vtiger_report_sharegroups`
--

DROP TABLE IF EXISTS `vtiger_report_sharegroups`;
/*!40101 SET @saved_cs_client     = @@character_set_client */;
/*!40101 SET character_set_client = utf8 */;
CREATE TABLE `vtiger_report_sharegroups` (
  `reportid` int(25) NOT NULL,
  `groupid` int(25) NOT NULL,
  KEY `vtiger_report_sharegroups_ibfk_1` (`reportid`),
  KEY `vtiger_groups_groupid_ibfk_1` (`groupid`),
  CONSTRAINT `vtiger_groups_groupid_ibfk_1` FOREIGN KEY (`groupid`) REFERENCES `vtiger_groups` (`groupid`) ON DELETE CASCADE,
  CONSTRAINT `vtiger_report_reportid_ibfk_2` FOREIGN KEY (`reportid`) REFERENCES `vtiger_report` (`reportid`) ON DELETE CASCADE
) ENGINE=InnoDB DEFAULT CHARSET=utf8;
/*!40101 SET character_set_client = @saved_cs_client */;

--
-- Dumping data for table `vtiger_report_sharegroups`
--

LOCK TABLES `vtiger_report_sharegroups` WRITE;
/*!40000 ALTER TABLE `vtiger_report_sharegroups` DISABLE KEYS */;
/*!40000 ALTER TABLE `vtiger_report_sharegroups` ENABLE KEYS */;
UNLOCK TABLES;

--
-- Table structure for table `vtiger_report_sharerole`
--

DROP TABLE IF EXISTS `vtiger_report_sharerole`;
/*!40101 SET @saved_cs_client     = @@character_set_client */;
/*!40101 SET character_set_client = utf8 */;
CREATE TABLE `vtiger_report_sharerole` (
  `reportid` int(25) NOT NULL,
  `roleid` varchar(255) NOT NULL,
  KEY `vtiger_report_sharerole_ibfk_1` (`reportid`),
  KEY `vtiger_role_roleid_ibfk_1` (`roleid`),
  CONSTRAINT `vtiger_report_reportid_ibfk_3` FOREIGN KEY (`reportid`) REFERENCES `vtiger_report` (`reportid`) ON DELETE CASCADE,
  CONSTRAINT `vtiger_role_roleid_ibfk_1` FOREIGN KEY (`roleid`) REFERENCES `vtiger_role` (`roleid`) ON DELETE CASCADE
) ENGINE=InnoDB DEFAULT CHARSET=utf8;
/*!40101 SET character_set_client = @saved_cs_client */;

--
-- Dumping data for table `vtiger_report_sharerole`
--

LOCK TABLES `vtiger_report_sharerole` WRITE;
/*!40000 ALTER TABLE `vtiger_report_sharerole` DISABLE KEYS */;
/*!40000 ALTER TABLE `vtiger_report_sharerole` ENABLE KEYS */;
UNLOCK TABLES;

--
-- Table structure for table `vtiger_report_sharers`
--

DROP TABLE IF EXISTS `vtiger_report_sharers`;
/*!40101 SET @saved_cs_client     = @@character_set_client */;
/*!40101 SET character_set_client = utf8 */;
CREATE TABLE `vtiger_report_sharers` (
  `reportid` int(25) NOT NULL,
  `rsid` varchar(255) NOT NULL,
  KEY `vtiger_report_sharers_ibfk_1` (`reportid`),
  KEY `vtiger_rolesd_rsid_ibfk_1` (`rsid`),
  CONSTRAINT `vtiger_report_reportid_ibfk_4` FOREIGN KEY (`reportid`) REFERENCES `vtiger_report` (`reportid`) ON DELETE CASCADE,
  CONSTRAINT `vtiger_rolesd_rsid_ibfk_1` FOREIGN KEY (`rsid`) REFERENCES `vtiger_role` (`roleid`) ON DELETE CASCADE
) ENGINE=InnoDB DEFAULT CHARSET=utf8;
/*!40101 SET character_set_client = @saved_cs_client */;

--
-- Dumping data for table `vtiger_report_sharers`
--

LOCK TABLES `vtiger_report_sharers` WRITE;
/*!40000 ALTER TABLE `vtiger_report_sharers` DISABLE KEYS */;
/*!40000 ALTER TABLE `vtiger_report_sharers` ENABLE KEYS */;
UNLOCK TABLES;

--
-- Table structure for table `vtiger_report_shareusers`
--

DROP TABLE IF EXISTS `vtiger_report_shareusers`;
/*!40101 SET @saved_cs_client     = @@character_set_client */;
/*!40101 SET character_set_client = utf8 */;
CREATE TABLE `vtiger_report_shareusers` (
  `reportid` int(25) NOT NULL,
  `userid` int(25) NOT NULL,
  KEY `vtiger_report_shareusers_ibfk_1` (`reportid`),
  KEY `vtiger_users_userid_ibfk_1` (`userid`),
  CONSTRAINT `vtiger_reports_reportid_ibfk_1` FOREIGN KEY (`reportid`) REFERENCES `vtiger_report` (`reportid`) ON DELETE CASCADE,
  CONSTRAINT `vtiger_users_userid_ibfk_1` FOREIGN KEY (`userid`) REFERENCES `vtiger_users` (`id`) ON DELETE CASCADE
) ENGINE=InnoDB DEFAULT CHARSET=utf8;
/*!40101 SET character_set_client = @saved_cs_client */;

--
-- Dumping data for table `vtiger_report_shareusers`
--

LOCK TABLES `vtiger_report_shareusers` WRITE;
/*!40000 ALTER TABLE `vtiger_report_shareusers` DISABLE KEYS */;
/*!40000 ALTER TABLE `vtiger_report_shareusers` ENABLE KEYS */;
UNLOCK TABLES;

--
-- Table structure for table `vtiger_reportdatefilter`
--

DROP TABLE IF EXISTS `vtiger_reportdatefilter`;
/*!40101 SET @saved_cs_client     = @@character_set_client */;
/*!40101 SET character_set_client = utf8 */;
CREATE TABLE `vtiger_reportdatefilter` (
  `datefilterid` int(19) NOT NULL,
  `datecolumnname` varchar(250) DEFAULT '',
  `datefilter` varchar(250) DEFAULT '',
  `startdate` date DEFAULT NULL,
  `enddate` date DEFAULT NULL,
  PRIMARY KEY (`datefilterid`),
  KEY `reportdatefilter_datefilterid_idx` (`datefilterid`),
  CONSTRAINT `fk_1_vtiger_reportdatefilter` FOREIGN KEY (`datefilterid`) REFERENCES `vtiger_report` (`reportid`) ON DELETE CASCADE
) ENGINE=InnoDB DEFAULT CHARSET=utf8;
/*!40101 SET character_set_client = @saved_cs_client */;

--
-- Dumping data for table `vtiger_reportdatefilter`
--

LOCK TABLES `vtiger_reportdatefilter` WRITE;
/*!40000 ALTER TABLE `vtiger_reportdatefilter` DISABLE KEYS */;
INSERT INTO `vtiger_reportdatefilter` VALUES (8,'vtiger_crmentity:modifiedtime:modifiedtime:Calendar_Modified_Time','lastmonth','2005-05-01','2005-05-31'),(9,'vtiger_crmentity:modifiedtime:modifiedtime:Calendar_Modified_Time','thismonth','2005-06-01','2005-06-30');
/*!40000 ALTER TABLE `vtiger_reportdatefilter` ENABLE KEYS */;
UNLOCK TABLES;

--
-- Table structure for table `vtiger_reportfilters`
--

DROP TABLE IF EXISTS `vtiger_reportfilters`;
/*!40101 SET @saved_cs_client     = @@character_set_client */;
/*!40101 SET character_set_client = utf8 */;
CREATE TABLE `vtiger_reportfilters` (
  `filterid` int(19) NOT NULL,
  `name` varchar(200) NOT NULL
) ENGINE=InnoDB DEFAULT CHARSET=utf8;
/*!40101 SET character_set_client = @saved_cs_client */;

--
-- Dumping data for table `vtiger_reportfilters`
--

LOCK TABLES `vtiger_reportfilters` WRITE;
/*!40000 ALTER TABLE `vtiger_reportfilters` DISABLE KEYS */;
INSERT INTO `vtiger_reportfilters` VALUES (1,'Private'),(2,'Public'),(3,'Shared');
/*!40000 ALTER TABLE `vtiger_reportfilters` ENABLE KEYS */;
UNLOCK TABLES;

--
-- Table structure for table `vtiger_reportfolder`
--

DROP TABLE IF EXISTS `vtiger_reportfolder`;
/*!40101 SET @saved_cs_client     = @@character_set_client */;
/*!40101 SET character_set_client = utf8 */;
CREATE TABLE `vtiger_reportfolder` (
  `folderid` int(19) NOT NULL AUTO_INCREMENT,
  `foldername` varchar(100) NOT NULL DEFAULT '',
  `description` varchar(250) DEFAULT '',
  `state` varchar(50) DEFAULT 'SAVED',
  PRIMARY KEY (`folderid`)
) ENGINE=InnoDB AUTO_INCREMENT=14 DEFAULT CHARSET=utf8;
/*!40101 SET character_set_client = @saved_cs_client */;

--
-- Dumping data for table `vtiger_reportfolder`
--

LOCK TABLES `vtiger_reportfolder` WRITE;
/*!40000 ALTER TABLE `vtiger_reportfolder` DISABLE KEYS */;
INSERT INTO `vtiger_reportfolder` VALUES (1,'Отчеты по Контактам и Контрагентам','Account and Contact Reports','SAVED'),(2,'Отчеты по Обращениям','Lead Reports','SAVED'),(3,'Отчеты по Сделкам','Potential Reports','SAVED'),(4,'Отчеты по Деятельности','Activity Reports','SAVED'),(5,'Отчеты по Заявкам в Поддержку','HelpDesk Reports','SAVED'),(6,'Отчеты по Товарам','Product Reports','SAVED'),(7,'Отчеты по Предложениям','Quote Reports','SAVED'),(8,'Отчеты по Закупкам','PurchaseOrder Reports','SAVED'),(9,'Отчеты по Счетам','Invoice Reports','SAVED'),(10,'Отчеты по Заказам','SalesOrder Reports','SAVED'),(11,'Отчеты по Кампаниям','Campaign Reports','SAVED'),(12,'E-mail отчеты','Email Reports','SAVED'),(13,'Шаблоны','Report templates for modules','SAVED');
/*!40000 ALTER TABLE `vtiger_reportfolder` ENABLE KEYS */;
UNLOCK TABLES;

--
-- Table structure for table `vtiger_reportgroupbycolumn`
--

DROP TABLE IF EXISTS `vtiger_reportgroupbycolumn`;
/*!40101 SET @saved_cs_client     = @@character_set_client */;
/*!40101 SET character_set_client = utf8 */;
CREATE TABLE `vtiger_reportgroupbycolumn` (
  `reportid` int(19) DEFAULT NULL,
  `sortid` int(19) DEFAULT NULL,
  `sortcolname` varchar(250) DEFAULT NULL,
  `dategroupbycriteria` varchar(250) DEFAULT NULL,
  KEY `fk_1_vtiger_reportgroupbycolumn` (`reportid`),
  CONSTRAINT `fk_1_vtiger_reportgroupbycolumn` FOREIGN KEY (`reportid`) REFERENCES `vtiger_report` (`reportid`) ON DELETE CASCADE
) ENGINE=InnoDB DEFAULT CHARSET=utf8;
/*!40101 SET character_set_client = @saved_cs_client */;

--
-- Dumping data for table `vtiger_reportgroupbycolumn`
--

LOCK TABLES `vtiger_reportgroupbycolumn` WRITE;
/*!40000 ALTER TABLE `vtiger_reportgroupbycolumn` DISABLE KEYS */;
/*!40000 ALTER TABLE `vtiger_reportgroupbycolumn` ENABLE KEYS */;
UNLOCK TABLES;

--
-- Table structure for table `vtiger_reportmodules`
--

DROP TABLE IF EXISTS `vtiger_reportmodules`;
/*!40101 SET @saved_cs_client     = @@character_set_client */;
/*!40101 SET character_set_client = utf8 */;
CREATE TABLE `vtiger_reportmodules` (
  `reportmodulesid` int(19) NOT NULL,
  `primarymodule` varchar(100) DEFAULT NULL,
  `secondarymodules` varchar(250) DEFAULT '',
  PRIMARY KEY (`reportmodulesid`),
  CONSTRAINT `fk_1_vtiger_reportmodules` FOREIGN KEY (`reportmodulesid`) REFERENCES `vtiger_report` (`reportid`) ON DELETE CASCADE
) ENGINE=InnoDB DEFAULT CHARSET=utf8;
/*!40101 SET character_set_client = @saved_cs_client */;

--
-- Dumping data for table `vtiger_reportmodules`
--

LOCK TABLES `vtiger_reportmodules` WRITE;
/*!40000 ALTER TABLE `vtiger_reportmodules` DISABLE KEYS */;
INSERT INTO `vtiger_reportmodules` VALUES (1,'Contacts','Accounts'),(2,'Contacts','Accounts'),(3,'Contacts','Potentials'),(4,'Leads',''),(5,'Leads',''),(6,'Potentials',''),(7,'Potentials',''),(8,'Calendar',''),(9,'Calendar',''),(10,'HelpDesk','Products'),(11,'HelpDesk',''),(12,'HelpDesk',''),(13,'Products',''),(14,'Products','Contacts'),(15,'Quotes',''),(16,'Quotes',''),(17,'PurchaseOrder','Contacts'),(18,'PurchaseOrder',''),(19,'Invoice',''),(20,'SalesOrder',''),(21,'Campaigns',''),(22,'Contacts','Emails'),(23,'Accounts','Emails'),(24,'Leads','Emails'),(25,'Vendors','Emails');
/*!40000 ALTER TABLE `vtiger_reportmodules` ENABLE KEYS */;
UNLOCK TABLES;

--
-- Table structure for table `vtiger_reportsharing`
--

DROP TABLE IF EXISTS `vtiger_reportsharing`;
/*!40101 SET @saved_cs_client     = @@character_set_client */;
/*!40101 SET character_set_client = utf8 */;
CREATE TABLE `vtiger_reportsharing` (
  `reportid` int(19) NOT NULL,
  `shareid` int(19) NOT NULL,
  `setype` varchar(200) NOT NULL
) ENGINE=InnoDB DEFAULT CHARSET=utf8;
/*!40101 SET character_set_client = @saved_cs_client */;

--
-- Dumping data for table `vtiger_reportsharing`
--

LOCK TABLES `vtiger_reportsharing` WRITE;
/*!40000 ALTER TABLE `vtiger_reportsharing` DISABLE KEYS */;
/*!40000 ALTER TABLE `vtiger_reportsharing` ENABLE KEYS */;
UNLOCK TABLES;

--
-- Table structure for table `vtiger_reportsortcol`
--

DROP TABLE IF EXISTS `vtiger_reportsortcol`;
/*!40101 SET @saved_cs_client     = @@character_set_client */;
/*!40101 SET character_set_client = utf8 */;
CREATE TABLE `vtiger_reportsortcol` (
  `sortcolid` int(19) NOT NULL,
  `reportid` int(19) NOT NULL,
  `columnname` varchar(250) DEFAULT '',
  `sortorder` varchar(250) DEFAULT 'Asc',
  PRIMARY KEY (`sortcolid`,`reportid`),
  KEY `fk_1_vtiger_reportsortcol` (`reportid`),
  CONSTRAINT `fk_1_vtiger_reportsortcol` FOREIGN KEY (`reportid`) REFERENCES `vtiger_report` (`reportid`) ON DELETE CASCADE
) ENGINE=InnoDB DEFAULT CHARSET=utf8;
/*!40101 SET character_set_client = @saved_cs_client */;

--
-- Dumping data for table `vtiger_reportsortcol`
--

LOCK TABLES `vtiger_reportsortcol` WRITE;
/*!40000 ALTER TABLE `vtiger_reportsortcol` DISABLE KEYS */;
INSERT INTO `vtiger_reportsortcol` VALUES (1,4,'vtiger_leaddetails:leadsource:Leads_Lead_Source:leadsource:V','Ascending'),(1,5,'vtiger_leaddetails:leadstatus:Leads_Lead_Status:leadstatus:V','Ascending'),(1,6,'vtiger_potential:sales_stage:Potentials_Sales_Stage:sales_stage:V','Ascending'),(1,11,'vtiger_troubletickets:priority:HelpDesk_Priority:ticketpriorities:V','Ascending');
/*!40000 ALTER TABLE `vtiger_reportsortcol` ENABLE KEYS */;
UNLOCK TABLES;

--
-- Table structure for table `vtiger_reportsummary`
--

DROP TABLE IF EXISTS `vtiger_reportsummary`;
/*!40101 SET @saved_cs_client     = @@character_set_client */;
/*!40101 SET character_set_client = utf8 */;
CREATE TABLE `vtiger_reportsummary` (
  `reportsummaryid` int(19) NOT NULL,
  `summarytype` int(19) NOT NULL,
  `columnname` varchar(250) NOT NULL DEFAULT '',
  PRIMARY KEY (`reportsummaryid`,`summarytype`,`columnname`),
  KEY `reportsummary_reportsummaryid_idx` (`reportsummaryid`),
  CONSTRAINT `fk_1_vtiger_reportsummary` FOREIGN KEY (`reportsummaryid`) REFERENCES `vtiger_report` (`reportid`) ON DELETE CASCADE
) ENGINE=InnoDB DEFAULT CHARSET=utf8;
/*!40101 SET character_set_client = @saved_cs_client */;

--
-- Dumping data for table `vtiger_reportsummary`
--

LOCK TABLES `vtiger_reportsummary` WRITE;
/*!40000 ALTER TABLE `vtiger_reportsummary` DISABLE KEYS */;
/*!40000 ALTER TABLE `vtiger_reportsummary` ENABLE KEYS */;
UNLOCK TABLES;

--
-- Table structure for table `vtiger_reporttype`
--

DROP TABLE IF EXISTS `vtiger_reporttype`;
/*!40101 SET @saved_cs_client     = @@character_set_client */;
/*!40101 SET character_set_client = utf8 */;
CREATE TABLE `vtiger_reporttype` (
  `reportid` int(10) NOT NULL,
  `data` text,
  PRIMARY KEY (`reportid`),
  CONSTRAINT `fk_1_vtiger_reporttype` FOREIGN KEY (`reportid`) REFERENCES `vtiger_report` (`reportid`) ON DELETE CASCADE
) ENGINE=InnoDB DEFAULT CHARSET=utf8;
/*!40101 SET character_set_client = @saved_cs_client */;

--
-- Dumping data for table `vtiger_reporttype`
--

LOCK TABLES `vtiger_reporttype` WRITE;
/*!40000 ALTER TABLE `vtiger_reporttype` DISABLE KEYS */;
/*!40000 ALTER TABLE `vtiger_reporttype` ENABLE KEYS */;
UNLOCK TABLES;

--
-- Table structure for table `vtiger_role`
--

DROP TABLE IF EXISTS `vtiger_role`;
/*!40101 SET @saved_cs_client     = @@character_set_client */;
/*!40101 SET character_set_client = utf8 */;
CREATE TABLE `vtiger_role` (
  `roleid` varchar(255) NOT NULL,
  `rolename` varchar(200) DEFAULT NULL,
  `parentrole` varchar(255) DEFAULT NULL,
  `depth` int(19) DEFAULT NULL,
  `allowassignedrecordsto` int(2) NOT NULL DEFAULT '1',
  PRIMARY KEY (`roleid`)
) ENGINE=InnoDB DEFAULT CHARSET=utf8;
/*!40101 SET character_set_client = @saved_cs_client */;

--
-- Dumping data for table `vtiger_role`
--

LOCK TABLES `vtiger_role` WRITE;
/*!40000 ALTER TABLE `vtiger_role` DISABLE KEYS */;
INSERT INTO `vtiger_role` VALUES ('H1','Организация','H1',0,1),('H10','Продажи Роль','H1::H2::H3::H10',3,1),('H11','ОРК Роль','H1::H2::H3::H11',3,1),('H2','Администратор Роль','H1::H2',1,1),('H3','Руководитель Роль','H1::H2::H3',2,1),('H4','Логисты Роль','H1::H2::H3::H4',3,1),('H6','Таможня и Оформление Роль','H1::H2::H3::H6',3,1),('H7','Декларанты Роль','H1::H2::H3::H7',3,1),('H8','Бухгалтерия и Финансы Роль','H1::H2::H3::H8',3,1),('H9','Гости Роль','H1::H2::H3::H9',3,1);
/*!40000 ALTER TABLE `vtiger_role` ENABLE KEYS */;
UNLOCK TABLES;

--
-- Table structure for table `vtiger_role2picklist`
--

DROP TABLE IF EXISTS `vtiger_role2picklist`;
/*!40101 SET @saved_cs_client     = @@character_set_client */;
/*!40101 SET character_set_client = utf8 */;
CREATE TABLE `vtiger_role2picklist` (
  `roleid` varchar(255) NOT NULL,
  `picklistvalueid` int(11) NOT NULL,
  `picklistid` int(11) NOT NULL,
  `sortid` int(11) DEFAULT NULL,
  PRIMARY KEY (`roleid`,`picklistvalueid`,`picklistid`),
  KEY `role2picklist_roleid_picklistid_idx` (`roleid`,`picklistid`,`picklistvalueid`),
  KEY `fk_2_vtiger_role2picklist` (`picklistid`),
  CONSTRAINT `fk_1_vtiger_role2picklist` FOREIGN KEY (`roleid`) REFERENCES `vtiger_role` (`roleid`) ON DELETE CASCADE,
  CONSTRAINT `fk_2_vtiger_role2picklist` FOREIGN KEY (`picklistid`) REFERENCES `vtiger_picklist` (`picklistid`) ON DELETE CASCADE
) ENGINE=InnoDB DEFAULT CHARSET=utf8;
/*!40101 SET character_set_client = @saved_cs_client */;

--
-- Dumping data for table `vtiger_role2picklist`
--

LOCK TABLES `vtiger_role2picklist` WRITE;
/*!40000 ALTER TABLE `vtiger_role2picklist` DISABLE KEYS */;
INSERT INTO `vtiger_role2picklist` VALUES ('H1',1,1,0),('H1',2,1,1),('H1',3,1,2),('H1',4,1,3),('H1',5,1,4),('H1',6,1,5),('H1',7,1,6),('H1',8,1,7),('H1',9,1,8),('H1',10,1,9),('H1',11,1,10),('H1',12,2,0),('H1',13,2,1),('H1',14,3,0),('H1',15,3,1),('H1',16,3,2),('H1',17,3,3),('H1',18,3,4),('H1',19,3,5),('H1',20,4,0),('H1',21,4,1),('H1',22,4,2),('H1',23,4,3),('H1',24,4,4),('H1',25,4,5),('H1',26,4,6),('H1',27,4,7),('H1',28,4,8),('H1',29,4,9),('H1',30,4,10),('H1',31,4,11),('H1',32,4,12),('H1',33,5,0),('H1',34,5,1),('H1',35,5,2),('H1',36,5,3),('H1',37,5,4),('H1',38,6,0),('H1',39,6,1),('H1',40,6,2),('H1',41,7,0),('H1',42,7,1),('H1',43,7,2),('H1',44,7,3),('H1',45,7,4),('H1',46,8,0),('H1',47,9,0),('H1',48,9,1),('H1',49,9,2),('H1',50,9,3),('H1',51,10,0),('H1',52,10,1),('H1',53,10,2),('H1',54,10,3),('H1',55,10,4),('H1',56,10,5),('H1',57,10,6),('H1',58,10,7),('H1',59,10,8),('H1',60,11,0),('H1',61,11,1),('H1',62,11,2),('H1',63,11,3),('H1',64,11,4),('H1',65,11,5),('H1',66,11,6),('H1',67,11,7),('H1',68,11,8),('H1',69,11,9),('H1',70,11,10),('H1',71,11,11),('H1',72,11,12),('H1',73,11,13),('H1',74,11,14),('H1',75,11,15),('H1',76,11,16),('H1',77,11,17),('H1',78,11,18),('H1',79,11,19),('H1',80,11,20),('H1',81,11,21),('H1',82,11,22),('H1',83,11,23),('H1',84,11,24),('H1',85,11,25),('H1',86,11,26),('H1',87,11,27),('H1',88,11,28),('H1',89,11,29),('H1',90,11,30),('H1',91,11,31),('H1',92,12,0),('H1',93,12,1),('H1',94,12,2),('H1',95,12,3),('H1',96,12,4),('H1',97,12,5),('H1',98,13,0),('H1',99,13,1),('H1',100,13,2),('H1',101,13,3),('H1',102,13,4),('H1',103,13,5),('H1',104,13,6),('H1',105,13,7),('H1',106,13,8),('H1',107,13,9),('H1',108,13,10),('H1',109,13,11),('H1',110,13,12),('H1',111,14,0),('H1',112,14,1),('H1',113,14,2),('H1',114,14,3),('H1',115,14,4),('H1',116,14,5),('H1',117,14,6),('H1',118,14,7),('H1',119,14,8),('H1',120,14,9),('H1',121,14,10),('H1',122,14,11),('H1',123,15,0),('H1',124,15,1),('H1',125,15,2),('H1',126,15,3),('H1',127,16,0),('H1',128,16,1),('H1',129,16,2),('H1',130,17,0),('H1',131,17,1),('H1',132,17,2),('H1',133,17,3),('H1',134,17,4),('H1',135,18,0),('H1',136,18,1),('H1',137,18,2),('H1',138,18,3),('H1',139,19,0),('H1',140,19,1),('H1',141,19,2),('H1',142,19,3),('H1',143,19,4),('H1',144,20,0),('H1',145,20,1),('H1',146,20,2),('H1',147,20,3),('H1',148,20,4),('H1',149,20,5),('H1',150,21,0),('H1',151,21,1),('H1',152,21,2),('H1',153,21,3),('H1',154,21,4),('H1',155,21,5),('H1',156,21,6),('H1',157,21,7),('H1',158,21,8),('H1',159,21,9),('H1',160,22,0),('H1',161,22,1),('H1',162,22,2),('H1',163,22,3),('H1',164,22,4),('H1',165,22,5),('H1',166,23,0),('H1',167,23,1),('H1',168,23,2),('H1',169,23,3),('H1',170,24,0),('H1',171,24,1),('H1',172,24,2),('H1',173,25,0),('H1',174,25,1),('H1',175,25,2),('H1',176,25,3),('H1',177,25,4),('H1',178,25,5),('H1',179,26,0),('H1',180,26,1),('H1',181,26,2),('H1',182,27,0),('H1',183,27,1),('H1',184,27,2),('H1',185,27,3),('H1',186,28,0),('H1',187,28,1),('H1',188,28,2),('H1',189,28,3),('H1',190,29,0),('H1',191,29,1),('H1',192,29,2),('H1',193,29,3),('H1',194,30,0),('H1',195,30,1),('H1',196,30,2),('H1',197,30,3),('H1',198,30,4),('H1',199,30,5),('H1',200,30,6),('H1',201,30,7),('H1',202,30,8),('H1',203,30,9),('H1',204,30,10),('H1',205,30,11),('H1',206,30,12),('H1',207,30,13),('H1',208,30,14),('H1',209,30,15),('H1',210,31,1),('H1',211,31,2),('H1',212,31,3),('H1',213,32,1),('H1',214,32,2),('H1',215,32,3),('H1',216,32,4),('H1',217,32,5),('H1',218,33,1),('H1',219,33,2),('H1',220,33,3),('H1',221,34,1),('H1',222,34,2),('H1',223,34,3),('H1',224,34,4),('H1',225,34,5),('H1',226,34,6),('H1',227,35,1),('H1',228,35,2),('H1',229,35,3),('H1',230,36,1),('H1',231,36,2),('H1',232,36,3),('H1',233,37,1),('H1',234,37,2),('H1',235,38,1),('H1',236,38,2),('H1',237,39,1),('H1',238,39,2),('H1',239,40,1),('H1',240,40,2),('H1',241,41,1),('H1',242,41,2),('H1',243,41,3),('H1',244,41,4),('H1',245,42,1),('H1',246,42,2),('H1',247,42,3),('H1',248,42,4),('H1',249,43,1),('H1',250,43,2),('H1',251,43,3),('H1',252,43,4),('H1',253,44,1),('H1',254,44,2),('H1',255,44,3),('H1',256,44,4),('H1',257,44,5),('H1',258,44,6),('H1',259,44,7),('H1',260,44,8),('H1',261,44,9),('H1',262,44,10),('H1',263,44,11),('H1',264,45,1),('H1',265,45,2),('H1',266,45,3),('H1',267,45,4),('H1',268,45,5),('H1',269,45,6),('H1',270,45,7),('H1',271,45,8),('H1',272,45,9),('H1',273,46,1),('H1',274,46,2),('H1',275,46,3),('H1',276,46,4),('H1',277,47,1),('H1',278,47,2),('H1',279,47,3),('H1',280,47,4),('H1',281,48,1),('H1',282,48,2),('H1',283,48,3),('H1',284,48,4),('H1',285,48,5),('H1',286,48,6),('H1',287,48,7),('H1',288,48,8),('H1',289,48,9),('H1',290,48,10),('H1',291,48,11),('H1',292,49,1),('H1',293,49,2),('H1',294,49,3),('H1',295,49,4),('H1',296,50,1),('H1',297,50,2),('H1',298,51,1),('H1',299,51,2),('H1',300,52,1),('H1',301,52,2),('H1',302,52,3),('H1',303,52,4),('H1',304,53,1),('H1',305,53,2),('H1',306,12,1),('H1',307,54,1),('H1',308,54,2),('H1',309,54,3),('H1',310,54,4),('H1',311,54,5),('H1',312,54,6),('H1',313,2,1),('H1',314,55,1),('H1',315,55,2),('H1',316,55,3),('H1',317,56,1),('H1',318,56,2),('H10',1,1,0),('H10',2,1,1),('H10',3,1,2),('H10',4,1,3),('H10',5,1,4),('H10',6,1,5),('H10',7,1,6),('H10',8,1,7),('H10',9,1,8),('H10',10,1,9),('H10',11,1,10),('H10',12,2,0),('H10',13,2,1),('H10',14,3,0),('H10',15,3,1),('H10',16,3,2),('H10',17,3,3),('H10',18,3,4),('H10',19,3,5),('H10',20,4,0),('H10',21,4,1),('H10',22,4,2),('H10',23,4,3),('H10',24,4,4),('H10',25,4,5),('H10',26,4,6),('H10',27,4,7),('H10',28,4,8),('H10',29,4,9),('H10',30,4,10),('H10',31,4,11),('H10',32,4,12),('H10',33,5,0),('H10',34,5,1),('H10',35,5,2),('H10',36,5,3),('H10',37,5,4),('H10',38,6,0),('H10',39,6,1),('H10',40,6,2),('H10',41,7,0),('H10',42,7,1),('H10',43,7,2),('H10',44,7,3),('H10',45,7,4),('H10',46,8,0),('H10',47,9,0),('H10',48,9,1),('H10',49,9,2),('H10',50,9,3),('H10',51,10,0),('H10',52,10,1),('H10',53,10,2),('H10',54,10,3),('H10',55,10,4),('H10',56,10,5),('H10',57,10,6),('H10',58,10,7),('H10',59,10,8),('H10',60,11,0),('H10',61,11,1),('H10',62,11,2),('H10',63,11,3),('H10',64,11,4),('H10',65,11,5),('H10',66,11,6),('H10',67,11,7),('H10',68,11,8),('H10',69,11,9),('H10',70,11,10),('H10',71,11,11),('H10',72,11,12),('H10',73,11,13),('H10',74,11,14),('H10',75,11,15),('H10',76,11,16),('H10',77,11,17),('H10',78,11,18),('H10',79,11,19),('H10',80,11,20),('H10',81,11,21),('H10',82,11,22),('H10',83,11,23),('H10',84,11,24),('H10',85,11,25),('H10',86,11,26),('H10',87,11,27),('H10',88,11,28),('H10',89,11,29),('H10',90,11,30),('H10',91,11,31),('H10',92,12,0),('H10',93,12,1),('H10',94,12,2),('H10',95,12,3),('H10',96,12,4),('H10',97,12,5),('H10',98,13,0),('H10',99,13,1),('H10',100,13,2),('H10',101,13,3),('H10',102,13,4),('H10',103,13,5),('H10',104,13,6),('H10',105,13,7),('H10',106,13,8),('H10',107,13,9),('H10',108,13,10),('H10',109,13,11),('H10',110,13,12),('H10',111,14,0),('H10',112,14,1),('H10',113,14,2),('H10',114,14,3),('H10',115,14,4),('H10',116,14,5),('H10',117,14,6),('H10',118,14,7),('H10',119,14,8),('H10',120,14,9),('H10',121,14,10),('H10',122,14,11),('H10',123,15,0),('H10',124,15,1),('H10',125,15,2),('H10',126,15,3),('H10',127,16,0),('H10',128,16,1),('H10',129,16,2),('H10',130,17,0),('H10',131,17,1),('H10',132,17,2),('H10',133,17,3),('H10',134,17,4),('H10',135,18,0),('H10',136,18,1),('H10',137,18,2),('H10',138,18,3),('H10',139,19,0),('H10',140,19,1),('H10',141,19,2),('H10',142,19,3),('H10',143,19,4),('H10',144,20,0),('H10',145,20,1),('H10',146,20,2),('H10',147,20,3),('H10',148,20,4),('H10',149,20,5),('H10',150,21,0),('H10',151,21,1),('H10',152,21,2),('H10',153,21,3),('H10',154,21,4),('H10',155,21,5),('H10',156,21,6),('H10',157,21,7),('H10',158,21,8),('H10',159,21,9),('H10',160,22,0),('H10',161,22,1),('H10',162,22,2),('H10',163,22,3),('H10',164,22,4),('H10',165,22,5),('H10',166,23,0),('H10',167,23,1),('H10',168,23,2),('H10',169,23,3),('H10',170,24,0),('H10',171,24,1),('H10',172,24,2),('H10',173,25,0),('H10',174,25,1),('H10',175,25,2),('H10',176,25,3),('H10',177,25,4),('H10',178,25,5),('H10',179,26,0),('H10',180,26,1),('H10',181,26,2),('H10',182,27,0),('H10',183,27,1),('H10',184,27,2),('H10',185,27,3),('H10',186,28,0),('H10',187,28,1),('H10',188,28,2),('H10',189,28,3),('H10',190,29,0),('H10',191,29,1),('H10',192,29,2),('H10',193,29,3),('H10',194,30,0),('H10',195,30,1),('H10',196,30,2),('H10',197,30,3),('H10',198,30,4),('H10',199,30,5),('H10',200,30,6),('H10',201,30,7),('H10',202,30,8),('H10',203,30,9),('H10',204,30,10),('H10',205,30,11),('H10',206,30,12),('H10',207,30,13),('H10',208,30,14),('H10',209,30,15),('H10',210,31,1),('H10',211,31,2),('H10',212,31,3),('H10',213,32,1),('H10',214,32,2),('H10',215,32,3),('H10',216,32,4),('H10',217,32,5),('H10',218,33,1),('H10',219,33,2),('H10',220,33,3),('H10',221,34,1),('H10',222,34,2),('H10',223,34,3),('H10',224,34,4),('H10',225,34,5),('H10',226,34,6),('H10',227,35,1),('H10',228,35,2),('H10',229,35,3),('H10',230,36,1),('H10',231,36,2),('H10',232,36,3),('H10',233,37,1),('H10',234,37,2),('H10',235,38,1),('H10',236,38,2),('H10',237,39,1),('H10',238,39,2),('H10',239,40,1),('H10',240,40,2),('H10',241,41,1),('H10',242,41,2),('H10',243,41,3),('H10',244,41,4),('H10',245,42,1),('H10',246,42,2),('H10',247,42,3),('H10',248,42,4),('H10',249,43,1),('H10',250,43,2),('H10',251,43,3),('H10',252,43,4),('H10',253,44,1),('H10',254,44,2),('H10',255,44,3),('H10',256,44,4),('H10',257,44,5),('H10',258,44,6),('H10',259,44,7),('H10',260,44,8),('H10',261,44,9),('H10',262,44,10),('H10',263,44,11),('H10',264,45,1),('H10',265,45,2),('H10',266,45,3),('H10',267,45,4),('H10',268,45,5),('H10',269,45,6),('H10',270,45,7),('H10',271,45,8),('H10',272,45,9),('H10',273,46,1),('H10',274,46,2),('H10',275,46,3),('H10',276,46,4),('H10',277,47,1),('H10',278,47,2),('H10',279,47,3),('H10',280,47,4),('H10',281,48,1),('H10',282,48,2),('H10',283,48,3),('H10',284,48,4),('H10',285,48,5),('H10',286,48,6),('H10',287,48,7),('H10',288,48,8),('H10',289,48,9),('H10',290,48,10),('H10',291,48,11),('H10',292,49,1),('H10',293,49,2),('H10',294,49,3),('H10',295,49,4),('H10',296,50,1),('H10',297,50,2),('H10',298,51,1),('H10',299,51,2),('H10',300,52,1),('H10',301,52,2),('H10',302,52,3),('H10',303,52,4),('H10',304,53,1),('H10',305,53,2),('H10',306,12,1),('H10',307,54,1),('H10',308,54,2),('H10',309,54,3),('H10',310,54,4),('H10',311,54,5),('H10',312,54,6),('H10',313,2,1),('H10',314,55,1),('H10',315,55,2),('H10',316,55,3),('H10',317,56,1),('H10',318,56,2),('H11',1,1,0),('H11',2,1,1),('H11',3,1,2),('H11',4,1,3),('H11',5,1,4),('H11',6,1,5),('H11',7,1,6),('H11',8,1,7),('H11',9,1,8),('H11',10,1,9),('H11',11,1,10),('H11',12,2,0),('H11',13,2,1),('H11',14,3,0),('H11',15,3,1),('H11',16,3,2),('H11',17,3,3),('H11',18,3,4),('H11',19,3,5),('H11',20,4,0),('H11',21,4,1),('H11',22,4,2),('H11',23,4,3),('H11',24,4,4),('H11',25,4,5),('H11',26,4,6),('H11',27,4,7),('H11',28,4,8),('H11',29,4,9),('H11',30,4,10),('H11',31,4,11),('H11',32,4,12),('H11',33,5,0),('H11',34,5,1),('H11',35,5,2),('H11',36,5,3),('H11',37,5,4),('H11',38,6,0),('H11',39,6,1),('H11',40,6,2),('H11',41,7,0),('H11',42,7,1),('H11',43,7,2),('H11',44,7,3),('H11',45,7,4),('H11',46,8,0),('H11',47,9,0),('H11',48,9,1),('H11',49,9,2),('H11',50,9,3),('H11',51,10,0),('H11',52,10,1),('H11',53,10,2),('H11',54,10,3),('H11',55,10,4),('H11',56,10,5),('H11',57,10,6),('H11',58,10,7),('H11',59,10,8),('H11',60,11,0),('H11',61,11,1),('H11',62,11,2),('H11',63,11,3),('H11',64,11,4),('H11',65,11,5),('H11',66,11,6),('H11',67,11,7),('H11',68,11,8),('H11',69,11,9),('H11',70,11,10),('H11',71,11,11),('H11',72,11,12),('H11',73,11,13),('H11',74,11,14),('H11',75,11,15),('H11',76,11,16),('H11',77,11,17),('H11',78,11,18),('H11',79,11,19),('H11',80,11,20),('H11',81,11,21),('H11',82,11,22),('H11',83,11,23),('H11',84,11,24),('H11',85,11,25),('H11',86,11,26),('H11',87,11,27),('H11',88,11,28),('H11',89,11,29),('H11',90,11,30),('H11',91,11,31),('H11',92,12,0),('H11',93,12,1),('H11',94,12,2),('H11',95,12,3),('H11',96,12,4),('H11',97,12,5),('H11',98,13,0),('H11',99,13,1),('H11',100,13,2),('H11',101,13,3),('H11',102,13,4),('H11',103,13,5),('H11',104,13,6),('H11',105,13,7),('H11',106,13,8),('H11',107,13,9),('H11',108,13,10),('H11',109,13,11),('H11',110,13,12),('H11',111,14,0),('H11',112,14,1),('H11',113,14,2),('H11',114,14,3),('H11',115,14,4),('H11',116,14,5),('H11',117,14,6),('H11',118,14,7),('H11',119,14,8),('H11',120,14,9),('H11',121,14,10),('H11',122,14,11),('H11',123,15,0),('H11',124,15,1),('H11',125,15,2),('H11',126,15,3),('H11',127,16,0),('H11',128,16,1),('H11',129,16,2),('H11',130,17,0),('H11',131,17,1),('H11',132,17,2),('H11',133,17,3),('H11',134,17,4),('H11',135,18,0),('H11',136,18,1),('H11',137,18,2),('H11',138,18,3),('H11',139,19,0),('H11',140,19,1),('H11',141,19,2),('H11',142,19,3),('H11',143,19,4),('H11',144,20,0),('H11',145,20,1),('H11',146,20,2),('H11',147,20,3),('H11',148,20,4),('H11',149,20,5),('H11',150,21,0),('H11',151,21,1),('H11',152,21,2),('H11',153,21,3),('H11',154,21,4),('H11',155,21,5),('H11',156,21,6),('H11',157,21,7),('H11',158,21,8),('H11',159,21,9),('H11',160,22,0),('H11',161,22,1),('H11',162,22,2),('H11',163,22,3),('H11',164,22,4),('H11',165,22,5),('H11',166,23,0),('H11',167,23,1),('H11',168,23,2),('H11',169,23,3),('H11',170,24,0),('H11',171,24,1),('H11',172,24,2),('H11',173,25,0),('H11',174,25,1),('H11',175,25,2),('H11',176,25,3),('H11',177,25,4),('H11',178,25,5),('H11',179,26,0),('H11',180,26,1),('H11',181,26,2),('H11',182,27,0),('H11',183,27,1),('H11',184,27,2),('H11',185,27,3),('H11',186,28,0),('H11',187,28,1),('H11',188,28,2),('H11',189,28,3),('H11',190,29,0),('H11',191,29,1),('H11',192,29,2),('H11',193,29,3),('H11',194,30,0),('H11',195,30,1),('H11',196,30,2),('H11',197,30,3),('H11',198,30,4),('H11',199,30,5),('H11',200,30,6),('H11',201,30,7),('H11',202,30,8),('H11',203,30,9),('H11',204,30,10),('H11',205,30,11),('H11',206,30,12),('H11',207,30,13),('H11',208,30,14),('H11',209,30,15),('H11',210,31,1),('H11',211,31,2),('H11',212,31,3),('H11',213,32,1),('H11',214,32,2),('H11',215,32,3),('H11',216,32,4),('H11',217,32,5),('H11',218,33,1),('H11',219,33,2),('H11',220,33,3),('H11',221,34,1),('H11',222,34,2),('H11',223,34,3),('H11',224,34,4),('H11',225,34,5),('H11',226,34,6),('H11',227,35,1),('H11',228,35,2),('H11',229,35,3),('H11',230,36,1),('H11',231,36,2),('H11',232,36,3),('H11',233,37,1),('H11',234,37,2),('H11',235,38,1),('H11',236,38,2),('H11',237,39,1),('H11',238,39,2),('H11',239,40,1),('H11',240,40,2),('H11',241,41,1),('H11',242,41,2),('H11',243,41,3),('H11',244,41,4),('H11',245,42,1),('H11',246,42,2),('H11',247,42,3),('H11',248,42,4),('H11',249,43,1),('H11',250,43,2),('H11',251,43,3),('H11',252,43,4),('H11',253,44,1),('H11',254,44,2),('H11',255,44,3),('H11',256,44,4),('H11',257,44,5),('H11',258,44,6),('H11',259,44,7),('H11',260,44,8),('H11',261,44,9),('H11',262,44,10),('H11',263,44,11),('H11',264,45,1),('H11',265,45,2),('H11',266,45,3),('H11',267,45,4),('H11',268,45,5),('H11',269,45,6),('H11',270,45,7),('H11',271,45,8),('H11',272,45,9),('H11',273,46,1),('H11',274,46,2),('H11',275,46,3),('H11',276,46,4),('H11',277,47,1),('H11',278,47,2),('H11',279,47,3),('H11',280,47,4),('H11',281,48,1),('H11',282,48,2),('H11',283,48,3),('H11',284,48,4),('H11',285,48,5),('H11',286,48,6),('H11',287,48,7),('H11',288,48,8),('H11',289,48,9),('H11',290,48,10),('H11',291,48,11),('H11',292,49,1),('H11',293,49,2),('H11',294,49,3),('H11',295,49,4),('H11',296,50,1),('H11',297,50,2),('H11',298,51,1),('H11',299,51,2),('H11',300,52,1),('H11',301,52,2),('H11',302,52,3),('H11',303,52,4),('H11',304,53,1),('H11',305,53,2),('H11',306,12,1),('H11',307,54,1),('H11',308,54,2),('H11',309,54,3),('H11',310,54,4),('H11',311,54,5),('H11',312,54,6),('H11',313,2,1),('H11',314,55,1),('H11',315,55,2),('H11',316,55,3),('H11',317,56,1),('H11',318,56,2),('H2',1,1,0),('H2',2,1,1),('H2',3,1,2),('H2',4,1,3),('H2',5,1,4),('H2',6,1,5),('H2',7,1,6),('H2',8,1,7),('H2',9,1,8),('H2',10,1,9),('H2',11,1,10),('H2',12,2,0),('H2',13,2,1),('H2',14,3,0),('H2',15,3,1),('H2',16,3,2),('H2',17,3,3),('H2',18,3,4),('H2',19,3,5),('H2',20,4,0),('H2',21,4,1),('H2',22,4,2),('H2',23,4,3),('H2',24,4,4),('H2',25,4,5),('H2',26,4,6),('H2',27,4,7),('H2',28,4,8),('H2',29,4,9),('H2',30,4,10),('H2',31,4,11),('H2',32,4,12),('H2',33,5,0),('H2',34,5,1),('H2',35,5,2),('H2',36,5,3),('H2',37,5,4),('H2',38,6,0),('H2',39,6,1),('H2',40,6,2),('H2',41,7,0),('H2',42,7,1),('H2',43,7,2),('H2',44,7,3),('H2',45,7,4),('H2',46,8,0),('H2',47,9,0),('H2',48,9,1),('H2',49,9,2),('H2',50,9,3),('H2',51,10,0),('H2',52,10,1),('H2',53,10,2),('H2',54,10,3),('H2',55,10,4),('H2',56,10,5),('H2',57,10,6),('H2',58,10,7),('H2',59,10,8),('H2',60,11,0),('H2',61,11,1),('H2',62,11,2),('H2',63,11,3),('H2',64,11,4),('H2',65,11,5),('H2',66,11,6),('H2',67,11,7),('H2',68,11,8),('H2',69,11,9),('H2',70,11,10),('H2',71,11,11),('H2',72,11,12),('H2',73,11,13),('H2',74,11,14),('H2',75,11,15),('H2',76,11,16),('H2',77,11,17),('H2',78,11,18),('H2',79,11,19),('H2',80,11,20),('H2',81,11,21),('H2',82,11,22),('H2',83,11,23),('H2',84,11,24),('H2',85,11,25),('H2',86,11,26),('H2',87,11,27),('H2',88,11,28),('H2',89,11,29),('H2',90,11,30),('H2',91,11,31),('H2',92,12,0),('H2',93,12,1),('H2',94,12,2),('H2',95,12,3),('H2',96,12,4),('H2',97,12,5),('H2',98,13,0),('H2',99,13,1),('H2',100,13,2),('H2',101,13,3),('H2',102,13,4),('H2',103,13,5),('H2',104,13,6),('H2',105,13,7),('H2',106,13,8),('H2',107,13,9),('H2',108,13,10),('H2',109,13,11),('H2',110,13,12),('H2',111,14,0),('H2',112,14,1),('H2',113,14,2),('H2',114,14,3),('H2',115,14,4),('H2',116,14,5),('H2',117,14,6),('H2',118,14,7),('H2',119,14,8),('H2',120,14,9),('H2',121,14,10),('H2',122,14,11),('H2',123,15,0),('H2',124,15,1),('H2',125,15,2),('H2',126,15,3),('H2',127,16,0),('H2',128,16,1),('H2',129,16,2),('H2',130,17,0),('H2',131,17,1),('H2',132,17,2),('H2',133,17,3),('H2',134,17,4),('H2',135,18,0),('H2',136,18,1),('H2',137,18,2),('H2',138,18,3),('H2',139,19,0),('H2',140,19,1),('H2',141,19,2),('H2',142,19,3),('H2',143,19,4),('H2',144,20,0),('H2',145,20,1),('H2',146,20,2),('H2',147,20,3),('H2',148,20,4),('H2',149,20,5),('H2',150,21,0),('H2',151,21,1),('H2',152,21,2),('H2',153,21,3),('H2',154,21,4),('H2',155,21,5),('H2',156,21,6),('H2',157,21,7),('H2',158,21,8),('H2',159,21,9),('H2',160,22,0),('H2',161,22,1),('H2',162,22,2),('H2',163,22,3),('H2',164,22,4),('H2',165,22,5),('H2',166,23,0),('H2',167,23,1),('H2',168,23,2),('H2',169,23,3),('H2',170,24,0),('H2',171,24,1),('H2',172,24,2),('H2',173,25,0),('H2',174,25,1),('H2',175,25,2),('H2',176,25,3),('H2',177,25,4),('H2',178,25,5),('H2',179,26,0),('H2',180,26,1),('H2',181,26,2),('H2',182,27,0),('H2',183,27,1),('H2',184,27,2),('H2',185,27,3),('H2',186,28,0),('H2',187,28,1),('H2',188,28,2),('H2',189,28,3),('H2',190,29,0),('H2',191,29,1),('H2',192,29,2),('H2',193,29,3),('H2',194,30,0),('H2',195,30,1),('H2',196,30,2),('H2',197,30,3),('H2',198,30,4),('H2',199,30,5),('H2',200,30,6),('H2',201,30,7),('H2',202,30,8),('H2',203,30,9),('H2',204,30,10),('H2',205,30,11),('H2',206,30,12),('H2',207,30,13),('H2',208,30,14),('H2',209,30,15),('H2',210,31,1),('H2',211,31,2),('H2',212,31,3),('H2',213,32,1),('H2',214,32,2),('H2',215,32,3),('H2',216,32,4),('H2',217,32,5),('H2',218,33,1),('H2',219,33,2),('H2',220,33,3),('H2',221,34,1),('H2',222,34,2),('H2',223,34,3),('H2',224,34,4),('H2',225,34,5),('H2',226,34,6),('H2',227,35,1),('H2',228,35,2),('H2',229,35,3),('H2',230,36,1),('H2',231,36,2),('H2',232,36,3),('H2',233,37,1),('H2',234,37,2),('H2',235,38,1),('H2',236,38,2),('H2',237,39,1),('H2',238,39,2),('H2',239,40,1),('H2',240,40,2),('H2',241,41,1),('H2',242,41,2),('H2',243,41,3),('H2',244,41,4),('H2',245,42,1),('H2',246,42,2),('H2',247,42,3),('H2',248,42,4),('H2',249,43,1),('H2',250,43,2),('H2',251,43,3),('H2',252,43,4),('H2',253,44,1),('H2',254,44,2),('H2',255,44,3),('H2',256,44,4),('H2',257,44,5),('H2',258,44,6),('H2',259,44,7),('H2',260,44,8),('H2',261,44,9),('H2',262,44,10),('H2',263,44,11),('H2',264,45,1),('H2',265,45,2),('H2',266,45,3),('H2',267,45,4),('H2',268,45,5),('H2',269,45,6),('H2',270,45,7),('H2',271,45,8),('H2',272,45,9),('H2',273,46,1),('H2',274,46,2),('H2',275,46,3),('H2',276,46,4),('H2',277,47,1),('H2',278,47,2),('H2',279,47,3),('H2',280,47,4),('H2',281,48,1),('H2',282,48,2),('H2',283,48,3),('H2',284,48,4),('H2',285,48,5),('H2',286,48,6),('H2',287,48,7),('H2',288,48,8),('H2',289,48,9),('H2',290,48,10),('H2',291,48,11),('H2',292,49,1),('H2',293,49,2),('H2',294,49,3),('H2',295,49,4),('H2',296,50,1),('H2',297,50,2),('H2',298,51,1),('H2',299,51,2),('H2',300,52,1),('H2',301,52,2),('H2',302,52,3),('H2',303,52,4),('H2',304,53,1),('H2',305,53,2),('H2',306,12,1),('H2',307,54,1),('H2',308,54,2),('H2',309,54,3),('H2',310,54,4),('H2',311,54,5),('H2',312,54,6),('H2',313,2,1),('H2',314,55,1),('H2',315,55,2),('H2',316,55,3),('H2',317,56,1),('H2',318,56,2),('H3',1,1,0),('H3',2,1,1),('H3',3,1,2),('H3',4,1,3),('H3',5,1,4),('H3',6,1,5),('H3',7,1,6),('H3',8,1,7),('H3',9,1,8),('H3',10,1,9),('H3',11,1,10),('H3',12,2,0),('H3',13,2,1),('H3',14,3,0),('H3',15,3,1),('H3',16,3,2),('H3',17,3,3),('H3',18,3,4),('H3',19,3,5),('H3',20,4,0),('H3',21,4,1),('H3',22,4,2),('H3',23,4,3),('H3',24,4,4),('H3',25,4,5),('H3',26,4,6),('H3',27,4,7),('H3',28,4,8),('H3',29,4,9),('H3',30,4,10),('H3',31,4,11),('H3',32,4,12),('H3',33,5,0),('H3',34,5,1),('H3',35,5,2),('H3',36,5,3),('H3',37,5,4),('H3',38,6,0),('H3',39,6,1),('H3',40,6,2),('H3',41,7,0),('H3',42,7,1),('H3',43,7,2),('H3',44,7,3),('H3',45,7,4),('H3',46,8,0),('H3',47,9,0),('H3',48,9,1),('H3',49,9,2),('H3',50,9,3),('H3',51,10,0),('H3',52,10,1),('H3',53,10,2),('H3',54,10,3),('H3',55,10,4),('H3',56,10,5),('H3',57,10,6),('H3',58,10,7),('H3',59,10,8),('H3',60,11,0),('H3',61,11,1),('H3',62,11,2),('H3',63,11,3),('H3',64,11,4),('H3',65,11,5),('H3',66,11,6),('H3',67,11,7),('H3',68,11,8),('H3',69,11,9),('H3',70,11,10),('H3',71,11,11),('H3',72,11,12),('H3',73,11,13),('H3',74,11,14),('H3',75,11,15),('H3',76,11,16),('H3',77,11,17),('H3',78,11,18),('H3',79,11,19),('H3',80,11,20),('H3',81,11,21),('H3',82,11,22),('H3',83,11,23),('H3',84,11,24),('H3',85,11,25),('H3',86,11,26),('H3',87,11,27),('H3',88,11,28),('H3',89,11,29),('H3',90,11,30),('H3',91,11,31),('H3',92,12,0),('H3',93,12,1),('H3',94,12,2),('H3',95,12,3),('H3',96,12,4),('H3',97,12,5),('H3',98,13,0),('H3',99,13,1),('H3',100,13,2),('H3',101,13,3),('H3',102,13,4),('H3',103,13,5),('H3',104,13,6),('H3',105,13,7),('H3',106,13,8),('H3',107,13,9),('H3',108,13,10),('H3',109,13,11),('H3',110,13,12),('H3',111,14,0),('H3',112,14,1),('H3',113,14,2),('H3',114,14,3),('H3',115,14,4),('H3',116,14,5),('H3',117,14,6),('H3',118,14,7),('H3',119,14,8),('H3',120,14,9),('H3',121,14,10),('H3',122,14,11),('H3',123,15,0),('H3',124,15,1),('H3',125,15,2),('H3',126,15,3),('H3',127,16,0),('H3',128,16,1),('H3',129,16,2),('H3',130,17,0),('H3',131,17,1),('H3',132,17,2),('H3',133,17,3),('H3',134,17,4),('H3',135,18,0),('H3',136,18,1),('H3',137,18,2),('H3',138,18,3),('H3',139,19,0),('H3',140,19,1),('H3',141,19,2),('H3',142,19,3),('H3',143,19,4),('H3',144,20,0),('H3',145,20,1),('H3',146,20,2),('H3',147,20,3),('H3',148,20,4),('H3',149,20,5),('H3',150,21,0),('H3',151,21,1),('H3',152,21,2),('H3',153,21,3),('H3',154,21,4),('H3',155,21,5),('H3',156,21,6),('H3',157,21,7),('H3',158,21,8),('H3',159,21,9),('H3',160,22,0),('H3',161,22,1),('H3',162,22,2),('H3',163,22,3),('H3',164,22,4),('H3',165,22,5),('H3',166,23,0),('H3',167,23,1),('H3',168,23,2),('H3',169,23,3),('H3',170,24,0),('H3',171,24,1),('H3',172,24,2),('H3',173,25,0),('H3',174,25,1),('H3',175,25,2),('H3',176,25,3),('H3',177,25,4),('H3',178,25,5),('H3',179,26,0),('H3',180,26,1),('H3',181,26,2),('H3',182,27,0),('H3',183,27,1),('H3',184,27,2),('H3',185,27,3),('H3',186,28,0),('H3',187,28,1),('H3',188,28,2),('H3',189,28,3),('H3',190,29,0),('H3',191,29,1),('H3',192,29,2),('H3',193,29,3),('H3',194,30,0),('H3',195,30,1),('H3',196,30,2),('H3',197,30,3),('H3',198,30,4),('H3',199,30,5),('H3',200,30,6),('H3',201,30,7),('H3',202,30,8),('H3',203,30,9),('H3',204,30,10),('H3',205,30,11),('H3',206,30,12),('H3',207,30,13),('H3',208,30,14),('H3',209,30,15),('H3',210,31,1),('H3',211,31,2),('H3',212,31,3),('H3',213,32,1),('H3',214,32,2),('H3',215,32,3),('H3',216,32,4),('H3',217,32,5),('H3',218,33,1),('H3',219,33,2),('H3',220,33,3),('H3',221,34,1),('H3',222,34,2),('H3',223,34,3),('H3',224,34,4),('H3',225,34,5),('H3',226,34,6),('H3',227,35,1),('H3',228,35,2),('H3',229,35,3),('H3',230,36,1),('H3',231,36,2),('H3',232,36,3),('H3',233,37,1),('H3',234,37,2),('H3',235,38,1),('H3',236,38,2),('H3',237,39,1),('H3',238,39,2),('H3',239,40,1),('H3',240,40,2),('H3',241,41,1),('H3',242,41,2),('H3',243,41,3),('H3',244,41,4),('H3',245,42,1),('H3',246,42,2),('H3',247,42,3),('H3',248,42,4),('H3',249,43,1),('H3',250,43,2),('H3',251,43,3),('H3',252,43,4),('H3',253,44,1),('H3',254,44,2),('H3',255,44,3),('H3',256,44,4),('H3',257,44,5),('H3',258,44,6),('H3',259,44,7),('H3',260,44,8),('H3',261,44,9),('H3',262,44,10),('H3',263,44,11),('H3',264,45,1),('H3',265,45,2),('H3',266,45,3),('H3',267,45,4),('H3',268,45,5),('H3',269,45,6),('H3',270,45,7),('H3',271,45,8),('H3',272,45,9),('H3',273,46,1),('H3',274,46,2),('H3',275,46,3),('H3',276,46,4),('H3',277,47,1),('H3',278,47,2),('H3',279,47,3),('H3',280,47,4),('H3',281,48,1),('H3',282,48,2),('H3',283,48,3),('H3',284,48,4),('H3',285,48,5),('H3',286,48,6),('H3',287,48,7),('H3',288,48,8),('H3',289,48,9),('H3',290,48,10),('H3',291,48,11),('H3',292,49,1),('H3',293,49,2),('H3',294,49,3),('H3',295,49,4),('H3',296,50,1),('H3',297,50,2),('H3',298,51,1),('H3',299,51,2),('H3',300,52,1),('H3',301,52,2),('H3',302,52,3),('H3',303,52,4),('H3',304,53,1),('H3',305,53,2),('H3',306,12,1),('H3',307,54,1),('H3',308,54,2),('H3',309,54,3),('H3',310,54,4),('H3',311,54,5),('H3',312,54,6),('H3',313,2,1),('H3',314,55,1),('H3',315,55,2),('H3',316,55,3),('H3',317,56,1),('H3',318,56,2),('H4',1,1,0),('H4',2,1,1),('H4',3,1,2),('H4',4,1,3),('H4',5,1,4),('H4',6,1,5),('H4',7,1,6),('H4',8,1,7),('H4',9,1,8),('H4',10,1,9),('H4',11,1,10),('H4',12,2,0),('H4',13,2,1),('H4',14,3,0),('H4',15,3,1),('H4',16,3,2),('H4',17,3,3),('H4',18,3,4),('H4',19,3,5),('H4',20,4,0),('H4',21,4,1),('H4',22,4,2),('H4',23,4,3),('H4',24,4,4),('H4',25,4,5),('H4',26,4,6),('H4',27,4,7),('H4',28,4,8),('H4',29,4,9),('H4',30,4,10),('H4',31,4,11),('H4',32,4,12),('H4',33,5,0),('H4',34,5,1),('H4',35,5,2),('H4',36,5,3),('H4',37,5,4),('H4',38,6,0),('H4',39,6,1),('H4',40,6,2),('H4',41,7,0),('H4',42,7,1),('H4',43,7,2),('H4',44,7,3),('H4',45,7,4),('H4',46,8,0),('H4',47,9,0),('H4',48,9,1),('H4',49,9,2),('H4',50,9,3),('H4',51,10,0),('H4',52,10,1),('H4',53,10,2),('H4',54,10,3),('H4',55,10,4),('H4',56,10,5),('H4',57,10,6),('H4',58,10,7),('H4',59,10,8),('H4',60,11,0),('H4',61,11,1),('H4',62,11,2),('H4',63,11,3),('H4',64,11,4),('H4',65,11,5),('H4',66,11,6),('H4',67,11,7),('H4',68,11,8),('H4',69,11,9),('H4',70,11,10),('H4',71,11,11),('H4',72,11,12),('H4',73,11,13),('H4',74,11,14),('H4',75,11,15),('H4',76,11,16),('H4',77,11,17),('H4',78,11,18),('H4',79,11,19),('H4',80,11,20),('H4',81,11,21),('H4',82,11,22),('H4',83,11,23),('H4',84,11,24),('H4',85,11,25),('H4',86,11,26),('H4',87,11,27),('H4',88,11,28),('H4',89,11,29),('H4',90,11,30),('H4',91,11,31),('H4',92,12,0),('H4',93,12,1),('H4',94,12,2),('H4',95,12,3),('H4',96,12,4),('H4',97,12,5),('H4',98,13,0),('H4',99,13,1),('H4',100,13,2),('H4',101,13,3),('H4',102,13,4),('H4',103,13,5),('H4',104,13,6),('H4',105,13,7),('H4',106,13,8),('H4',107,13,9),('H4',108,13,10),('H4',109,13,11),('H4',110,13,12),('H4',111,14,0),('H4',112,14,1),('H4',113,14,2),('H4',114,14,3),('H4',115,14,4),('H4',116,14,5),('H4',117,14,6),('H4',118,14,7),('H4',119,14,8),('H4',120,14,9),('H4',121,14,10),('H4',122,14,11),('H4',123,15,0),('H4',124,15,1),('H4',125,15,2),('H4',126,15,3),('H4',127,16,0),('H4',128,16,1),('H4',129,16,2),('H4',130,17,0),('H4',131,17,1),('H4',132,17,2),('H4',133,17,3),('H4',134,17,4),('H4',135,18,0),('H4',136,18,1),('H4',137,18,2),('H4',138,18,3),('H4',139,19,0),('H4',140,19,1),('H4',141,19,2),('H4',142,19,3),('H4',143,19,4),('H4',144,20,0),('H4',145,20,1),('H4',146,20,2),('H4',147,20,3),('H4',148,20,4),('H4',149,20,5),('H4',150,21,0),('H4',151,21,1),('H4',152,21,2),('H4',153,21,3),('H4',154,21,4),('H4',155,21,5),('H4',156,21,6),('H4',157,21,7),('H4',158,21,8),('H4',159,21,9),('H4',160,22,0),('H4',161,22,1),('H4',162,22,2),('H4',163,22,3),('H4',164,22,4),('H4',165,22,5),('H4',166,23,0),('H4',167,23,1),('H4',168,23,2),('H4',169,23,3),('H4',170,24,0),('H4',171,24,1),('H4',172,24,2),('H4',173,25,0),('H4',174,25,1),('H4',175,25,2),('H4',176,25,3),('H4',177,25,4),('H4',178,25,5),('H4',179,26,0),('H4',180,26,1),('H4',181,26,2),('H4',182,27,0),('H4',183,27,1),('H4',184,27,2),('H4',185,27,3),('H4',186,28,0),('H4',187,28,1),('H4',188,28,2),('H4',189,28,3),('H4',190,29,0),('H4',191,29,1),('H4',192,29,2),('H4',193,29,3),('H4',194,30,0),('H4',195,30,1),('H4',196,30,2),('H4',197,30,3),('H4',198,30,4),('H4',199,30,5),('H4',200,30,6),('H4',201,30,7),('H4',202,30,8),('H4',203,30,9),('H4',204,30,10),('H4',205,30,11),('H4',206,30,12),('H4',207,30,13),('H4',208,30,14),('H4',209,30,15),('H4',210,31,1),('H4',211,31,2),('H4',212,31,3),('H4',213,32,1),('H4',214,32,2),('H4',215,32,3),('H4',216,32,4),('H4',217,32,5),('H4',218,33,1),('H4',219,33,2),('H4',220,33,3),('H4',221,34,1),('H4',222,34,2),('H4',223,34,3),('H4',224,34,4),('H4',225,34,5),('H4',226,34,6),('H4',227,35,1),('H4',228,35,2),('H4',229,35,3),('H4',230,36,1),('H4',231,36,2),('H4',232,36,3),('H4',233,37,1),('H4',234,37,2),('H4',235,38,1),('H4',236,38,2),('H4',237,39,1),('H4',238,39,2),('H4',239,40,1),('H4',240,40,2),('H4',241,41,1),('H4',242,41,2),('H4',243,41,3),('H4',244,41,4),('H4',245,42,1),('H4',246,42,2),('H4',247,42,3),('H4',248,42,4),('H4',249,43,1),('H4',250,43,2),('H4',251,43,3),('H4',252,43,4),('H4',253,44,1),('H4',254,44,2),('H4',255,44,3),('H4',256,44,4),('H4',257,44,5),('H4',258,44,6),('H4',259,44,7),('H4',260,44,8),('H4',261,44,9),('H4',262,44,10),('H4',263,44,11),('H4',264,45,1),('H4',265,45,2),('H4',266,45,3),('H4',267,45,4),('H4',268,45,5),('H4',269,45,6),('H4',270,45,7),('H4',271,45,8),('H4',272,45,9),('H4',273,46,1),('H4',274,46,2),('H4',275,46,3),('H4',276,46,4),('H4',277,47,1),('H4',278,47,2),('H4',279,47,3),('H4',280,47,4),('H4',281,48,1),('H4',282,48,2),('H4',283,48,3),('H4',284,48,4),('H4',285,48,5),('H4',286,48,6),('H4',287,48,7),('H4',288,48,8),('H4',289,48,9),('H4',290,48,10),('H4',291,48,11),('H4',292,49,1),('H4',293,49,2),('H4',294,49,3),('H4',295,49,4),('H4',296,50,1),('H4',297,50,2),('H4',298,51,1),('H4',299,51,2),('H4',300,52,1),('H4',301,52,2),('H4',302,52,3),('H4',303,52,4),('H4',304,53,1),('H4',305,53,2),('H4',306,12,1),('H4',307,54,1),('H4',308,54,2),('H4',309,54,3),('H4',310,54,4),('H4',311,54,5),('H4',312,54,6),('H4',313,2,1),('H4',314,55,1),('H4',315,55,2),('H4',316,55,3),('H4',317,56,1),('H4',318,56,2),('H6',1,1,0),('H6',2,1,1),('H6',3,1,2),('H6',4,1,3),('H6',5,1,4),('H6',6,1,5),('H6',7,1,6),('H6',8,1,7),('H6',9,1,8),('H6',10,1,9),('H6',11,1,10),('H6',12,2,0),('H6',13,2,1),('H6',14,3,0),('H6',15,3,1),('H6',16,3,2),('H6',17,3,3),('H6',18,3,4),('H6',19,3,5),('H6',20,4,0),('H6',21,4,1),('H6',22,4,2),('H6',23,4,3),('H6',24,4,4),('H6',25,4,5),('H6',26,4,6),('H6',27,4,7),('H6',28,4,8),('H6',29,4,9),('H6',30,4,10),('H6',31,4,11),('H6',32,4,12),('H6',33,5,0),('H6',34,5,1),('H6',35,5,2),('H6',36,5,3),('H6',37,5,4),('H6',38,6,0),('H6',39,6,1),('H6',40,6,2),('H6',41,7,0),('H6',42,7,1),('H6',43,7,2),('H6',44,7,3),('H6',45,7,4),('H6',46,8,0),('H6',47,9,0),('H6',48,9,1),('H6',49,9,2),('H6',50,9,3),('H6',51,10,0),('H6',52,10,1),('H6',53,10,2),('H6',54,10,3),('H6',55,10,4),('H6',56,10,5),('H6',57,10,6),('H6',58,10,7),('H6',59,10,8),('H6',60,11,0),('H6',61,11,1),('H6',62,11,2),('H6',63,11,3),('H6',64,11,4),('H6',65,11,5),('H6',66,11,6),('H6',67,11,7),('H6',68,11,8),('H6',69,11,9),('H6',70,11,10),('H6',71,11,11),('H6',72,11,12),('H6',73,11,13),('H6',74,11,14),('H6',75,11,15),('H6',76,11,16),('H6',77,11,17),('H6',78,11,18),('H6',79,11,19),('H6',80,11,20),('H6',81,11,21),('H6',82,11,22),('H6',83,11,23),('H6',84,11,24),('H6',85,11,25),('H6',86,11,26),('H6',87,11,27),('H6',88,11,28),('H6',89,11,29),('H6',90,11,30),('H6',91,11,31),('H6',92,12,0),('H6',93,12,1),('H6',94,12,2),('H6',95,12,3),('H6',96,12,4),('H6',97,12,5),('H6',98,13,0),('H6',99,13,1),('H6',100,13,2),('H6',101,13,3),('H6',102,13,4),('H6',103,13,5),('H6',104,13,6),('H6',105,13,7),('H6',106,13,8),('H6',107,13,9),('H6',108,13,10),('H6',109,13,11),('H6',110,13,12),('H6',111,14,0),('H6',112,14,1),('H6',113,14,2),('H6',114,14,3),('H6',115,14,4),('H6',116,14,5),('H6',117,14,6),('H6',118,14,7),('H6',119,14,8),('H6',120,14,9),('H6',121,14,10),('H6',122,14,11),('H6',123,15,0),('H6',124,15,1),('H6',125,15,2),('H6',126,15,3),('H6',127,16,0),('H6',128,16,1),('H6',129,16,2),('H6',130,17,0),('H6',131,17,1),('H6',132,17,2),('H6',133,17,3),('H6',134,17,4),('H6',135,18,0),('H6',136,18,1),('H6',137,18,2),('H6',138,18,3),('H6',139,19,0),('H6',140,19,1),('H6',141,19,2),('H6',142,19,3),('H6',143,19,4),('H6',144,20,0),('H6',145,20,1),('H6',146,20,2),('H6',147,20,3),('H6',148,20,4),('H6',149,20,5),('H6',150,21,0),('H6',151,21,1),('H6',152,21,2),('H6',153,21,3),('H6',154,21,4),('H6',155,21,5),('H6',156,21,6),('H6',157,21,7),('H6',158,21,8),('H6',159,21,9),('H6',160,22,0),('H6',161,22,1),('H6',162,22,2),('H6',163,22,3),('H6',164,22,4),('H6',165,22,5),('H6',166,23,0),('H6',167,23,1),('H6',168,23,2),('H6',169,23,3),('H6',170,24,0),('H6',171,24,1),('H6',172,24,2),('H6',173,25,0),('H6',174,25,1),('H6',175,25,2),('H6',176,25,3),('H6',177,25,4),('H6',178,25,5),('H6',179,26,0),('H6',180,26,1),('H6',181,26,2),('H6',182,27,0),('H6',183,27,1),('H6',184,27,2),('H6',185,27,3),('H6',186,28,0),('H6',187,28,1),('H6',188,28,2),('H6',189,28,3),('H6',190,29,0),('H6',191,29,1),('H6',192,29,2),('H6',193,29,3),('H6',194,30,0),('H6',195,30,1),('H6',196,30,2),('H6',197,30,3),('H6',198,30,4),('H6',199,30,5),('H6',200,30,6),('H6',201,30,7),('H6',202,30,8),('H6',203,30,9),('H6',204,30,10),('H6',205,30,11),('H6',206,30,12),('H6',207,30,13),('H6',208,30,14),('H6',209,30,15),('H6',210,31,1),('H6',211,31,2),('H6',212,31,3),('H6',213,32,1),('H6',214,32,2),('H6',215,32,3),('H6',216,32,4),('H6',217,32,5),('H6',218,33,1),('H6',219,33,2),('H6',220,33,3),('H6',221,34,1),('H6',222,34,2),('H6',223,34,3),('H6',224,34,4),('H6',225,34,5),('H6',226,34,6),('H6',227,35,1),('H6',228,35,2),('H6',229,35,3),('H6',230,36,1),('H6',231,36,2),('H6',232,36,3),('H6',233,37,1),('H6',234,37,2),('H6',235,38,1),('H6',236,38,2),('H6',237,39,1),('H6',238,39,2),('H6',239,40,1),('H6',240,40,2),('H6',241,41,1),('H6',242,41,2),('H6',243,41,3),('H6',244,41,4),('H6',245,42,1),('H6',246,42,2),('H6',247,42,3),('H6',248,42,4),('H6',249,43,1),('H6',250,43,2),('H6',251,43,3),('H6',252,43,4),('H6',253,44,1),('H6',254,44,2),('H6',255,44,3),('H6',256,44,4),('H6',257,44,5),('H6',258,44,6),('H6',259,44,7),('H6',260,44,8),('H6',261,44,9),('H6',262,44,10),('H6',263,44,11),('H6',264,45,1),('H6',265,45,2),('H6',266,45,3),('H6',267,45,4),('H6',268,45,5),('H6',269,45,6),('H6',270,45,7),('H6',271,45,8),('H6',272,45,9),('H6',273,46,1),('H6',274,46,2),('H6',275,46,3),('H6',276,46,4),('H6',277,47,1),('H6',278,47,2),('H6',279,47,3),('H6',280,47,4),('H6',281,48,1),('H6',282,48,2),('H6',283,48,3),('H6',284,48,4),('H6',285,48,5),('H6',286,48,6),('H6',287,48,7),('H6',288,48,8),('H6',289,48,9),('H6',290,48,10),('H6',291,48,11),('H6',292,49,1),('H6',293,49,2),('H6',294,49,3),('H6',295,49,4),('H6',296,50,1),('H6',297,50,2),('H6',298,51,1),('H6',299,51,2),('H6',300,52,1),('H6',301,52,2),('H6',302,52,3),('H6',303,52,4),('H6',304,53,1),('H6',305,53,2),('H6',306,12,1),('H6',307,54,1),('H6',308,54,2),('H6',309,54,3),('H6',310,54,4),('H6',311,54,5),('H6',312,54,6),('H6',313,2,1),('H6',314,55,1),('H6',315,55,2),('H6',316,55,3),('H6',317,56,1),('H6',318,56,2),('H7',1,1,0),('H7',2,1,1),('H7',3,1,2),('H7',4,1,3),('H7',5,1,4),('H7',6,1,5),('H7',7,1,6),('H7',8,1,7),('H7',9,1,8),('H7',10,1,9),('H7',11,1,10),('H7',12,2,0),('H7',13,2,1),('H7',14,3,0),('H7',15,3,1),('H7',16,3,2),('H7',17,3,3),('H7',18,3,4),('H7',19,3,5),('H7',20,4,0),('H7',21,4,1),('H7',22,4,2),('H7',23,4,3),('H7',24,4,4),('H7',25,4,5),('H7',26,4,6),('H7',27,4,7),('H7',28,4,8),('H7',29,4,9),('H7',30,4,10),('H7',31,4,11),('H7',32,4,12),('H7',33,5,0),('H7',34,5,1),('H7',35,5,2),('H7',36,5,3),('H7',37,5,4),('H7',38,6,0),('H7',39,6,1),('H7',40,6,2),('H7',41,7,0),('H7',42,7,1),('H7',43,7,2),('H7',44,7,3),('H7',45,7,4),('H7',46,8,0),('H7',47,9,0),('H7',48,9,1),('H7',49,9,2),('H7',50,9,3),('H7',51,10,0),('H7',52,10,1),('H7',53,10,2),('H7',54,10,3),('H7',55,10,4),('H7',56,10,5),('H7',57,10,6),('H7',58,10,7),('H7',59,10,8),('H7',60,11,0),('H7',61,11,1),('H7',62,11,2),('H7',63,11,3),('H7',64,11,4),('H7',65,11,5),('H7',66,11,6),('H7',67,11,7),('H7',68,11,8),('H7',69,11,9),('H7',70,11,10),('H7',71,11,11),('H7',72,11,12),('H7',73,11,13),('H7',74,11,14),('H7',75,11,15),('H7',76,11,16),('H7',77,11,17),('H7',78,11,18),('H7',79,11,19),('H7',80,11,20),('H7',81,11,21),('H7',82,11,22),('H7',83,11,23),('H7',84,11,24),('H7',85,11,25),('H7',86,11,26),('H7',87,11,27),('H7',88,11,28),('H7',89,11,29),('H7',90,11,30),('H7',91,11,31),('H7',92,12,0),('H7',93,12,1),('H7',94,12,2),('H7',95,12,3),('H7',96,12,4),('H7',97,12,5),('H7',98,13,0),('H7',99,13,1),('H7',100,13,2),('H7',101,13,3),('H7',102,13,4),('H7',103,13,5),('H7',104,13,6),('H7',105,13,7),('H7',106,13,8),('H7',107,13,9),('H7',108,13,10),('H7',109,13,11),('H7',110,13,12),('H7',111,14,0),('H7',112,14,1),('H7',113,14,2),('H7',114,14,3),('H7',115,14,4),('H7',116,14,5),('H7',117,14,6),('H7',118,14,7),('H7',119,14,8),('H7',120,14,9),('H7',121,14,10),('H7',122,14,11),('H7',123,15,0),('H7',124,15,1),('H7',125,15,2),('H7',126,15,3),('H7',127,16,0),('H7',128,16,1),('H7',129,16,2),('H7',130,17,0),('H7',131,17,1),('H7',132,17,2),('H7',133,17,3),('H7',134,17,4),('H7',135,18,0),('H7',136,18,1),('H7',137,18,2),('H7',138,18,3),('H7',139,19,0),('H7',140,19,1),('H7',141,19,2),('H7',142,19,3),('H7',143,19,4),('H7',144,20,0),('H7',145,20,1),('H7',146,20,2),('H7',147,20,3),('H7',148,20,4),('H7',149,20,5),('H7',150,21,0),('H7',151,21,1),('H7',152,21,2),('H7',153,21,3),('H7',154,21,4),('H7',155,21,5),('H7',156,21,6),('H7',157,21,7),('H7',158,21,8),('H7',159,21,9),('H7',160,22,0),('H7',161,22,1),('H7',162,22,2),('H7',163,22,3),('H7',164,22,4),('H7',165,22,5),('H7',166,23,0),('H7',167,23,1),('H7',168,23,2),('H7',169,23,3),('H7',170,24,0),('H7',171,24,1),('H7',172,24,2),('H7',173,25,0),('H7',174,25,1),('H7',175,25,2),('H7',176,25,3),('H7',177,25,4),('H7',178,25,5),('H7',179,26,0),('H7',180,26,1),('H7',181,26,2),('H7',182,27,0),('H7',183,27,1),('H7',184,27,2),('H7',185,27,3),('H7',186,28,0),('H7',187,28,1),('H7',188,28,2),('H7',189,28,3),('H7',190,29,0),('H7',191,29,1),('H7',192,29,2),('H7',193,29,3),('H7',194,30,0),('H7',195,30,1),('H7',196,30,2),('H7',197,30,3),('H7',198,30,4),('H7',199,30,5),('H7',200,30,6),('H7',201,30,7),('H7',202,30,8),('H7',203,30,9),('H7',204,30,10),('H7',205,30,11),('H7',206,30,12),('H7',207,30,13),('H7',208,30,14),('H7',209,30,15),('H7',210,31,1),('H7',211,31,2),('H7',212,31,3),('H7',213,32,1),('H7',214,32,2),('H7',215,32,3),('H7',216,32,4),('H7',217,32,5),('H7',218,33,1),('H7',219,33,2),('H7',220,33,3),('H7',221,34,1),('H7',222,34,2),('H7',223,34,3),('H7',224,34,4),('H7',225,34,5),('H7',226,34,6),('H7',227,35,1),('H7',228,35,2),('H7',229,35,3),('H7',230,36,1),('H7',231,36,2),('H7',232,36,3),('H7',233,37,1),('H7',234,37,2),('H7',235,38,1),('H7',236,38,2),('H7',237,39,1),('H7',238,39,2),('H7',239,40,1),('H7',240,40,2),('H7',241,41,1),('H7',242,41,2),('H7',243,41,3),('H7',244,41,4),('H7',245,42,1),('H7',246,42,2),('H7',247,42,3),('H7',248,42,4),('H7',249,43,1),('H7',250,43,2),('H7',251,43,3),('H7',252,43,4),('H7',253,44,1),('H7',254,44,2),('H7',255,44,3),('H7',256,44,4),('H7',257,44,5),('H7',258,44,6),('H7',259,44,7),('H7',260,44,8),('H7',261,44,9),('H7',262,44,10),('H7',263,44,11),('H7',264,45,1),('H7',265,45,2),('H7',266,45,3),('H7',267,45,4),('H7',268,45,5),('H7',269,45,6),('H7',270,45,7),('H7',271,45,8),('H7',272,45,9),('H7',273,46,1),('H7',274,46,2),('H7',275,46,3),('H7',276,46,4),('H7',277,47,1),('H7',278,47,2),('H7',279,47,3),('H7',280,47,4),('H7',281,48,1),('H7',282,48,2),('H7',283,48,3),('H7',284,48,4),('H7',285,48,5),('H7',286,48,6),('H7',287,48,7),('H7',288,48,8),('H7',289,48,9),('H7',290,48,10),('H7',291,48,11),('H7',292,49,1),('H7',293,49,2),('H7',294,49,3),('H7',295,49,4),('H7',296,50,1),('H7',297,50,2),('H7',298,51,1),('H7',299,51,2),('H7',300,52,1),('H7',301,52,2),('H7',302,52,3),('H7',303,52,4),('H7',304,53,1),('H7',305,53,2),('H7',306,12,1),('H7',307,54,1),('H7',308,54,2),('H7',309,54,3),('H7',310,54,4),('H7',311,54,5),('H7',312,54,6),('H7',313,2,1),('H7',314,55,1),('H7',315,55,2),('H7',316,55,3),('H7',317,56,1),('H7',318,56,2),('H8',1,1,0),('H8',2,1,1),('H8',3,1,2),('H8',4,1,3),('H8',5,1,4),('H8',6,1,5),('H8',7,1,6),('H8',8,1,7),('H8',9,1,8),('H8',10,1,9),('H8',11,1,10),('H8',12,2,0),('H8',13,2,1),('H8',14,3,0),('H8',15,3,1),('H8',16,3,2),('H8',17,3,3),('H8',18,3,4),('H8',19,3,5),('H8',20,4,0),('H8',21,4,1),('H8',22,4,2),('H8',23,4,3),('H8',24,4,4),('H8',25,4,5),('H8',26,4,6),('H8',27,4,7),('H8',28,4,8),('H8',29,4,9),('H8',30,4,10),('H8',31,4,11),('H8',32,4,12),('H8',33,5,0),('H8',34,5,1),('H8',35,5,2),('H8',36,5,3),('H8',37,5,4),('H8',38,6,0),('H8',39,6,1),('H8',40,6,2),('H8',41,7,0),('H8',42,7,1),('H8',43,7,2),('H8',44,7,3),('H8',45,7,4),('H8',46,8,0),('H8',47,9,0),('H8',48,9,1),('H8',49,9,2),('H8',50,9,3),('H8',51,10,0),('H8',52,10,1),('H8',53,10,2),('H8',54,10,3),('H8',55,10,4),('H8',56,10,5),('H8',57,10,6),('H8',58,10,7),('H8',59,10,8),('H8',60,11,0),('H8',61,11,1),('H8',62,11,2),('H8',63,11,3),('H8',64,11,4),('H8',65,11,5),('H8',66,11,6),('H8',67,11,7),('H8',68,11,8),('H8',69,11,9),('H8',70,11,10),('H8',71,11,11),('H8',72,11,12),('H8',73,11,13),('H8',74,11,14),('H8',75,11,15),('H8',76,11,16),('H8',77,11,17),('H8',78,11,18),('H8',79,11,19),('H8',80,11,20),('H8',81,11,21),('H8',82,11,22),('H8',83,11,23),('H8',84,11,24),('H8',85,11,25),('H8',86,11,26),('H8',87,11,27),('H8',88,11,28),('H8',89,11,29),('H8',90,11,30),('H8',91,11,31),('H8',92,12,0),('H8',93,12,1),('H8',94,12,2),('H8',95,12,3),('H8',96,12,4),('H8',97,12,5),('H8',98,13,0),('H8',99,13,1),('H8',100,13,2),('H8',101,13,3),('H8',102,13,4),('H8',103,13,5),('H8',104,13,6),('H8',105,13,7),('H8',106,13,8),('H8',107,13,9),('H8',108,13,10),('H8',109,13,11),('H8',110,13,12),('H8',111,14,0),('H8',112,14,1),('H8',113,14,2),('H8',114,14,3),('H8',115,14,4),('H8',116,14,5),('H8',117,14,6),('H8',118,14,7),('H8',119,14,8),('H8',120,14,9),('H8',121,14,10),('H8',122,14,11),('H8',123,15,0),('H8',124,15,1),('H8',125,15,2),('H8',126,15,3),('H8',127,16,0),('H8',128,16,1),('H8',129,16,2),('H8',130,17,0),('H8',131,17,1),('H8',132,17,2),('H8',133,17,3),('H8',134,17,4),('H8',135,18,0),('H8',136,18,1),('H8',137,18,2),('H8',138,18,3),('H8',139,19,0),('H8',140,19,1),('H8',141,19,2),('H8',142,19,3),('H8',143,19,4),('H8',144,20,0),('H8',145,20,1),('H8',146,20,2),('H8',147,20,3),('H8',148,20,4),('H8',149,20,5),('H8',150,21,0),('H8',151,21,1),('H8',152,21,2),('H8',153,21,3),('H8',154,21,4),('H8',155,21,5),('H8',156,21,6),('H8',157,21,7),('H8',158,21,8),('H8',159,21,9),('H8',160,22,0),('H8',161,22,1),('H8',162,22,2),('H8',163,22,3),('H8',164,22,4),('H8',165,22,5),('H8',166,23,0),('H8',167,23,1),('H8',168,23,2),('H8',169,23,3),('H8',170,24,0),('H8',171,24,1),('H8',172,24,2),('H8',173,25,0),('H8',174,25,1),('H8',175,25,2),('H8',176,25,3),('H8',177,25,4),('H8',178,25,5),('H8',179,26,0),('H8',180,26,1),('H8',181,26,2),('H8',182,27,0),('H8',183,27,1),('H8',184,27,2),('H8',185,27,3),('H8',186,28,0),('H8',187,28,1),('H8',188,28,2),('H8',189,28,3),('H8',190,29,0),('H8',191,29,1),('H8',192,29,2),('H8',193,29,3),('H8',194,30,0),('H8',195,30,1),('H8',196,30,2),('H8',197,30,3),('H8',198,30,4),('H8',199,30,5),('H8',200,30,6),('H8',201,30,7),('H8',202,30,8),('H8',203,30,9),('H8',204,30,10),('H8',205,30,11),('H8',206,30,12),('H8',207,30,13),('H8',208,30,14),('H8',209,30,15),('H8',210,31,1),('H8',211,31,2),('H8',212,31,3),('H8',213,32,1),('H8',214,32,2),('H8',215,32,3),('H8',216,32,4),('H8',217,32,5),('H8',218,33,1),('H8',219,33,2),('H8',220,33,3),('H8',221,34,1),('H8',222,34,2),('H8',223,34,3),('H8',224,34,4),('H8',225,34,5),('H8',226,34,6),('H8',227,35,1),('H8',228,35,2),('H8',229,35,3),('H8',230,36,1),('H8',231,36,2),('H8',232,36,3),('H8',233,37,1),('H8',234,37,2),('H8',235,38,1),('H8',236,38,2),('H8',237,39,1),('H8',238,39,2),('H8',239,40,1),('H8',240,40,2),('H8',241,41,1),('H8',242,41,2),('H8',243,41,3),('H8',244,41,4),('H8',245,42,1),('H8',246,42,2),('H8',247,42,3),('H8',248,42,4),('H8',249,43,1),('H8',250,43,2),('H8',251,43,3),('H8',252,43,4),('H8',253,44,1),('H8',254,44,2),('H8',255,44,3),('H8',256,44,4),('H8',257,44,5),('H8',258,44,6),('H8',259,44,7),('H8',260,44,8),('H8',261,44,9),('H8',262,44,10),('H8',263,44,11),('H8',264,45,1),('H8',265,45,2),('H8',266,45,3),('H8',267,45,4),('H8',268,45,5),('H8',269,45,6),('H8',270,45,7),('H8',271,45,8),('H8',272,45,9),('H8',273,46,1),('H8',274,46,2),('H8',275,46,3),('H8',276,46,4),('H8',277,47,1),('H8',278,47,2),('H8',279,47,3),('H8',280,47,4),('H8',281,48,1),('H8',282,48,2),('H8',283,48,3),('H8',284,48,4),('H8',285,48,5),('H8',286,48,6),('H8',287,48,7),('H8',288,48,8),('H8',289,48,9),('H8',290,48,10),('H8',291,48,11),('H8',292,49,1),('H8',293,49,2),('H8',294,49,3),('H8',295,49,4),('H8',296,50,1),('H8',297,50,2),('H8',298,51,1),('H8',299,51,2),('H8',300,52,1),('H8',301,52,2),('H8',302,52,3),('H8',303,52,4),('H8',304,53,1),('H8',305,53,2),('H8',306,12,1),('H8',307,54,1),('H8',308,54,2),('H8',309,54,3),('H8',310,54,4),('H8',311,54,5),('H8',312,54,6),('H8',313,2,1),('H8',314,55,1),('H8',315,55,2),('H8',316,55,3),('H8',317,56,1),('H8',318,56,2),('H9',1,1,0),('H9',2,1,1),('H9',3,1,2),('H9',4,1,3),('H9',5,1,4),('H9',6,1,5),('H9',7,1,6),('H9',8,1,7),('H9',9,1,8),('H9',10,1,9),('H9',11,1,10),('H9',12,2,0),('H9',13,2,1),('H9',14,3,0),('H9',15,3,1),('H9',16,3,2),('H9',17,3,3),('H9',18,3,4),('H9',19,3,5),('H9',20,4,0),('H9',21,4,1),('H9',22,4,2),('H9',23,4,3),('H9',24,4,4),('H9',25,4,5),('H9',26,4,6),('H9',27,4,7),('H9',28,4,8),('H9',29,4,9),('H9',30,4,10),('H9',31,4,11),('H9',32,4,12),('H9',33,5,0),('H9',34,5,1),('H9',35,5,2),('H9',36,5,3),('H9',37,5,4),('H9',38,6,0),('H9',39,6,1),('H9',40,6,2),('H9',41,7,0),('H9',42,7,1),('H9',43,7,2),('H9',44,7,3),('H9',45,7,4),('H9',46,8,0),('H9',47,9,0),('H9',48,9,1),('H9',49,9,2),('H9',50,9,3),('H9',51,10,0),('H9',52,10,1),('H9',53,10,2),('H9',54,10,3),('H9',55,10,4),('H9',56,10,5),('H9',57,10,6),('H9',58,10,7),('H9',59,10,8),('H9',60,11,0),('H9',61,11,1),('H9',62,11,2),('H9',63,11,3),('H9',64,11,4),('H9',65,11,5),('H9',66,11,6),('H9',67,11,7),('H9',68,11,8),('H9',69,11,9),('H9',70,11,10),('H9',71,11,11),('H9',72,11,12),('H9',73,11,13),('H9',74,11,14),('H9',75,11,15),('H9',76,11,16),('H9',77,11,17),('H9',78,11,18),('H9',79,11,19),('H9',80,11,20),('H9',81,11,21),('H9',82,11,22),('H9',83,11,23),('H9',84,11,24),('H9',85,11,25),('H9',86,11,26),('H9',87,11,27),('H9',88,11,28),('H9',89,11,29),('H9',90,11,30),('H9',91,11,31),('H9',92,12,0),('H9',93,12,1),('H9',94,12,2),('H9',95,12,3),('H9',96,12,4),('H9',97,12,5),('H9',98,13,0),('H9',99,13,1),('H9',100,13,2),('H9',101,13,3),('H9',102,13,4),('H9',103,13,5),('H9',104,13,6),('H9',105,13,7),('H9',106,13,8),('H9',107,13,9),('H9',108,13,10),('H9',109,13,11),('H9',110,13,12),('H9',111,14,0),('H9',112,14,1),('H9',113,14,2),('H9',114,14,3),('H9',115,14,4),('H9',116,14,5),('H9',117,14,6),('H9',118,14,7),('H9',119,14,8),('H9',120,14,9),('H9',121,14,10),('H9',122,14,11),('H9',123,15,0),('H9',124,15,1),('H9',125,15,2),('H9',126,15,3),('H9',127,16,0),('H9',128,16,1),('H9',129,16,2),('H9',130,17,0),('H9',131,17,1),('H9',132,17,2),('H9',133,17,3),('H9',134,17,4),('H9',135,18,0),('H9',136,18,1),('H9',137,18,2),('H9',138,18,3),('H9',139,19,0),('H9',140,19,1),('H9',141,19,2),('H9',142,19,3),('H9',143,19,4),('H9',144,20,0),('H9',145,20,1),('H9',146,20,2),('H9',147,20,3),('H9',148,20,4),('H9',149,20,5),('H9',150,21,0),('H9',151,21,1),('H9',152,21,2),('H9',153,21,3),('H9',154,21,4),('H9',155,21,5),('H9',156,21,6),('H9',157,21,7),('H9',158,21,8),('H9',159,21,9),('H9',160,22,0),('H9',161,22,1),('H9',162,22,2),('H9',163,22,3),('H9',164,22,4),('H9',165,22,5),('H9',166,23,0),('H9',167,23,1),('H9',168,23,2),('H9',169,23,3),('H9',170,24,0),('H9',171,24,1),('H9',172,24,2),('H9',173,25,0),('H9',174,25,1),('H9',175,25,2),('H9',176,25,3),('H9',177,25,4),('H9',178,25,5),('H9',179,26,0),('H9',180,26,1),('H9',181,26,2),('H9',182,27,0),('H9',183,27,1),('H9',184,27,2),('H9',185,27,3),('H9',186,28,0),('H9',187,28,1),('H9',188,28,2),('H9',189,28,3),('H9',190,29,0),('H9',191,29,1),('H9',192,29,2),('H9',193,29,3),('H9',194,30,0),('H9',195,30,1),('H9',196,30,2),('H9',197,30,3),('H9',198,30,4),('H9',199,30,5),('H9',200,30,6),('H9',201,30,7),('H9',202,30,8),('H9',203,30,9),('H9',204,30,10),('H9',205,30,11),('H9',206,30,12),('H9',207,30,13),('H9',208,30,14),('H9',209,30,15),('H9',210,31,1),('H9',211,31,2),('H9',212,31,3),('H9',213,32,1),('H9',214,32,2),('H9',215,32,3),('H9',216,32,4),('H9',217,32,5),('H9',218,33,1),('H9',219,33,2),('H9',220,33,3),('H9',221,34,1),('H9',222,34,2),('H9',223,34,3),('H9',224,34,4),('H9',225,34,5),('H9',226,34,6),('H9',227,35,1),('H9',228,35,2),('H9',229,35,3),('H9',230,36,1),('H9',231,36,2),('H9',232,36,3),('H9',233,37,1),('H9',234,37,2),('H9',235,38,1),('H9',236,38,2),('H9',237,39,1),('H9',238,39,2),('H9',239,40,1),('H9',240,40,2),('H9',241,41,1),('H9',242,41,2),('H9',243,41,3),('H9',244,41,4),('H9',245,42,1),('H9',246,42,2),('H9',247,42,3),('H9',248,42,4),('H9',249,43,1),('H9',250,43,2),('H9',251,43,3),('H9',252,43,4),('H9',253,44,1),('H9',254,44,2),('H9',255,44,3),('H9',256,44,4),('H9',257,44,5),('H9',258,44,6),('H9',259,44,7),('H9',260,44,8),('H9',261,44,9),('H9',262,44,10),('H9',263,44,11),('H9',264,45,1),('H9',265,45,2),('H9',266,45,3),('H9',267,45,4),('H9',268,45,5),('H9',269,45,6),('H9',270,45,7),('H9',271,45,8),('H9',272,45,9),('H9',273,46,1),('H9',274,46,2),('H9',275,46,3),('H9',276,46,4),('H9',277,47,1),('H9',278,47,2),('H9',279,47,3),('H9',280,47,4),('H9',281,48,1),('H9',282,48,2),('H9',283,48,3),('H9',284,48,4),('H9',285,48,5),('H9',286,48,6),('H9',287,48,7),('H9',288,48,8),('H9',289,48,9),('H9',290,48,10),('H9',291,48,11),('H9',292,49,1),('H9',293,49,2),('H9',294,49,3),('H9',295,49,4),('H9',296,50,1),('H9',297,50,2),('H9',298,51,1),('H9',299,51,2),('H9',300,52,1),('H9',301,52,2),('H9',302,52,3),('H9',303,52,4),('H9',304,53,1),('H9',305,53,2),('H9',306,12,1),('H9',307,54,1),('H9',308,54,2),('H9',309,54,3),('H9',310,54,4),('H9',311,54,5),('H9',312,54,6),('H9',313,2,1),('H9',314,55,1),('H9',315,55,2),('H9',316,55,3),('H9',317,56,1),('H9',318,56,2);
/*!40000 ALTER TABLE `vtiger_role2picklist` ENABLE KEYS */;
UNLOCK TABLES;

--
-- Table structure for table `vtiger_role2profile`
--

DROP TABLE IF EXISTS `vtiger_role2profile`;
/*!40101 SET @saved_cs_client     = @@character_set_client */;
/*!40101 SET character_set_client = utf8 */;
CREATE TABLE `vtiger_role2profile` (
  `roleid` varchar(255) NOT NULL,
  `profileid` int(11) NOT NULL,
  PRIMARY KEY (`roleid`,`profileid`),
  KEY `role2profile_roleid_profileid_idx` (`roleid`,`profileid`)
) ENGINE=InnoDB DEFAULT CHARSET=utf8;
/*!40101 SET character_set_client = @saved_cs_client */;

--
-- Dumping data for table `vtiger_role2profile`
--

LOCK TABLES `vtiger_role2profile` WRITE;
/*!40000 ALTER TABLE `vtiger_role2profile` DISABLE KEYS */;
INSERT INTO `vtiger_role2profile` VALUES ('H10',6),('H11',6),('H2',1),('H3',1),('H4',6),('H5',2),('H6',6),('H7',6),('H8',6),('H9',4);
/*!40000 ALTER TABLE `vtiger_role2profile` ENABLE KEYS */;
UNLOCK TABLES;

--
-- Table structure for table `vtiger_role_seq`
--

DROP TABLE IF EXISTS `vtiger_role_seq`;
/*!40101 SET @saved_cs_client     = @@character_set_client */;
/*!40101 SET character_set_client = utf8 */;
CREATE TABLE `vtiger_role_seq` (
  `id` int(11) NOT NULL
) ENGINE=InnoDB DEFAULT CHARSET=utf8;
/*!40101 SET character_set_client = @saved_cs_client */;

--
-- Dumping data for table `vtiger_role_seq`
--

LOCK TABLES `vtiger_role_seq` WRITE;
/*!40000 ALTER TABLE `vtiger_role_seq` DISABLE KEYS */;
INSERT INTO `vtiger_role_seq` VALUES (11);
/*!40000 ALTER TABLE `vtiger_role_seq` ENABLE KEYS */;
UNLOCK TABLES;

--
-- Table structure for table `vtiger_rollupcomments_settings`
--

DROP TABLE IF EXISTS `vtiger_rollupcomments_settings`;
/*!40101 SET @saved_cs_client     = @@character_set_client */;
/*!40101 SET character_set_client = utf8 */;
CREATE TABLE `vtiger_rollupcomments_settings` (
  `rollupid` int(19) NOT NULL AUTO_INCREMENT,
  `userid` int(19) NOT NULL,
  `tabid` int(19) NOT NULL,
  `rollup_status` int(2) NOT NULL DEFAULT '0',
  PRIMARY KEY (`rollupid`)
) ENGINE=InnoDB DEFAULT CHARSET=utf8;
/*!40101 SET character_set_client = @saved_cs_client */;

--
-- Dumping data for table `vtiger_rollupcomments_settings`
--

LOCK TABLES `vtiger_rollupcomments_settings` WRITE;
/*!40000 ALTER TABLE `vtiger_rollupcomments_settings` DISABLE KEYS */;
/*!40000 ALTER TABLE `vtiger_rollupcomments_settings` ENABLE KEYS */;
UNLOCK TABLES;

--
-- Table structure for table `vtiger_rowheight`
--

DROP TABLE IF EXISTS `vtiger_rowheight`;
/*!40101 SET @saved_cs_client     = @@character_set_client */;
/*!40101 SET character_set_client = utf8 */;
CREATE TABLE `vtiger_rowheight` (
  `rowheightid` int(11) NOT NULL AUTO_INCREMENT,
  `rowheight` varchar(200) NOT NULL,
  `sortorderid` int(11) DEFAULT NULL,
  `presence` int(11) NOT NULL DEFAULT '1',
  PRIMARY KEY (`rowheightid`)
) ENGINE=InnoDB AUTO_INCREMENT=4 DEFAULT CHARSET=utf8;
/*!40101 SET character_set_client = @saved_cs_client */;

--
-- Dumping data for table `vtiger_rowheight`
--

LOCK TABLES `vtiger_rowheight` WRITE;
/*!40000 ALTER TABLE `vtiger_rowheight` DISABLE KEYS */;
INSERT INTO `vtiger_rowheight` VALUES (1,'wide',0,1),(2,'medium',1,1),(3,'narrow',2,1);
/*!40000 ALTER TABLE `vtiger_rowheight` ENABLE KEYS */;
UNLOCK TABLES;

--
-- Table structure for table `vtiger_rowheight_seq`
--

DROP TABLE IF EXISTS `vtiger_rowheight_seq`;
/*!40101 SET @saved_cs_client     = @@character_set_client */;
/*!40101 SET character_set_client = utf8 */;
CREATE TABLE `vtiger_rowheight_seq` (
  `id` int(11) NOT NULL
) ENGINE=InnoDB DEFAULT CHARSET=utf8;
/*!40101 SET character_set_client = @saved_cs_client */;

--
-- Dumping data for table `vtiger_rowheight_seq`
--

LOCK TABLES `vtiger_rowheight_seq` WRITE;
/*!40000 ALTER TABLE `vtiger_rowheight_seq` DISABLE KEYS */;
INSERT INTO `vtiger_rowheight_seq` VALUES (3);
/*!40000 ALTER TABLE `vtiger_rowheight_seq` ENABLE KEYS */;
UNLOCK TABLES;

--
-- Table structure for table `vtiger_rss`
--

DROP TABLE IF EXISTS `vtiger_rss`;
/*!40101 SET @saved_cs_client     = @@character_set_client */;
/*!40101 SET character_set_client = utf8 */;
CREATE TABLE `vtiger_rss` (
  `rssid` int(19) NOT NULL,
  `rssurl` varchar(200) NOT NULL DEFAULT '',
  `rsstitle` varchar(200) DEFAULT NULL,
  `rsstype` int(10) DEFAULT '0',
  `starred` int(1) DEFAULT '0',
  PRIMARY KEY (`rssid`)
) ENGINE=InnoDB DEFAULT CHARSET=utf8;
/*!40101 SET character_set_client = @saved_cs_client */;

--
-- Dumping data for table `vtiger_rss`
--

LOCK TABLES `vtiger_rss` WRITE;
/*!40000 ALTER TABLE `vtiger_rss` DISABLE KEYS */;
/*!40000 ALTER TABLE `vtiger_rss` ENABLE KEYS */;
UNLOCK TABLES;

--
-- Table structure for table `vtiger_sales_stage`
--

DROP TABLE IF EXISTS `vtiger_sales_stage`;
/*!40101 SET @saved_cs_client     = @@character_set_client */;
/*!40101 SET character_set_client = utf8 */;
CREATE TABLE `vtiger_sales_stage` (
  `sales_stage_id` int(19) NOT NULL AUTO_INCREMENT,
  `sales_stage` varchar(200) DEFAULT NULL,
  `presence` int(1) NOT NULL DEFAULT '1',
  `picklist_valueid` int(19) NOT NULL DEFAULT '0',
  `sortorderid` int(11) DEFAULT NULL,
  `color` varchar(10) DEFAULT NULL,
  PRIMARY KEY (`sales_stage_id`)
) ENGINE=InnoDB AUTO_INCREMENT=11 DEFAULT CHARSET=utf8;
/*!40101 SET character_set_client = @saved_cs_client */;

--
-- Dumping data for table `vtiger_sales_stage`
--

LOCK TABLES `vtiger_sales_stage` WRITE;
/*!40000 ALTER TABLE `vtiger_sales_stage` DISABLE KEYS */;
INSERT INTO `vtiger_sales_stage` VALUES (1,'Prospecting',1,150,0,NULL),(2,'Qualification',1,151,1,NULL),(3,'Needs Analysis',1,152,2,NULL),(4,'Value Proposition',1,153,3,NULL),(5,'Id. Decision Makers',1,154,4,NULL),(6,'Perception Analysis',1,155,5,NULL),(7,'Proposal or Price Quote',1,156,6,NULL),(8,'Negotiation or Review',1,157,7,NULL),(9,'Closed Won',0,158,8,NULL),(10,'Closed Lost',0,159,9,NULL);
/*!40000 ALTER TABLE `vtiger_sales_stage` ENABLE KEYS */;
UNLOCK TABLES;

--
-- Table structure for table `vtiger_sales_stage_seq`
--

DROP TABLE IF EXISTS `vtiger_sales_stage_seq`;
/*!40101 SET @saved_cs_client     = @@character_set_client */;
/*!40101 SET character_set_client = utf8 */;
CREATE TABLE `vtiger_sales_stage_seq` (
  `id` int(11) NOT NULL
) ENGINE=InnoDB DEFAULT CHARSET=utf8;
/*!40101 SET character_set_client = @saved_cs_client */;

--
-- Dumping data for table `vtiger_sales_stage_seq`
--

LOCK TABLES `vtiger_sales_stage_seq` WRITE;
/*!40000 ALTER TABLE `vtiger_sales_stage_seq` DISABLE KEYS */;
INSERT INTO `vtiger_sales_stage_seq` VALUES (10);
/*!40000 ALTER TABLE `vtiger_sales_stage_seq` ENABLE KEYS */;
UNLOCK TABLES;

--
-- Table structure for table `vtiger_salesmanactivityrel`
--

DROP TABLE IF EXISTS `vtiger_salesmanactivityrel`;
/*!40101 SET @saved_cs_client     = @@character_set_client */;
/*!40101 SET character_set_client = utf8 */;
CREATE TABLE `vtiger_salesmanactivityrel` (
  `smid` int(19) NOT NULL DEFAULT '0',
  `activityid` int(19) NOT NULL DEFAULT '0',
  PRIMARY KEY (`smid`,`activityid`),
  KEY `salesmanactivityrel_activityid_idx` (`activityid`),
  KEY `salesmanactivityrel_smid_idx` (`smid`),
  CONSTRAINT `fk_2_vtiger_salesmanactivityrel` FOREIGN KEY (`smid`) REFERENCES `vtiger_users` (`id`) ON DELETE CASCADE
) ENGINE=InnoDB DEFAULT CHARSET=utf8;
/*!40101 SET character_set_client = @saved_cs_client */;

--
-- Dumping data for table `vtiger_salesmanactivityrel`
--

LOCK TABLES `vtiger_salesmanactivityrel` WRITE;
/*!40000 ALTER TABLE `vtiger_salesmanactivityrel` DISABLE KEYS */;
INSERT INTO `vtiger_salesmanactivityrel` VALUES (7,3),(7,4);
/*!40000 ALTER TABLE `vtiger_salesmanactivityrel` ENABLE KEYS */;
UNLOCK TABLES;

--
-- Table structure for table `vtiger_salesmanattachmentsrel`
--

DROP TABLE IF EXISTS `vtiger_salesmanattachmentsrel`;
/*!40101 SET @saved_cs_client     = @@character_set_client */;
/*!40101 SET character_set_client = utf8 */;
CREATE TABLE `vtiger_salesmanattachmentsrel` (
  `smid` int(19) NOT NULL DEFAULT '0',
  `attachmentsid` int(19) NOT NULL DEFAULT '0',
  PRIMARY KEY (`smid`,`attachmentsid`),
  KEY `salesmanattachmentsrel_smid_idx` (`smid`),
  KEY `salesmanattachmentsrel_attachmentsid_idx` (`attachmentsid`),
  CONSTRAINT `fk_2_vtiger_salesmanattachmentsrel` FOREIGN KEY (`attachmentsid`) REFERENCES `vtiger_attachments` (`attachmentsid`) ON DELETE CASCADE
) ENGINE=InnoDB DEFAULT CHARSET=utf8;
/*!40101 SET character_set_client = @saved_cs_client */;

--
-- Dumping data for table `vtiger_salesmanattachmentsrel`
--

LOCK TABLES `vtiger_salesmanattachmentsrel` WRITE;
/*!40000 ALTER TABLE `vtiger_salesmanattachmentsrel` DISABLE KEYS */;
INSERT INTO `vtiger_salesmanattachmentsrel` VALUES (6,20);
/*!40000 ALTER TABLE `vtiger_salesmanattachmentsrel` ENABLE KEYS */;
UNLOCK TABLES;

--
-- Table structure for table `vtiger_salesmanticketrel`
--

DROP TABLE IF EXISTS `vtiger_salesmanticketrel`;
/*!40101 SET @saved_cs_client     = @@character_set_client */;
/*!40101 SET character_set_client = utf8 */;
CREATE TABLE `vtiger_salesmanticketrel` (
  `smid` int(19) NOT NULL DEFAULT '0',
  `id` int(19) NOT NULL DEFAULT '0',
  PRIMARY KEY (`smid`,`id`),
  KEY `salesmanticketrel_smid_idx` (`smid`),
  KEY `salesmanticketrel_id_idx` (`id`),
  CONSTRAINT `fk_2_vtiger_salesmanticketrel` FOREIGN KEY (`smid`) REFERENCES `vtiger_users` (`id`) ON DELETE CASCADE
) ENGINE=InnoDB DEFAULT CHARSET=utf8;
/*!40101 SET character_set_client = @saved_cs_client */;

--
-- Dumping data for table `vtiger_salesmanticketrel`
--

LOCK TABLES `vtiger_salesmanticketrel` WRITE;
/*!40000 ALTER TABLE `vtiger_salesmanticketrel` DISABLE KEYS */;
/*!40000 ALTER TABLE `vtiger_salesmanticketrel` ENABLE KEYS */;
UNLOCK TABLES;

--
-- Table structure for table `vtiger_salesorder`
--

DROP TABLE IF EXISTS `vtiger_salesorder`;
/*!40101 SET @saved_cs_client     = @@character_set_client */;
/*!40101 SET character_set_client = utf8 */;
CREATE TABLE `vtiger_salesorder` (
  `salesorderid` int(19) NOT NULL DEFAULT '0',
  `subject` varchar(100) DEFAULT NULL,
  `potentialid` int(19) DEFAULT NULL,
  `customerno` varchar(100) DEFAULT NULL,
  `salesorder_no` varchar(100) DEFAULT NULL,
  `quoteid` int(19) DEFAULT NULL,
  `vendorterms` varchar(100) DEFAULT NULL,
  `contactid` int(19) DEFAULT NULL,
  `vendorid` int(19) DEFAULT NULL,
  `duedate` date DEFAULT NULL,
  `carrier` varchar(200) DEFAULT NULL,
  `pending` varchar(200) DEFAULT NULL,
  `type` varchar(100) DEFAULT NULL,
  `adjustment` decimal(25,8) DEFAULT NULL,
  `salescommission` decimal(25,3) DEFAULT NULL,
  `exciseduty` decimal(25,3) DEFAULT NULL,
  `total` decimal(25,8) DEFAULT NULL,
  `subtotal` decimal(25,8) DEFAULT NULL,
  `taxtype` varchar(25) DEFAULT NULL,
  `discount_percent` decimal(25,3) DEFAULT NULL,
  `discount_amount` decimal(25,8) DEFAULT NULL,
  `s_h_amount` decimal(25,8) DEFAULT NULL,
  `accountid` int(19) DEFAULT NULL,
  `terms_conditions` text,
  `purchaseorder` varchar(200) DEFAULT NULL,
  `sostatus` varchar(200) DEFAULT NULL,
  `currency_id` int(19) NOT NULL DEFAULT '1',
  `conversion_rate` decimal(10,3) NOT NULL DEFAULT '1.000',
  `enable_recurring` int(11) DEFAULT '0',
  `compound_taxes_info` text,
  `one_s_id` varchar(255) DEFAULT NULL,
  `fromsite` int(11) DEFAULT NULL,
  `pre_tax_total` decimal(25,8) DEFAULT NULL,
  `s_h_percent` int(11) DEFAULT NULL,
  `spcompany` varchar(200) CHARACTER SET utf8 COLLATE utf8_unicode_ci DEFAULT 'Default',
  `tags` varchar(1) DEFAULT NULL,
  `region_id` int(19) DEFAULT NULL,
  PRIMARY KEY (`salesorderid`),
  KEY `salesorder_vendorid_idx` (`vendorid`),
  KEY `salesorder_contactid_idx` (`contactid`),
  CONSTRAINT `fk_3_vtiger_salesorder` FOREIGN KEY (`vendorid`) REFERENCES `vtiger_vendor` (`vendorid`) ON DELETE CASCADE,
  CONSTRAINT `fk_crmid_vtiger_salesorder` FOREIGN KEY (`salesorderid`) REFERENCES `vtiger_crmentity` (`crmid`) ON DELETE CASCADE
) ENGINE=InnoDB DEFAULT CHARSET=utf8;
/*!40101 SET character_set_client = @saved_cs_client */;

--
-- Dumping data for table `vtiger_salesorder`
--

LOCK TABLES `vtiger_salesorder` WRITE;
/*!40000 ALTER TABLE `vtiger_salesorder` DISABLE KEYS */;
/*!40000 ALTER TABLE `vtiger_salesorder` ENABLE KEYS */;
UNLOCK TABLES;

--
-- Table structure for table `vtiger_salesordercf`
--

DROP TABLE IF EXISTS `vtiger_salesordercf`;
/*!40101 SET @saved_cs_client     = @@character_set_client */;
/*!40101 SET character_set_client = utf8 */;
CREATE TABLE `vtiger_salesordercf` (
  `salesorderid` int(19) NOT NULL DEFAULT '0',
  PRIMARY KEY (`salesorderid`),
  CONSTRAINT `fk_1_vtiger_salesordercf` FOREIGN KEY (`salesorderid`) REFERENCES `vtiger_salesorder` (`salesorderid`) ON DELETE CASCADE
) ENGINE=InnoDB DEFAULT CHARSET=utf8;
/*!40101 SET character_set_client = @saved_cs_client */;

--
-- Dumping data for table `vtiger_salesordercf`
--

LOCK TABLES `vtiger_salesordercf` WRITE;
/*!40000 ALTER TABLE `vtiger_salesordercf` DISABLE KEYS */;
/*!40000 ALTER TABLE `vtiger_salesordercf` ENABLE KEYS */;
UNLOCK TABLES;

--
-- Table structure for table `vtiger_salutationtype`
--

DROP TABLE IF EXISTS `vtiger_salutationtype`;
/*!40101 SET @saved_cs_client     = @@character_set_client */;
/*!40101 SET character_set_client = utf8 */;
CREATE TABLE `vtiger_salutationtype` (
  `salutationid` int(19) NOT NULL AUTO_INCREMENT,
  `salutationtype` varchar(200) NOT NULL,
  `presence` int(1) NOT NULL DEFAULT '1',
  `picklist_valueid` int(19) NOT NULL DEFAULT '0',
  `sortorderid` int(11) DEFAULT NULL,
  `color` varchar(10) DEFAULT NULL,
  PRIMARY KEY (`salutationid`)
) ENGINE=InnoDB AUTO_INCREMENT=7 DEFAULT CHARSET=utf8;
/*!40101 SET character_set_client = @saved_cs_client */;

--
-- Dumping data for table `vtiger_salutationtype`
--

LOCK TABLES `vtiger_salutationtype` WRITE;
/*!40000 ALTER TABLE `vtiger_salutationtype` DISABLE KEYS */;
INSERT INTO `vtiger_salutationtype` VALUES (2,'Mr.',1,161,1,NULL),(3,'Ms.',1,162,2,NULL),(4,'Mrs.',1,163,3,NULL),(5,'Dr.',1,164,4,NULL),(6,'Prof.',1,165,5,NULL);
/*!40000 ALTER TABLE `vtiger_salutationtype` ENABLE KEYS */;
UNLOCK TABLES;

--
-- Table structure for table `vtiger_salutationtype_seq`
--

DROP TABLE IF EXISTS `vtiger_salutationtype_seq`;
/*!40101 SET @saved_cs_client     = @@character_set_client */;
/*!40101 SET character_set_client = utf8 */;
CREATE TABLE `vtiger_salutationtype_seq` (
  `id` int(11) NOT NULL
) ENGINE=InnoDB DEFAULT CHARSET=utf8;
/*!40101 SET character_set_client = @saved_cs_client */;

--
-- Dumping data for table `vtiger_salutationtype_seq`
--

LOCK TABLES `vtiger_salutationtype_seq` WRITE;
/*!40000 ALTER TABLE `vtiger_salutationtype_seq` DISABLE KEYS */;
INSERT INTO `vtiger_salutationtype_seq` VALUES (6);
/*!40000 ALTER TABLE `vtiger_salutationtype_seq` ENABLE KEYS */;
UNLOCK TABLES;

--
-- Table structure for table `vtiger_scheduled_reports`
--

DROP TABLE IF EXISTS `vtiger_scheduled_reports`;
/*!40101 SET @saved_cs_client     = @@character_set_client */;
/*!40101 SET character_set_client = utf8 */;
CREATE TABLE `vtiger_scheduled_reports` (
  `reportid` int(11) NOT NULL,
  `recipients` text,
  `schedule` text,
  `format` varchar(10) DEFAULT NULL,
  `next_trigger_time` timestamp NOT NULL DEFAULT CURRENT_TIMESTAMP ON UPDATE CURRENT_TIMESTAMP,
  PRIMARY KEY (`reportid`)
) ENGINE=InnoDB DEFAULT CHARSET=utf8;
/*!40101 SET character_set_client = @saved_cs_client */;

--
-- Dumping data for table `vtiger_scheduled_reports`
--

LOCK TABLES `vtiger_scheduled_reports` WRITE;
/*!40000 ALTER TABLE `vtiger_scheduled_reports` DISABLE KEYS */;
/*!40000 ALTER TABLE `vtiger_scheduled_reports` ENABLE KEYS */;
UNLOCK TABLES;

--
-- Table structure for table `vtiger_schedulereports`
--

DROP TABLE IF EXISTS `vtiger_schedulereports`;
/*!40101 SET @saved_cs_client     = @@character_set_client */;
/*!40101 SET character_set_client = utf8 */;
CREATE TABLE `vtiger_schedulereports` (
  `reportid` int(10) DEFAULT NULL,
  `scheduleid` int(3) DEFAULT NULL,
  `recipients` text,
  `schdate` varchar(20) DEFAULT NULL,
  `schtime` time DEFAULT NULL,
  `schdayoftheweek` varchar(100) DEFAULT NULL,
  `schdayofthemonth` varchar(100) DEFAULT NULL,
  `schannualdates` varchar(500) DEFAULT NULL,
  `specificemails` varchar(500) DEFAULT NULL,
  `next_trigger_time` timestamp NOT NULL DEFAULT CURRENT_TIMESTAMP,
  `fileformat` varchar(10) DEFAULT 'CSV'
) ENGINE=InnoDB DEFAULT CHARSET=utf8;
/*!40101 SET character_set_client = @saved_cs_client */;

--
-- Dumping data for table `vtiger_schedulereports`
--

LOCK TABLES `vtiger_schedulereports` WRITE;
/*!40000 ALTER TABLE `vtiger_schedulereports` DISABLE KEYS */;
/*!40000 ALTER TABLE `vtiger_schedulereports` ENABLE KEYS */;
UNLOCK TABLES;

--
-- Table structure for table `vtiger_seactivityrel`
--

DROP TABLE IF EXISTS `vtiger_seactivityrel`;
/*!40101 SET @saved_cs_client     = @@character_set_client */;
/*!40101 SET character_set_client = utf8 */;
CREATE TABLE `vtiger_seactivityrel` (
  `crmid` int(19) NOT NULL,
  `activityid` int(19) NOT NULL,
  PRIMARY KEY (`crmid`,`activityid`),
  KEY `seactivityrel_activityid_idx` (`activityid`),
  KEY `seactivityrel_crmid_idx` (`crmid`),
  CONSTRAINT `fk_2_vtiger_seactivityrel` FOREIGN KEY (`crmid`) REFERENCES `vtiger_crmentity` (`crmid`) ON DELETE CASCADE
) ENGINE=InnoDB DEFAULT CHARSET=utf8;
/*!40101 SET character_set_client = @saved_cs_client */;

--
-- Dumping data for table `vtiger_seactivityrel`
--

LOCK TABLES `vtiger_seactivityrel` WRITE;
/*!40000 ALTER TABLE `vtiger_seactivityrel` DISABLE KEYS */;
INSERT INTO `vtiger_seactivityrel` VALUES (2,3),(2,4);
/*!40000 ALTER TABLE `vtiger_seactivityrel` ENABLE KEYS */;
UNLOCK TABLES;

--
-- Table structure for table `vtiger_seactivityrel_seq`
--

DROP TABLE IF EXISTS `vtiger_seactivityrel_seq`;
/*!40101 SET @saved_cs_client     = @@character_set_client */;
/*!40101 SET character_set_client = utf8 */;
CREATE TABLE `vtiger_seactivityrel_seq` (
  `id` int(11) NOT NULL
) ENGINE=InnoDB DEFAULT CHARSET=utf8;
/*!40101 SET character_set_client = @saved_cs_client */;

--
-- Dumping data for table `vtiger_seactivityrel_seq`
--

LOCK TABLES `vtiger_seactivityrel_seq` WRITE;
/*!40000 ALTER TABLE `vtiger_seactivityrel_seq` DISABLE KEYS */;
INSERT INTO `vtiger_seactivityrel_seq` VALUES (1);
/*!40000 ALTER TABLE `vtiger_seactivityrel_seq` ENABLE KEYS */;
UNLOCK TABLES;

--
-- Table structure for table `vtiger_seattachmentsrel`
--

DROP TABLE IF EXISTS `vtiger_seattachmentsrel`;
/*!40101 SET @saved_cs_client     = @@character_set_client */;
/*!40101 SET character_set_client = utf8 */;
CREATE TABLE `vtiger_seattachmentsrel` (
  `crmid` int(19) NOT NULL DEFAULT '0',
  `attachmentsid` int(19) NOT NULL DEFAULT '0',
  PRIMARY KEY (`crmid`,`attachmentsid`),
  KEY `seattachmentsrel_attachmentsid_idx` (`attachmentsid`),
  KEY `seattachmentsrel_crmid_idx` (`crmid`),
  KEY `seattachmentsrel_attachmentsid_crmid_idx` (`attachmentsid`,`crmid`),
  CONSTRAINT `fk_2_vtiger_seattachmentsrel` FOREIGN KEY (`crmid`) REFERENCES `vtiger_crmentity` (`crmid`) ON DELETE CASCADE
) ENGINE=InnoDB DEFAULT CHARSET=utf8;
/*!40101 SET character_set_client = @saved_cs_client */;

--
-- Dumping data for table `vtiger_seattachmentsrel`
--

LOCK TABLES `vtiger_seattachmentsrel` WRITE;
/*!40000 ALTER TABLE `vtiger_seattachmentsrel` DISABLE KEYS */;
INSERT INTO `vtiger_seattachmentsrel` VALUES (43,44),(49,50);
/*!40000 ALTER TABLE `vtiger_seattachmentsrel` ENABLE KEYS */;
UNLOCK TABLES;

--
-- Table structure for table `vtiger_selectcolumn`
--

DROP TABLE IF EXISTS `vtiger_selectcolumn`;
/*!40101 SET @saved_cs_client     = @@character_set_client */;
/*!40101 SET character_set_client = utf8 */;
CREATE TABLE `vtiger_selectcolumn` (
  `queryid` int(19) NOT NULL,
  `columnindex` int(11) NOT NULL DEFAULT '0',
  `columnname` varchar(250) DEFAULT '',
  PRIMARY KEY (`queryid`,`columnindex`),
  KEY `selectcolumn_queryid_idx` (`queryid`),
  CONSTRAINT `fk_1_vtiger_selectcolumn` FOREIGN KEY (`queryid`) REFERENCES `vtiger_selectquery` (`queryid`) ON DELETE CASCADE
) ENGINE=InnoDB DEFAULT CHARSET=utf8;
/*!40101 SET character_set_client = @saved_cs_client */;

--
-- Dumping data for table `vtiger_selectcolumn`
--

LOCK TABLES `vtiger_selectcolumn` WRITE;
/*!40000 ALTER TABLE `vtiger_selectcolumn` DISABLE KEYS */;
INSERT INTO `vtiger_selectcolumn` VALUES (1,0,'vtiger_contactdetails:firstname:Contacts_First_Name:firstname:V'),(1,1,'vtiger_contactdetails:lastname:Contacts_Last_Name:lastname:V'),(1,2,'vtiger_contactsubdetails:leadsource:Contacts_Lead_Source:leadsource:V'),(1,3,'vtiger_contactdetails:accountid:Contacts_Account_Name:account_id:V'),(1,4,'vtiger_account:industry:Accounts_industry:industry:V'),(1,5,'vtiger_contactdetails:email:Contacts_Email:email:E'),(2,0,'vtiger_contactdetails:firstname:Contacts_First_Name:firstname:V'),(2,1,'vtiger_contactdetails:lastname:Contacts_Last_Name:lastname:V'),(2,2,'vtiger_contactsubdetails:leadsource:Contacts_Lead_Source:leadsource:V'),(2,3,'vtiger_contactdetails:accountid:Contacts_Account_Name:account_id:V'),(2,4,'vtiger_account:industry:Accounts_industry:industry:V'),(2,5,'vtiger_contactdetails:email:Contacts_Email:email:E'),(3,0,'vtiger_contactdetails:firstname:Contacts_First_Name:firstname:V'),(3,1,'vtiger_contactdetails:lastname:Contacts_Last_Name:lastname:V'),(3,2,'vtiger_contactdetails:accountid:Contacts_Account_Name:account_id:V'),(3,3,'vtiger_contactdetails:email:Contacts_Email:email:E'),(3,4,'vtiger_potential:potentialname:Potentials_Potential_Name:potentialname:V'),(3,5,'vtiger_potential:sales_stage:Potentials_Sales_Stage:sales_stage:V'),(4,0,'vtiger_leaddetails:firstname:Leads_First_Name:firstname:V'),(4,1,'vtiger_leaddetails:lastname:Leads_Last_Name:lastname:V'),(4,2,'vtiger_leaddetails:company:Leads_Company:company:V'),(4,3,'vtiger_leaddetails:email:Leads_Email:email:E'),(4,4,'vtiger_leaddetails:leadsource:Leads_Lead_Source:leadsource:V'),(5,0,'vtiger_leaddetails:firstname:Leads_First_Name:firstname:V'),(5,1,'vtiger_leaddetails:lastname:Leads_Last_Name:lastname:V'),(5,2,'vtiger_leaddetails:company:Leads_Company:company:V'),(5,3,'vtiger_leaddetails:email:Leads_Email:email:E'),(5,4,'vtiger_leaddetails:leadsource:Leads_Lead_Source:leadsource:V'),(5,5,'vtiger_leaddetails:leadstatus:Leads_Lead_Status:leadstatus:V'),(6,0,'vtiger_potential:potentialname:Potentials_Potential_Name:potentialname:V'),(6,1,'vtiger_potential:amount:Potentials_Amount:amount:N'),(6,2,'vtiger_potential:potentialtype:Potentials_Type:opportunity_type:V'),(6,3,'vtiger_potential:leadsource:Potentials_Lead_Source:leadsource:V'),(6,4,'vtiger_potential:sales_stage:Potentials_Sales_Stage:sales_stage:V'),(7,0,'vtiger_potential:potentialname:Potentials_Potential_Name:potentialname:V'),(7,1,'vtiger_potential:amount:Potentials_Amount:amount:N'),(7,2,'vtiger_potential:potentialtype:Potentials_Type:opportunity_type:V'),(7,3,'vtiger_potential:leadsource:Potentials_Lead_Source:leadsource:V'),(7,4,'vtiger_potential:sales_stage:Potentials_Sales_Stage:sales_stage:V'),(8,0,'vtiger_activity:subject:Calendar_Subject:subject:V'),(8,1,'vtiger_contactdetailsCalendar:lastname:Calendar_Contact_Name:contact_id:I'),(8,2,'vtiger_activity:status:Calendar_Status:taskstatus:V'),(8,3,'vtiger_activity:priority:Calendar_Priority:taskpriority:V'),(8,4,'vtiger_usersCalendar:user_name:Calendar_Assigned_To:assigned_user_id:V'),(9,0,'vtiger_activity:subject:Calendar_Subject:subject:V'),(9,1,'vtiger_contactdetailsCalendar:lastname:Calendar_Contact_Name:contact_id:I'),(9,2,'vtiger_activity:status:Calendar_Status:taskstatus:V'),(9,3,'vtiger_activity:priority:Calendar_Priority:taskpriority:V'),(9,4,'vtiger_usersCalendar:user_name:Calendar_Assigned_To:assigned_user_id:V'),(10,0,'vtiger_troubletickets:title:HelpDesk_Title:ticket_title:V'),(10,1,'vtiger_troubletickets:status:HelpDesk_Status:ticketstatus:V'),(10,2,'vtiger_products:productname:Products_Product_Name:productname:V'),(10,3,'vtiger_products:discontinued:Products_Product_Active:discontinued:V'),(10,4,'vtiger_products:productcategory:Products_Product_Category:productcategory:V'),(10,5,'vtiger_products:manufacturer:Products_Manufacturer:manufacturer:V'),(11,0,'vtiger_troubletickets:title:HelpDesk_Title:ticket_title:V'),(11,1,'vtiger_troubletickets:priority:HelpDesk_Priority:ticketpriorities:V'),(11,2,'vtiger_troubletickets:severity:HelpDesk_Severity:ticketseverities:V'),(11,3,'vtiger_troubletickets:status:HelpDesk_Status:ticketstatus:V'),(11,4,'vtiger_troubletickets:category:HelpDesk_Category:ticketcategories:V'),(11,5,'vtiger_usersHelpDesk:user_name:HelpDesk_Assigned_To:assigned_user_id:V'),(12,0,'vtiger_troubletickets:title:HelpDesk_Title:ticket_title:V'),(12,1,'vtiger_troubletickets:priority:HelpDesk_Priority:ticketpriorities:V'),(12,2,'vtiger_troubletickets:severity:HelpDesk_Severity:ticketseverities:V'),(12,3,'vtiger_troubletickets:status:HelpDesk_Status:ticketstatus:V'),(12,4,'vtiger_troubletickets:category:HelpDesk_Category:ticketcategories:V'),(12,5,'vtiger_usersHelpDesk:user_name:HelpDesk_Assigned_To:assigned_user_id:V'),(13,0,'vtiger_products:productname:Products_Product_Name:productname:V'),(13,1,'vtiger_products:productcode:Products_Product_Code:productcode:V'),(13,2,'vtiger_products:discontinued:Products_Product_Active:discontinued:V'),(13,3,'vtiger_products:productcategory:Products_Product_Category:productcategory:V'),(13,4,'vtiger_products:website:Products_Website:website:V'),(13,5,'vtiger_vendorRelProducts:vendorname:Products_Vendor_Name:vendor_id:I'),(13,6,'vtiger_products:mfr_part_no:Products_Mfr_PartNo:mfr_part_no:V'),(14,0,'vtiger_products:productname:Products_Product_Name:productname:V'),(14,1,'vtiger_products:manufacturer:Products_Manufacturer:manufacturer:V'),(14,2,'vtiger_products:productcategory:Products_Product_Category:productcategory:V'),(14,3,'vtiger_contactdetails:firstname:Contacts_First_Name:firstname:V'),(14,4,'vtiger_contactdetails:lastname:Contacts_Last_Name:lastname:V'),(14,5,'vtiger_contactsubdetails:leadsource:Contacts_Lead_Source:leadsource:V'),(15,0,'vtiger_quotes:subject:Quotes_Subject:subject:V'),(15,1,'vtiger_potentialRelQuotes:potentialname:Quotes_Potential_Name:potential_id:I'),(15,2,'vtiger_quotes:quotestage:Quotes_Quote_Stage:quotestage:V'),(15,3,'vtiger_quotes:contactid:Quotes_Contact_Name:contact_id:V'),(15,4,'vtiger_usersRel1:user_name:Quotes_Inventory_Manager:assigned_user_id1:I'),(15,5,'vtiger_accountQuotes:accountname:Quotes_Account_Name:account_id:I'),(16,0,'vtiger_quotes:subject:Quotes_Subject:subject:V'),(16,1,'vtiger_potentialRelQuotes:potentialname:Quotes_Potential_Name:potential_id:I'),(16,2,'vtiger_quotes:quotestage:Quotes_Quote_Stage:quotestage:V'),(16,3,'vtiger_quotes:contactid:Quotes_Contact_Name:contact_id:V'),(16,4,'vtiger_usersRel1:user_name:Quotes_Inventory_Manager:assigned_user_id1:I'),(16,5,'vtiger_accountQuotes:accountname:Quotes_Account_Name:account_id:I'),(16,6,'vtiger_quotes:carrier:Quotes_Carrier:carrier:V'),(16,7,'vtiger_quotes:shipping:Quotes_Shipping:shipping:V'),(17,0,'vtiger_purchaseorder:subject:PurchaseOrder_Subject:subject:V'),(17,1,'vtiger_vendorRelPurchaseOrder:vendorname:PurchaseOrder_Vendor_Name:vendor_id:I'),(17,2,'vtiger_purchaseorder:tracking_no:PurchaseOrder_Tracking_Number:tracking_no:V'),(17,3,'vtiger_contactdetails:firstname:Contacts_First_Name:firstname:V'),(17,4,'vtiger_contactdetails:lastname:Contacts_Last_Name:lastname:V'),(17,5,'vtiger_contactsubdetails:leadsource:Contacts_Lead_Source:leadsource:V'),(17,6,'vtiger_contactdetails:email:Contacts_Email:email:E'),(18,0,'vtiger_purchaseorder:subject:PurchaseOrder_Subject:subject:V'),(18,1,'vtiger_vendorRelPurchaseOrder:vendorname:PurchaseOrder_Vendor_Name:vendor_id:I'),(18,2,'vtiger_purchaseorder:requisition_no:PurchaseOrder_Requisition_No:requisition_no:V'),(18,3,'vtiger_purchaseorder:tracking_no:PurchaseOrder_Tracking_Number:tracking_no:V'),(18,4,'vtiger_contactdetailsPurchaseOrder:lastname:PurchaseOrder_Contact_Name:contact_id:I'),(18,5,'vtiger_purchaseorder:carrier:PurchaseOrder_Carrier:carrier:V'),(18,6,'vtiger_purchaseorder:salescommission:PurchaseOrder_Sales_Commission:salescommission:N'),(18,7,'vtiger_purchaseorder:exciseduty:PurchaseOrder_Excise_Duty:exciseduty:N'),(18,8,'vtiger_usersPurchaseOrder:user_name:PurchaseOrder_Assigned_To:assigned_user_id:V'),(19,0,'vtiger_invoice:subject:Invoice_Subject:subject:V'),(19,1,'vtiger_invoice:salesorderid:Invoice_Sales_Order:salesorder_id:I'),(19,2,'vtiger_invoice:customerno:Invoice_Customer_No:customerno:V'),(19,3,'vtiger_invoice:exciseduty:Invoice_Excise_Duty:exciseduty:N'),(19,4,'vtiger_invoice:salescommission:Invoice_Sales_Commission:salescommission:N'),(19,5,'vtiger_accountInvoice:accountname:Invoice_Account_Name:account_id:I'),(20,0,'vtiger_salesorder:subject:SalesOrder_Subject:subject:V'),(20,1,'vtiger_quotesSalesOrder:subject:SalesOrder_Quote_Name:quote_id:I'),(20,2,'vtiger_contactdetailsSalesOrder:lastname:SalesOrder_Contact_Name:contact_id:I'),(20,3,'vtiger_salesorder:duedate:SalesOrder_Due_Date:duedate:D'),(20,4,'vtiger_salesorder:carrier:SalesOrder_Carrier:carrier:V'),(20,5,'vtiger_salesorder:sostatus:SalesOrder_Status:sostatus:V'),(20,6,'vtiger_accountSalesOrder:accountname:SalesOrder_Account_Name:account_id:I'),(20,7,'vtiger_salesorder:salescommission:SalesOrder_Sales_Commission:salescommission:N'),(20,8,'vtiger_salesorder:exciseduty:SalesOrder_Excise_Duty:exciseduty:N'),(20,9,'vtiger_usersSalesOrder:user_name:SalesOrder_Assigned_To:assigned_user_id:V'),(21,0,'vtiger_campaign:campaignname:Campaigns_Campaign_Name:campaignname:V'),(21,1,'vtiger_campaign:campaigntype:Campaigns_Campaign_Type:campaigntype:V'),(21,2,'vtiger_campaign:targetaudience:Campaigns_Target_Audience:targetaudience:V'),(21,3,'vtiger_campaign:budgetcost:Campaigns_Budget_Cost:budgetcost:I'),(21,4,'vtiger_campaign:actualcost:Campaigns_Actual_Cost:actualcost:I'),(21,5,'vtiger_campaign:expectedrevenue:Campaigns_Expected_Revenue:expectedrevenue:I'),(21,6,'vtiger_campaign:expectedsalescount:Campaigns_Expected_Sales_Count:expectedsalescount:N'),(21,7,'vtiger_campaign:actualsalescount:Campaigns_Actual_Sales_Count:actualsalescount:N'),(21,8,'vtiger_usersCampaigns:user_name:Campaigns_Assigned_To:assigned_user_id:V'),(22,0,'vtiger_contactdetails:lastname:Contacts_Last_Name:lastname:V'),(22,1,'vtiger_contactdetails:email:Contacts_Email:email:E'),(22,2,'vtiger_activity:subject:Emails_Subject:subject:V'),(22,3,'vtiger_email_track:access_count:Emails_Access_Count:access_count:V'),(23,0,'vtiger_account:accountname:Accounts_Account_Name:accountname:V'),(23,1,'vtiger_account:phone:Accounts_Phone:phone:V'),(23,2,'vtiger_account:email1:Accounts_Email:email1:E'),(23,3,'vtiger_activity:subject:Emails_Subject:subject:V'),(23,4,'vtiger_email_track:access_count:Emails_Access_Count:access_count:V'),(24,0,'vtiger_leaddetails:lastname:Leads_Last_Name:lastname:V'),(24,1,'vtiger_leaddetails:company:Leads_Company:company:V'),(24,2,'vtiger_leaddetails:email:Leads_Email:email:E'),(24,3,'vtiger_activity:subject:Emails_Subject:subject:V'),(24,4,'vtiger_email_track:access_count:Emails_Access_Count:access_count:V'),(25,0,'vtiger_vendor:vendorname:Vendors_Vendor_Name:vendorname:V'),(25,1,'vtiger_vendor:glacct:Vendors_GL_Account:glacct:V'),(25,2,'vtiger_vendor:email:Vendors_Email:email:E'),(25,3,'vtiger_activity:subject:Emails_Subject:subject:V'),(25,4,'vtiger_email_track:access_count:Emails_Access_Count:access_count:V');
/*!40000 ALTER TABLE `vtiger_selectcolumn` ENABLE KEYS */;
UNLOCK TABLES;

--
-- Table structure for table `vtiger_selectquery`
--

DROP TABLE IF EXISTS `vtiger_selectquery`;
/*!40101 SET @saved_cs_client     = @@character_set_client */;
/*!40101 SET character_set_client = utf8 */;
CREATE TABLE `vtiger_selectquery` (
  `queryid` int(19) NOT NULL,
  `startindex` int(19) DEFAULT '0',
  `numofobjects` int(19) DEFAULT '0',
  PRIMARY KEY (`queryid`),
  KEY `selectquery_queryid_idx` (`queryid`)
) ENGINE=InnoDB DEFAULT CHARSET=utf8;
/*!40101 SET character_set_client = @saved_cs_client */;

--
-- Dumping data for table `vtiger_selectquery`
--

LOCK TABLES `vtiger_selectquery` WRITE;
/*!40000 ALTER TABLE `vtiger_selectquery` DISABLE KEYS */;
INSERT INTO `vtiger_selectquery` VALUES (1,0,0),(2,0,0),(3,0,0),(4,0,0),(5,0,0),(6,0,0),(7,0,0),(8,0,0),(9,0,0),(10,0,0),(11,0,0),(12,0,0),(13,0,0),(14,0,0),(15,0,0),(16,0,0),(17,0,0),(18,0,0),(19,0,0),(20,0,0),(21,0,0),(22,0,0),(23,0,0),(24,0,0),(25,0,0);
/*!40000 ALTER TABLE `vtiger_selectquery` ENABLE KEYS */;
UNLOCK TABLES;

--
-- Table structure for table `vtiger_selectquery_seq`
--

DROP TABLE IF EXISTS `vtiger_selectquery_seq`;
/*!40101 SET @saved_cs_client     = @@character_set_client */;
/*!40101 SET character_set_client = utf8 */;
CREATE TABLE `vtiger_selectquery_seq` (
  `id` int(11) NOT NULL
) ENGINE=InnoDB DEFAULT CHARSET=utf8;
/*!40101 SET character_set_client = @saved_cs_client */;

--
-- Dumping data for table `vtiger_selectquery_seq`
--

LOCK TABLES `vtiger_selectquery_seq` WRITE;
/*!40000 ALTER TABLE `vtiger_selectquery_seq` DISABLE KEYS */;
INSERT INTO `vtiger_selectquery_seq` VALUES (25);
/*!40000 ALTER TABLE `vtiger_selectquery_seq` ENABLE KEYS */;
UNLOCK TABLES;

--
-- Table structure for table `vtiger_senotesrel`
--

DROP TABLE IF EXISTS `vtiger_senotesrel`;
/*!40101 SET @saved_cs_client     = @@character_set_client */;
/*!40101 SET character_set_client = utf8 */;
CREATE TABLE `vtiger_senotesrel` (
  `crmid` int(19) NOT NULL DEFAULT '0',
  `notesid` int(19) NOT NULL DEFAULT '0',
  PRIMARY KEY (`crmid`,`notesid`),
  KEY `senotesrel_notesid_idx` (`notesid`),
  KEY `senotesrel_crmid_idx` (`crmid`),
  CONSTRAINT `fk1_crmid` FOREIGN KEY (`crmid`) REFERENCES `vtiger_crmentity` (`crmid`) ON DELETE CASCADE,
  CONSTRAINT `fk_2_vtiger_senotesrel` FOREIGN KEY (`notesid`) REFERENCES `vtiger_notes` (`notesid`) ON DELETE CASCADE
) ENGINE=InnoDB DEFAULT CHARSET=utf8;
/*!40101 SET character_set_client = @saved_cs_client */;

--
-- Dumping data for table `vtiger_senotesrel`
--

LOCK TABLES `vtiger_senotesrel` WRITE;
/*!40000 ALTER TABLE `vtiger_senotesrel` DISABLE KEYS */;
INSERT INTO `vtiger_senotesrel` VALUES (49,43);
/*!40000 ALTER TABLE `vtiger_senotesrel` ENABLE KEYS */;
UNLOCK TABLES;

--
-- Table structure for table `vtiger_seproductsrel`
--

DROP TABLE IF EXISTS `vtiger_seproductsrel`;
/*!40101 SET @saved_cs_client     = @@character_set_client */;
/*!40101 SET character_set_client = utf8 */;
CREATE TABLE `vtiger_seproductsrel` (
  `crmid` int(19) NOT NULL DEFAULT '0',
  `productid` int(19) NOT NULL DEFAULT '0',
  `setype` varchar(30) NOT NULL,
  `quantity` int(19) DEFAULT '1',
  PRIMARY KEY (`crmid`,`productid`),
  KEY `seproductsrel_productid_idx` (`productid`),
  KEY `seproductrel_crmid_idx` (`crmid`),
  CONSTRAINT `fk_2_vtiger_seproductsrel` FOREIGN KEY (`productid`) REFERENCES `vtiger_products` (`productid`) ON DELETE CASCADE
) ENGINE=InnoDB DEFAULT CHARSET=utf8;
/*!40101 SET character_set_client = @saved_cs_client */;

--
-- Dumping data for table `vtiger_seproductsrel`
--

LOCK TABLES `vtiger_seproductsrel` WRITE;
/*!40000 ALTER TABLE `vtiger_seproductsrel` DISABLE KEYS */;
/*!40000 ALTER TABLE `vtiger_seproductsrel` ENABLE KEYS */;
UNLOCK TABLES;

--
-- Table structure for table `vtiger_service`
--

DROP TABLE IF EXISTS `vtiger_service`;
/*!40101 SET @saved_cs_client     = @@character_set_client */;
/*!40101 SET character_set_client = utf8 */;
CREATE TABLE `vtiger_service` (
  `serviceid` int(11) NOT NULL,
  `service_no` varchar(100) NOT NULL,
  `servicename` varchar(50) NOT NULL,
  `servicecategory` varchar(200) DEFAULT NULL,
  `qty_per_unit` decimal(11,2) DEFAULT '0.00',
  `unit_price` decimal(25,8) DEFAULT NULL,
  `sales_start_date` date DEFAULT NULL,
  `sales_end_date` date DEFAULT NULL,
  `start_date` date DEFAULT NULL,
  `expiry_date` date DEFAULT NULL,
  `discontinued` int(1) NOT NULL DEFAULT '0',
  `service_usageunit` varchar(200) DEFAULT NULL,
  `website` varchar(100) DEFAULT NULL,
  `taxclass` varchar(200) DEFAULT NULL,
  `currency_id` int(19) NOT NULL DEFAULT '1',
  `commissionrate` decimal(7,3) DEFAULT NULL,
  `unit_code` varchar(100) DEFAULT NULL,
  `one_s_id` varchar(255) DEFAULT NULL,
  `purchase_cost` decimal(27,8) DEFAULT NULL,
  `tags` varchar(1) DEFAULT NULL,
  PRIMARY KEY (`serviceid`),
  CONSTRAINT `fk_1_vtiger_service` FOREIGN KEY (`serviceid`) REFERENCES `vtiger_crmentity` (`crmid`) ON DELETE CASCADE
) ENGINE=InnoDB DEFAULT CHARSET=utf8;
/*!40101 SET character_set_client = @saved_cs_client */;

--
-- Dumping data for table `vtiger_service`
--

LOCK TABLES `vtiger_service` WRITE;
/*!40000 ALTER TABLE `vtiger_service` DISABLE KEYS */;
/*!40000 ALTER TABLE `vtiger_service` ENABLE KEYS */;
UNLOCK TABLES;

--
-- Table structure for table `vtiger_service_usageunit`
--

DROP TABLE IF EXISTS `vtiger_service_usageunit`;
/*!40101 SET @saved_cs_client     = @@character_set_client */;
/*!40101 SET character_set_client = utf8 */;
CREATE TABLE `vtiger_service_usageunit` (
  `service_usageunitid` int(11) NOT NULL AUTO_INCREMENT,
  `service_usageunit` varchar(200) NOT NULL,
  `presence` int(1) NOT NULL DEFAULT '1',
  `picklist_valueid` int(11) NOT NULL DEFAULT '0',
  `sortorderid` int(11) DEFAULT '0',
  `color` varchar(10) DEFAULT NULL,
  PRIMARY KEY (`service_usageunitid`)
) ENGINE=InnoDB AUTO_INCREMENT=4 DEFAULT CHARSET=utf8;
/*!40101 SET character_set_client = @saved_cs_client */;

--
-- Dumping data for table `vtiger_service_usageunit`
--

LOCK TABLES `vtiger_service_usageunit` WRITE;
/*!40000 ALTER TABLE `vtiger_service_usageunit` DISABLE KEYS */;
INSERT INTO `vtiger_service_usageunit` VALUES (1,'Hours',1,210,1,NULL),(2,'Days',1,211,2,NULL),(3,'Incidents',1,212,3,NULL);
/*!40000 ALTER TABLE `vtiger_service_usageunit` ENABLE KEYS */;
UNLOCK TABLES;

--
-- Table structure for table `vtiger_service_usageunit_seq`
--

DROP TABLE IF EXISTS `vtiger_service_usageunit_seq`;
/*!40101 SET @saved_cs_client     = @@character_set_client */;
/*!40101 SET character_set_client = utf8 */;
CREATE TABLE `vtiger_service_usageunit_seq` (
  `id` int(11) NOT NULL
) ENGINE=InnoDB DEFAULT CHARSET=utf8;
/*!40101 SET character_set_client = @saved_cs_client */;

--
-- Dumping data for table `vtiger_service_usageunit_seq`
--

LOCK TABLES `vtiger_service_usageunit_seq` WRITE;
/*!40000 ALTER TABLE `vtiger_service_usageunit_seq` DISABLE KEYS */;
INSERT INTO `vtiger_service_usageunit_seq` VALUES (3);
/*!40000 ALTER TABLE `vtiger_service_usageunit_seq` ENABLE KEYS */;
UNLOCK TABLES;

--
-- Table structure for table `vtiger_servicecategory`
--

DROP TABLE IF EXISTS `vtiger_servicecategory`;
/*!40101 SET @saved_cs_client     = @@character_set_client */;
/*!40101 SET character_set_client = utf8 */;
CREATE TABLE `vtiger_servicecategory` (
  `servicecategoryid` int(11) NOT NULL AUTO_INCREMENT,
  `servicecategory` varchar(200) NOT NULL,
  `presence` int(1) NOT NULL DEFAULT '1',
  `picklist_valueid` int(11) NOT NULL DEFAULT '0',
  `sortorderid` int(11) DEFAULT '0',
  `color` varchar(10) DEFAULT NULL,
  PRIMARY KEY (`servicecategoryid`)
) ENGINE=InnoDB AUTO_INCREMENT=6 DEFAULT CHARSET=utf8;
/*!40101 SET character_set_client = @saved_cs_client */;

--
-- Dumping data for table `vtiger_servicecategory`
--

LOCK TABLES `vtiger_servicecategory` WRITE;
/*!40000 ALTER TABLE `vtiger_servicecategory` DISABLE KEYS */;
INSERT INTO `vtiger_servicecategory` VALUES (1,'Support',1,213,1,NULL),(2,'Installation',1,214,2,NULL),(3,'Migration',1,215,3,NULL),(4,'Customization',1,216,4,NULL),(5,'Training',1,217,5,NULL);
/*!40000 ALTER TABLE `vtiger_servicecategory` ENABLE KEYS */;
UNLOCK TABLES;

--
-- Table structure for table `vtiger_servicecategory_seq`
--

DROP TABLE IF EXISTS `vtiger_servicecategory_seq`;
/*!40101 SET @saved_cs_client     = @@character_set_client */;
/*!40101 SET character_set_client = utf8 */;
CREATE TABLE `vtiger_servicecategory_seq` (
  `id` int(11) NOT NULL
) ENGINE=InnoDB DEFAULT CHARSET=utf8;
/*!40101 SET character_set_client = @saved_cs_client */;

--
-- Dumping data for table `vtiger_servicecategory_seq`
--

LOCK TABLES `vtiger_servicecategory_seq` WRITE;
/*!40000 ALTER TABLE `vtiger_servicecategory_seq` DISABLE KEYS */;
INSERT INTO `vtiger_servicecategory_seq` VALUES (5);
/*!40000 ALTER TABLE `vtiger_servicecategory_seq` ENABLE KEYS */;
UNLOCK TABLES;

--
-- Table structure for table `vtiger_servicecf`
--

DROP TABLE IF EXISTS `vtiger_servicecf`;
/*!40101 SET @saved_cs_client     = @@character_set_client */;
/*!40101 SET character_set_client = utf8 */;
CREATE TABLE `vtiger_servicecf` (
  `serviceid` int(19) NOT NULL DEFAULT '0',
  PRIMARY KEY (`serviceid`),
  CONSTRAINT `fk_serviceid_vtiger_servicecf` FOREIGN KEY (`serviceid`) REFERENCES `vtiger_service` (`serviceid`) ON DELETE CASCADE
) ENGINE=InnoDB DEFAULT CHARSET=utf8;
/*!40101 SET character_set_client = @saved_cs_client */;

--
-- Dumping data for table `vtiger_servicecf`
--

LOCK TABLES `vtiger_servicecf` WRITE;
/*!40000 ALTER TABLE `vtiger_servicecf` DISABLE KEYS */;
/*!40000 ALTER TABLE `vtiger_servicecf` ENABLE KEYS */;
UNLOCK TABLES;

--
-- Table structure for table `vtiger_servicecontracts`
--

DROP TABLE IF EXISTS `vtiger_servicecontracts`;
/*!40101 SET @saved_cs_client     = @@character_set_client */;
/*!40101 SET character_set_client = utf8 */;
CREATE TABLE `vtiger_servicecontracts` (
  `servicecontractsid` int(11) DEFAULT NULL,
  `start_date` date DEFAULT NULL,
  `end_date` date DEFAULT NULL,
  `sc_related_to` int(11) DEFAULT NULL,
  `tracking_unit` varchar(100) DEFAULT NULL,
  `total_units` decimal(5,2) DEFAULT NULL,
  `used_units` decimal(5,2) DEFAULT NULL,
  `subject` varchar(100) DEFAULT NULL,
  `due_date` date DEFAULT NULL,
  `planned_duration` varchar(256) DEFAULT NULL,
  `actual_duration` varchar(256) DEFAULT NULL,
  `contract_status` varchar(200) DEFAULT NULL,
  `priority` varchar(200) DEFAULT NULL,
  `contract_type` varchar(200) DEFAULT NULL,
  `progress` decimal(5,2) DEFAULT NULL,
  `contract_no` varchar(100) DEFAULT NULL,
  `tags` varchar(1) DEFAULT NULL,
  KEY `fk_crmid_vtiger_servicecontracts` (`servicecontractsid`),
  CONSTRAINT `fk_crmid_vtiger_servicecontracts` FOREIGN KEY (`servicecontractsid`) REFERENCES `vtiger_crmentity` (`crmid`) ON DELETE CASCADE
) ENGINE=InnoDB DEFAULT CHARSET=utf8;
/*!40101 SET character_set_client = @saved_cs_client */;

--
-- Dumping data for table `vtiger_servicecontracts`
--

LOCK TABLES `vtiger_servicecontracts` WRITE;
/*!40000 ALTER TABLE `vtiger_servicecontracts` DISABLE KEYS */;
/*!40000 ALTER TABLE `vtiger_servicecontracts` ENABLE KEYS */;
UNLOCK TABLES;

--
-- Table structure for table `vtiger_servicecontractscf`
--

DROP TABLE IF EXISTS `vtiger_servicecontractscf`;
/*!40101 SET @saved_cs_client     = @@character_set_client */;
/*!40101 SET character_set_client = utf8 */;
CREATE TABLE `vtiger_servicecontractscf` (
  `servicecontractsid` int(11) NOT NULL,
  PRIMARY KEY (`servicecontractsid`),
  CONSTRAINT `fk_servicecontractsid_vtiger_servicecontractscf` FOREIGN KEY (`servicecontractsid`) REFERENCES `vtiger_servicecontracts` (`servicecontractsid`) ON DELETE CASCADE
) ENGINE=InnoDB DEFAULT CHARSET=utf8;
/*!40101 SET character_set_client = @saved_cs_client */;

--
-- Dumping data for table `vtiger_servicecontractscf`
--

LOCK TABLES `vtiger_servicecontractscf` WRITE;
/*!40000 ALTER TABLE `vtiger_servicecontractscf` DISABLE KEYS */;
/*!40000 ALTER TABLE `vtiger_servicecontractscf` ENABLE KEYS */;
UNLOCK TABLES;

--
-- Table structure for table `vtiger_seticketsrel`
--

DROP TABLE IF EXISTS `vtiger_seticketsrel`;
/*!40101 SET @saved_cs_client     = @@character_set_client */;
/*!40101 SET character_set_client = utf8 */;
CREATE TABLE `vtiger_seticketsrel` (
  `crmid` int(19) NOT NULL DEFAULT '0',
  `ticketid` int(19) NOT NULL DEFAULT '0',
  PRIMARY KEY (`crmid`,`ticketid`),
  KEY `seticketsrel_crmid_idx` (`crmid`),
  KEY `seticketsrel_ticketid_idx` (`ticketid`),
  CONSTRAINT `fk_2_vtiger_seticketsrel` FOREIGN KEY (`ticketid`) REFERENCES `vtiger_troubletickets` (`ticketid`) ON DELETE CASCADE
) ENGINE=InnoDB DEFAULT CHARSET=utf8;
/*!40101 SET character_set_client = @saved_cs_client */;

--
-- Dumping data for table `vtiger_seticketsrel`
--

LOCK TABLES `vtiger_seticketsrel` WRITE;
/*!40000 ALTER TABLE `vtiger_seticketsrel` DISABLE KEYS */;
/*!40000 ALTER TABLE `vtiger_seticketsrel` ENABLE KEYS */;
UNLOCK TABLES;

--
-- Table structure for table `vtiger_settings_blocks`
--

DROP TABLE IF EXISTS `vtiger_settings_blocks`;
/*!40101 SET @saved_cs_client     = @@character_set_client */;
/*!40101 SET character_set_client = utf8 */;
CREATE TABLE `vtiger_settings_blocks` (
  `blockid` int(19) NOT NULL,
  `label` varchar(250) DEFAULT NULL,
  `sequence` int(19) DEFAULT NULL,
  PRIMARY KEY (`blockid`)
) ENGINE=InnoDB DEFAULT CHARSET=utf8;
/*!40101 SET character_set_client = @saved_cs_client */;

--
-- Dumping data for table `vtiger_settings_blocks`
--

LOCK TABLES `vtiger_settings_blocks` WRITE;
/*!40000 ALTER TABLE `vtiger_settings_blocks` DISABLE KEYS */;
INSERT INTO `vtiger_settings_blocks` VALUES (1,'LBL_USER_MANAGEMENT',1),(4,'LBL_OTHER_SETTINGS',10),(5,'LBL_MODULE_MANAGER',2),(6,'LBL_INTEGRATION',8),(7,'LBL_AUTOMATION',3),(8,'LBL_CONFIGURATION',4),(9,'LBL_MARKETING_SALES',5),(10,'LBL_INVENTORY',6),(11,'LBL_MY_PREFERENCES',7),(12,'LBL_EXTENSIONS',9);
/*!40000 ALTER TABLE `vtiger_settings_blocks` ENABLE KEYS */;
UNLOCK TABLES;

--
-- Table structure for table `vtiger_settings_blocks_seq`
--

DROP TABLE IF EXISTS `vtiger_settings_blocks_seq`;
/*!40101 SET @saved_cs_client     = @@character_set_client */;
/*!40101 SET character_set_client = utf8 */;
CREATE TABLE `vtiger_settings_blocks_seq` (
  `id` int(11) NOT NULL
) ENGINE=InnoDB DEFAULT CHARSET=utf8;
/*!40101 SET character_set_client = @saved_cs_client */;

--
-- Dumping data for table `vtiger_settings_blocks_seq`
--

LOCK TABLES `vtiger_settings_blocks_seq` WRITE;
/*!40000 ALTER TABLE `vtiger_settings_blocks_seq` DISABLE KEYS */;
INSERT INTO `vtiger_settings_blocks_seq` VALUES (12);
/*!40000 ALTER TABLE `vtiger_settings_blocks_seq` ENABLE KEYS */;
UNLOCK TABLES;

--
-- Table structure for table `vtiger_settings_field`
--

DROP TABLE IF EXISTS `vtiger_settings_field`;
/*!40101 SET @saved_cs_client     = @@character_set_client */;
/*!40101 SET character_set_client = utf8 */;
CREATE TABLE `vtiger_settings_field` (
  `fieldid` int(19) NOT NULL,
  `blockid` int(19) DEFAULT NULL,
  `name` varchar(250) DEFAULT NULL,
  `iconpath` varchar(300) DEFAULT NULL,
  `description` text,
  `linkto` text,
  `sequence` int(19) DEFAULT NULL,
  `active` int(19) DEFAULT '0',
  `pinned` int(1) DEFAULT '0',
  PRIMARY KEY (`fieldid`),
  KEY `fk_1_vtiger_settings_field` (`blockid`),
  CONSTRAINT `fk_1_vtiger_settings_field` FOREIGN KEY (`blockid`) REFERENCES `vtiger_settings_blocks` (`blockid`) ON DELETE CASCADE
) ENGINE=InnoDB DEFAULT CHARSET=utf8;
/*!40101 SET character_set_client = @saved_cs_client */;

--
-- Dumping data for table `vtiger_settings_field`
--

LOCK TABLES `vtiger_settings_field` WRITE;
/*!40000 ALTER TABLE `vtiger_settings_field` DISABLE KEYS */;
INSERT INTO `vtiger_settings_field` VALUES (1,1,'LBL_USERS','ico-users.gif','LBL_USER_DESCRIPTION','index.php?module=Users&parent=Settings&view=List',1,0,1),(2,1,'LBL_ROLES','ico-roles.gif','LBL_ROLE_DESCRIPTION','index.php?module=Roles&parent=Settings&view=Index',2,0,0),(3,1,'LBL_PROFILES','ico-profile.gif','LBL_PROFILE_DESCRIPTION','index.php?module=Profiles&parent=Settings&view=List',3,0,0),(4,1,'USERGROUPLIST','ico-groups.gif','LBL_GROUP_DESCRIPTION','index.php?module=Groups&parent=Settings&view=List',5,0,0),(5,1,'LBL_SHARING_ACCESS','shareaccess.gif','LBL_SHARING_ACCESS_DESCRIPTION','index.php?module=SharingAccess&parent=Settings&view=Index',4,0,0),(7,1,'LBL_LOGIN_HISTORY_DETAILS','set-IcoLoginHistory.gif','LBL_LOGIN_HISTORY_DESCRIPTION','index.php?module=LoginHistory&parent=Settings&view=List',6,0,0),(8,5,'VTLIB_LBL_MODULE_MANAGER','vtlib_modmng.gif','VTLIB_LBL_MODULE_MANAGER_DESCRIPTION','index.php?module=ModuleManager&parent=Settings&view=List',1,0,1),(9,8,'LBL_PICKLIST_EDITOR','picklist.gif','LBL_PICKLIST_DESCRIPTION','index.php?parent=Settings&module=Picklist&view=Index',6,0,1),(10,8,'LBL_PICKLIST_DEPENDENCY','picklistdependency.gif','LBL_PICKLIST_DEPENDENCY_DESCRIPTION','index.php?parent=Settings&module=PickListDependency&view=List',7,0,0),(11,8,'LBL_MENU_EDITOR','menueditor.png','LBL_MENU_DESC','index.php?module=MenuEditor&parent=Settings&view=Index',8,0,0),(14,8,'LBL_COMPANY_DETAILS','company.gif','LBL_COMPANY_DESCRIPTION','index.php?parent=Settings&module=Vtiger&view=CompanyDetails',1,0,0),(15,8,'LBL_MAIL_SERVER_SETTINGS','ogmailserver.gif','LBL_MAIL_SERVER_DESCRIPTION','index.php?parent=Settings&module=Vtiger&view=OutgoingServerDetail',4,0,0),(16,8,'LBL_CURRENCY_SETTINGS','currency.gif','LBL_CURRENCY_DESCRIPTION','index.php?parent=Settings&module=Currency&view=List',3,0,0),(17,10,'LBL_TAX_SETTINGS','taxConfiguration.gif','LBL_TAX_DESCRIPTION','index.php?module=Vtiger&parent=Settings&view=TaxIndex',1,0,0),(18,4,'LBL_SYSTEM_INFO','system.gif','LBL_SYSTEM_DESCRIPTION','index.php?module=Settings&submodule=Server&view=ProxyConfig',6,1,0),(20,4,'LBL_DEFAULT_MODULE_VIEW','set-IcoTwoTabConfig.gif','LBL_DEFAULT_MODULE_VIEW_DESC','index.php?module=Settings&action=DefModuleView&parenttab=Settings',2,0,0),(21,10,'INVENTORYTERMSANDCONDITIONS','terms.gif','LBL_INV_TANDC_DESCRIPTION','index.php?parent=Settings&module=Vtiger&view=TermsAndConditionsEdit',2,0,0),(22,5,'LBL_CUSTOMIZE_MODENT_NUMBER','settingsInvNumber.gif','LBL_CUSTOMIZE_MODENT_NUMBER_DESCRIPTION','index.php?module=Vtiger&parent=Settings&view=CustomRecordNumbering',4,0,0),(23,4,'LBL_MAIL_SCANNER','mailScanner.gif','LBL_MAIL_SCANNER_DESCRIPTION','index.php?parent=Settings&module=MailConverter&view=List',5,0,0),(24,7,'LBL_LIST_WORKFLOWS','settingsWorkflow.png','LBL_LIST_WORKFLOWS_DESCRIPTION','index.php?module=Workflows&parent=Settings&view=List',3,0,1),(25,8,'Configuration Editor','migrate.gif','LBL_CONFIG_EDITOR_DESCRIPTION','index.php?module=Vtiger&parent=Settings&view=ConfigEditorDetail',5,0,0),(26,7,'Scheduler','Cron.png','Allows you to Configure Cron Task','index.php?module=CronTasks&parent=Settings&view=List',2,0,0),(28,4,'ModTracker','set-IcoLoginHistory.gif','LBL_MODTRACKER_DESCRIPTION','index.php?module=ModTracker&action=BasicSettings&parenttab=Settings&formodule=ModTracker',9,0,0),(29,6,'LBL_PBXMANAGER','','PBXManager module Configuration','index.php?module=PBXManager&parent=Settings&view=Index',2,0,0),(30,4,'Search','','LBL_SEARCH_SETUP_DESCRIPTION','index.php?module=Search&parent=Settings&view=Index',10,0,0),(31,4,'DynamicBlocks','',NULL,'index.php?module=SPDynamicBlocks&parent=Settings&view=List',11,0,0),(32,6,'LBL_CML_SETTINGS','cml_settings.png','LBL_CML_SETTINGS_DESCRIPTION','index.php?module=SPCMLConnector&view=Index&parent=Settings',3,0,0),(33,6,'LBL_SOCIALCONNECTOR_SETTINGS','','LBL_SOCIALCONNECTOR_SETTINGS','index.php?module=SPSocialConnector&view=Index&parent=Settings',4,0,0),(34,6,'VoipIntegration','',NULL,'index.php?module=SPVoipIntegration&parent=Settings&view=Index',5,0,0),(35,7,'Webforms','modules/Webforms/img/Webform.png','LBL_WEBFORMS_DESCRIPTION','index.php?module=Webforms&parent=Settings&view=List',1,0,0),(36,6,'LBL_TIPS',NULL,NULL,'index.php?module=SPTips&view=Index&parent=Settings',6,0,0),(37,8,'LBL_CUSTOMER_PORTAL','portal_icon.png','PORTAL_EXTENSION_DESCRIPTION','index.php?module=CustomerPortal&parent=Settings&view=Index',2,0,0),(38,5,'LBL_EDIT_FIELDS','','LBL_LAYOUT_EDITOR_DESCRIPTION','index.php?module=LayoutEditor&parent=Settings&view=Index',2,0,0),(39,9,'LBL_LEAD_MAPPING','NULL','NULL','index.php?parent=Settings&module=Leads&view=MappingDetail',1,0,1),(40,9,'LBL_OPPORTUNITY_MAPPING','NULL','NULL','index.php?parent=Settings&module=Potentials&view=MappingDetail',2,0,1),(41,11,'My Preferences','NULL','NULL','index.php?module=Users&view=PreferenceDetail&parent=Settings&record=1',1,0,1),(42,11,'Calendar Settings','NULL','NULL','index.php?module=Users&parent=Settings&view=Calendar&record=1',2,0,1),(43,11,'LBL_MY_TAGS','NULL','NULL','index.php?module=Tags&parent=Settings&view=List&record=1',3,0,1),(44,12,'LBL_EXTENSION_STORE','NULL','NULL','index.php?module=ExtensionStore&parent=Settings&view=ExtensionStore',1,0,1),(45,12,'LBL_GOOGLE','NULL','NULL','index.php?module=Contacts&parent=Settings&view=Extension&extensionModule=Google&extensionView=Index&mode=settings',2,0,1);
/*!40000 ALTER TABLE `vtiger_settings_field` ENABLE KEYS */;
UNLOCK TABLES;

--
-- Table structure for table `vtiger_settings_field_seq`
--

DROP TABLE IF EXISTS `vtiger_settings_field_seq`;
/*!40101 SET @saved_cs_client     = @@character_set_client */;
/*!40101 SET character_set_client = utf8 */;
CREATE TABLE `vtiger_settings_field_seq` (
  `id` int(11) NOT NULL
) ENGINE=InnoDB DEFAULT CHARSET=utf8;
/*!40101 SET character_set_client = @saved_cs_client */;

--
-- Dumping data for table `vtiger_settings_field_seq`
--

LOCK TABLES `vtiger_settings_field_seq` WRITE;
/*!40000 ALTER TABLE `vtiger_settings_field_seq` DISABLE KEYS */;
INSERT INTO `vtiger_settings_field_seq` VALUES (45);
/*!40000 ALTER TABLE `vtiger_settings_field_seq` ENABLE KEYS */;
UNLOCK TABLES;

--
-- Table structure for table `vtiger_sharedcalendar`
--

DROP TABLE IF EXISTS `vtiger_sharedcalendar`;
/*!40101 SET @saved_cs_client     = @@character_set_client */;
/*!40101 SET character_set_client = utf8 */;
CREATE TABLE `vtiger_sharedcalendar` (
  `userid` int(19) NOT NULL,
  `sharedid` int(19) NOT NULL,
  PRIMARY KEY (`userid`,`sharedid`)
) ENGINE=InnoDB DEFAULT CHARSET=utf8;
/*!40101 SET character_set_client = @saved_cs_client */;

--
-- Dumping data for table `vtiger_sharedcalendar`
--

LOCK TABLES `vtiger_sharedcalendar` WRITE;
/*!40000 ALTER TABLE `vtiger_sharedcalendar` DISABLE KEYS */;
/*!40000 ALTER TABLE `vtiger_sharedcalendar` ENABLE KEYS */;
UNLOCK TABLES;

--
-- Table structure for table `vtiger_shareduserinfo`
--

DROP TABLE IF EXISTS `vtiger_shareduserinfo`;
/*!40101 SET @saved_cs_client     = @@character_set_client */;
/*!40101 SET character_set_client = utf8 */;
CREATE TABLE `vtiger_shareduserinfo` (
  `userid` int(19) NOT NULL DEFAULT '0',
  `shareduserid` int(19) NOT NULL DEFAULT '0',
  `color` varchar(50) DEFAULT NULL,
  `visible` int(19) DEFAULT '1'
) ENGINE=InnoDB DEFAULT CHARSET=utf8;
/*!40101 SET character_set_client = @saved_cs_client */;

--
-- Dumping data for table `vtiger_shareduserinfo`
--

LOCK TABLES `vtiger_shareduserinfo` WRITE;
/*!40000 ALTER TABLE `vtiger_shareduserinfo` DISABLE KEYS */;
/*!40000 ALTER TABLE `vtiger_shareduserinfo` ENABLE KEYS */;
UNLOCK TABLES;

--
-- Table structure for table `vtiger_shippingtaxinfo`
--

DROP TABLE IF EXISTS `vtiger_shippingtaxinfo`;
/*!40101 SET @saved_cs_client     = @@character_set_client */;
/*!40101 SET character_set_client = utf8 */;
CREATE TABLE `vtiger_shippingtaxinfo` (
  `taxid` int(3) NOT NULL,
  `taxname` varchar(50) DEFAULT NULL,
  `taxlabel` varchar(50) DEFAULT NULL,
  `percentage` decimal(7,3) DEFAULT NULL,
  `deleted` int(1) DEFAULT NULL,
  `method` varchar(10) DEFAULT NULL,
  `type` varchar(10) DEFAULT NULL,
  `compoundon` varchar(400) DEFAULT NULL,
  `regions` text,
  PRIMARY KEY (`taxid`),
  KEY `shippingtaxinfo_taxname_idx` (`taxname`)
) ENGINE=InnoDB DEFAULT CHARSET=utf8;
/*!40101 SET character_set_client = @saved_cs_client */;

--
-- Dumping data for table `vtiger_shippingtaxinfo`
--

LOCK TABLES `vtiger_shippingtaxinfo` WRITE;
/*!40000 ALTER TABLE `vtiger_shippingtaxinfo` DISABLE KEYS */;
INSERT INTO `vtiger_shippingtaxinfo` VALUES (1,'shtax1','НДС',18.000,0,'Simple','Fixed','[]','[]');
/*!40000 ALTER TABLE `vtiger_shippingtaxinfo` ENABLE KEYS */;
UNLOCK TABLES;

--
-- Table structure for table `vtiger_shippingtaxinfo_seq`
--

DROP TABLE IF EXISTS `vtiger_shippingtaxinfo_seq`;
/*!40101 SET @saved_cs_client     = @@character_set_client */;
/*!40101 SET character_set_client = utf8 */;
CREATE TABLE `vtiger_shippingtaxinfo_seq` (
  `id` int(11) NOT NULL
) ENGINE=InnoDB DEFAULT CHARSET=utf8;
/*!40101 SET character_set_client = @saved_cs_client */;

--
-- Dumping data for table `vtiger_shippingtaxinfo_seq`
--

LOCK TABLES `vtiger_shippingtaxinfo_seq` WRITE;
/*!40000 ALTER TABLE `vtiger_shippingtaxinfo_seq` DISABLE KEYS */;
INSERT INTO `vtiger_shippingtaxinfo_seq` VALUES (3);
/*!40000 ALTER TABLE `vtiger_shippingtaxinfo_seq` ENABLE KEYS */;
UNLOCK TABLES;

--
-- Table structure for table `vtiger_shorturls`
--

DROP TABLE IF EXISTS `vtiger_shorturls`;
/*!40101 SET @saved_cs_client     = @@character_set_client */;
/*!40101 SET character_set_client = utf8 */;
CREATE TABLE `vtiger_shorturls` (
  `id` int(11) NOT NULL AUTO_INCREMENT,
  `uid` varchar(50) DEFAULT NULL,
  `handler_path` varchar(400) DEFAULT NULL,
  `handler_class` varchar(100) DEFAULT NULL,
  `handler_function` varchar(100) DEFAULT NULL,
  `handler_data` varchar(255) DEFAULT NULL,
  `onetime` int(5) DEFAULT NULL,
  PRIMARY KEY (`id`),
  KEY `uid` (`uid`)
) ENGINE=InnoDB DEFAULT CHARSET=utf8;
/*!40101 SET character_set_client = @saved_cs_client */;

--
-- Dumping data for table `vtiger_shorturls`
--

LOCK TABLES `vtiger_shorturls` WRITE;
/*!40000 ALTER TABLE `vtiger_shorturls` DISABLE KEYS */;
/*!40000 ALTER TABLE `vtiger_shorturls` ENABLE KEYS */;
UNLOCK TABLES;

--
-- Table structure for table `vtiger_smsnotifier`
--

DROP TABLE IF EXISTS `vtiger_smsnotifier`;
/*!40101 SET @saved_cs_client     = @@character_set_client */;
/*!40101 SET character_set_client = utf8 */;
CREATE TABLE `vtiger_smsnotifier` (
  `smsnotifierid` int(19) NOT NULL,
  `message` text,
  `status` varchar(100) DEFAULT NULL,
  PRIMARY KEY (`smsnotifierid`),
  CONSTRAINT `fk_crmid_vtiger_smsnotifier` FOREIGN KEY (`smsnotifierid`) REFERENCES `vtiger_crmentity` (`crmid`) ON DELETE CASCADE
) ENGINE=InnoDB DEFAULT CHARSET=utf8;
/*!40101 SET character_set_client = @saved_cs_client */;

--
-- Dumping data for table `vtiger_smsnotifier`
--

LOCK TABLES `vtiger_smsnotifier` WRITE;
/*!40000 ALTER TABLE `vtiger_smsnotifier` DISABLE KEYS */;
/*!40000 ALTER TABLE `vtiger_smsnotifier` ENABLE KEYS */;
UNLOCK TABLES;

--
-- Table structure for table `vtiger_smsnotifier_servers`
--

DROP TABLE IF EXISTS `vtiger_smsnotifier_servers`;
/*!40101 SET @saved_cs_client     = @@character_set_client */;
/*!40101 SET character_set_client = utf8 */;
CREATE TABLE `vtiger_smsnotifier_servers` (
  `id` int(11) NOT NULL AUTO_INCREMENT,
  `password` varchar(255) DEFAULT NULL,
  `isactive` int(1) DEFAULT NULL,
  `providertype` varchar(50) DEFAULT NULL,
  `username` varchar(255) DEFAULT NULL,
  `parameters` text,
  PRIMARY KEY (`id`)
) ENGINE=InnoDB AUTO_INCREMENT=2 DEFAULT CHARSET=utf8;
/*!40101 SET character_set_client = @saved_cs_client */;

--
-- Dumping data for table `vtiger_smsnotifier_servers`
--

LOCK TABLES `vtiger_smsnotifier_servers` WRITE;
/*!40000 ALTER TABLE `vtiger_smsnotifier_servers` DISABLE KEYS */;
INSERT INTO `vtiger_smsnotifier_servers` VALUES (1,'mlc7iws8',1,'SigmaSMS','vitali187','{\"\\u041e\\u0442\\u043f\\u0440\\u0430\\u0432\\u0438\\u0442\\u0435\\u043b\\u044c\":\"crm - vt.lgst.pro\"}');
/*!40000 ALTER TABLE `vtiger_smsnotifier_servers` ENABLE KEYS */;
UNLOCK TABLES;

--
-- Table structure for table `vtiger_smsnotifier_status`
--

DROP TABLE IF EXISTS `vtiger_smsnotifier_status`;
/*!40101 SET @saved_cs_client     = @@character_set_client */;
/*!40101 SET character_set_client = utf8 */;
CREATE TABLE `vtiger_smsnotifier_status` (
  `smsnotifierid` int(19) DEFAULT NULL,
  `tonumber` varchar(20) DEFAULT NULL,
  `status` varchar(10) DEFAULT NULL,
  `smsmessageid` varchar(50) DEFAULT NULL,
  `needlookup` int(1) DEFAULT '1',
  `statusid` int(11) NOT NULL AUTO_INCREMENT,
  `statusmessage` varchar(100) DEFAULT NULL,
  PRIMARY KEY (`statusid`)
) ENGINE=InnoDB DEFAULT CHARSET=utf8;
/*!40101 SET character_set_client = @saved_cs_client */;

--
-- Dumping data for table `vtiger_smsnotifier_status`
--

LOCK TABLES `vtiger_smsnotifier_status` WRITE;
/*!40000 ALTER TABLE `vtiger_smsnotifier_status` DISABLE KEYS */;
/*!40000 ALTER TABLE `vtiger_smsnotifier_status` ENABLE KEYS */;
UNLOCK TABLES;

--
-- Table structure for table `vtiger_smsnotifiercf`
--

DROP TABLE IF EXISTS `vtiger_smsnotifiercf`;
/*!40101 SET @saved_cs_client     = @@character_set_client */;
/*!40101 SET character_set_client = utf8 */;
CREATE TABLE `vtiger_smsnotifiercf` (
  `smsnotifierid` int(19) NOT NULL,
  PRIMARY KEY (`smsnotifierid`),
  CONSTRAINT `fk_smsnotifierid_vtiger_smsnotifiercf` FOREIGN KEY (`smsnotifierid`) REFERENCES `vtiger_smsnotifier` (`smsnotifierid`) ON DELETE CASCADE
) ENGINE=InnoDB DEFAULT CHARSET=utf8;
/*!40101 SET character_set_client = @saved_cs_client */;

--
-- Dumping data for table `vtiger_smsnotifiercf`
--

LOCK TABLES `vtiger_smsnotifiercf` WRITE;
/*!40000 ALTER TABLE `vtiger_smsnotifiercf` DISABLE KEYS */;
/*!40000 ALTER TABLE `vtiger_smsnotifiercf` ENABLE KEYS */;
UNLOCK TABLES;

--
-- Table structure for table `vtiger_soapservice`
--

DROP TABLE IF EXISTS `vtiger_soapservice`;
/*!40101 SET @saved_cs_client     = @@character_set_client */;
/*!40101 SET character_set_client = utf8 */;
CREATE TABLE `vtiger_soapservice` (
  `id` int(19) DEFAULT NULL,
  `type` varchar(25) DEFAULT NULL,
  `sessionid` varchar(100) DEFAULT NULL
) ENGINE=InnoDB DEFAULT CHARSET=utf8;
/*!40101 SET character_set_client = @saved_cs_client */;

--
-- Dumping data for table `vtiger_soapservice`
--

LOCK TABLES `vtiger_soapservice` WRITE;
/*!40000 ALTER TABLE `vtiger_soapservice` DISABLE KEYS */;
/*!40000 ALTER TABLE `vtiger_soapservice` ENABLE KEYS */;
UNLOCK TABLES;

--
-- Table structure for table `vtiger_sobillads`
--

DROP TABLE IF EXISTS `vtiger_sobillads`;
/*!40101 SET @saved_cs_client     = @@character_set_client */;
/*!40101 SET character_set_client = utf8 */;
CREATE TABLE `vtiger_sobillads` (
  `sobilladdressid` int(19) NOT NULL DEFAULT '0',
  `bill_city` varchar(30) DEFAULT NULL,
  `bill_code` varchar(30) DEFAULT NULL,
  `bill_country` varchar(30) DEFAULT NULL,
  `bill_state` varchar(30) DEFAULT NULL,
  `bill_street` varchar(250) DEFAULT NULL,
  `bill_pobox` varchar(30) DEFAULT NULL,
  PRIMARY KEY (`sobilladdressid`),
  CONSTRAINT `fk_1_vtiger_sobillads` FOREIGN KEY (`sobilladdressid`) REFERENCES `vtiger_salesorder` (`salesorderid`) ON DELETE CASCADE
) ENGINE=InnoDB DEFAULT CHARSET=utf8;
/*!40101 SET character_set_client = @saved_cs_client */;

--
-- Dumping data for table `vtiger_sobillads`
--

LOCK TABLES `vtiger_sobillads` WRITE;
/*!40000 ALTER TABLE `vtiger_sobillads` DISABLE KEYS */;
/*!40000 ALTER TABLE `vtiger_sobillads` ENABLE KEYS */;
UNLOCK TABLES;

--
-- Table structure for table `vtiger_soshipads`
--

DROP TABLE IF EXISTS `vtiger_soshipads`;
/*!40101 SET @saved_cs_client     = @@character_set_client */;
/*!40101 SET character_set_client = utf8 */;
CREATE TABLE `vtiger_soshipads` (
  `soshipaddressid` int(19) NOT NULL DEFAULT '0',
  `ship_city` varchar(30) DEFAULT NULL,
  `ship_code` varchar(30) DEFAULT NULL,
  `ship_country` varchar(30) DEFAULT NULL,
  `ship_state` varchar(30) DEFAULT NULL,
  `ship_street` varchar(250) DEFAULT NULL,
  `ship_pobox` varchar(30) DEFAULT NULL,
  PRIMARY KEY (`soshipaddressid`),
  CONSTRAINT `fk_1_vtiger_soshipads` FOREIGN KEY (`soshipaddressid`) REFERENCES `vtiger_salesorder` (`salesorderid`) ON DELETE CASCADE
) ENGINE=InnoDB DEFAULT CHARSET=utf8;
/*!40101 SET character_set_client = @saved_cs_client */;

--
-- Dumping data for table `vtiger_soshipads`
--

LOCK TABLES `vtiger_soshipads` WRITE;
/*!40000 ALTER TABLE `vtiger_soshipads` DISABLE KEYS */;
/*!40000 ALTER TABLE `vtiger_soshipads` ENABLE KEYS */;
UNLOCK TABLES;

--
-- Table structure for table `vtiger_sostatus`
--

DROP TABLE IF EXISTS `vtiger_sostatus`;
/*!40101 SET @saved_cs_client     = @@character_set_client */;
/*!40101 SET character_set_client = utf8 */;
CREATE TABLE `vtiger_sostatus` (
  `sostatusid` int(19) NOT NULL AUTO_INCREMENT,
  `sostatus` varchar(200) NOT NULL,
  `presence` int(1) NOT NULL DEFAULT '1',
  `picklist_valueid` int(19) NOT NULL DEFAULT '0',
  `sortorderid` int(11) DEFAULT NULL,
  `color` varchar(10) DEFAULT NULL,
  PRIMARY KEY (`sostatusid`),
  UNIQUE KEY `sostatus_sostatus_idx` (`sostatus`)
) ENGINE=InnoDB AUTO_INCREMENT=5 DEFAULT CHARSET=utf8;
/*!40101 SET character_set_client = @saved_cs_client */;

--
-- Dumping data for table `vtiger_sostatus`
--

LOCK TABLES `vtiger_sostatus` WRITE;
/*!40000 ALTER TABLE `vtiger_sostatus` DISABLE KEYS */;
INSERT INTO `vtiger_sostatus` VALUES (1,'Created',0,166,0,NULL),(2,'Approved',0,167,1,NULL),(3,'Delivered',0,168,2,NULL),(4,'Cancelled',0,169,3,NULL);
/*!40000 ALTER TABLE `vtiger_sostatus` ENABLE KEYS */;
UNLOCK TABLES;

--
-- Table structure for table `vtiger_sostatus_seq`
--

DROP TABLE IF EXISTS `vtiger_sostatus_seq`;
/*!40101 SET @saved_cs_client     = @@character_set_client */;
/*!40101 SET character_set_client = utf8 */;
CREATE TABLE `vtiger_sostatus_seq` (
  `id` int(11) NOT NULL
) ENGINE=InnoDB DEFAULT CHARSET=utf8;
/*!40101 SET character_set_client = @saved_cs_client */;

--
-- Dumping data for table `vtiger_sostatus_seq`
--

LOCK TABLES `vtiger_sostatus_seq` WRITE;
/*!40000 ALTER TABLE `vtiger_sostatus_seq` DISABLE KEYS */;
INSERT INTO `vtiger_sostatus_seq` VALUES (4);
/*!40000 ALTER TABLE `vtiger_sostatus_seq` ENABLE KEYS */;
UNLOCK TABLES;

--
-- Table structure for table `vtiger_sostatushistory`
--

DROP TABLE IF EXISTS `vtiger_sostatushistory`;
/*!40101 SET @saved_cs_client     = @@character_set_client */;
/*!40101 SET character_set_client = utf8 */;
CREATE TABLE `vtiger_sostatushistory` (
  `historyid` int(19) NOT NULL AUTO_INCREMENT,
  `salesorderid` int(19) NOT NULL,
  `accountname` varchar(100) DEFAULT NULL,
  `total` decimal(10,0) DEFAULT NULL,
  `sostatus` varchar(200) DEFAULT NULL,
  `lastmodified` datetime DEFAULT NULL,
  PRIMARY KEY (`historyid`),
  KEY `sostatushistory_salesorderid_idx` (`salesorderid`),
  CONSTRAINT `fk_1_vtiger_sostatushistory` FOREIGN KEY (`salesorderid`) REFERENCES `vtiger_salesorder` (`salesorderid`) ON DELETE CASCADE
) ENGINE=InnoDB DEFAULT CHARSET=utf8;
/*!40101 SET character_set_client = @saved_cs_client */;

--
-- Dumping data for table `vtiger_sostatushistory`
--

LOCK TABLES `vtiger_sostatushistory` WRITE;
/*!40000 ALTER TABLE `vtiger_sostatushistory` DISABLE KEYS */;
/*!40000 ALTER TABLE `vtiger_sostatushistory` ENABLE KEYS */;
UNLOCK TABLES;

--
-- Table structure for table `vtiger_sp_act`
--

DROP TABLE IF EXISTS `vtiger_sp_act`;
/*!40101 SET @saved_cs_client     = @@character_set_client */;
/*!40101 SET character_set_client = utf8 */;
CREATE TABLE `vtiger_sp_act` (
  `actid` int(19) NOT NULL DEFAULT '0',
  `salesorderid` int(19) DEFAULT NULL,
  `contactid` int(19) DEFAULT NULL,
  `actdate` date DEFAULT NULL,
  `adjustment` decimal(25,8) DEFAULT NULL,
  `subtotal` decimal(25,8) DEFAULT NULL,
  `total` decimal(25,8) DEFAULT NULL,
  `taxtype` varchar(25) DEFAULT NULL,
  `discount_percent` decimal(25,8) DEFAULT NULL,
  `discount_amount` decimal(25,8) DEFAULT NULL,
  `s_h_amount` decimal(25,8) DEFAULT NULL,
  `shipping` varchar(100) DEFAULT NULL,
  `accountid` int(19) DEFAULT NULL,
  `sp_actstatus` varchar(200) DEFAULT NULL,
  `act_no` varchar(100) DEFAULT NULL,
  `currency_id` int(19) NOT NULL DEFAULT '1',
  `conversion_rate` decimal(10,3) NOT NULL DEFAULT '1.000',
  `spcompany` varchar(200) CHARACTER SET utf8 COLLATE utf8_unicode_ci DEFAULT 'Default',
  `pre_tax_total` decimal(25,8) DEFAULT NULL,
  `s_h_percent` int(11) DEFAULT NULL,
  `compound_taxes_info` text,
  `region_id` int(19) DEFAULT NULL,
  `tags` varchar(1) DEFAULT NULL,
  `subject` varchar(255) DEFAULT NULL,
  PRIMARY KEY (`actid`),
  CONSTRAINT `fk_crmid_vtiger_sp_act` FOREIGN KEY (`actid`) REFERENCES `vtiger_crmentity` (`crmid`) ON DELETE CASCADE
) ENGINE=InnoDB DEFAULT CHARSET=utf8;
/*!40101 SET character_set_client = @saved_cs_client */;

--
-- Dumping data for table `vtiger_sp_act`
--

LOCK TABLES `vtiger_sp_act` WRITE;
/*!40000 ALTER TABLE `vtiger_sp_act` DISABLE KEYS */;
/*!40000 ALTER TABLE `vtiger_sp_act` ENABLE KEYS */;
UNLOCK TABLES;

--
-- Table structure for table `vtiger_sp_actbillads`
--

DROP TABLE IF EXISTS `vtiger_sp_actbillads`;
/*!40101 SET @saved_cs_client     = @@character_set_client */;
/*!40101 SET character_set_client = utf8 */;
CREATE TABLE `vtiger_sp_actbillads` (
  `actbilladdressid` int(19) NOT NULL DEFAULT '0',
  `bill_city` varchar(30) DEFAULT NULL,
  `bill_code` varchar(30) DEFAULT NULL,
  `bill_country` varchar(30) DEFAULT NULL,
  `bill_state` varchar(30) DEFAULT NULL,
  `bill_street` varchar(250) DEFAULT NULL,
  `bill_pobox` varchar(30) DEFAULT NULL,
  PRIMARY KEY (`actbilladdressid`),
  CONSTRAINT `fk_1_vtiger_sp_actbillads` FOREIGN KEY (`actbilladdressid`) REFERENCES `vtiger_sp_act` (`actid`) ON DELETE CASCADE
) ENGINE=InnoDB DEFAULT CHARSET=utf8;
/*!40101 SET character_set_client = @saved_cs_client */;

--
-- Dumping data for table `vtiger_sp_actbillads`
--

LOCK TABLES `vtiger_sp_actbillads` WRITE;
/*!40000 ALTER TABLE `vtiger_sp_actbillads` DISABLE KEYS */;
/*!40000 ALTER TABLE `vtiger_sp_actbillads` ENABLE KEYS */;
UNLOCK TABLES;

--
-- Table structure for table `vtiger_sp_actcf`
--

DROP TABLE IF EXISTS `vtiger_sp_actcf`;
/*!40101 SET @saved_cs_client     = @@character_set_client */;
/*!40101 SET character_set_client = utf8 */;
CREATE TABLE `vtiger_sp_actcf` (
  `actid` int(19) NOT NULL DEFAULT '0',
  PRIMARY KEY (`actid`),
  CONSTRAINT `fk_1_vtiger_sp_actcf` FOREIGN KEY (`actid`) REFERENCES `vtiger_sp_act` (`actid`) ON DELETE CASCADE
) ENGINE=InnoDB DEFAULT CHARSET=utf8;
/*!40101 SET character_set_client = @saved_cs_client */;

--
-- Dumping data for table `vtiger_sp_actcf`
--

LOCK TABLES `vtiger_sp_actcf` WRITE;
/*!40000 ALTER TABLE `vtiger_sp_actcf` DISABLE KEYS */;
/*!40000 ALTER TABLE `vtiger_sp_actcf` ENABLE KEYS */;
UNLOCK TABLES;

--
-- Table structure for table `vtiger_sp_actshipads`
--

DROP TABLE IF EXISTS `vtiger_sp_actshipads`;
/*!40101 SET @saved_cs_client     = @@character_set_client */;
/*!40101 SET character_set_client = utf8 */;
CREATE TABLE `vtiger_sp_actshipads` (
  `actshipaddressid` int(19) NOT NULL DEFAULT '0',
  `ship_city` varchar(30) DEFAULT NULL,
  `ship_code` varchar(30) DEFAULT NULL,
  `ship_country` varchar(30) DEFAULT NULL,
  `ship_state` varchar(30) DEFAULT NULL,
  `ship_street` varchar(250) DEFAULT NULL,
  `ship_pobox` varchar(30) DEFAULT NULL,
  PRIMARY KEY (`actshipaddressid`),
  CONSTRAINT `fk_1_vtiger_sp_actshipads` FOREIGN KEY (`actshipaddressid`) REFERENCES `vtiger_sp_act` (`actid`) ON DELETE CASCADE
) ENGINE=InnoDB DEFAULT CHARSET=utf8;
/*!40101 SET character_set_client = @saved_cs_client */;

--
-- Dumping data for table `vtiger_sp_actshipads`
--

LOCK TABLES `vtiger_sp_actshipads` WRITE;
/*!40000 ALTER TABLE `vtiger_sp_actshipads` DISABLE KEYS */;
/*!40000 ALTER TABLE `vtiger_sp_actshipads` ENABLE KEYS */;
UNLOCK TABLES;

--
-- Table structure for table `vtiger_sp_actstatus`
--

DROP TABLE IF EXISTS `vtiger_sp_actstatus`;
/*!40101 SET @saved_cs_client     = @@character_set_client */;
/*!40101 SET character_set_client = utf8 */;
CREATE TABLE `vtiger_sp_actstatus` (
  `sp_actstatusid` int(11) NOT NULL AUTO_INCREMENT,
  `sp_actstatus` varchar(200) NOT NULL,
  `presence` int(1) NOT NULL DEFAULT '1',
  `picklist_valueid` int(11) NOT NULL DEFAULT '0',
  `sortorderid` int(11) DEFAULT '0',
  `color` varchar(10) DEFAULT NULL,
  PRIMARY KEY (`sp_actstatusid`)
) ENGINE=InnoDB AUTO_INCREMENT=5 DEFAULT CHARSET=utf8;
/*!40101 SET character_set_client = @saved_cs_client */;

--
-- Dumping data for table `vtiger_sp_actstatus`
--

LOCK TABLES `vtiger_sp_actstatus` WRITE;
/*!40000 ALTER TABLE `vtiger_sp_actstatus` DISABLE KEYS */;
INSERT INTO `vtiger_sp_actstatus` VALUES (1,'Created',1,292,1,NULL),(2,'Sent',1,293,2,NULL),(3,'Done',1,294,3,NULL),(4,'Received',1,295,4,NULL);
/*!40000 ALTER TABLE `vtiger_sp_actstatus` ENABLE KEYS */;
UNLOCK TABLES;

--
-- Table structure for table `vtiger_sp_actstatus_seq`
--

DROP TABLE IF EXISTS `vtiger_sp_actstatus_seq`;
/*!40101 SET @saved_cs_client     = @@character_set_client */;
/*!40101 SET character_set_client = utf8 */;
CREATE TABLE `vtiger_sp_actstatus_seq` (
  `id` int(11) NOT NULL
) ENGINE=InnoDB DEFAULT CHARSET=utf8;
/*!40101 SET character_set_client = @saved_cs_client */;

--
-- Dumping data for table `vtiger_sp_actstatus_seq`
--

LOCK TABLES `vtiger_sp_actstatus_seq` WRITE;
/*!40000 ALTER TABLE `vtiger_sp_actstatus_seq` DISABLE KEYS */;
INSERT INTO `vtiger_sp_actstatus_seq` VALUES (4);
/*!40000 ALTER TABLE `vtiger_sp_actstatus_seq` ENABLE KEYS */;
UNLOCK TABLES;

--
-- Table structure for table `vtiger_sp_actstatushistory`
--

DROP TABLE IF EXISTS `vtiger_sp_actstatushistory`;
/*!40101 SET @saved_cs_client     = @@character_set_client */;
/*!40101 SET character_set_client = utf8 */;
CREATE TABLE `vtiger_sp_actstatushistory` (
  `historyid` int(19) NOT NULL AUTO_INCREMENT,
  `actid` int(19) NOT NULL,
  `accountname` varchar(100) DEFAULT NULL,
  `total` decimal(10,0) DEFAULT NULL,
  `sp_actstatus` varchar(200) DEFAULT NULL,
  `lastmodified` datetime DEFAULT NULL,
  PRIMARY KEY (`historyid`),
  KEY `sp_actstatushistory_actid_idx` (`actid`),
  CONSTRAINT `fk_1_vtiger_sp_actstatushistory` FOREIGN KEY (`actid`) REFERENCES `vtiger_sp_act` (`actid`) ON DELETE CASCADE
) ENGINE=InnoDB DEFAULT CHARSET=utf8;
/*!40101 SET character_set_client = @saved_cs_client */;

--
-- Dumping data for table `vtiger_sp_actstatushistory`
--

LOCK TABLES `vtiger_sp_actstatushistory` WRITE;
/*!40000 ALTER TABLE `vtiger_sp_actstatushistory` DISABLE KEYS */;
/*!40000 ALTER TABLE `vtiger_sp_actstatushistory` ENABLE KEYS */;
UNLOCK TABLES;

--
-- Table structure for table `vtiger_sp_blocks_configuration`
--

DROP TABLE IF EXISTS `vtiger_sp_blocks_configuration`;
/*!40101 SET @saved_cs_client     = @@character_set_client */;
/*!40101 SET character_set_client = utf8 */;
CREATE TABLE `vtiger_sp_blocks_configuration` (
  `sp_blocks_configuration_id` int(11) DEFAULT NULL,
  `module_name` varchar(255) DEFAULT NULL,
  `field_name` varchar(255) DEFAULT NULL
) ENGINE=InnoDB DEFAULT CHARSET=utf8;
/*!40101 SET character_set_client = @saved_cs_client */;

--
-- Dumping data for table `vtiger_sp_blocks_configuration`
--

LOCK TABLES `vtiger_sp_blocks_configuration` WRITE;
/*!40000 ALTER TABLE `vtiger_sp_blocks_configuration` DISABLE KEYS */;
/*!40000 ALTER TABLE `vtiger_sp_blocks_configuration` ENABLE KEYS */;
UNLOCK TABLES;

--
-- Table structure for table `vtiger_sp_blocks_configuration2blocks`
--

DROP TABLE IF EXISTS `vtiger_sp_blocks_configuration2blocks`;
/*!40101 SET @saved_cs_client     = @@character_set_client */;
/*!40101 SET character_set_client = utf8 */;
CREATE TABLE `vtiger_sp_blocks_configuration2blocks` (
  `sp_blocks_configuration_id` int(11) DEFAULT NULL,
  `block_name` varchar(255) DEFAULT NULL
) ENGINE=InnoDB DEFAULT CHARSET=utf8;
/*!40101 SET character_set_client = @saved_cs_client */;

--
-- Dumping data for table `vtiger_sp_blocks_configuration2blocks`
--

LOCK TABLES `vtiger_sp_blocks_configuration2blocks` WRITE;
/*!40000 ALTER TABLE `vtiger_sp_blocks_configuration2blocks` DISABLE KEYS */;
/*!40000 ALTER TABLE `vtiger_sp_blocks_configuration2blocks` ENABLE KEYS */;
UNLOCK TABLES;

--
-- Table structure for table `vtiger_sp_blocks_configuration2values`
--

DROP TABLE IF EXISTS `vtiger_sp_blocks_configuration2values`;
/*!40101 SET @saved_cs_client     = @@character_set_client */;
/*!40101 SET character_set_client = utf8 */;
CREATE TABLE `vtiger_sp_blocks_configuration2values` (
  `sp_blocks_configuration_id` int(11) DEFAULT NULL,
  `field_value` varchar(255) DEFAULT NULL
) ENGINE=InnoDB DEFAULT CHARSET=utf8;
/*!40101 SET character_set_client = @saved_cs_client */;

--
-- Dumping data for table `vtiger_sp_blocks_configuration2values`
--

LOCK TABLES `vtiger_sp_blocks_configuration2values` WRITE;
/*!40000 ALTER TABLE `vtiger_sp_blocks_configuration2values` DISABLE KEYS */;
/*!40000 ALTER TABLE `vtiger_sp_blocks_configuration2values` ENABLE KEYS */;
UNLOCK TABLES;

--
-- Table structure for table `vtiger_sp_blocks_configuration_seq`
--

DROP TABLE IF EXISTS `vtiger_sp_blocks_configuration_seq`;
/*!40101 SET @saved_cs_client     = @@character_set_client */;
/*!40101 SET character_set_client = utf8 */;
CREATE TABLE `vtiger_sp_blocks_configuration_seq` (
  `id` int(11) DEFAULT NULL
) ENGINE=InnoDB DEFAULT CHARSET=utf8;
/*!40101 SET character_set_client = @saved_cs_client */;

--
-- Dumping data for table `vtiger_sp_blocks_configuration_seq`
--

LOCK TABLES `vtiger_sp_blocks_configuration_seq` WRITE;
/*!40000 ALTER TABLE `vtiger_sp_blocks_configuration_seq` DISABLE KEYS */;
INSERT INTO `vtiger_sp_blocks_configuration_seq` VALUES (0);
/*!40000 ALTER TABLE `vtiger_sp_blocks_configuration_seq` ENABLE KEYS */;
UNLOCK TABLES;

--
-- Table structure for table `vtiger_sp_consignment`
--

DROP TABLE IF EXISTS `vtiger_sp_consignment`;
/*!40101 SET @saved_cs_client     = @@character_set_client */;
/*!40101 SET character_set_client = utf8 */;
CREATE TABLE `vtiger_sp_consignment` (
  `consignmentid` int(19) NOT NULL DEFAULT '0',
  `salesorderid` int(19) DEFAULT NULL,
  `invoiceid` int(19) DEFAULT NULL,
  `contactid` int(19) DEFAULT NULL,
  `consignmentdate` date DEFAULT NULL,
  `adjustment` decimal(25,8) DEFAULT NULL,
  `subtotal` decimal(25,8) DEFAULT NULL,
  `total` decimal(25,8) DEFAULT NULL,
  `taxtype` varchar(25) DEFAULT NULL,
  `discount_percent` decimal(25,8) DEFAULT NULL,
  `discount_amount` decimal(25,8) DEFAULT NULL,
  `s_h_amount` decimal(25,8) DEFAULT NULL,
  `shipping` varchar(100) DEFAULT NULL,
  `accountid` int(19) DEFAULT NULL,
  `sp_consignmentstatus` varchar(200) DEFAULT NULL,
  `consignment_no` varchar(100) DEFAULT NULL,
  `currency_id` int(19) NOT NULL DEFAULT '1',
  `conversion_rate` decimal(10,3) NOT NULL DEFAULT '1.000',
  `has_goods_consignment` varchar(3) DEFAULT '0',
  `goods_consignment_no` int(19) DEFAULT NULL,
  `spcompany` varchar(200) CHARACTER SET utf8 COLLATE utf8_unicode_ci DEFAULT 'Default',
  `pre_tax_total` decimal(25,8) DEFAULT NULL,
  `s_h_percent` int(11) DEFAULT NULL,
  `compound_taxes_info` text,
  `region_id` int(19) DEFAULT NULL,
  `tags` varchar(1) DEFAULT NULL,
  `subject` varchar(255) DEFAULT NULL,
  PRIMARY KEY (`consignmentid`),
  CONSTRAINT `fk_crmid_vtiger_sp_consignment` FOREIGN KEY (`consignmentid`) REFERENCES `vtiger_crmentity` (`crmid`) ON DELETE CASCADE
) ENGINE=InnoDB DEFAULT CHARSET=utf8;
/*!40101 SET character_set_client = @saved_cs_client */;

--
-- Dumping data for table `vtiger_sp_consignment`
--

LOCK TABLES `vtiger_sp_consignment` WRITE;
/*!40000 ALTER TABLE `vtiger_sp_consignment` DISABLE KEYS */;
/*!40000 ALTER TABLE `vtiger_sp_consignment` ENABLE KEYS */;
UNLOCK TABLES;

--
-- Table structure for table `vtiger_sp_consignmentbillads`
--

DROP TABLE IF EXISTS `vtiger_sp_consignmentbillads`;
/*!40101 SET @saved_cs_client     = @@character_set_client */;
/*!40101 SET character_set_client = utf8 */;
CREATE TABLE `vtiger_sp_consignmentbillads` (
  `consignmentbilladdressid` int(19) NOT NULL DEFAULT '0',
  `bill_city` varchar(30) DEFAULT NULL,
  `bill_code` varchar(30) DEFAULT NULL,
  `bill_country` varchar(30) DEFAULT NULL,
  `bill_state` varchar(30) DEFAULT NULL,
  `bill_street` varchar(250) DEFAULT NULL,
  `bill_pobox` varchar(30) DEFAULT NULL,
  PRIMARY KEY (`consignmentbilladdressid`),
  CONSTRAINT `fk_1_vtiger_sp_consignmentbillads` FOREIGN KEY (`consignmentbilladdressid`) REFERENCES `vtiger_sp_consignment` (`consignmentid`) ON DELETE CASCADE
) ENGINE=InnoDB DEFAULT CHARSET=utf8;
/*!40101 SET character_set_client = @saved_cs_client */;

--
-- Dumping data for table `vtiger_sp_consignmentbillads`
--

LOCK TABLES `vtiger_sp_consignmentbillads` WRITE;
/*!40000 ALTER TABLE `vtiger_sp_consignmentbillads` DISABLE KEYS */;
/*!40000 ALTER TABLE `vtiger_sp_consignmentbillads` ENABLE KEYS */;
UNLOCK TABLES;

--
-- Table structure for table `vtiger_sp_consignmentcf`
--

DROP TABLE IF EXISTS `vtiger_sp_consignmentcf`;
/*!40101 SET @saved_cs_client     = @@character_set_client */;
/*!40101 SET character_set_client = utf8 */;
CREATE TABLE `vtiger_sp_consignmentcf` (
  `consignmentid` int(19) NOT NULL DEFAULT '0',
  PRIMARY KEY (`consignmentid`),
  CONSTRAINT `fk_1_vtiger_sp_consignmentcf` FOREIGN KEY (`consignmentid`) REFERENCES `vtiger_sp_consignment` (`consignmentid`) ON DELETE CASCADE
) ENGINE=InnoDB DEFAULT CHARSET=utf8;
/*!40101 SET character_set_client = @saved_cs_client */;

--
-- Dumping data for table `vtiger_sp_consignmentcf`
--

LOCK TABLES `vtiger_sp_consignmentcf` WRITE;
/*!40000 ALTER TABLE `vtiger_sp_consignmentcf` DISABLE KEYS */;
/*!40000 ALTER TABLE `vtiger_sp_consignmentcf` ENABLE KEYS */;
UNLOCK TABLES;

--
-- Table structure for table `vtiger_sp_consignmentshipads`
--

DROP TABLE IF EXISTS `vtiger_sp_consignmentshipads`;
/*!40101 SET @saved_cs_client     = @@character_set_client */;
/*!40101 SET character_set_client = utf8 */;
CREATE TABLE `vtiger_sp_consignmentshipads` (
  `consignmentshipaddressid` int(19) NOT NULL DEFAULT '0',
  `ship_city` varchar(30) DEFAULT NULL,
  `ship_code` varchar(30) DEFAULT NULL,
  `ship_country` varchar(30) DEFAULT NULL,
  `ship_state` varchar(30) DEFAULT NULL,
  `ship_street` varchar(250) DEFAULT NULL,
  `ship_pobox` varchar(30) DEFAULT NULL,
  PRIMARY KEY (`consignmentshipaddressid`),
  CONSTRAINT `fk_1_vtiger_sp_consignmentshipads` FOREIGN KEY (`consignmentshipaddressid`) REFERENCES `vtiger_sp_consignment` (`consignmentid`) ON DELETE CASCADE
) ENGINE=InnoDB DEFAULT CHARSET=utf8;
/*!40101 SET character_set_client = @saved_cs_client */;

--
-- Dumping data for table `vtiger_sp_consignmentshipads`
--

LOCK TABLES `vtiger_sp_consignmentshipads` WRITE;
/*!40000 ALTER TABLE `vtiger_sp_consignmentshipads` DISABLE KEYS */;
/*!40000 ALTER TABLE `vtiger_sp_consignmentshipads` ENABLE KEYS */;
UNLOCK TABLES;

--
-- Table structure for table `vtiger_sp_consignmentstatus`
--

DROP TABLE IF EXISTS `vtiger_sp_consignmentstatus`;
/*!40101 SET @saved_cs_client     = @@character_set_client */;
/*!40101 SET character_set_client = utf8 */;
CREATE TABLE `vtiger_sp_consignmentstatus` (
  `sp_consignmentstatusid` int(11) NOT NULL AUTO_INCREMENT,
  `sp_consignmentstatus` varchar(200) NOT NULL,
  `presence` int(1) NOT NULL DEFAULT '1',
  `picklist_valueid` int(11) NOT NULL DEFAULT '0',
  `sortorderid` int(11) DEFAULT '0',
  `color` varchar(10) DEFAULT NULL,
  PRIMARY KEY (`sp_consignmentstatusid`)
) ENGINE=InnoDB AUTO_INCREMENT=3 DEFAULT CHARSET=utf8;
/*!40101 SET character_set_client = @saved_cs_client */;

--
-- Dumping data for table `vtiger_sp_consignmentstatus`
--

LOCK TABLES `vtiger_sp_consignmentstatus` WRITE;
/*!40000 ALTER TABLE `vtiger_sp_consignmentstatus` DISABLE KEYS */;
INSERT INTO `vtiger_sp_consignmentstatus` VALUES (1,'Created',1,304,1,NULL),(2,'Sent',1,305,2,NULL);
/*!40000 ALTER TABLE `vtiger_sp_consignmentstatus` ENABLE KEYS */;
UNLOCK TABLES;

--
-- Table structure for table `vtiger_sp_consignmentstatus_seq`
--

DROP TABLE IF EXISTS `vtiger_sp_consignmentstatus_seq`;
/*!40101 SET @saved_cs_client     = @@character_set_client */;
/*!40101 SET character_set_client = utf8 */;
CREATE TABLE `vtiger_sp_consignmentstatus_seq` (
  `id` int(11) NOT NULL
) ENGINE=InnoDB DEFAULT CHARSET=utf8;
/*!40101 SET character_set_client = @saved_cs_client */;

--
-- Dumping data for table `vtiger_sp_consignmentstatus_seq`
--

LOCK TABLES `vtiger_sp_consignmentstatus_seq` WRITE;
/*!40000 ALTER TABLE `vtiger_sp_consignmentstatus_seq` DISABLE KEYS */;
INSERT INTO `vtiger_sp_consignmentstatus_seq` VALUES (2);
/*!40000 ALTER TABLE `vtiger_sp_consignmentstatus_seq` ENABLE KEYS */;
UNLOCK TABLES;

--
-- Table structure for table `vtiger_sp_consignmentstatushistory`
--

DROP TABLE IF EXISTS `vtiger_sp_consignmentstatushistory`;
/*!40101 SET @saved_cs_client     = @@character_set_client */;
/*!40101 SET character_set_client = utf8 */;
CREATE TABLE `vtiger_sp_consignmentstatushistory` (
  `historyid` int(19) NOT NULL AUTO_INCREMENT,
  `consignmentid` int(19) NOT NULL,
  `accountname` varchar(100) DEFAULT NULL,
  `total` decimal(10,0) DEFAULT NULL,
  `sp_consignmentstatus` varchar(200) DEFAULT NULL,
  `lastmodified` datetime DEFAULT NULL,
  PRIMARY KEY (`historyid`),
  KEY `sp_consignmentstatushistory_consignmentid_idx` (`consignmentid`),
  CONSTRAINT `fk_1_vtiger_sp_consignmentstatushistory` FOREIGN KEY (`consignmentid`) REFERENCES `vtiger_sp_consignment` (`consignmentid`) ON DELETE CASCADE
) ENGINE=InnoDB DEFAULT CHARSET=utf8;
/*!40101 SET character_set_client = @saved_cs_client */;

--
-- Dumping data for table `vtiger_sp_consignmentstatushistory`
--

LOCK TABLES `vtiger_sp_consignmentstatushistory` WRITE;
/*!40000 ALTER TABLE `vtiger_sp_consignmentstatushistory` DISABLE KEYS */;
/*!40000 ALTER TABLE `vtiger_sp_consignmentstatushistory` ENABLE KEYS */;
UNLOCK TABLES;

--
-- Table structure for table `vtiger_sp_socialconnector`
--

DROP TABLE IF EXISTS `vtiger_sp_socialconnector`;
/*!40101 SET @saved_cs_client     = @@character_set_client */;
/*!40101 SET character_set_client = utf8 */;
CREATE TABLE `vtiger_sp_socialconnector` (
  `socialconnectorid` int(11) DEFAULT '0',
  `message` text,
  `type` varchar(255) DEFAULT NULL,
  `vk_status` varchar(255) DEFAULT NULL,
  `tw_status` varchar(255) DEFAULT NULL,
  `vk_message_id` varchar(255) DEFAULT NULL,
  `tw_message_id` varchar(255) DEFAULT NULL,
  `message_datetime` datetime NOT NULL,
  `tags` varchar(1) DEFAULT NULL,
  KEY `fk_crmid_vtiger_sp_socialconnector` (`socialconnectorid`),
  CONSTRAINT `fk_crmid_vtiger_sp_socialconnector` FOREIGN KEY (`socialconnectorid`) REFERENCES `vtiger_crmentity` (`crmid`) ON DELETE CASCADE
) ENGINE=InnoDB DEFAULT CHARSET=utf8;
/*!40101 SET character_set_client = @saved_cs_client */;

--
-- Dumping data for table `vtiger_sp_socialconnector`
--

LOCK TABLES `vtiger_sp_socialconnector` WRITE;
/*!40000 ALTER TABLE `vtiger_sp_socialconnector` DISABLE KEYS */;
/*!40000 ALTER TABLE `vtiger_sp_socialconnector` ENABLE KEYS */;
UNLOCK TABLES;

--
-- Table structure for table `vtiger_sp_socialconnector_providers`
--

DROP TABLE IF EXISTS `vtiger_sp_socialconnector_providers`;
/*!40101 SET @saved_cs_client     = @@character_set_client */;
/*!40101 SET character_set_client = utf8 */;
CREATE TABLE `vtiger_sp_socialconnector_providers` (
  `id` int(11) NOT NULL,
  `provider_name` varchar(45) NOT NULL,
  `provider_domen` varchar(45) DEFAULT NULL,
  PRIMARY KEY (`id`)
) ENGINE=InnoDB DEFAULT CHARSET=utf8;
/*!40101 SET character_set_client = @saved_cs_client */;

--
-- Dumping data for table `vtiger_sp_socialconnector_providers`
--

LOCK TABLES `vtiger_sp_socialconnector_providers` WRITE;
/*!40000 ALTER TABLE `vtiger_sp_socialconnector_providers` DISABLE KEYS */;
INSERT INTO `vtiger_sp_socialconnector_providers` VALUES (1,'Vkontakte','vk.com'),(2,'Twitter','twitter.com');
/*!40000 ALTER TABLE `vtiger_sp_socialconnector_providers` ENABLE KEYS */;
UNLOCK TABLES;

--
-- Table structure for table `vtiger_sp_socialconnector_settings`
--

DROP TABLE IF EXISTS `vtiger_sp_socialconnector_settings`;
/*!40101 SET @saved_cs_client     = @@character_set_client */;
/*!40101 SET character_set_client = utf8 */;
CREATE TABLE `vtiger_sp_socialconnector_settings` (
  `key` varchar(255) DEFAULT NULL,
  `value` varchar(255) DEFAULT NULL
) ENGINE=InnoDB DEFAULT CHARSET=utf8;
/*!40101 SET character_set_client = @saved_cs_client */;

--
-- Dumping data for table `vtiger_sp_socialconnector_settings`
--

LOCK TABLES `vtiger_sp_socialconnector_settings` WRITE;
/*!40000 ALTER TABLE `vtiger_sp_socialconnector_settings` DISABLE KEYS */;
INSERT INTO `vtiger_sp_socialconnector_settings` VALUES ('vk_app_id',''),('vk_app_secret',''),('vk_access_token',''),('tw_app_key',''),('tw_app_secret','');
/*!40000 ALTER TABLE `vtiger_sp_socialconnector_settings` ENABLE KEYS */;
UNLOCK TABLES;

--
-- Table structure for table `vtiger_sp_socialconnectorcf`
--

DROP TABLE IF EXISTS `vtiger_sp_socialconnectorcf`;
/*!40101 SET @saved_cs_client     = @@character_set_client */;
/*!40101 SET character_set_client = utf8 */;
CREATE TABLE `vtiger_sp_socialconnectorcf` (
  `socialconnectorid` int(11) NOT NULL,
  PRIMARY KEY (`socialconnectorid`),
  CONSTRAINT `fk_socialconnectorid_vtiger_sp_socialconnectorcf` FOREIGN KEY (`socialconnectorid`) REFERENCES `vtiger_sp_socialconnector` (`socialconnectorid`) ON DELETE CASCADE
) ENGINE=InnoDB DEFAULT CHARSET=utf8;
/*!40101 SET character_set_client = @saved_cs_client */;

--
-- Dumping data for table `vtiger_sp_socialconnectorcf`
--

LOCK TABLES `vtiger_sp_socialconnectorcf` WRITE;
/*!40000 ALTER TABLE `vtiger_sp_socialconnectorcf` DISABLE KEYS */;
/*!40000 ALTER TABLE `vtiger_sp_socialconnectorcf` ENABLE KEYS */;
UNLOCK TABLES;

--
-- Table structure for table `vtiger_sp_voip_default_provider`
--

DROP TABLE IF EXISTS `vtiger_sp_voip_default_provider`;
/*!40101 SET @saved_cs_client     = @@character_set_client */;
/*!40101 SET character_set_client = utf8 */;
CREATE TABLE `vtiger_sp_voip_default_provider` (
  `default_provider` varchar(255) DEFAULT NULL
) ENGINE=InnoDB DEFAULT CHARSET=utf8;
/*!40101 SET character_set_client = @saved_cs_client */;

--
-- Dumping data for table `vtiger_sp_voip_default_provider`
--

LOCK TABLES `vtiger_sp_voip_default_provider` WRITE;
/*!40000 ALTER TABLE `vtiger_sp_voip_default_provider` DISABLE KEYS */;
INSERT INTO `vtiger_sp_voip_default_provider` VALUES ('zadarma');
/*!40000 ALTER TABLE `vtiger_sp_voip_default_provider` ENABLE KEYS */;
UNLOCK TABLES;

--
-- Table structure for table `vtiger_sp_voipintegration_settings`
--

DROP TABLE IF EXISTS `vtiger_sp_voipintegration_settings`;
/*!40101 SET @saved_cs_client     = @@character_set_client */;
/*!40101 SET character_set_client = utf8 */;
CREATE TABLE `vtiger_sp_voipintegration_settings` (
  `id` int(19) DEFAULT NULL,
  `provider_name` varchar(255) DEFAULT NULL,
  `field_name` varchar(255) DEFAULT NULL,
  `field_label` varchar(255) DEFAULT NULL,
  `field_value` varchar(255) DEFAULT NULL,
  UNIQUE KEY `field_name` (`field_name`)
) ENGINE=InnoDB DEFAULT CHARSET=utf8;
/*!40101 SET character_set_client = @saved_cs_client */;

--
-- Dumping data for table `vtiger_sp_voipintegration_settings`
--

LOCK TABLES `vtiger_sp_voipintegration_settings` WRITE;
/*!40000 ALTER TABLE `vtiger_sp_voipintegration_settings` DISABLE KEYS */;
INSERT INTO `vtiger_sp_voipintegration_settings` VALUES (1,'zadarma','zadarma_secret','Zadarma secret','600e4b899e15d84e9fb8'),(2,'zadarma','zadarma_key','Zadarma key','d8b50bd87cf98e8ca36b'),(3,'gravitel','gravitel_url','Gravitel API url',''),(4,'gravitel','gravitel_key','Gravitel key',''),(5,'gravitel','crm_key','Gravitel CRM key',''),(6,'zadarma','zadarma_ip','Zadarma IP','217.68.43.35'),(7,'zebra','zebra_login','ZebraTelecom login',''),(8,'zebra','zebra_password','ZebraTelecom Password',''),(9,'zebra','zebra_realm','ZebraTelecom Realm',''),(10,'megafon','megafon_url','Megafon API url',''),(11,'megafon','megafon_key','Megafon key',''),(12,'megafon','megafon_crm_key','Megafon CRM key',''),(13,'mango','mango_secret','Key for sign',''),(14,'mango','mango_key','CRM id',''),(16,'mango','mango_url','Mango API url','https://app.mango-office.ru/vpbx'),(17,'uiscom','uiscom_access_token','UIScom access token',''),(18,'uiscom','uiscom_api_url','UIScom API URL','https://callapi.uiscom.ru/v4.0'),(20,'telphin','telphin_app_id','Telphin app id',''),(21,'telphin','telphin_app_secret','Telphin app secret',''),(22,'telphin','telphin_api_url','Telphin API url','https://apiproxy.telphin.ru/'),(23,'yandex','yandex_api_key','Yandex api key',''),(24,'yandex','yandex_default_outgoing','Yandex default outgoing number',''),(25,'yandex','yandex_api_url','Yandex API URL','https://api.yandex.mightycall.ru/'),(26,'domru','domru_url','Dom.Ru API url',''),(27,'domru','domru_key','Dom.Ru key',''),(28,'domru','domru_crm_key','Dom.Ru CRM key',''),(29,'westcall_spb','westcall_spb_url','WestCall SPB API url',''),(30,'westcall_spb','westcall_spb_key','WestCall SPB key',''),(31,'westcall_spb','westcall_spb_crm_key','WestCall SPB CRM key',''),(32,'mcn','mcn_crm_token','MCN crm token',''),(33,'mcn','mcn_api_url','MCN API url','https://api.mcn.ru/v2/rest/'),(34,'mcn','mcn_api_token','MCN api token',''),(35,'mcn','mcn_account_id','MCN accound id',''),(36,'mcn','mcn_pbx_id','MCN PBX id',''),(37,'rostelecom','rostelecom_identification_key','Rostelecom Identification Key',''),(38,'rostelecom','rostelecom_sign_key','Rostelecom Signature Key',''),(39,'rostelecom','rostelecom_default_outgoing','Rostelecom default outgoing number',''),(40,'rostelecom','rostelecom_api_url','Rostelecom API URL','https://api.cloudpbx.rt.ru/'),(41,'sipuni','sipuni_url','Sipuni API url','https://sipuni.com/api/'),(42,'sipuni','sipuni_id','Sipuni user',''),(43,'sipuni','sipuni_key','Sipuni key',''),(45,'zebra','zebra_api_url','Zebra API URL','http://api.zebratelecom.ru/v1/kazoos/');
/*!40000 ALTER TABLE `vtiger_sp_voipintegration_settings` ENABLE KEYS */;
UNLOCK TABLES;

--
-- Table structure for table `vtiger_spcompany`
--

DROP TABLE IF EXISTS `vtiger_spcompany`;
/*!40101 SET @saved_cs_client     = @@character_set_client */;
/*!40101 SET character_set_client = utf8 */;
CREATE TABLE `vtiger_spcompany` (
  `spcompanyid` int(19) NOT NULL AUTO_INCREMENT,
  `spcompany` varchar(200) COLLATE utf8_unicode_ci NOT NULL,
  `presence` int(1) NOT NULL DEFAULT '1',
  `picklist_valueid` int(19) NOT NULL DEFAULT '0',
  `sortorderid` int(1) DEFAULT NULL,
  `color` varchar(10) COLLATE utf8_unicode_ci DEFAULT NULL,
  PRIMARY KEY (`spcompanyid`),
  UNIQUE KEY `sp_spcompany_idx` (`spcompany`)
) ENGINE=InnoDB AUTO_INCREMENT=2 DEFAULT CHARSET=utf8 COLLATE=utf8_unicode_ci;
/*!40101 SET character_set_client = @saved_cs_client */;

--
-- Dumping data for table `vtiger_spcompany`
--

LOCK TABLES `vtiger_spcompany` WRITE;
/*!40000 ALTER TABLE `vtiger_spcompany` DISABLE KEYS */;
INSERT INTO `vtiger_spcompany` VALUES (1,'Default',1,321,1,NULL);
/*!40000 ALTER TABLE `vtiger_spcompany` ENABLE KEYS */;
UNLOCK TABLES;

--
-- Table structure for table `vtiger_spcompany_seq`
--

DROP TABLE IF EXISTS `vtiger_spcompany_seq`;
/*!40101 SET @saved_cs_client     = @@character_set_client */;
/*!40101 SET character_set_client = utf8 */;
CREATE TABLE `vtiger_spcompany_seq` (
  `id` int(11) NOT NULL
) ENGINE=MyISAM DEFAULT CHARSET=utf8;
/*!40101 SET character_set_client = @saved_cs_client */;

--
-- Dumping data for table `vtiger_spcompany_seq`
--

LOCK TABLES `vtiger_spcompany_seq` WRITE;
/*!40000 ALTER TABLE `vtiger_spcompany_seq` DISABLE KEYS */;
INSERT INTO `vtiger_spcompany_seq` VALUES (1);
/*!40000 ALTER TABLE `vtiger_spcompany_seq` ENABLE KEYS */;
UNLOCK TABLES;

--
-- Table structure for table `vtiger_spstatus`
--

DROP TABLE IF EXISTS `vtiger_spstatus`;
/*!40101 SET @saved_cs_client     = @@character_set_client */;
/*!40101 SET character_set_client = utf8 */;
CREATE TABLE `vtiger_spstatus` (
  `spstatusid` int(11) NOT NULL AUTO_INCREMENT,
  `spstatus` varchar(200) NOT NULL,
  `presence` int(1) NOT NULL DEFAULT '1',
  `picklist_valueid` int(11) NOT NULL DEFAULT '0',
  `sortorderid` int(11) DEFAULT '0',
  `color` varchar(10) DEFAULT NULL,
  PRIMARY KEY (`spstatusid`)
) ENGINE=InnoDB AUTO_INCREMENT=5 DEFAULT CHARSET=utf8;
/*!40101 SET character_set_client = @saved_cs_client */;

--
-- Dumping data for table `vtiger_spstatus`
--

LOCK TABLES `vtiger_spstatus` WRITE;
/*!40000 ALTER TABLE `vtiger_spstatus` DISABLE KEYS */;
INSERT INTO `vtiger_spstatus` VALUES (1,'Executed',1,300,1,NULL),(2,'Scheduled',1,301,2,NULL),(3,'Canceled',1,302,3,NULL),(4,'Delayed',1,303,4,NULL);
/*!40000 ALTER TABLE `vtiger_spstatus` ENABLE KEYS */;
UNLOCK TABLES;

--
-- Table structure for table `vtiger_spstatus_seq`
--

DROP TABLE IF EXISTS `vtiger_spstatus_seq`;
/*!40101 SET @saved_cs_client     = @@character_set_client */;
/*!40101 SET character_set_client = utf8 */;
CREATE TABLE `vtiger_spstatus_seq` (
  `id` int(11) NOT NULL
) ENGINE=InnoDB DEFAULT CHARSET=utf8;
/*!40101 SET character_set_client = @saved_cs_client */;

--
-- Dumping data for table `vtiger_spstatus_seq`
--

LOCK TABLES `vtiger_spstatus_seq` WRITE;
/*!40000 ALTER TABLE `vtiger_spstatus_seq` DISABLE KEYS */;
INSERT INTO `vtiger_spstatus_seq` VALUES (4);
/*!40000 ALTER TABLE `vtiger_spstatus_seq` ENABLE KEYS */;
UNLOCK TABLES;

--
-- Table structure for table `vtiger_sqltimelog`
--

DROP TABLE IF EXISTS `vtiger_sqltimelog`;
/*!40101 SET @saved_cs_client     = @@character_set_client */;
/*!40101 SET character_set_client = utf8 */;
CREATE TABLE `vtiger_sqltimelog` (
  `id` int(11) DEFAULT NULL,
  `type` varchar(10) DEFAULT NULL,
  `data` text,
  `started` decimal(20,6) DEFAULT NULL,
  `ended` decimal(20,6) DEFAULT NULL,
  `loggedon` datetime DEFAULT NULL
) ENGINE=InnoDB DEFAULT CHARSET=utf8;
/*!40101 SET character_set_client = @saved_cs_client */;

--
-- Dumping data for table `vtiger_sqltimelog`
--

LOCK TABLES `vtiger_sqltimelog` WRITE;
/*!40000 ALTER TABLE `vtiger_sqltimelog` DISABLE KEYS */;
/*!40000 ALTER TABLE `vtiger_sqltimelog` ENABLE KEYS */;
UNLOCK TABLES;

--
-- Table structure for table `vtiger_start_hour`
--

DROP TABLE IF EXISTS `vtiger_start_hour`;
/*!40101 SET @saved_cs_client     = @@character_set_client */;
/*!40101 SET character_set_client = utf8 */;
CREATE TABLE `vtiger_start_hour` (
  `start_hourid` int(11) NOT NULL AUTO_INCREMENT,
  `start_hour` varchar(200) NOT NULL,
  `sortorderid` int(11) DEFAULT NULL,
  `presence` int(11) NOT NULL DEFAULT '1',
  PRIMARY KEY (`start_hourid`)
) ENGINE=InnoDB AUTO_INCREMENT=25 DEFAULT CHARSET=utf8;
/*!40101 SET character_set_client = @saved_cs_client */;

--
-- Dumping data for table `vtiger_start_hour`
--

LOCK TABLES `vtiger_start_hour` WRITE;
/*!40000 ALTER TABLE `vtiger_start_hour` DISABLE KEYS */;
INSERT INTO `vtiger_start_hour` VALUES (1,'00:00',0,1),(2,'01:00',1,1),(3,'02:00',2,1),(4,'03:00',3,1),(5,'04:00',4,1),(6,'05:00',5,1),(7,'06:00',6,1),(8,'07:00',7,1),(9,'08:00',8,1),(10,'09:00',9,1),(11,'10:00',10,1),(12,'11:00',11,1),(13,'12:00',12,1),(14,'13:00',13,1),(15,'14:00',14,1),(16,'15:00',15,1),(17,'16:00',16,1),(18,'17:00',17,1),(19,'18:00',18,1),(20,'19:00',19,1),(21,'20:00',20,1),(22,'21:00',21,1),(23,'22:00',22,1),(24,'23:00',23,1);
/*!40000 ALTER TABLE `vtiger_start_hour` ENABLE KEYS */;
UNLOCK TABLES;

--
-- Table structure for table `vtiger_start_hour_seq`
--

DROP TABLE IF EXISTS `vtiger_start_hour_seq`;
/*!40101 SET @saved_cs_client     = @@character_set_client */;
/*!40101 SET character_set_client = utf8 */;
CREATE TABLE `vtiger_start_hour_seq` (
  `id` int(11) NOT NULL
) ENGINE=InnoDB DEFAULT CHARSET=utf8;
/*!40101 SET character_set_client = @saved_cs_client */;

--
-- Dumping data for table `vtiger_start_hour_seq`
--

LOCK TABLES `vtiger_start_hour_seq` WRITE;
/*!40000 ALTER TABLE `vtiger_start_hour_seq` DISABLE KEYS */;
INSERT INTO `vtiger_start_hour_seq` VALUES (24);
/*!40000 ALTER TABLE `vtiger_start_hour_seq` ENABLE KEYS */;
UNLOCK TABLES;

--
-- Table structure for table `vtiger_status`
--

DROP TABLE IF EXISTS `vtiger_status`;
/*!40101 SET @saved_cs_client     = @@character_set_client */;
/*!40101 SET character_set_client = utf8 */;
CREATE TABLE `vtiger_status` (
  `statusid` int(19) NOT NULL AUTO_INCREMENT,
  `status` varchar(200) NOT NULL,
  `presence` int(1) NOT NULL DEFAULT '1',
  `picklist_valueid` int(19) NOT NULL DEFAULT '0',
  PRIMARY KEY (`statusid`)
) ENGINE=InnoDB AUTO_INCREMENT=3 DEFAULT CHARSET=utf8;
/*!40101 SET character_set_client = @saved_cs_client */;

--
-- Dumping data for table `vtiger_status`
--

LOCK TABLES `vtiger_status` WRITE;
/*!40000 ALTER TABLE `vtiger_status` DISABLE KEYS */;
INSERT INTO `vtiger_status` VALUES (1,'Active',0,1),(2,'Inactive',1,1);
/*!40000 ALTER TABLE `vtiger_status` ENABLE KEYS */;
UNLOCK TABLES;

--
-- Table structure for table `vtiger_status_seq`
--

DROP TABLE IF EXISTS `vtiger_status_seq`;
/*!40101 SET @saved_cs_client     = @@character_set_client */;
/*!40101 SET character_set_client = utf8 */;
CREATE TABLE `vtiger_status_seq` (
  `id` int(11) NOT NULL
) ENGINE=InnoDB DEFAULT CHARSET=utf8;
/*!40101 SET character_set_client = @saved_cs_client */;

--
-- Dumping data for table `vtiger_status_seq`
--

LOCK TABLES `vtiger_status_seq` WRITE;
/*!40000 ALTER TABLE `vtiger_status_seq` DISABLE KEYS */;
INSERT INTO `vtiger_status_seq` VALUES (2);
/*!40000 ALTER TABLE `vtiger_status_seq` ENABLE KEYS */;
UNLOCK TABLES;

--
-- Table structure for table `vtiger_systems`
--

DROP TABLE IF EXISTS `vtiger_systems`;
/*!40101 SET @saved_cs_client     = @@character_set_client */;
/*!40101 SET character_set_client = utf8 */;
CREATE TABLE `vtiger_systems` (
  `id` int(19) NOT NULL,
  `server` varchar(100) DEFAULT NULL,
  `server_port` int(19) DEFAULT NULL,
  `server_username` varchar(100) DEFAULT NULL,
  `server_password` varchar(100) DEFAULT NULL,
  `server_type` varchar(20) DEFAULT NULL,
  `smtp_auth` varchar(5) DEFAULT NULL,
  `server_path` varchar(256) DEFAULT NULL,
  `from_email_field` varchar(50) DEFAULT NULL,
  `server_tls` varchar(20) DEFAULT NULL,
  `from_name` varchar(200) DEFAULT NULL,
  `use_sendmail` varchar(5) DEFAULT NULL,
  `use_mail_account` varchar(5) DEFAULT NULL,
  PRIMARY KEY (`id`)
) ENGINE=InnoDB DEFAULT CHARSET=utf8;
/*!40101 SET character_set_client = @saved_cs_client */;

--
-- Dumping data for table `vtiger_systems`
--

LOCK TABLES `vtiger_systems` WRITE;
/*!40000 ALTER TABLE `vtiger_systems` DISABLE KEYS */;
INSERT INTO `vtiger_systems` VALUES (1,'mail.lgstmail.ru',25,'noreply.crm@lgstmail.ru','L0bster_7326652','email','true',NULL,'noreply.crm@lgstmail.ru','tls','noreply.crm@lgstmail.ru','on',NULL);
/*!40000 ALTER TABLE `vtiger_systems` ENABLE KEYS */;
UNLOCK TABLES;

--
-- Table structure for table `vtiger_systems_seq`
--

DROP TABLE IF EXISTS `vtiger_systems_seq`;
/*!40101 SET @saved_cs_client     = @@character_set_client */;
/*!40101 SET character_set_client = utf8 */;
CREATE TABLE `vtiger_systems_seq` (
  `id` int(11) NOT NULL
) ENGINE=InnoDB DEFAULT CHARSET=utf8;
/*!40101 SET character_set_client = @saved_cs_client */;

--
-- Dumping data for table `vtiger_systems_seq`
--

LOCK TABLES `vtiger_systems_seq` WRITE;
/*!40000 ALTER TABLE `vtiger_systems_seq` DISABLE KEYS */;
INSERT INTO `vtiger_systems_seq` VALUES (1);
/*!40000 ALTER TABLE `vtiger_systems_seq` ENABLE KEYS */;
UNLOCK TABLES;

--
-- Table structure for table `vtiger_tab`
--

DROP TABLE IF EXISTS `vtiger_tab`;
/*!40101 SET @saved_cs_client     = @@character_set_client */;
/*!40101 SET character_set_client = utf8 */;
CREATE TABLE `vtiger_tab` (
  `tabid` int(19) NOT NULL DEFAULT '0',
  `name` varchar(25) NOT NULL,
  `presence` int(19) NOT NULL DEFAULT '1',
  `tabsequence` int(10) DEFAULT NULL,
  `tablabel` varchar(100) DEFAULT NULL,
  `modifiedby` int(19) DEFAULT NULL,
  `modifiedtime` int(19) DEFAULT NULL,
  `customized` int(19) DEFAULT NULL,
  `ownedby` int(19) DEFAULT NULL,
  `isentitytype` int(11) NOT NULL DEFAULT '1',
  `trial` int(1) NOT NULL DEFAULT '0',
  `version` varchar(10) DEFAULT NULL,
  `parent` varchar(30) DEFAULT NULL,
  `source` varchar(255) DEFAULT 'custom',
  `issyncable` tinyint(1) DEFAULT '0',
  `allowduplicates` tinyint(1) DEFAULT '1',
  `sync_action_for_duplicates` int(1) DEFAULT '1',
  PRIMARY KEY (`tabid`),
  UNIQUE KEY `tab_name_idx` (`name`),
  KEY `tab_modifiedby_idx` (`modifiedby`),
  KEY `tab_tabid_idx` (`tabid`)
) ENGINE=InnoDB DEFAULT CHARSET=utf8;
/*!40101 SET character_set_client = @saved_cs_client */;

--
-- Dumping data for table `vtiger_tab`
--

LOCK TABLES `vtiger_tab` WRITE;
/*!40000 ALTER TABLE `vtiger_tab` DISABLE KEYS */;
INSERT INTO `vtiger_tab` VALUES (1,'Dashboard',0,12,'Dashboards',NULL,NULL,0,1,0,0,NULL,'Analytics',NULL,1,1,1),(2,'Potentials',0,7,'Potentials',NULL,NULL,0,0,1,0,NULL,'Sales',NULL,1,1,1),(3,'Home',0,1,'Home',NULL,NULL,0,1,0,0,NULL,NULL,NULL,1,1,1),(4,'Contacts',0,6,'Contacts',NULL,NULL,0,0,1,0,NULL,'Sales',NULL,1,1,1),(6,'Accounts',0,5,'Accounts',NULL,NULL,0,0,1,0,NULL,'Sales',NULL,1,0,1),(7,'Leads',0,4,'Leads',NULL,NULL,0,0,1,0,NULL,'Sales',NULL,1,1,1),(8,'Documents',0,9,'Documents',NULL,NULL,0,0,1,0,NULL,'Tools',NULL,1,1,1),(9,'Calendar',0,3,'Calendar',NULL,NULL,0,0,1,0,NULL,'Tools',NULL,1,1,1),(10,'Emails',0,10,'Emails',NULL,NULL,0,1,1,0,NULL,'Tools',NULL,1,1,1),(13,'HelpDesk',0,11,'HelpDesk',NULL,NULL,0,0,1,0,NULL,'Support',NULL,1,1,1),(14,'Products',0,8,'Products',NULL,NULL,0,0,1,0,NULL,'Inventory',NULL,1,1,1),(15,'Faq',0,-1,'Faq',NULL,NULL,0,1,1,0,NULL,'Support',NULL,1,1,1),(16,'Events',2,-1,'Events',NULL,NULL,0,0,1,0,NULL,NULL,NULL,1,1,1),(18,'Vendors',0,-1,'Vendors',NULL,NULL,0,0,1,0,NULL,'Inventory',NULL,1,1,1),(19,'PriceBooks',0,-1,'PriceBooks',NULL,NULL,0,1,1,0,NULL,'Inventory',NULL,1,1,1),(20,'Quotes',0,-1,'Quotes',NULL,NULL,0,0,1,0,NULL,'Sales',NULL,1,1,1),(21,'PurchaseOrder',0,-1,'PurchaseOrder',NULL,NULL,0,0,1,0,NULL,'Inventory',NULL,1,1,1),(22,'SalesOrder',0,-1,'SalesOrder',NULL,NULL,0,0,1,0,NULL,'Sales',NULL,1,1,1),(23,'Invoice',0,-1,'Invoice',NULL,NULL,0,0,1,0,NULL,'Sales',NULL,1,1,1),(24,'Rss',0,-1,'Rss',NULL,NULL,0,1,0,0,NULL,'Tools',NULL,1,1,1),(25,'Reports',0,-1,'Reports',NULL,NULL,0,1,0,0,NULL,'Analytics',NULL,1,1,1),(26,'Campaigns',0,-1,'Campaigns',NULL,NULL,0,0,1,0,NULL,'Marketing',NULL,1,1,1),(27,'Portal',0,-1,'Portal',NULL,NULL,0,1,0,0,NULL,'Tools',NULL,1,1,1),(28,'Webmails',0,-1,'Webmails',NULL,NULL,0,1,1,0,NULL,NULL,NULL,1,1,1),(29,'Users',0,-1,'Users',NULL,NULL,0,1,0,0,NULL,NULL,NULL,1,1,1),(30,'SPPDFTemplates',0,-1,'PDF Templates',NULL,NULL,0,1,0,0,'','Tools',NULL,1,1,1),(31,'Services',0,-1,'Services',NULL,NULL,0,0,1,0,'2.6','Inventory',NULL,1,1,1),(32,'WSAPP',0,-1,'WSAPP',NULL,NULL,1,0,0,0,'3.4.4','',NULL,1,1,1),(33,'Import',0,-1,'Import',NULL,NULL,1,0,0,0,'1.7','',NULL,1,1,1),(34,'ModTracker',0,-1,'ModTracker',NULL,NULL,0,0,0,0,'1.2','',NULL,1,1,1),(35,'PBXManager',0,-1,'PBXManager',NULL,NULL,1,0,1,0,'2.2','Tools',NULL,1,1,1),(36,'ServiceContracts',0,-1,'Service Contracts',NULL,NULL,0,0,1,0,'2.4','Support',NULL,1,1,1),(37,'Mobile',0,-1,'Mobile',NULL,NULL,1,0,0,0,'2.0','',NULL,1,1,1),(38,'MailManager',0,-1,'MailManager',NULL,NULL,1,0,0,0,'1.9','Tools',NULL,1,1,1),(39,'Search',0,-1,'Global Search',NULL,NULL,0,0,0,0,'3.10','',NULL,1,1,1),(40,'ModComments',0,-1,'Comments',NULL,NULL,0,0,1,0,'2.1','',NULL,1,1,1),(41,'SPDynamicBlocks',0,-1,'SPDynamicBlocks',NULL,NULL,1,0,0,0,'0','',NULL,1,1,1),(42,'Assets',0,-1,'Assets',NULL,NULL,0,0,1,0,'2.0','Inventory',NULL,1,1,1),(43,'SPCMLConnector',0,-1,'SPCMLConnector',NULL,NULL,1,0,0,0,'1.0','',NULL,1,1,1),(44,'EmailTemplates',0,-1,'Email Templates',NULL,NULL,1,0,0,0,'1.0','Tools',NULL,1,1,1),(45,'SPSocialConnector',0,-1,'SPSocialConnector',NULL,NULL,1,0,1,0,'1.1','Tools',NULL,1,1,1),(46,'SMSNotifier',0,-1,'SMSNotifier',NULL,NULL,0,0,1,0,'2.1','Sales',NULL,1,1,1),(47,'SPKladr',0,-1,'SPKladr',NULL,NULL,1,0,0,0,'1.0','',NULL,1,1,1),(48,'SPVoipIntegration',0,-1,'SPVoipIntegration',NULL,NULL,1,0,0,0,'0','',NULL,1,1,1),(49,'Google',0,-1,'Google',NULL,NULL,0,0,0,0,'1.5','',NULL,1,1,1),(50,'SPUnits',0,-1,'SPUnits',NULL,NULL,0,0,1,0,'1.1','Inventory',NULL,1,1,1),(51,'Webforms',0,-1,'Webforms',NULL,NULL,0,0,0,0,'1.6','',NULL,1,1,1),(52,'SPTips',0,-1,'SPTips',NULL,NULL,1,0,0,0,'1.0.0','',NULL,1,1,1),(53,'RecycleBin',0,-1,'Recycle Bin',NULL,NULL,0,0,0,0,'1.5','Tools',NULL,1,1,1),(54,'ProjectMilestone',0,-1,'ProjectMilestone',NULL,NULL,0,0,1,0,'3.0','Support',NULL,1,1,1),(55,'ProjectTask',0,-1,'ProjectTask',NULL,NULL,0,0,1,0,'3.1','Support',NULL,1,1,1),(56,'Project',0,-1,'Project',NULL,NULL,0,0,1,0,'3.3','Support',NULL,1,1,1),(57,'Act',0,-1,'Act',NULL,NULL,0,0,1,0,'1.6','Sales',NULL,1,1,1),(58,'SPPayments',0,-1,'SPPayments',NULL,NULL,0,0,1,0,'1.2','Sales',NULL,1,1,1),(59,'Consignment',0,-1,'Consignment',NULL,NULL,0,0,1,0,'1.6','Sales',NULL,1,1,1),(60,'CustomerPortal',0,-1,'CustomerPortal',NULL,NULL,0,0,0,0,'1.4','',NULL,1,1,1),(61,'ExtensionStore',0,-1,'Extension Store',NULL,NULL,1,0,0,0,'1.2',NULL,NULL,1,1,1);
/*!40000 ALTER TABLE `vtiger_tab` ENABLE KEYS */;
UNLOCK TABLES;

--
-- Table structure for table `vtiger_tab_info`
--

DROP TABLE IF EXISTS `vtiger_tab_info`;
/*!40101 SET @saved_cs_client     = @@character_set_client */;
/*!40101 SET character_set_client = utf8 */;
CREATE TABLE `vtiger_tab_info` (
  `tabid` int(19) DEFAULT NULL,
  `prefname` varchar(256) DEFAULT NULL,
  `prefvalue` varchar(256) DEFAULT NULL,
  KEY `fk_1_vtiger_tab_info` (`tabid`),
  CONSTRAINT `fk_1_vtiger_tab_info` FOREIGN KEY (`tabid`) REFERENCES `vtiger_tab` (`tabid`) ON DELETE CASCADE ON UPDATE CASCADE
) ENGINE=InnoDB DEFAULT CHARSET=utf8;
/*!40101 SET character_set_client = @saved_cs_client */;

--
-- Dumping data for table `vtiger_tab_info`
--

LOCK TABLES `vtiger_tab_info` WRITE;
/*!40000 ALTER TABLE `vtiger_tab_info` DISABLE KEYS */;
INSERT INTO `vtiger_tab_info` VALUES (31,'vtiger_min_version','6.0.0rc'),(31,'vtiger_max_version','7.*'),(32,'vtiger_min_version','6.0.0rc'),(33,'vtiger_min_version','6.0.0rc'),(33,'vtiger_max_version','7.*'),(34,'vtiger_min_version','6.0.0rc'),(35,'vtiger_min_version','6.0.0'),(35,'vtiger_max_version','7.*'),(36,'vtiger_min_version','6.0.0rc'),(37,'vtiger_min_version','6.0.0rc'),(38,'vtiger_min_version','6.0.0RC'),(39,'vtiger_min_version','6.0.0'),(39,'vtiger_max_version','6.*'),(40,'vtiger_min_version','6.0.0rc'),(40,'vtiger_max_version','7.*'),(41,'vtiger_min_version','7.0.0'),(41,'vtiger_max_version','7.*'),(42,'vtiger_min_version','6.0.0rc'),(42,'vtiger_max_version','7.*'),(43,'vtiger_min_version','6.0.0rc'),(43,'vtiger_max_version','6.*'),(44,'vtiger_min_version','6.0.0rc'),(44,'vtiger_max_version','7.*'),(45,'vtiger_min_version','6.0.0'),(45,'vtiger_max_version','6.*'),(46,'vtiger_min_version','6.0.0'),(46,'vtiger_max_version','7.*'),(47,'vtiger_min_version','6.1'),(47,'vtiger_max_version','6.*'),(48,'vtiger_min_version','7.0.0'),(48,'vtiger_max_version','7.*'),(49,'vtiger_min_version','6.0.0rc'),(49,'vtiger_max_version','7.*'),(50,'vtiger_min_version','6.0.0'),(50,'vtiger_max_version','6.*'),(51,'vtiger_min_version','6.0.0rc'),(51,'vtiger_max_version','7.*'),(52,'vtiger_min_version','7.0'),(52,'vtiger_max_version','7.*'),(53,'vtiger_min_version','6.0.0rc'),(53,'vtiger_max_version','7.*'),(54,'vtiger_min_version','6.0.0rc'),(54,'vtiger_max_version','7.*'),(55,'vtiger_min_version','6.0.0rc'),(56,'vtiger_min_version','6.0.0rc'),(57,'vtiger_min_version','6.0.0'),(57,'vtiger_max_version','6.*'),(58,'vtiger_min_version','6.0.0'),(58,'vtiger_max_version','6.*'),(59,'vtiger_min_version','6.0.0'),(59,'vtiger_max_version','6.*'),(60,'vtiger_min_version','6.0.0rc'),(60,'vtiger_max_version','7.*'),(61,'vtiger_min_version','6.0.0'),(61,'vtiger_max_version','6.*');
/*!40000 ALTER TABLE `vtiger_tab_info` ENABLE KEYS */;
UNLOCK TABLES;

--
-- Table structure for table `vtiger_taskpriority`
--

DROP TABLE IF EXISTS `vtiger_taskpriority`;
/*!40101 SET @saved_cs_client     = @@character_set_client */;
/*!40101 SET character_set_client = utf8 */;
CREATE TABLE `vtiger_taskpriority` (
  `taskpriorityid` int(19) NOT NULL AUTO_INCREMENT,
  `taskpriority` varchar(200) DEFAULT NULL,
  `presence` int(1) NOT NULL DEFAULT '1',
  `picklist_valueid` int(19) NOT NULL DEFAULT '0',
  `sortorderid` int(11) DEFAULT NULL,
  `color` varchar(10) DEFAULT NULL,
  PRIMARY KEY (`taskpriorityid`)
) ENGINE=InnoDB AUTO_INCREMENT=4 DEFAULT CHARSET=utf8;
/*!40101 SET character_set_client = @saved_cs_client */;

--
-- Dumping data for table `vtiger_taskpriority`
--

LOCK TABLES `vtiger_taskpriority` WRITE;
/*!40000 ALTER TABLE `vtiger_taskpriority` DISABLE KEYS */;
INSERT INTO `vtiger_taskpriority` VALUES (1,'High',1,170,0,NULL),(2,'Medium',1,171,1,NULL),(3,'Low',1,172,2,NULL);
/*!40000 ALTER TABLE `vtiger_taskpriority` ENABLE KEYS */;
UNLOCK TABLES;

--
-- Table structure for table `vtiger_taskpriority_seq`
--

DROP TABLE IF EXISTS `vtiger_taskpriority_seq`;
/*!40101 SET @saved_cs_client     = @@character_set_client */;
/*!40101 SET character_set_client = utf8 */;
CREATE TABLE `vtiger_taskpriority_seq` (
  `id` int(11) NOT NULL
) ENGINE=InnoDB DEFAULT CHARSET=utf8;
/*!40101 SET character_set_client = @saved_cs_client */;

--
-- Dumping data for table `vtiger_taskpriority_seq`
--

LOCK TABLES `vtiger_taskpriority_seq` WRITE;
/*!40000 ALTER TABLE `vtiger_taskpriority_seq` DISABLE KEYS */;
INSERT INTO `vtiger_taskpriority_seq` VALUES (3);
/*!40000 ALTER TABLE `vtiger_taskpriority_seq` ENABLE KEYS */;
UNLOCK TABLES;

--
-- Table structure for table `vtiger_taskstatus`
--

DROP TABLE IF EXISTS `vtiger_taskstatus`;
/*!40101 SET @saved_cs_client     = @@character_set_client */;
/*!40101 SET character_set_client = utf8 */;
CREATE TABLE `vtiger_taskstatus` (
  `taskstatusid` int(19) NOT NULL AUTO_INCREMENT,
  `taskstatus` varchar(200) DEFAULT NULL,
  `presence` int(1) NOT NULL DEFAULT '1',
  `picklist_valueid` int(19) NOT NULL DEFAULT '0',
  `sortorderid` int(11) DEFAULT NULL,
  `color` varchar(10) DEFAULT NULL,
  PRIMARY KEY (`taskstatusid`)
) ENGINE=InnoDB AUTO_INCREMENT=7 DEFAULT CHARSET=utf8;
/*!40101 SET character_set_client = @saved_cs_client */;

--
-- Dumping data for table `vtiger_taskstatus`
--

LOCK TABLES `vtiger_taskstatus` WRITE;
/*!40000 ALTER TABLE `vtiger_taskstatus` DISABLE KEYS */;
INSERT INTO `vtiger_taskstatus` VALUES (1,'Not Started',0,173,0,NULL),(2,'In Progress',0,174,1,NULL),(3,'Completed',0,175,2,NULL),(4,'Pending Input',0,176,3,NULL),(5,'Deferred',0,177,4,NULL),(6,'Planned',0,178,5,NULL);
/*!40000 ALTER TABLE `vtiger_taskstatus` ENABLE KEYS */;
UNLOCK TABLES;

--
-- Table structure for table `vtiger_taskstatus_seq`
--

DROP TABLE IF EXISTS `vtiger_taskstatus_seq`;
/*!40101 SET @saved_cs_client     = @@character_set_client */;
/*!40101 SET character_set_client = utf8 */;
CREATE TABLE `vtiger_taskstatus_seq` (
  `id` int(11) NOT NULL
) ENGINE=InnoDB DEFAULT CHARSET=utf8;
/*!40101 SET character_set_client = @saved_cs_client */;

--
-- Dumping data for table `vtiger_taskstatus_seq`
--

LOCK TABLES `vtiger_taskstatus_seq` WRITE;
/*!40000 ALTER TABLE `vtiger_taskstatus_seq` DISABLE KEYS */;
INSERT INTO `vtiger_taskstatus_seq` VALUES (6);
/*!40000 ALTER TABLE `vtiger_taskstatus_seq` ENABLE KEYS */;
UNLOCK TABLES;

--
-- Table structure for table `vtiger_taxclass`
--

DROP TABLE IF EXISTS `vtiger_taxclass`;
/*!40101 SET @saved_cs_client     = @@character_set_client */;
/*!40101 SET character_set_client = utf8 */;
CREATE TABLE `vtiger_taxclass` (
  `taxclassid` int(19) NOT NULL AUTO_INCREMENT,
  `taxclass` varchar(200) NOT NULL,
  `sortorderid` int(19) NOT NULL DEFAULT '0',
  `presence` int(1) NOT NULL DEFAULT '1',
  PRIMARY KEY (`taxclassid`),
  UNIQUE KEY `taxclass_carrier_idx` (`taxclass`)
) ENGINE=InnoDB AUTO_INCREMENT=3 DEFAULT CHARSET=utf8;
/*!40101 SET character_set_client = @saved_cs_client */;

--
-- Dumping data for table `vtiger_taxclass`
--

LOCK TABLES `vtiger_taxclass` WRITE;
/*!40000 ALTER TABLE `vtiger_taxclass` DISABLE KEYS */;
INSERT INTO `vtiger_taxclass` VALUES (1,'SalesTax',0,1),(2,'Vat',1,1);
/*!40000 ALTER TABLE `vtiger_taxclass` ENABLE KEYS */;
UNLOCK TABLES;

--
-- Table structure for table `vtiger_taxclass_seq`
--

DROP TABLE IF EXISTS `vtiger_taxclass_seq`;
/*!40101 SET @saved_cs_client     = @@character_set_client */;
/*!40101 SET character_set_client = utf8 */;
CREATE TABLE `vtiger_taxclass_seq` (
  `id` int(11) NOT NULL
) ENGINE=InnoDB DEFAULT CHARSET=utf8;
/*!40101 SET character_set_client = @saved_cs_client */;

--
-- Dumping data for table `vtiger_taxclass_seq`
--

LOCK TABLES `vtiger_taxclass_seq` WRITE;
/*!40000 ALTER TABLE `vtiger_taxclass_seq` DISABLE KEYS */;
INSERT INTO `vtiger_taxclass_seq` VALUES (2);
/*!40000 ALTER TABLE `vtiger_taxclass_seq` ENABLE KEYS */;
UNLOCK TABLES;

--
-- Table structure for table `vtiger_taxregions`
--

DROP TABLE IF EXISTS `vtiger_taxregions`;
/*!40101 SET @saved_cs_client     = @@character_set_client */;
/*!40101 SET character_set_client = utf8 */;
CREATE TABLE `vtiger_taxregions` (
  `regionid` int(10) NOT NULL AUTO_INCREMENT,
  `name` varchar(100) NOT NULL,
  PRIMARY KEY (`regionid`)
) ENGINE=InnoDB DEFAULT CHARSET=utf8;
/*!40101 SET character_set_client = @saved_cs_client */;

--
-- Dumping data for table `vtiger_taxregions`
--

LOCK TABLES `vtiger_taxregions` WRITE;
/*!40000 ALTER TABLE `vtiger_taxregions` DISABLE KEYS */;
/*!40000 ALTER TABLE `vtiger_taxregions` ENABLE KEYS */;
UNLOCK TABLES;

--
-- Table structure for table `vtiger_ticketcategories`
--

DROP TABLE IF EXISTS `vtiger_ticketcategories`;
/*!40101 SET @saved_cs_client     = @@character_set_client */;
/*!40101 SET character_set_client = utf8 */;
CREATE TABLE `vtiger_ticketcategories` (
  `ticketcategories_id` int(19) NOT NULL AUTO_INCREMENT,
  `ticketcategories` varchar(200) DEFAULT NULL,
  `presence` int(1) NOT NULL DEFAULT '0',
  `picklist_valueid` int(19) NOT NULL DEFAULT '0',
  `sortorderid` int(11) DEFAULT NULL,
  `color` varchar(10) DEFAULT NULL,
  PRIMARY KEY (`ticketcategories_id`)
) ENGINE=InnoDB AUTO_INCREMENT=4 DEFAULT CHARSET=utf8;
/*!40101 SET character_set_client = @saved_cs_client */;

--
-- Dumping data for table `vtiger_ticketcategories`
--

LOCK TABLES `vtiger_ticketcategories` WRITE;
/*!40000 ALTER TABLE `vtiger_ticketcategories` DISABLE KEYS */;
INSERT INTO `vtiger_ticketcategories` VALUES (1,'Big Problem',1,179,0,NULL),(2,'Small Problem',1,180,1,NULL),(3,'Other Problem',1,181,2,NULL);
/*!40000 ALTER TABLE `vtiger_ticketcategories` ENABLE KEYS */;
UNLOCK TABLES;

--
-- Table structure for table `vtiger_ticketcategories_seq`
--

DROP TABLE IF EXISTS `vtiger_ticketcategories_seq`;
/*!40101 SET @saved_cs_client     = @@character_set_client */;
/*!40101 SET character_set_client = utf8 */;
CREATE TABLE `vtiger_ticketcategories_seq` (
  `id` int(11) NOT NULL
) ENGINE=InnoDB DEFAULT CHARSET=utf8;
/*!40101 SET character_set_client = @saved_cs_client */;

--
-- Dumping data for table `vtiger_ticketcategories_seq`
--

LOCK TABLES `vtiger_ticketcategories_seq` WRITE;
/*!40000 ALTER TABLE `vtiger_ticketcategories_seq` DISABLE KEYS */;
INSERT INTO `vtiger_ticketcategories_seq` VALUES (3);
/*!40000 ALTER TABLE `vtiger_ticketcategories_seq` ENABLE KEYS */;
UNLOCK TABLES;

--
-- Table structure for table `vtiger_ticketcf`
--

DROP TABLE IF EXISTS `vtiger_ticketcf`;
/*!40101 SET @saved_cs_client     = @@character_set_client */;
/*!40101 SET character_set_client = utf8 */;
CREATE TABLE `vtiger_ticketcf` (
  `ticketid` int(19) NOT NULL DEFAULT '0',
  `from_portal` varchar(3) DEFAULT NULL,
  PRIMARY KEY (`ticketid`),
  CONSTRAINT `fk_1_vtiger_ticketcf` FOREIGN KEY (`ticketid`) REFERENCES `vtiger_troubletickets` (`ticketid`) ON DELETE CASCADE
) ENGINE=InnoDB DEFAULT CHARSET=utf8;
/*!40101 SET character_set_client = @saved_cs_client */;

--
-- Dumping data for table `vtiger_ticketcf`
--

LOCK TABLES `vtiger_ticketcf` WRITE;
/*!40000 ALTER TABLE `vtiger_ticketcf` DISABLE KEYS */;
/*!40000 ALTER TABLE `vtiger_ticketcf` ENABLE KEYS */;
UNLOCK TABLES;

--
-- Table structure for table `vtiger_ticketcomments`
--

DROP TABLE IF EXISTS `vtiger_ticketcomments`;
/*!40101 SET @saved_cs_client     = @@character_set_client */;
/*!40101 SET character_set_client = utf8 */;
CREATE TABLE `vtiger_ticketcomments` (
  `commentid` int(19) NOT NULL AUTO_INCREMENT,
  `ticketid` int(19) DEFAULT NULL,
  `comments` text,
  `ownerid` int(19) NOT NULL DEFAULT '0',
  `ownertype` varchar(10) DEFAULT NULL,
  `createdtime` datetime NOT NULL,
  PRIMARY KEY (`commentid`),
  KEY `ticketcomments_ticketid_idx` (`ticketid`),
  CONSTRAINT `fk_1_vtiger_ticketcomments` FOREIGN KEY (`ticketid`) REFERENCES `vtiger_troubletickets` (`ticketid`) ON DELETE CASCADE
) ENGINE=InnoDB DEFAULT CHARSET=utf8;
/*!40101 SET character_set_client = @saved_cs_client */;

--
-- Dumping data for table `vtiger_ticketcomments`
--

LOCK TABLES `vtiger_ticketcomments` WRITE;
/*!40000 ALTER TABLE `vtiger_ticketcomments` DISABLE KEYS */;
/*!40000 ALTER TABLE `vtiger_ticketcomments` ENABLE KEYS */;
UNLOCK TABLES;

--
-- Table structure for table `vtiger_ticketpriorities`
--

DROP TABLE IF EXISTS `vtiger_ticketpriorities`;
/*!40101 SET @saved_cs_client     = @@character_set_client */;
/*!40101 SET character_set_client = utf8 */;
CREATE TABLE `vtiger_ticketpriorities` (
  `ticketpriorities_id` int(19) NOT NULL AUTO_INCREMENT,
  `ticketpriorities` varchar(200) DEFAULT NULL,
  `presence` int(1) NOT NULL DEFAULT '0',
  `picklist_valueid` int(19) NOT NULL DEFAULT '0',
  `sortorderid` int(11) DEFAULT NULL,
  `color` varchar(10) DEFAULT NULL,
  PRIMARY KEY (`ticketpriorities_id`)
) ENGINE=InnoDB AUTO_INCREMENT=5 DEFAULT CHARSET=utf8;
/*!40101 SET character_set_client = @saved_cs_client */;

--
-- Dumping data for table `vtiger_ticketpriorities`
--

LOCK TABLES `vtiger_ticketpriorities` WRITE;
/*!40000 ALTER TABLE `vtiger_ticketpriorities` DISABLE KEYS */;
INSERT INTO `vtiger_ticketpriorities` VALUES (1,'Low',1,182,0,NULL),(2,'Normal',1,183,1,NULL),(3,'High',1,184,2,NULL),(4,'Urgent',1,185,3,NULL);
/*!40000 ALTER TABLE `vtiger_ticketpriorities` ENABLE KEYS */;
UNLOCK TABLES;

--
-- Table structure for table `vtiger_ticketpriorities_seq`
--

DROP TABLE IF EXISTS `vtiger_ticketpriorities_seq`;
/*!40101 SET @saved_cs_client     = @@character_set_client */;
/*!40101 SET character_set_client = utf8 */;
CREATE TABLE `vtiger_ticketpriorities_seq` (
  `id` int(11) NOT NULL
) ENGINE=InnoDB DEFAULT CHARSET=utf8;
/*!40101 SET character_set_client = @saved_cs_client */;

--
-- Dumping data for table `vtiger_ticketpriorities_seq`
--

LOCK TABLES `vtiger_ticketpriorities_seq` WRITE;
/*!40000 ALTER TABLE `vtiger_ticketpriorities_seq` DISABLE KEYS */;
INSERT INTO `vtiger_ticketpriorities_seq` VALUES (4);
/*!40000 ALTER TABLE `vtiger_ticketpriorities_seq` ENABLE KEYS */;
UNLOCK TABLES;

--
-- Table structure for table `vtiger_ticketseverities`
--

DROP TABLE IF EXISTS `vtiger_ticketseverities`;
/*!40101 SET @saved_cs_client     = @@character_set_client */;
/*!40101 SET character_set_client = utf8 */;
CREATE TABLE `vtiger_ticketseverities` (
  `ticketseverities_id` int(19) NOT NULL AUTO_INCREMENT,
  `ticketseverities` varchar(200) DEFAULT NULL,
  `presence` int(1) NOT NULL DEFAULT '0',
  `picklist_valueid` int(19) NOT NULL DEFAULT '0',
  `sortorderid` int(11) DEFAULT NULL,
  `color` varchar(10) DEFAULT NULL,
  PRIMARY KEY (`ticketseverities_id`)
) ENGINE=InnoDB AUTO_INCREMENT=5 DEFAULT CHARSET=utf8;
/*!40101 SET character_set_client = @saved_cs_client */;

--
-- Dumping data for table `vtiger_ticketseverities`
--

LOCK TABLES `vtiger_ticketseverities` WRITE;
/*!40000 ALTER TABLE `vtiger_ticketseverities` DISABLE KEYS */;
INSERT INTO `vtiger_ticketseverities` VALUES (1,'Minor',1,186,0,NULL),(2,'Major',1,187,1,NULL),(3,'Feature',1,188,2,NULL),(4,'Critical',1,189,3,NULL);
/*!40000 ALTER TABLE `vtiger_ticketseverities` ENABLE KEYS */;
UNLOCK TABLES;

--
-- Table structure for table `vtiger_ticketseverities_seq`
--

DROP TABLE IF EXISTS `vtiger_ticketseverities_seq`;
/*!40101 SET @saved_cs_client     = @@character_set_client */;
/*!40101 SET character_set_client = utf8 */;
CREATE TABLE `vtiger_ticketseverities_seq` (
  `id` int(11) NOT NULL
) ENGINE=InnoDB DEFAULT CHARSET=utf8;
/*!40101 SET character_set_client = @saved_cs_client */;

--
-- Dumping data for table `vtiger_ticketseverities_seq`
--

LOCK TABLES `vtiger_ticketseverities_seq` WRITE;
/*!40000 ALTER TABLE `vtiger_ticketseverities_seq` DISABLE KEYS */;
INSERT INTO `vtiger_ticketseverities_seq` VALUES (4);
/*!40000 ALTER TABLE `vtiger_ticketseverities_seq` ENABLE KEYS */;
UNLOCK TABLES;

--
-- Table structure for table `vtiger_ticketstatus`
--

DROP TABLE IF EXISTS `vtiger_ticketstatus`;
/*!40101 SET @saved_cs_client     = @@character_set_client */;
/*!40101 SET character_set_client = utf8 */;
CREATE TABLE `vtiger_ticketstatus` (
  `ticketstatus_id` int(19) NOT NULL AUTO_INCREMENT,
  `ticketstatus` varchar(200) DEFAULT NULL,
  `presence` int(1) NOT NULL DEFAULT '0',
  `picklist_valueid` int(19) NOT NULL DEFAULT '0',
  `sortorderid` int(11) DEFAULT NULL,
  `color` varchar(10) DEFAULT NULL,
  PRIMARY KEY (`ticketstatus_id`)
) ENGINE=InnoDB AUTO_INCREMENT=5 DEFAULT CHARSET=utf8;
/*!40101 SET character_set_client = @saved_cs_client */;

--
-- Dumping data for table `vtiger_ticketstatus`
--

LOCK TABLES `vtiger_ticketstatus` WRITE;
/*!40000 ALTER TABLE `vtiger_ticketstatus` DISABLE KEYS */;
INSERT INTO `vtiger_ticketstatus` VALUES (1,'Open',0,190,0,NULL),(2,'In Progress',0,191,1,NULL),(3,'Wait For Response',0,192,2,NULL),(4,'Closed',0,193,3,NULL);
/*!40000 ALTER TABLE `vtiger_ticketstatus` ENABLE KEYS */;
UNLOCK TABLES;

--
-- Table structure for table `vtiger_ticketstatus_seq`
--

DROP TABLE IF EXISTS `vtiger_ticketstatus_seq`;
/*!40101 SET @saved_cs_client     = @@character_set_client */;
/*!40101 SET character_set_client = utf8 */;
CREATE TABLE `vtiger_ticketstatus_seq` (
  `id` int(11) NOT NULL
) ENGINE=InnoDB DEFAULT CHARSET=utf8;
/*!40101 SET character_set_client = @saved_cs_client */;

--
-- Dumping data for table `vtiger_ticketstatus_seq`
--

LOCK TABLES `vtiger_ticketstatus_seq` WRITE;
/*!40000 ALTER TABLE `vtiger_ticketstatus_seq` DISABLE KEYS */;
INSERT INTO `vtiger_ticketstatus_seq` VALUES (4);
/*!40000 ALTER TABLE `vtiger_ticketstatus_seq` ENABLE KEYS */;
UNLOCK TABLES;

--
-- Table structure for table `vtiger_time_zone`
--

DROP TABLE IF EXISTS `vtiger_time_zone`;
/*!40101 SET @saved_cs_client     = @@character_set_client */;
/*!40101 SET character_set_client = utf8 */;
CREATE TABLE `vtiger_time_zone` (
  `time_zoneid` int(19) NOT NULL AUTO_INCREMENT,
  `time_zone` varchar(200) NOT NULL,
  `sortorderid` int(19) NOT NULL DEFAULT '0',
  `presence` int(1) NOT NULL DEFAULT '1',
  PRIMARY KEY (`time_zoneid`)
) ENGINE=InnoDB AUTO_INCREMENT=98 DEFAULT CHARSET=utf8;
/*!40101 SET character_set_client = @saved_cs_client */;

--
-- Dumping data for table `vtiger_time_zone`
--

LOCK TABLES `vtiger_time_zone` WRITE;
/*!40000 ALTER TABLE `vtiger_time_zone` DISABLE KEYS */;
INSERT INTO `vtiger_time_zone` VALUES (1,'Pacific/Midway',0,1),(2,'Pacific/Samoa',1,1),(3,'Pacific/Honolulu',2,1),(4,'America/Anchorage',3,1),(5,'America/Los_Angeles',5,1),(6,'America/Tijuana',4,1),(7,'America/Denver',9,1),(8,'America/Chihuahua',6,1),(9,'America/Mazatlan',8,1),(10,'America/Phoenix',7,1),(11,'America/Regina',12,1),(12,'America/Tegucigalpa',11,1),(13,'America/Chicago',10,1),(14,'America/Mexico_City',14,1),(15,'America/Monterrey',13,1),(16,'America/New_York',16,1),(17,'America/Bogota',19,1),(18,'America/Lima',17,1),(19,'America/Rio_Branco',15,1),(20,'America/Indiana/Indianapolis',18,1),(21,'America/Caracas',20,1),(22,'America/Halifax',25,1),(23,'America/Manaus',22,1),(24,'America/Santiago',21,1),(25,'America/La_Paz',23,1),(26,'America/Cuiaba',24,1),(27,'America/Asuncion',26,1),(28,'America/St_Johns',27,1),(29,'America/Argentina/Buenos_Aires',30,1),(30,'America/Sao_Paulo',31,1),(31,'America/Godthab',29,1),(32,'America/Montevideo',28,1),(33,'Atlantic/South_Georgia',32,1),(34,'Atlantic/Azores',33,1),(35,'Atlantic/Cape_Verde',34,1),(36,'Europe/London',37,1),(37,'UTC',35,1),(38,'Africa/Monrovia',38,1),(39,'Africa/Casablanca',36,1),(40,'Europe/Belgrade',40,1),(41,'Europe/Sarajevo',43,1),(42,'Europe/Brussels',41,1),(43,'Africa/Algiers',42,1),(44,'Europe/Amsterdam',39,1),(45,'Europe/Minsk',49,1),(46,'Africa/Cairo',48,1),(47,'Europe/Helsinki',53,1),(48,'Europe/Athens',45,1),(49,'Europe/Istanbul',51,1),(50,'Asia/Jerusalem',47,1),(51,'Asia/Amman',50,1),(52,'Asia/Beirut',44,1),(53,'Africa/Windhoek',46,1),(54,'Africa/Harare',52,1),(55,'Asia/Kuwait',56,1),(56,'Asia/Baghdad',54,1),(57,'Africa/Nairobi',55,1),(58,'Asia/Tehran',58,1),(59,'Asia/Tbilisi',62,1),(60,'Europe/Moscow',57,1),(61,'Asia/Muscat',61,1),(62,'Asia/Baku',59,1),(63,'Asia/Yerevan',60,1),(64,'Asia/Karachi',64,1),(65,'Asia/Tashkent',65,1),(66,'Asia/Kolkata',66,1),(67,'Asia/Colombo',67,1),(68,'Asia/Katmandu',68,1),(69,'Asia/Dhaka',70,1),(70,'Asia/Almaty',69,1),(71,'Asia/Yekaterinburg',63,1),(72,'Asia/Rangoon',72,1),(73,'Asia/Novosibirsk',71,1),(74,'Asia/Bangkok',74,1),(75,'Asia/Brunei',77,1),(76,'Asia/Krasnoyarsk',73,1),(77,'Asia/Ulaanbaatar',80,1),(78,'Asia/Kuala_Lumpur',79,1),(79,'Asia/Taipei',78,1),(80,'Australia/Perth',75,1),(81,'Asia/Irkutsk',76,1),(82,'Asia/Seoul',81,1),(83,'Asia/Tokyo',82,1),(84,'Australia/Darwin',85,1),(85,'Australia/Adelaide',84,1),(86,'Australia/Canberra',87,1),(87,'Australia/Brisbane',86,1),(88,'Australia/Hobart',88,1),(89,'Asia/Vladivostok',89,1),(90,'Pacific/Guam',92,1),(91,'Asia/Yakutsk',83,1),(92,'Pacific/Fiji',95,1),(93,'Asia/Kamchatka',90,1),(94,'Pacific/Auckland',94,1),(95,'Asia/Magadan',91,1),(96,'Pacific/Tongatapu',96,1),(97,'Etc/GMT-11',93,1);
/*!40000 ALTER TABLE `vtiger_time_zone` ENABLE KEYS */;
UNLOCK TABLES;

--
-- Table structure for table `vtiger_time_zone_seq`
--

DROP TABLE IF EXISTS `vtiger_time_zone_seq`;
/*!40101 SET @saved_cs_client     = @@character_set_client */;
/*!40101 SET character_set_client = utf8 */;
CREATE TABLE `vtiger_time_zone_seq` (
  `id` int(11) NOT NULL
) ENGINE=InnoDB DEFAULT CHARSET=utf8;
/*!40101 SET character_set_client = @saved_cs_client */;

--
-- Dumping data for table `vtiger_time_zone_seq`
--

LOCK TABLES `vtiger_time_zone_seq` WRITE;
/*!40000 ALTER TABLE `vtiger_time_zone_seq` DISABLE KEYS */;
INSERT INTO `vtiger_time_zone_seq` VALUES (96);
/*!40000 ALTER TABLE `vtiger_time_zone_seq` ENABLE KEYS */;
UNLOCK TABLES;

--
-- Table structure for table `vtiger_tmp_read_group_rel_sharing_per`
--

DROP TABLE IF EXISTS `vtiger_tmp_read_group_rel_sharing_per`;
/*!40101 SET @saved_cs_client     = @@character_set_client */;
/*!40101 SET character_set_client = utf8 */;
CREATE TABLE `vtiger_tmp_read_group_rel_sharing_per` (
  `userid` int(11) NOT NULL,
  `tabid` int(11) NOT NULL,
  `relatedtabid` int(11) NOT NULL,
  `sharedgroupid` int(11) NOT NULL,
  PRIMARY KEY (`userid`,`tabid`,`relatedtabid`,`sharedgroupid`),
  KEY `tmp_read_group_rel_sharing_per_userid_sharedgroupid_tabid` (`userid`,`sharedgroupid`,`tabid`),
  CONSTRAINT `fk_4_vtiger_tmp_read_group_rel_sharing_per` FOREIGN KEY (`userid`) REFERENCES `vtiger_users` (`id`) ON DELETE CASCADE
) ENGINE=InnoDB DEFAULT CHARSET=utf8;
/*!40101 SET character_set_client = @saved_cs_client */;

--
-- Dumping data for table `vtiger_tmp_read_group_rel_sharing_per`
--

LOCK TABLES `vtiger_tmp_read_group_rel_sharing_per` WRITE;
/*!40000 ALTER TABLE `vtiger_tmp_read_group_rel_sharing_per` DISABLE KEYS */;
/*!40000 ALTER TABLE `vtiger_tmp_read_group_rel_sharing_per` ENABLE KEYS */;
UNLOCK TABLES;

--
-- Table structure for table `vtiger_tmp_read_group_sharing_per`
--

DROP TABLE IF EXISTS `vtiger_tmp_read_group_sharing_per`;
/*!40101 SET @saved_cs_client     = @@character_set_client */;
/*!40101 SET character_set_client = utf8 */;
CREATE TABLE `vtiger_tmp_read_group_sharing_per` (
  `userid` int(11) NOT NULL,
  `tabid` int(11) NOT NULL,
  `sharedgroupid` int(11) NOT NULL,
  PRIMARY KEY (`userid`,`tabid`,`sharedgroupid`),
  KEY `tmp_read_group_sharing_per_userid_sharedgroupid_idx` (`userid`,`sharedgroupid`),
  CONSTRAINT `fk_3_vtiger_tmp_read_group_sharing_per` FOREIGN KEY (`userid`) REFERENCES `vtiger_users` (`id`) ON DELETE CASCADE
) ENGINE=InnoDB DEFAULT CHARSET=utf8;
/*!40101 SET character_set_client = @saved_cs_client */;

--
-- Dumping data for table `vtiger_tmp_read_group_sharing_per`
--

LOCK TABLES `vtiger_tmp_read_group_sharing_per` WRITE;
/*!40000 ALTER TABLE `vtiger_tmp_read_group_sharing_per` DISABLE KEYS */;
/*!40000 ALTER TABLE `vtiger_tmp_read_group_sharing_per` ENABLE KEYS */;
UNLOCK TABLES;

--
-- Table structure for table `vtiger_tmp_read_user_rel_sharing_per`
--

DROP TABLE IF EXISTS `vtiger_tmp_read_user_rel_sharing_per`;
/*!40101 SET @saved_cs_client     = @@character_set_client */;
/*!40101 SET character_set_client = utf8 */;
CREATE TABLE `vtiger_tmp_read_user_rel_sharing_per` (
  `userid` int(11) NOT NULL,
  `tabid` int(11) NOT NULL,
  `relatedtabid` int(11) NOT NULL,
  `shareduserid` int(11) NOT NULL,
  PRIMARY KEY (`userid`,`tabid`,`relatedtabid`,`shareduserid`),
  KEY `tmp_read_user_rel_sharing_per_userid_shared_reltabid_idx` (`userid`,`shareduserid`,`relatedtabid`),
  CONSTRAINT `fk_4_vtiger_tmp_read_user_rel_sharing_per` FOREIGN KEY (`userid`) REFERENCES `vtiger_users` (`id`) ON DELETE CASCADE
) ENGINE=InnoDB DEFAULT CHARSET=utf8;
/*!40101 SET character_set_client = @saved_cs_client */;

--
-- Dumping data for table `vtiger_tmp_read_user_rel_sharing_per`
--

LOCK TABLES `vtiger_tmp_read_user_rel_sharing_per` WRITE;
/*!40000 ALTER TABLE `vtiger_tmp_read_user_rel_sharing_per` DISABLE KEYS */;
/*!40000 ALTER TABLE `vtiger_tmp_read_user_rel_sharing_per` ENABLE KEYS */;
UNLOCK TABLES;

--
-- Table structure for table `vtiger_tmp_read_user_sharing_per`
--

DROP TABLE IF EXISTS `vtiger_tmp_read_user_sharing_per`;
/*!40101 SET @saved_cs_client     = @@character_set_client */;
/*!40101 SET character_set_client = utf8 */;
CREATE TABLE `vtiger_tmp_read_user_sharing_per` (
  `userid` int(11) NOT NULL,
  `tabid` int(11) NOT NULL,
  `shareduserid` int(11) NOT NULL,
  PRIMARY KEY (`userid`,`tabid`,`shareduserid`),
  KEY `tmp_read_user_sharing_per_userid_shareduserid_idx` (`userid`,`shareduserid`),
  CONSTRAINT `fk_3_vtiger_tmp_read_user_sharing_per` FOREIGN KEY (`userid`) REFERENCES `vtiger_users` (`id`) ON DELETE CASCADE
) ENGINE=InnoDB DEFAULT CHARSET=utf8;
/*!40101 SET character_set_client = @saved_cs_client */;

--
-- Dumping data for table `vtiger_tmp_read_user_sharing_per`
--

LOCK TABLES `vtiger_tmp_read_user_sharing_per` WRITE;
/*!40000 ALTER TABLE `vtiger_tmp_read_user_sharing_per` DISABLE KEYS */;
/*!40000 ALTER TABLE `vtiger_tmp_read_user_sharing_per` ENABLE KEYS */;
UNLOCK TABLES;

--
-- Table structure for table `vtiger_tmp_write_group_rel_sharing_per`
--

DROP TABLE IF EXISTS `vtiger_tmp_write_group_rel_sharing_per`;
/*!40101 SET @saved_cs_client     = @@character_set_client */;
/*!40101 SET character_set_client = utf8 */;
CREATE TABLE `vtiger_tmp_write_group_rel_sharing_per` (
  `userid` int(11) NOT NULL,
  `tabid` int(11) NOT NULL,
  `relatedtabid` int(11) NOT NULL,
  `sharedgroupid` int(11) NOT NULL,
  PRIMARY KEY (`userid`,`tabid`,`relatedtabid`,`sharedgroupid`),
  KEY `tmp_write_group_rel_sharing_per_userid_sharedgroupid_tabid_idx` (`userid`,`sharedgroupid`,`tabid`),
  CONSTRAINT `fk_4_vtiger_tmp_write_group_rel_sharing_per` FOREIGN KEY (`userid`) REFERENCES `vtiger_users` (`id`) ON DELETE CASCADE
) ENGINE=InnoDB DEFAULT CHARSET=utf8;
/*!40101 SET character_set_client = @saved_cs_client */;

--
-- Dumping data for table `vtiger_tmp_write_group_rel_sharing_per`
--

LOCK TABLES `vtiger_tmp_write_group_rel_sharing_per` WRITE;
/*!40000 ALTER TABLE `vtiger_tmp_write_group_rel_sharing_per` DISABLE KEYS */;
/*!40000 ALTER TABLE `vtiger_tmp_write_group_rel_sharing_per` ENABLE KEYS */;
UNLOCK TABLES;

--
-- Table structure for table `vtiger_tmp_write_group_sharing_per`
--

DROP TABLE IF EXISTS `vtiger_tmp_write_group_sharing_per`;
/*!40101 SET @saved_cs_client     = @@character_set_client */;
/*!40101 SET character_set_client = utf8 */;
CREATE TABLE `vtiger_tmp_write_group_sharing_per` (
  `userid` int(11) NOT NULL,
  `tabid` int(11) NOT NULL,
  `sharedgroupid` int(11) NOT NULL,
  PRIMARY KEY (`userid`,`tabid`,`sharedgroupid`),
  KEY `tmp_write_group_sharing_per_UK1` (`userid`,`sharedgroupid`),
  CONSTRAINT `fk_3_vtiger_tmp_write_group_sharing_per` FOREIGN KEY (`userid`) REFERENCES `vtiger_users` (`id`) ON DELETE CASCADE
) ENGINE=InnoDB DEFAULT CHARSET=utf8;
/*!40101 SET character_set_client = @saved_cs_client */;

--
-- Dumping data for table `vtiger_tmp_write_group_sharing_per`
--

LOCK TABLES `vtiger_tmp_write_group_sharing_per` WRITE;
/*!40000 ALTER TABLE `vtiger_tmp_write_group_sharing_per` DISABLE KEYS */;
/*!40000 ALTER TABLE `vtiger_tmp_write_group_sharing_per` ENABLE KEYS */;
UNLOCK TABLES;

--
-- Table structure for table `vtiger_tmp_write_user_rel_sharing_per`
--

DROP TABLE IF EXISTS `vtiger_tmp_write_user_rel_sharing_per`;
/*!40101 SET @saved_cs_client     = @@character_set_client */;
/*!40101 SET character_set_client = utf8 */;
CREATE TABLE `vtiger_tmp_write_user_rel_sharing_per` (
  `userid` int(11) NOT NULL,
  `tabid` int(11) NOT NULL,
  `relatedtabid` int(11) NOT NULL,
  `shareduserid` int(11) NOT NULL,
  PRIMARY KEY (`userid`,`tabid`,`relatedtabid`,`shareduserid`),
  KEY `tmp_write_user_rel_sharing_per_userid_sharduserid_tabid_idx` (`userid`,`shareduserid`,`tabid`),
  CONSTRAINT `fk_4_vtiger_tmp_write_user_rel_sharing_per` FOREIGN KEY (`userid`) REFERENCES `vtiger_users` (`id`) ON DELETE CASCADE
) ENGINE=InnoDB DEFAULT CHARSET=utf8;
/*!40101 SET character_set_client = @saved_cs_client */;

--
-- Dumping data for table `vtiger_tmp_write_user_rel_sharing_per`
--

LOCK TABLES `vtiger_tmp_write_user_rel_sharing_per` WRITE;
/*!40000 ALTER TABLE `vtiger_tmp_write_user_rel_sharing_per` DISABLE KEYS */;
/*!40000 ALTER TABLE `vtiger_tmp_write_user_rel_sharing_per` ENABLE KEYS */;
UNLOCK TABLES;

--
-- Table structure for table `vtiger_tmp_write_user_sharing_per`
--

DROP TABLE IF EXISTS `vtiger_tmp_write_user_sharing_per`;
/*!40101 SET @saved_cs_client     = @@character_set_client */;
/*!40101 SET character_set_client = utf8 */;
CREATE TABLE `vtiger_tmp_write_user_sharing_per` (
  `userid` int(11) NOT NULL,
  `tabid` int(11) NOT NULL,
  `shareduserid` int(11) NOT NULL,
  PRIMARY KEY (`userid`,`tabid`,`shareduserid`),
  KEY `tmp_write_user_sharing_per_userid_shareduserid_idx` (`userid`,`shareduserid`),
  CONSTRAINT `fk_3_vtiger_tmp_write_user_sharing_per` FOREIGN KEY (`userid`) REFERENCES `vtiger_users` (`id`) ON DELETE CASCADE
) ENGINE=InnoDB DEFAULT CHARSET=utf8;
/*!40101 SET character_set_client = @saved_cs_client */;

--
-- Dumping data for table `vtiger_tmp_write_user_sharing_per`
--

LOCK TABLES `vtiger_tmp_write_user_sharing_per` WRITE;
/*!40000 ALTER TABLE `vtiger_tmp_write_user_sharing_per` DISABLE KEYS */;
/*!40000 ALTER TABLE `vtiger_tmp_write_user_sharing_per` ENABLE KEYS */;
UNLOCK TABLES;

--
-- Table structure for table `vtiger_tracker`
--

DROP TABLE IF EXISTS `vtiger_tracker`;
/*!40101 SET @saved_cs_client     = @@character_set_client */;
/*!40101 SET character_set_client = utf8 */;
CREATE TABLE `vtiger_tracker` (
  `id` int(11) NOT NULL AUTO_INCREMENT,
  `user_id` varchar(36) DEFAULT NULL,
  `module_name` varchar(25) DEFAULT NULL,
  `item_id` varchar(36) DEFAULT NULL,
  `item_summary` varchar(255) DEFAULT NULL,
  PRIMARY KEY (`id`)
) ENGINE=InnoDB DEFAULT CHARSET=utf8;
/*!40101 SET character_set_client = @saved_cs_client */;

--
-- Dumping data for table `vtiger_tracker`
--

LOCK TABLES `vtiger_tracker` WRITE;
/*!40000 ALTER TABLE `vtiger_tracker` DISABLE KEYS */;
/*!40000 ALTER TABLE `vtiger_tracker` ENABLE KEYS */;
UNLOCK TABLES;

--
-- Table structure for table `vtiger_tracking_unit`
--

DROP TABLE IF EXISTS `vtiger_tracking_unit`;
/*!40101 SET @saved_cs_client     = @@character_set_client */;
/*!40101 SET character_set_client = utf8 */;
CREATE TABLE `vtiger_tracking_unit` (
  `tracking_unitid` int(11) NOT NULL AUTO_INCREMENT,
  `tracking_unit` varchar(200) NOT NULL,
  `presence` int(1) NOT NULL DEFAULT '1',
  `picklist_valueid` int(11) NOT NULL DEFAULT '0',
  `sortorderid` int(11) DEFAULT '0',
  `color` varchar(10) DEFAULT NULL,
  PRIMARY KEY (`tracking_unitid`)
) ENGINE=InnoDB AUTO_INCREMENT=4 DEFAULT CHARSET=utf8;
/*!40101 SET character_set_client = @saved_cs_client */;

--
-- Dumping data for table `vtiger_tracking_unit`
--

LOCK TABLES `vtiger_tracking_unit` WRITE;
/*!40000 ALTER TABLE `vtiger_tracking_unit` DISABLE KEYS */;
INSERT INTO `vtiger_tracking_unit` VALUES (1,'Hours',1,218,1,NULL),(2,'Days',1,219,2,NULL),(3,'Incidents',1,220,3,NULL);
/*!40000 ALTER TABLE `vtiger_tracking_unit` ENABLE KEYS */;
UNLOCK TABLES;

--
-- Table structure for table `vtiger_tracking_unit_seq`
--

DROP TABLE IF EXISTS `vtiger_tracking_unit_seq`;
/*!40101 SET @saved_cs_client     = @@character_set_client */;
/*!40101 SET character_set_client = utf8 */;
CREATE TABLE `vtiger_tracking_unit_seq` (
  `id` int(11) NOT NULL
) ENGINE=InnoDB DEFAULT CHARSET=utf8;
/*!40101 SET character_set_client = @saved_cs_client */;

--
-- Dumping data for table `vtiger_tracking_unit_seq`
--

LOCK TABLES `vtiger_tracking_unit_seq` WRITE;
/*!40000 ALTER TABLE `vtiger_tracking_unit_seq` DISABLE KEYS */;
INSERT INTO `vtiger_tracking_unit_seq` VALUES (3);
/*!40000 ALTER TABLE `vtiger_tracking_unit_seq` ENABLE KEYS */;
UNLOCK TABLES;

--
-- Table structure for table `vtiger_troubletickets`
--

DROP TABLE IF EXISTS `vtiger_troubletickets`;
/*!40101 SET @saved_cs_client     = @@character_set_client */;
/*!40101 SET character_set_client = utf8 */;
CREATE TABLE `vtiger_troubletickets` (
  `ticketid` int(19) NOT NULL,
  `ticket_no` varchar(100) NOT NULL,
  `groupname` varchar(100) DEFAULT NULL,
  `parent_id` varchar(100) DEFAULT NULL,
  `product_id` varchar(100) DEFAULT NULL,
  `priority` varchar(200) DEFAULT NULL,
  `severity` varchar(200) DEFAULT NULL,
  `status` varchar(200) DEFAULT NULL,
  `category` varchar(200) DEFAULT NULL,
  `title` varchar(255) NOT NULL,
  `solution` text,
  `update_log` text,
  `version_id` int(11) DEFAULT NULL,
  `hours` decimal(25,8) DEFAULT NULL,
  `days` decimal(25,8) DEFAULT NULL,
  `contact_id` int(19) DEFAULT NULL,
  `tags` varchar(1) DEFAULT NULL,
  PRIMARY KEY (`ticketid`),
  KEY `troubletickets_ticketid_idx` (`ticketid`),
  KEY `troubletickets_status_idx` (`status`),
  CONSTRAINT `fk_1_vtiger_troubletickets` FOREIGN KEY (`ticketid`) REFERENCES `vtiger_crmentity` (`crmid`) ON DELETE CASCADE
) ENGINE=InnoDB DEFAULT CHARSET=utf8;
/*!40101 SET character_set_client = @saved_cs_client */;

--
-- Dumping data for table `vtiger_troubletickets`
--

LOCK TABLES `vtiger_troubletickets` WRITE;
/*!40000 ALTER TABLE `vtiger_troubletickets` DISABLE KEYS */;
/*!40000 ALTER TABLE `vtiger_troubletickets` ENABLE KEYS */;
UNLOCK TABLES;

--
-- Table structure for table `vtiger_tw_status`
--

DROP TABLE IF EXISTS `vtiger_tw_status`;
/*!40101 SET @saved_cs_client     = @@character_set_client */;
/*!40101 SET character_set_client = utf8 */;
CREATE TABLE `vtiger_tw_status` (
  `tw_statusid` int(11) NOT NULL AUTO_INCREMENT,
  `tw_status` varchar(200) NOT NULL,
  `presence` int(1) NOT NULL DEFAULT '1',
  `picklist_valueid` int(11) NOT NULL DEFAULT '0',
  `sortorderid` int(11) DEFAULT '0',
  `color` varchar(10) DEFAULT NULL,
  PRIMARY KEY (`tw_statusid`)
) ENGINE=InnoDB AUTO_INCREMENT=3 DEFAULT CHARSET=utf8;
/*!40101 SET character_set_client = @saved_cs_client */;

--
-- Dumping data for table `vtiger_tw_status`
--

LOCK TABLES `vtiger_tw_status` WRITE;
/*!40000 ALTER TABLE `vtiger_tw_status` DISABLE KEYS */;
INSERT INTO `vtiger_tw_status` VALUES (1,'Sent',1,239,1,NULL),(2,'Not sent',1,240,2,NULL);
/*!40000 ALTER TABLE `vtiger_tw_status` ENABLE KEYS */;
UNLOCK TABLES;

--
-- Table structure for table `vtiger_tw_status_seq`
--

DROP TABLE IF EXISTS `vtiger_tw_status_seq`;
/*!40101 SET @saved_cs_client     = @@character_set_client */;
/*!40101 SET character_set_client = utf8 */;
CREATE TABLE `vtiger_tw_status_seq` (
  `id` int(11) NOT NULL
) ENGINE=InnoDB DEFAULT CHARSET=utf8;
/*!40101 SET character_set_client = @saved_cs_client */;

--
-- Dumping data for table `vtiger_tw_status_seq`
--

LOCK TABLES `vtiger_tw_status_seq` WRITE;
/*!40000 ALTER TABLE `vtiger_tw_status_seq` DISABLE KEYS */;
INSERT INTO `vtiger_tw_status_seq` VALUES (2);
/*!40000 ALTER TABLE `vtiger_tw_status_seq` ENABLE KEYS */;
UNLOCK TABLES;

--
-- Table structure for table `vtiger_type`
--

DROP TABLE IF EXISTS `vtiger_type`;
/*!40101 SET @saved_cs_client     = @@character_set_client */;
/*!40101 SET character_set_client = utf8 */;
CREATE TABLE `vtiger_type` (
  `typeid` int(11) NOT NULL AUTO_INCREMENT,
  `type` varchar(200) NOT NULL,
  `presence` int(1) NOT NULL DEFAULT '1',
  `picklist_valueid` int(11) NOT NULL DEFAULT '0',
  `sortorderid` int(11) DEFAULT '0',
  `color` varchar(10) DEFAULT NULL,
  PRIMARY KEY (`typeid`)
) ENGINE=InnoDB AUTO_INCREMENT=3 DEFAULT CHARSET=utf8;
/*!40101 SET character_set_client = @saved_cs_client */;

--
-- Dumping data for table `vtiger_type`
--

LOCK TABLES `vtiger_type` WRITE;
/*!40000 ALTER TABLE `vtiger_type` DISABLE KEYS */;
INSERT INTO `vtiger_type` VALUES (1,'Исходящее',1,235,1,NULL),(2,'Входящее',1,236,2,NULL);
/*!40000 ALTER TABLE `vtiger_type` ENABLE KEYS */;
UNLOCK TABLES;

--
-- Table structure for table `vtiger_type_payment`
--

DROP TABLE IF EXISTS `vtiger_type_payment`;
/*!40101 SET @saved_cs_client     = @@character_set_client */;
/*!40101 SET character_set_client = utf8 */;
CREATE TABLE `vtiger_type_payment` (
  `type_paymentid` int(11) NOT NULL AUTO_INCREMENT,
  `type_payment` varchar(200) NOT NULL,
  `presence` int(1) NOT NULL DEFAULT '1',
  `picklist_valueid` int(11) NOT NULL DEFAULT '0',
  `sortorderid` int(11) DEFAULT '0',
  `color` varchar(10) DEFAULT NULL,
  PRIMARY KEY (`type_paymentid`)
) ENGINE=InnoDB AUTO_INCREMENT=3 DEFAULT CHARSET=utf8;
/*!40101 SET character_set_client = @saved_cs_client */;

--
-- Dumping data for table `vtiger_type_payment`
--

LOCK TABLES `vtiger_type_payment` WRITE;
/*!40000 ALTER TABLE `vtiger_type_payment` DISABLE KEYS */;
INSERT INTO `vtiger_type_payment` VALUES (1,'Cash Payment',1,298,1,NULL),(2,'Cashless Transfer',1,299,2,NULL);
/*!40000 ALTER TABLE `vtiger_type_payment` ENABLE KEYS */;
UNLOCK TABLES;

--
-- Table structure for table `vtiger_type_payment_seq`
--

DROP TABLE IF EXISTS `vtiger_type_payment_seq`;
/*!40101 SET @saved_cs_client     = @@character_set_client */;
/*!40101 SET character_set_client = utf8 */;
CREATE TABLE `vtiger_type_payment_seq` (
  `id` int(11) NOT NULL
) ENGINE=InnoDB DEFAULT CHARSET=utf8;
/*!40101 SET character_set_client = @saved_cs_client */;

--
-- Dumping data for table `vtiger_type_payment_seq`
--

LOCK TABLES `vtiger_type_payment_seq` WRITE;
/*!40000 ALTER TABLE `vtiger_type_payment_seq` DISABLE KEYS */;
INSERT INTO `vtiger_type_payment_seq` VALUES (2);
/*!40000 ALTER TABLE `vtiger_type_payment_seq` ENABLE KEYS */;
UNLOCK TABLES;

--
-- Table structure for table `vtiger_type_seq`
--

DROP TABLE IF EXISTS `vtiger_type_seq`;
/*!40101 SET @saved_cs_client     = @@character_set_client */;
/*!40101 SET character_set_client = utf8 */;
CREATE TABLE `vtiger_type_seq` (
  `id` int(11) NOT NULL
) ENGINE=InnoDB DEFAULT CHARSET=utf8;
/*!40101 SET character_set_client = @saved_cs_client */;

--
-- Dumping data for table `vtiger_type_seq`
--

LOCK TABLES `vtiger_type_seq` WRITE;
/*!40000 ALTER TABLE `vtiger_type_seq` DISABLE KEYS */;
INSERT INTO `vtiger_type_seq` VALUES (2);
/*!40000 ALTER TABLE `vtiger_type_seq` ENABLE KEYS */;
UNLOCK TABLES;

--
-- Table structure for table `vtiger_usageunit`
--

DROP TABLE IF EXISTS `vtiger_usageunit`;
/*!40101 SET @saved_cs_client     = @@character_set_client */;
/*!40101 SET character_set_client = utf8 */;
CREATE TABLE `vtiger_usageunit` (
  `usageunitid` int(19) NOT NULL AUTO_INCREMENT,
  `usageunit` varchar(200) NOT NULL,
  `presence` int(1) NOT NULL DEFAULT '1',
  `picklist_valueid` int(19) NOT NULL DEFAULT '0',
  `sortorderid` int(11) DEFAULT NULL,
  `color` varchar(10) DEFAULT NULL,
  PRIMARY KEY (`usageunitid`),
  UNIQUE KEY `usageunit_usageunit_idx` (`usageunit`)
) ENGINE=InnoDB AUTO_INCREMENT=17 DEFAULT CHARSET=utf8;
/*!40101 SET character_set_client = @saved_cs_client */;

--
-- Dumping data for table `vtiger_usageunit`
--

LOCK TABLES `vtiger_usageunit` WRITE;
/*!40000 ALTER TABLE `vtiger_usageunit` DISABLE KEYS */;
INSERT INTO `vtiger_usageunit` VALUES (1,'Box',1,194,0,NULL),(2,'Carton',1,195,1,NULL),(3,'Dozen',1,196,2,NULL),(4,'Each',1,197,3,NULL),(5,'Hours',1,198,4,NULL),(6,'Impressions',1,199,5,NULL),(7,'Lb',1,200,6,NULL),(8,'M',1,201,7,NULL),(9,'Pack',1,202,8,NULL),(10,'Pages',1,203,9,NULL),(11,'Pieces',1,204,10,NULL),(12,'Quantity',1,205,11,NULL),(13,'Reams',1,206,12,NULL),(14,'Sheet',1,207,13,NULL),(15,'Spiral Binder',1,208,14,NULL),(16,'Sq Ft',1,209,15,NULL);
/*!40000 ALTER TABLE `vtiger_usageunit` ENABLE KEYS */;
UNLOCK TABLES;

--
-- Table structure for table `vtiger_usageunit_seq`
--

DROP TABLE IF EXISTS `vtiger_usageunit_seq`;
/*!40101 SET @saved_cs_client     = @@character_set_client */;
/*!40101 SET character_set_client = utf8 */;
CREATE TABLE `vtiger_usageunit_seq` (
  `id` int(11) NOT NULL
) ENGINE=InnoDB DEFAULT CHARSET=utf8;
/*!40101 SET character_set_client = @saved_cs_client */;

--
-- Dumping data for table `vtiger_usageunit_seq`
--

LOCK TABLES `vtiger_usageunit_seq` WRITE;
/*!40000 ALTER TABLE `vtiger_usageunit_seq` DISABLE KEYS */;
INSERT INTO `vtiger_usageunit_seq` VALUES (16);
/*!40000 ALTER TABLE `vtiger_usageunit_seq` ENABLE KEYS */;
UNLOCK TABLES;

--
-- Table structure for table `vtiger_user2mergefields`
--

DROP TABLE IF EXISTS `vtiger_user2mergefields`;
/*!40101 SET @saved_cs_client     = @@character_set_client */;
/*!40101 SET character_set_client = utf8 */;
CREATE TABLE `vtiger_user2mergefields` (
  `userid` int(11) DEFAULT NULL,
  `tabid` int(19) DEFAULT NULL,
  `fieldid` int(19) DEFAULT NULL,
  `visible` int(2) DEFAULT NULL,
  KEY `userid_tabid_idx` (`userid`,`tabid`)
) ENGINE=InnoDB DEFAULT CHARSET=utf8;
/*!40101 SET character_set_client = @saved_cs_client */;

--
-- Dumping data for table `vtiger_user2mergefields`
--

LOCK TABLES `vtiger_user2mergefields` WRITE;
/*!40000 ALTER TABLE `vtiger_user2mergefields` DISABLE KEYS */;
/*!40000 ALTER TABLE `vtiger_user2mergefields` ENABLE KEYS */;
UNLOCK TABLES;

--
-- Table structure for table `vtiger_user2role`
--

DROP TABLE IF EXISTS `vtiger_user2role`;
/*!40101 SET @saved_cs_client     = @@character_set_client */;
/*!40101 SET character_set_client = utf8 */;
CREATE TABLE `vtiger_user2role` (
  `userid` int(11) NOT NULL,
  `roleid` varchar(255) NOT NULL,
  PRIMARY KEY (`userid`),
  KEY `user2role_roleid_idx` (`roleid`),
  CONSTRAINT `fk_2_vtiger_user2role` FOREIGN KEY (`userid`) REFERENCES `vtiger_users` (`id`) ON DELETE CASCADE
) ENGINE=InnoDB DEFAULT CHARSET=utf8;
/*!40101 SET character_set_client = @saved_cs_client */;

--
-- Dumping data for table `vtiger_user2role`
--

LOCK TABLES `vtiger_user2role` WRITE;
/*!40000 ALTER TABLE `vtiger_user2role` DISABLE KEYS */;
INSERT INTO `vtiger_user2role` VALUES (13,'H11'),(1,'H2'),(6,'H2'),(10,'H2'),(8,'H3'),(14,'H3'),(7,'H4'),(9,'H4');
/*!40000 ALTER TABLE `vtiger_user2role` ENABLE KEYS */;
UNLOCK TABLES;

--
-- Table structure for table `vtiger_user_module_preferences`
--

DROP TABLE IF EXISTS `vtiger_user_module_preferences`;
/*!40101 SET @saved_cs_client     = @@character_set_client */;
/*!40101 SET character_set_client = utf8 */;
CREATE TABLE `vtiger_user_module_preferences` (
  `userid` int(19) NOT NULL,
  `tabid` int(19) NOT NULL,
  `default_cvid` int(19) NOT NULL,
  PRIMARY KEY (`userid`,`tabid`),
  KEY `fk_2_vtiger_user_module_preferences` (`tabid`),
  CONSTRAINT `fk_2_vtiger_user_module_preferences` FOREIGN KEY (`tabid`) REFERENCES `vtiger_tab` (`tabid`) ON DELETE CASCADE ON UPDATE CASCADE
) ENGINE=InnoDB DEFAULT CHARSET=utf8;
/*!40101 SET character_set_client = @saved_cs_client */;

--
-- Dumping data for table `vtiger_user_module_preferences`
--

LOCK TABLES `vtiger_user_module_preferences` WRITE;
/*!40000 ALTER TABLE `vtiger_user_module_preferences` DISABLE KEYS */;
/*!40000 ALTER TABLE `vtiger_user_module_preferences` ENABLE KEYS */;
UNLOCK TABLES;

--
-- Table structure for table `vtiger_users`
--

DROP TABLE IF EXISTS `vtiger_users`;
/*!40101 SET @saved_cs_client     = @@character_set_client */;
/*!40101 SET character_set_client = utf8 */;
CREATE TABLE `vtiger_users` (
  `id` int(11) NOT NULL AUTO_INCREMENT,
  `user_name` varchar(255) DEFAULT NULL,
  `user_password` varchar(200) DEFAULT NULL,
  `user_hash` varchar(32) DEFAULT NULL,
  `cal_color` varchar(25) DEFAULT '#E6FAD8',
  `first_name` varchar(30) DEFAULT NULL,
  `last_name` varchar(30) DEFAULT NULL,
  `reports_to_id` varchar(36) DEFAULT NULL,
  `is_admin` varchar(3) DEFAULT '0',
  `currency_id` int(19) NOT NULL DEFAULT '1',
  `description` text,
  `date_entered` timestamp NOT NULL DEFAULT CURRENT_TIMESTAMP ON UPDATE CURRENT_TIMESTAMP,
  `date_modified` datetime DEFAULT NULL,
  `modified_user_id` varchar(36) DEFAULT NULL,
  `title` varchar(50) DEFAULT NULL,
  `department` varchar(50) DEFAULT NULL,
  `phone_home` varchar(50) DEFAULT NULL,
  `phone_mobile` varchar(50) DEFAULT NULL,
  `phone_work` varchar(50) DEFAULT NULL,
  `phone_other` varchar(50) DEFAULT NULL,
  `phone_fax` varchar(50) DEFAULT NULL,
  `email1` varchar(100) DEFAULT NULL,
  `email2` varchar(100) DEFAULT NULL,
  `secondaryemail` varchar(100) DEFAULT NULL,
  `status` varchar(25) DEFAULT NULL,
  `signature` text,
  `address_street` varchar(150) DEFAULT NULL,
  `address_city` varchar(100) DEFAULT NULL,
  `address_state` varchar(100) DEFAULT NULL,
  `address_country` varchar(25) DEFAULT NULL,
  `address_postalcode` varchar(9) DEFAULT NULL,
  `user_preferences` text,
  `tz` varchar(30) DEFAULT NULL,
  `holidays` varchar(60) DEFAULT NULL,
  `namedays` varchar(60) DEFAULT NULL,
  `workdays` varchar(30) DEFAULT NULL,
  `weekstart` int(11) DEFAULT NULL,
  `date_format` varchar(200) DEFAULT NULL,
  `hour_format` varchar(30) DEFAULT 'am/pm',
  `start_hour` varchar(30) DEFAULT '10:00',
  `end_hour` varchar(30) DEFAULT '23:00',
  `is_owner` varchar(100) DEFAULT '0',
  `activity_view` varchar(200) DEFAULT 'Today',
  `lead_view` varchar(200) DEFAULT 'Today',
  `imagename` varchar(250) DEFAULT NULL,
  `deleted` int(1) NOT NULL DEFAULT '0',
  `confirm_password` varchar(300) DEFAULT NULL,
  `internal_mailer` varchar(3) NOT NULL DEFAULT '1',
  `reminder_interval` varchar(100) DEFAULT NULL,
  `reminder_next_time` varchar(100) DEFAULT NULL,
  `crypt_type` varchar(20) NOT NULL DEFAULT 'MD5',
  `accesskey` varchar(36) DEFAULT NULL,
  `theme` varchar(100) DEFAULT NULL,
  `language` varchar(36) DEFAULT NULL,
  `time_zone` varchar(200) DEFAULT NULL,
  `currency_grouping_pattern` varchar(100) DEFAULT NULL,
  `currency_decimal_separator` varchar(2) DEFAULT NULL,
  `currency_grouping_separator` varchar(2) DEFAULT NULL,
  `currency_symbol_placement` varchar(20) DEFAULT NULL,
  `phone_crm_extension` varchar(100) DEFAULT NULL,
  `sp_gravitel_id` varchar(255) DEFAULT NULL,
  `sp_megafon_id` varchar(255) DEFAULT NULL,
  `sp_zebra_login` varchar(255) DEFAULT NULL,
  `sp_uiscom_id` varchar(255) DEFAULT NULL,
  `sp_uiscom_extension` varchar(255) DEFAULT NULL,
  `sp_telphin_extension` varchar(255) DEFAULT NULL,
  `sp_zadarma_extension` varchar(255) DEFAULT NULL,
  `sp_yandex_extension` varchar(255) DEFAULT NULL,
  `sp_yandex_outgoing_number` varchar(255) DEFAULT NULL,
  `sp_domru_id` varchar(255) DEFAULT NULL,
  `sp_westcall_spb_id` varchar(255) DEFAULT NULL,
  `sp_mcn_extension` varchar(255) DEFAULT NULL,
  `sp_rostelecom_extension` varchar(255) DEFAULT NULL,
  `sp_rostelecom_extension_internal` varchar(255) DEFAULT NULL,
  `sp_rostelecom_extension_sipiru` varchar(255) DEFAULT NULL,
  `sp_sipuni_extension` varchar(255) DEFAULT NULL,
  `sp_mango_extension` varchar(255) DEFAULT NULL,
  `no_of_currency_decimals` varchar(2) DEFAULT NULL,
  `truncate_trailing_zeros` varchar(3) DEFAULT NULL,
  `dayoftheweek` varchar(100) DEFAULT NULL,
  `callduration` varchar(100) DEFAULT NULL,
  `othereventduration` varchar(100) DEFAULT NULL,
  `calendarsharedtype` varchar(100) DEFAULT NULL,
  `default_record_view` varchar(10) DEFAULT NULL,
  `leftpanelhide` varchar(3) DEFAULT NULL,
  `rowheight` varchar(10) DEFAULT NULL,
  `defaulteventstatus` varchar(50) DEFAULT NULL,
  `defaultactivitytype` varchar(50) DEFAULT NULL,
  `hidecompletedevents` int(11) DEFAULT NULL,
  `defaultcalendarview` varchar(100) DEFAULT NULL,
  PRIMARY KEY (`id`),
  KEY `user_user_name_idx` (`user_name`),
  KEY `user_user_password_idx` (`user_password`)
) ENGINE=InnoDB AUTO_INCREMENT=15 DEFAULT CHARSET=utf8;
/*!40101 SET character_set_client = @saved_cs_client */;

--
-- Dumping data for table `vtiger_users`
--

LOCK TABLES `vtiger_users` WRITE;
/*!40000 ALTER TABLE `vtiger_users` DISABLE KEYS */;
INSERT INTO `vtiger_users` VALUES (1,'admin','$1$ad000000$isP/Ptcpy7cpZzQl49tfJ0','d41d8cd98f00b204e9800998ecf8427e','#E6FAD8','','Администратор','','on',1,'','2020-06-11 08:49:08',NULL,NULL,'','','','','','','','admin@lgstmail.ru','','','Active','','','','','','',NULL,NULL,NULL,NULL,NULL,NULL,'dd-mm-yyyy','24','00:00','23:00','1','This Week','Today','',0,'$1$ad000000$nYTnfhTZRmUP.wQT9y1AE.','1','1 Minute',NULL,'PHP5.3MD5','fCO1iEGshOJqYsv','alphagrey','ru_ru','Europe/Moscow','123456789',',','\'','1.0$','','','','','','','','','','','','','','','','','','','2','1','Monday','5','5','public','Summary','0','','Planned','Call',0,'MyCalendar'),(6,'vit.admin','$1$vi000000$4venUO3a3wjkQ7/uCcO4d/','ca6532f1ec4568f0ebf3cb93fbe59090','#E6FAD8','Bob','Kelso','','on',1,'','2020-06-10 20:00:03',NULL,NULL,'','','','','','','','vit@itilus.com','','','Active','','','','','','',NULL,NULL,NULL,NULL,NULL,NULL,'dd-mm-yyyy','24','09:00','','','Today','Today','bob.png',0,'$1$vi000000$4venUO3a3wjkQ7/uCcO4d/','0','',NULL,'PHP5.3MD5','Yzav0g0z7RXn9pA2','softed','ru_ru','Europe/Moscow','123456789','.',',','1.0$','','','','','','','','','','','','','','','','','','','2','0','Monday','5','5','public','Summary','0','medium',NULL,NULL,0,''),(7,'testuser01','$1$te000000$81QbeiPCmCmPF0Bv6XZf/1','23dc8282fd52d82527afb12cdccbbde8','#E6FAD8','testuser','lgstmail','','off',1,'','2020-06-04 08:55:09',NULL,NULL,'','','','','','','','marker@lgstmail.ru','','','Active','','','','','','',NULL,NULL,NULL,NULL,NULL,NULL,'dd-mm-yyyy','24','09:00','','','Today','Today','',0,'$1$te000000$81QbeiPCmCmPF0Bv6XZf/1','0','',NULL,'PHP5.3MD5','Gk4gueA9pMaPnAs9','softed','ru_ru','Europe/Moscow','123456789','.',',','1.0$','','','','','','','','','','','','','','','','','','','2','0','Monday','5','5','public','Summary','0','medium',NULL,NULL,0,''),(8,'ab_01','$1$ab000000$baYlGtv1R7PHgaaGAikqx.','3e3532b54e8577991d273290d7fe854b','#E6FAD8','Александр','Б','','off',1,'','2020-06-11 10:49:26',NULL,NULL,'','','','','','','','privozim111@lgstmail.ru','','','Active','','','','','','',NULL,NULL,NULL,NULL,NULL,NULL,'dd-mm-yyyy','24','09:00','','','Today','Today','',0,'$1$ab000000$baYlGtv1R7PHgaaGAikqx.','0','',NULL,'PHP5.3MD5','rybKZOkqUnLOXIF6','softed','ru_ru','Europe/Moscow','123456789','.',',','1.0$','','','','','','','','','','','','','','','','','','','2','0','Monday','5','5','public','Summary','0','medium',NULL,NULL,0,''),(9,'testzadarma','$1$te000000$wo27bgE6smlJOR0HnaQDF.','008cc9b9f04b209113764cbc01a286b9','#E6FAD8','zadarma','zadarma','','off',1,'','2020-06-11 11:21:52',NULL,NULL,'','','','','','','','skype.hello@gmail.com','','','Active','','','','','','',NULL,NULL,NULL,NULL,NULL,NULL,'dd-mm-yyyy','24','09:00','','','Today','Today','',0,'$1$te000000$wo27bgE6smlJOR0HnaQDF.','0','',NULL,'PHP5.3MD5','puv5VhblH5ullkRw','softed','ru_ru','Europe/Moscow','123456789','.',',','1.0$','100','','','','','','','100','','','','','','','','','','','2','0','Monday','5','5','public','Summary','0','medium',NULL,NULL,0,''),(10,'sergeyem','$1$se000000$Sch.cJ00DCIJ0SDEBeucP0','a549bf7c360d90b2b6c78b36cfda3aa3','#E6FAD8','сергей','sergeyem','','on',1,'','2020-06-11 09:27:40',NULL,NULL,'','','','','','','','se@sergeyem.ru','','','Active','','','','','','',NULL,NULL,NULL,NULL,NULL,NULL,'dd-mm-yyyy','24','09:00','','','Today','Today','',0,'$1$se000000$Sch.cJ00DCIJ0SDEBeucP0','0','',NULL,'PHP5.3MD5','zBmigguLNpeLYCHu','softed','ru_ru','Europe/Moscow','123456789','.',',','1.0$','','','','','','','','','','','','','','','','','','','2','0','Monday','5','5','public','Summary','0','medium',NULL,NULL,0,''),(13,'vg_01','$1$vg000000$JsaRf6ux96iDSIRog0jcY.','5b7c986120b119a77000c140e8263b9b','#E6FAD8','Виктор','Г.','','off',1,'','2020-06-11 11:26:07',NULL,NULL,'','','','','','','','manage.brg06@lgstmail.ru','','','Active','','','','','','',NULL,NULL,NULL,NULL,NULL,NULL,'dd-mm-yyyy','24','09:00','','','Today','Today','',0,'$1$vg000000$JsaRf6ux96iDSIRog0jcY.','0','',NULL,'PHP5.3MD5','Y2DshpgsIqIILGko','softed','ru_ru','Europe/Moscow','123456789','.',',','1.0$','','','','','','','','','','','','','','','','','','','2','0','Monday','5','5','public','Summary','0','medium',NULL,NULL,0,''),(14,'sz_01','$1$sz000000$9FynC/EvZJFleXeflMC38/','e55992359924582eaef0da65a3a938a7','#E6FAD8','Сергей','З','','off',1,'','2020-06-11 11:37:18',NULL,NULL,'','','','','','','','frikstel29@lgstmail.ru','','','Active','','','','','','',NULL,NULL,NULL,NULL,NULL,NULL,'dd-mm-yyyy','24','09:00','','','Today','Today','',0,'$1$sz000000$9FynC/EvZJFleXeflMC38/','0','',NULL,'PHP5.3MD5','NBgvbbfKzSTy6xJu','softed','ru_ru','Europe/Moscow','123456789','.',',','1.0$','','','','','','','','','','','','','','','','','','','2','0','Monday','5','5','public','Summary','0','medium',NULL,NULL,0,'');
/*!40000 ALTER TABLE `vtiger_users` ENABLE KEYS */;
UNLOCK TABLES;

--
-- Table structure for table `vtiger_users2group`
--

DROP TABLE IF EXISTS `vtiger_users2group`;
/*!40101 SET @saved_cs_client     = @@character_set_client */;
/*!40101 SET character_set_client = utf8 */;
CREATE TABLE `vtiger_users2group` (
  `groupid` int(19) NOT NULL,
  `userid` int(19) NOT NULL,
  PRIMARY KEY (`groupid`,`userid`),
  KEY `users2group_groupname_uerid_idx` (`groupid`,`userid`),
  KEY `fk_2_vtiger_users2group` (`userid`),
  CONSTRAINT `fk_2_vtiger_users2group` FOREIGN KEY (`userid`) REFERENCES `vtiger_users` (`id`) ON DELETE CASCADE
) ENGINE=InnoDB DEFAULT CHARSET=utf8;
/*!40101 SET character_set_client = @saved_cs_client */;

--
-- Dumping data for table `vtiger_users2group`
--

LOCK TABLES `vtiger_users2group` WRITE;
/*!40000 ALTER TABLE `vtiger_users2group` DISABLE KEYS */;
INSERT INTO `vtiger_users2group` VALUES (3,1),(5,1),(12,7),(11,8),(12,9);
/*!40000 ALTER TABLE `vtiger_users2group` ENABLE KEYS */;
UNLOCK TABLES;

--
-- Table structure for table `vtiger_users_last_import`
--

DROP TABLE IF EXISTS `vtiger_users_last_import`;
/*!40101 SET @saved_cs_client     = @@character_set_client */;
/*!40101 SET character_set_client = utf8 */;
CREATE TABLE `vtiger_users_last_import` (
  `id` int(36) NOT NULL AUTO_INCREMENT,
  `assigned_user_id` varchar(36) DEFAULT NULL,
  `bean_type` varchar(36) DEFAULT NULL,
  `bean_id` varchar(36) DEFAULT NULL,
  `deleted` int(1) NOT NULL DEFAULT '0',
  PRIMARY KEY (`id`),
  KEY `idx_user_id` (`assigned_user_id`)
) ENGINE=InnoDB DEFAULT CHARSET=utf8;
/*!40101 SET character_set_client = @saved_cs_client */;

--
-- Dumping data for table `vtiger_users_last_import`
--

LOCK TABLES `vtiger_users_last_import` WRITE;
/*!40000 ALTER TABLE `vtiger_users_last_import` DISABLE KEYS */;
/*!40000 ALTER TABLE `vtiger_users_last_import` ENABLE KEYS */;
UNLOCK TABLES;

--
-- Table structure for table `vtiger_users_seq`
--

DROP TABLE IF EXISTS `vtiger_users_seq`;
/*!40101 SET @saved_cs_client     = @@character_set_client */;
/*!40101 SET character_set_client = utf8 */;
CREATE TABLE `vtiger_users_seq` (
  `id` int(11) NOT NULL
) ENGINE=InnoDB DEFAULT CHARSET=utf8;
/*!40101 SET character_set_client = @saved_cs_client */;

--
-- Dumping data for table `vtiger_users_seq`
--

LOCK TABLES `vtiger_users_seq` WRITE;
/*!40000 ALTER TABLE `vtiger_users_seq` DISABLE KEYS */;
INSERT INTO `vtiger_users_seq` VALUES (14);
/*!40000 ALTER TABLE `vtiger_users_seq` ENABLE KEYS */;
UNLOCK TABLES;

--
-- Table structure for table `vtiger_vendor`
--

DROP TABLE IF EXISTS `vtiger_vendor`;
/*!40101 SET @saved_cs_client     = @@character_set_client */;
/*!40101 SET character_set_client = utf8 */;
CREATE TABLE `vtiger_vendor` (
  `vendorid` int(19) NOT NULL DEFAULT '0',
  `vendor_no` varchar(100) NOT NULL,
  `vendorname` varchar(100) DEFAULT NULL,
  `phone` varchar(100) DEFAULT NULL,
  `email` varchar(100) DEFAULT NULL,
  `website` varchar(100) DEFAULT NULL,
  `glacct` varchar(200) DEFAULT NULL,
  `category` varchar(50) DEFAULT NULL,
  `street` text,
  `city` varchar(30) DEFAULT NULL,
  `state` varchar(30) DEFAULT NULL,
  `pobox` varchar(30) DEFAULT NULL,
  `postalcode` varchar(100) DEFAULT NULL,
  `country` varchar(100) DEFAULT NULL,
  `description` text,
  `tags` varchar(1) DEFAULT NULL,
  PRIMARY KEY (`vendorid`),
  CONSTRAINT `fk_1_vtiger_vendor` FOREIGN KEY (`vendorid`) REFERENCES `vtiger_crmentity` (`crmid`) ON DELETE CASCADE
) ENGINE=InnoDB DEFAULT CHARSET=utf8;
/*!40101 SET character_set_client = @saved_cs_client */;

--
-- Dumping data for table `vtiger_vendor`
--

LOCK TABLES `vtiger_vendor` WRITE;
/*!40000 ALTER TABLE `vtiger_vendor` DISABLE KEYS */;
/*!40000 ALTER TABLE `vtiger_vendor` ENABLE KEYS */;
UNLOCK TABLES;

--
-- Table structure for table `vtiger_vendorcf`
--

DROP TABLE IF EXISTS `vtiger_vendorcf`;
/*!40101 SET @saved_cs_client     = @@character_set_client */;
/*!40101 SET character_set_client = utf8 */;
CREATE TABLE `vtiger_vendorcf` (
  `vendorid` int(19) NOT NULL DEFAULT '0',
  PRIMARY KEY (`vendorid`),
  CONSTRAINT `fk_1_vtiger_vendorcf` FOREIGN KEY (`vendorid`) REFERENCES `vtiger_vendor` (`vendorid`) ON DELETE CASCADE
) ENGINE=InnoDB DEFAULT CHARSET=utf8;
/*!40101 SET character_set_client = @saved_cs_client */;

--
-- Dumping data for table `vtiger_vendorcf`
--

LOCK TABLES `vtiger_vendorcf` WRITE;
/*!40000 ALTER TABLE `vtiger_vendorcf` DISABLE KEYS */;
/*!40000 ALTER TABLE `vtiger_vendorcf` ENABLE KEYS */;
UNLOCK TABLES;

--
-- Table structure for table `vtiger_vendorcontactrel`
--

DROP TABLE IF EXISTS `vtiger_vendorcontactrel`;
/*!40101 SET @saved_cs_client     = @@character_set_client */;
/*!40101 SET character_set_client = utf8 */;
CREATE TABLE `vtiger_vendorcontactrel` (
  `vendorid` int(19) NOT NULL DEFAULT '0',
  `contactid` int(19) NOT NULL DEFAULT '0',
  PRIMARY KEY (`vendorid`,`contactid`),
  KEY `vendorcontactrel_vendorid_idx` (`vendorid`),
  KEY `vendorcontactrel_contact_idx` (`contactid`),
  CONSTRAINT `fk_2_vtiger_vendorcontactrel` FOREIGN KEY (`vendorid`) REFERENCES `vtiger_vendor` (`vendorid`) ON DELETE CASCADE
) ENGINE=InnoDB DEFAULT CHARSET=utf8;
/*!40101 SET character_set_client = @saved_cs_client */;

--
-- Dumping data for table `vtiger_vendorcontactrel`
--

LOCK TABLES `vtiger_vendorcontactrel` WRITE;
/*!40000 ALTER TABLE `vtiger_vendorcontactrel` DISABLE KEYS */;
/*!40000 ALTER TABLE `vtiger_vendorcontactrel` ENABLE KEYS */;
UNLOCK TABLES;

--
-- Table structure for table `vtiger_version`
--

DROP TABLE IF EXISTS `vtiger_version`;
/*!40101 SET @saved_cs_client     = @@character_set_client */;
/*!40101 SET character_set_client = utf8 */;
CREATE TABLE `vtiger_version` (
  `id` int(11) NOT NULL AUTO_INCREMENT,
  `old_version` varchar(30) DEFAULT NULL,
  `current_version` varchar(30) DEFAULT NULL,
  PRIMARY KEY (`id`)
) ENGINE=InnoDB AUTO_INCREMENT=2 DEFAULT CHARSET=utf8;
/*!40101 SET character_set_client = @saved_cs_client */;

--
-- Dumping data for table `vtiger_version`
--

LOCK TABLES `vtiger_version` WRITE;
/*!40000 ALTER TABLE `vtiger_version` DISABLE KEYS */;
INSERT INTO `vtiger_version` VALUES (1,'7.1.0-201803','7.1.0-201803');
/*!40000 ALTER TABLE `vtiger_version` ENABLE KEYS */;
UNLOCK TABLES;

--
-- Table structure for table `vtiger_version_seq`
--

DROP TABLE IF EXISTS `vtiger_version_seq`;
/*!40101 SET @saved_cs_client     = @@character_set_client */;
/*!40101 SET character_set_client = utf8 */;
CREATE TABLE `vtiger_version_seq` (
  `id` int(11) NOT NULL
) ENGINE=InnoDB DEFAULT CHARSET=utf8;
/*!40101 SET character_set_client = @saved_cs_client */;

--
-- Dumping data for table `vtiger_version_seq`
--

LOCK TABLES `vtiger_version_seq` WRITE;
/*!40000 ALTER TABLE `vtiger_version_seq` DISABLE KEYS */;
INSERT INTO `vtiger_version_seq` VALUES (1);
/*!40000 ALTER TABLE `vtiger_version_seq` ENABLE KEYS */;
UNLOCK TABLES;

--
-- Table structure for table `vtiger_visibility`
--

DROP TABLE IF EXISTS `vtiger_visibility`;
/*!40101 SET @saved_cs_client     = @@character_set_client */;
/*!40101 SET character_set_client = utf8 */;
CREATE TABLE `vtiger_visibility` (
  `visibilityid` int(19) NOT NULL AUTO_INCREMENT,
  `visibility` varchar(200) NOT NULL,
  `sortorderid` int(19) NOT NULL DEFAULT '0',
  `presence` int(1) NOT NULL DEFAULT '1',
  `color` varchar(10) DEFAULT NULL,
  PRIMARY KEY (`visibilityid`),
  UNIQUE KEY `visibility_visibility_idx` (`visibility`)
) ENGINE=InnoDB AUTO_INCREMENT=3 DEFAULT CHARSET=utf8;
/*!40101 SET character_set_client = @saved_cs_client */;

--
-- Dumping data for table `vtiger_visibility`
--

LOCK TABLES `vtiger_visibility` WRITE;
/*!40000 ALTER TABLE `vtiger_visibility` DISABLE KEYS */;
INSERT INTO `vtiger_visibility` VALUES (1,'Private',0,1,NULL),(2,'Public',1,1,NULL);
/*!40000 ALTER TABLE `vtiger_visibility` ENABLE KEYS */;
UNLOCK TABLES;

--
-- Table structure for table `vtiger_visibility_seq`
--

DROP TABLE IF EXISTS `vtiger_visibility_seq`;
/*!40101 SET @saved_cs_client     = @@character_set_client */;
/*!40101 SET character_set_client = utf8 */;
CREATE TABLE `vtiger_visibility_seq` (
  `id` int(11) NOT NULL
) ENGINE=InnoDB DEFAULT CHARSET=utf8;
/*!40101 SET character_set_client = @saved_cs_client */;

--
-- Dumping data for table `vtiger_visibility_seq`
--

LOCK TABLES `vtiger_visibility_seq` WRITE;
/*!40000 ALTER TABLE `vtiger_visibility_seq` DISABLE KEYS */;
INSERT INTO `vtiger_visibility_seq` VALUES (2);
/*!40000 ALTER TABLE `vtiger_visibility_seq` ENABLE KEYS */;
UNLOCK TABLES;

--
-- Table structure for table `vtiger_vk_status`
--

DROP TABLE IF EXISTS `vtiger_vk_status`;
/*!40101 SET @saved_cs_client     = @@character_set_client */;
/*!40101 SET character_set_client = utf8 */;
CREATE TABLE `vtiger_vk_status` (
  `vk_statusid` int(11) NOT NULL AUTO_INCREMENT,
  `vk_status` varchar(200) NOT NULL,
  `presence` int(1) NOT NULL DEFAULT '1',
  `picklist_valueid` int(11) NOT NULL DEFAULT '0',
  `sortorderid` int(11) DEFAULT '0',
  `color` varchar(10) DEFAULT NULL,
  PRIMARY KEY (`vk_statusid`)
) ENGINE=InnoDB AUTO_INCREMENT=3 DEFAULT CHARSET=utf8;
/*!40101 SET character_set_client = @saved_cs_client */;

--
-- Dumping data for table `vtiger_vk_status`
--

LOCK TABLES `vtiger_vk_status` WRITE;
/*!40000 ALTER TABLE `vtiger_vk_status` DISABLE KEYS */;
INSERT INTO `vtiger_vk_status` VALUES (1,'Sent',1,237,1,NULL),(2,'Not sent',1,238,2,NULL);
/*!40000 ALTER TABLE `vtiger_vk_status` ENABLE KEYS */;
UNLOCK TABLES;

--
-- Table structure for table `vtiger_vk_status_seq`
--

DROP TABLE IF EXISTS `vtiger_vk_status_seq`;
/*!40101 SET @saved_cs_client     = @@character_set_client */;
/*!40101 SET character_set_client = utf8 */;
CREATE TABLE `vtiger_vk_status_seq` (
  `id` int(11) NOT NULL
) ENGINE=InnoDB DEFAULT CHARSET=utf8;
/*!40101 SET character_set_client = @saved_cs_client */;

--
-- Dumping data for table `vtiger_vk_status_seq`
--

LOCK TABLES `vtiger_vk_status_seq` WRITE;
/*!40000 ALTER TABLE `vtiger_vk_status_seq` DISABLE KEYS */;
INSERT INTO `vtiger_vk_status_seq` VALUES (2);
/*!40000 ALTER TABLE `vtiger_vk_status_seq` ENABLE KEYS */;
UNLOCK TABLES;

--
-- Table structure for table `vtiger_webform_file_fields`
--

DROP TABLE IF EXISTS `vtiger_webform_file_fields`;
/*!40101 SET @saved_cs_client     = @@character_set_client */;
/*!40101 SET character_set_client = utf8 */;
CREATE TABLE `vtiger_webform_file_fields` (
  `id` int(19) NOT NULL AUTO_INCREMENT,
  `webformid` int(19) NOT NULL,
  `fieldname` varchar(100) NOT NULL,
  `fieldlabel` varchar(100) NOT NULL,
  `required` int(1) NOT NULL DEFAULT '0',
  PRIMARY KEY (`id`),
  KEY `fk_vtiger_webforms` (`webformid`),
  CONSTRAINT `fk_vtiger_webforms` FOREIGN KEY (`webformid`) REFERENCES `vtiger_webforms` (`id`) ON DELETE CASCADE
) ENGINE=InnoDB DEFAULT CHARSET=utf8;
/*!40101 SET character_set_client = @saved_cs_client */;

--
-- Dumping data for table `vtiger_webform_file_fields`
--

LOCK TABLES `vtiger_webform_file_fields` WRITE;
/*!40000 ALTER TABLE `vtiger_webform_file_fields` DISABLE KEYS */;
/*!40000 ALTER TABLE `vtiger_webform_file_fields` ENABLE KEYS */;
UNLOCK TABLES;

--
-- Table structure for table `vtiger_webforms`
--

DROP TABLE IF EXISTS `vtiger_webforms`;
/*!40101 SET @saved_cs_client     = @@character_set_client */;
/*!40101 SET character_set_client = utf8 */;
CREATE TABLE `vtiger_webforms` (
  `id` int(19) NOT NULL AUTO_INCREMENT,
  `name` varchar(100) CHARACTER SET utf8 NOT NULL,
  `publicid` varchar(100) CHARACTER SET utf8 NOT NULL,
  `enabled` int(1) NOT NULL DEFAULT '1',
  `targetmodule` varchar(50) CHARACTER SET utf8 NOT NULL,
  `description` text COLLATE utf8_unicode_ci,
  `ownerid` int(19) NOT NULL,
  `returnurl` varchar(250) CHARACTER SET utf8 DEFAULT NULL,
  `captcha` int(1) NOT NULL DEFAULT '0',
  `roundrobin` int(1) NOT NULL DEFAULT '0',
  `roundrobin_userid` varchar(256) CHARACTER SET utf8 DEFAULT NULL,
  `roundrobin_logic` int(11) NOT NULL DEFAULT '0',
  PRIMARY KEY (`id`),
  UNIQUE KEY `webformname` (`name`),
  UNIQUE KEY `publicid` (`id`),
  KEY `webforms_webforms_id_idx` (`id`)
) ENGINE=InnoDB DEFAULT CHARSET=utf8 COLLATE=utf8_unicode_ci;
/*!40101 SET character_set_client = @saved_cs_client */;

--
-- Dumping data for table `vtiger_webforms`
--

LOCK TABLES `vtiger_webforms` WRITE;
/*!40000 ALTER TABLE `vtiger_webforms` DISABLE KEYS */;
/*!40000 ALTER TABLE `vtiger_webforms` ENABLE KEYS */;
UNLOCK TABLES;

--
-- Table structure for table `vtiger_webforms_field`
--

DROP TABLE IF EXISTS `vtiger_webforms_field`;
/*!40101 SET @saved_cs_client     = @@character_set_client */;
/*!40101 SET character_set_client = utf8 */;
CREATE TABLE `vtiger_webforms_field` (
  `id` int(19) NOT NULL AUTO_INCREMENT,
  `webformid` int(19) NOT NULL,
  `fieldname` varchar(50) CHARACTER SET utf8 NOT NULL,
  `neutralizedfield` varchar(50) CHARACTER SET utf8 NOT NULL,
  `defaultvalue` text COLLATE utf8_unicode_ci,
  `required` int(10) NOT NULL DEFAULT '0',
  `sequence` int(10) DEFAULT NULL,
  `hidden` int(10) DEFAULT NULL,
  PRIMARY KEY (`id`),
  KEY `webforms_webforms_field_idx` (`id`),
  KEY `fk_1_vtiger_webforms_field` (`webformid`),
  KEY `fk_2_vtiger_webforms_field` (`fieldname`),
  CONSTRAINT `fk_1_vtiger_webforms_field` FOREIGN KEY (`webformid`) REFERENCES `vtiger_webforms` (`id`) ON DELETE CASCADE,
  CONSTRAINT `fk_2_vtiger_webforms_field` FOREIGN KEY (`fieldname`) REFERENCES `vtiger_field` (`fieldname`) ON DELETE CASCADE
) ENGINE=InnoDB DEFAULT CHARSET=utf8 COLLATE=utf8_unicode_ci;
/*!40101 SET character_set_client = @saved_cs_client */;

--
-- Dumping data for table `vtiger_webforms_field`
--

LOCK TABLES `vtiger_webforms_field` WRITE;
/*!40000 ALTER TABLE `vtiger_webforms_field` DISABLE KEYS */;
/*!40000 ALTER TABLE `vtiger_webforms_field` ENABLE KEYS */;
UNLOCK TABLES;

--
-- Table structure for table `vtiger_wordtemplates`
--

DROP TABLE IF EXISTS `vtiger_wordtemplates`;
/*!40101 SET @saved_cs_client     = @@character_set_client */;
/*!40101 SET character_set_client = utf8 */;
CREATE TABLE `vtiger_wordtemplates` (
  `templateid` int(19) NOT NULL,
  `filename` varchar(100) NOT NULL,
  `module` varchar(30) NOT NULL,
  `date_entered` timestamp NOT NULL DEFAULT CURRENT_TIMESTAMP ON UPDATE CURRENT_TIMESTAMP,
  `parent_type` varchar(50) NOT NULL,
  `data` longblob,
  `description` text,
  `filesize` varchar(50) NOT NULL,
  `filetype` varchar(20) NOT NULL,
  `deleted` int(1) NOT NULL DEFAULT '0',
  PRIMARY KEY (`templateid`)
) ENGINE=InnoDB DEFAULT CHARSET=utf8;
/*!40101 SET character_set_client = @saved_cs_client */;

--
-- Dumping data for table `vtiger_wordtemplates`
--

LOCK TABLES `vtiger_wordtemplates` WRITE;
/*!40000 ALTER TABLE `vtiger_wordtemplates` DISABLE KEYS */;
/*!40000 ALTER TABLE `vtiger_wordtemplates` ENABLE KEYS */;
UNLOCK TABLES;

--
-- Table structure for table `vtiger_ws_entity`
--

DROP TABLE IF EXISTS `vtiger_ws_entity`;
/*!40101 SET @saved_cs_client     = @@character_set_client */;
/*!40101 SET character_set_client = utf8 */;
CREATE TABLE `vtiger_ws_entity` (
  `id` int(11) NOT NULL AUTO_INCREMENT,
  `name` varchar(25) NOT NULL,
  `handler_path` varchar(255) NOT NULL,
  `handler_class` varchar(64) NOT NULL,
  `ismodule` int(3) NOT NULL,
  PRIMARY KEY (`id`)
) ENGINE=InnoDB AUTO_INCREMENT=42 DEFAULT CHARSET=utf8;
/*!40101 SET character_set_client = @saved_cs_client */;

--
-- Dumping data for table `vtiger_ws_entity`
--

LOCK TABLES `vtiger_ws_entity` WRITE;
/*!40000 ALTER TABLE `vtiger_ws_entity` DISABLE KEYS */;
INSERT INTO `vtiger_ws_entity` VALUES (1,'Campaigns','include/Webservices/VtigerModuleOperation.php','VtigerModuleOperation',1),(2,'Invoice','include/Webservices/LineItem/VtigerInventoryOperation.php','VtigerInventoryOperation',1),(3,'SalesOrder','include/Webservices/LineItem/VtigerInventoryOperation.php','VtigerInventoryOperation',1),(4,'PurchaseOrder','include/Webservices/LineItem/VtigerInventoryOperation.php','VtigerInventoryOperation',1),(5,'Quotes','include/Webservices/LineItem/VtigerInventoryOperation.php','VtigerInventoryOperation',1),(6,'Faq','include/Webservices/VtigerModuleOperation.php','VtigerModuleOperation',1),(7,'Vendors','include/Webservices/VtigerModuleOperation.php','VtigerModuleOperation',1),(8,'PriceBooks','include/Webservices/VtigerModuleOperation.php','VtigerModuleOperation',1),(9,'Calendar','include/Webservices/VtigerModuleOperation.php','VtigerModuleOperation',1),(10,'Leads','include/Webservices/VtigerModuleOperation.php','VtigerModuleOperation',1),(11,'Accounts','include/Webservices/VtigerModuleOperation.php','VtigerModuleOperation',1),(12,'Contacts','include/Webservices/VtigerModuleOperation.php','VtigerModuleOperation',1),(13,'Potentials','include/Webservices/VtigerModuleOperation.php','VtigerModuleOperation',1),(14,'Products','include/Webservices/VtigerProductOperation.php','VtigerProductOperation',1),(15,'Documents','include/Webservices/VtigerModuleOperation.php','VtigerModuleOperation',1),(16,'Emails','include/Webservices/VtigerModuleOperation.php','VtigerModuleOperation',1),(17,'HelpDesk','include/Webservices/VtigerModuleOperation.php','VtigerModuleOperation',1),(18,'Events','include/Webservices/VtigerModuleOperation.php','VtigerModuleOperation',1),(19,'Users','include/Webservices/VtigerModuleOperation.php','VtigerModuleOperation',1),(20,'Groups','include/Webservices/VtigerActorOperation.php','VtigerActorOperation',0),(21,'Currency','include/Webservices/VtigerActorOperation.php','VtigerActorOperation',0),(22,'DocumentFolders','include/Webservices/VtigerActorOperation.php','VtigerActorOperation',0),(23,'CompanyDetails','include/Webservices/VtigerCompanyDetails.php','VtigerCompanyDetails',0),(24,'Services','include/Webservices/VtigerProductOperation.php','VtigerProductOperation',1),(25,'PBXManager','include/Webservices/VtigerModuleOperation.php','VtigerModuleOperation',1),(26,'ServiceContracts','include/Webservices/VtigerModuleOperation.php','VtigerModuleOperation',1),(27,'Search','include/Webservices/VtigerModuleOperation.php','VtigerModuleOperation',1),(28,'ModComments','include/Webservices/VtigerModuleOperation.php','VtigerModuleOperation',1),(29,'Assets','include/Webservices/VtigerModuleOperation.php','VtigerModuleOperation',1),(30,'SPSocialConnector','include/Webservices/VtigerModuleOperation.php','VtigerModuleOperation',1),(31,'SMSNotifier','include/Webservices/VtigerModuleOperation.php','VtigerModuleOperation',1),(32,'SPUnits','include/Webservices/VtigerModuleOperation.php','VtigerModuleOperation',1),(33,'ProjectMilestone','include/Webservices/VtigerModuleOperation.php','VtigerModuleOperation',1),(34,'ProjectTask','include/Webservices/VtigerModuleOperation.php','VtigerModuleOperation',1),(35,'Project','include/Webservices/VtigerModuleOperation.php','VtigerModuleOperation',1),(36,'Act','include/Webservices/LineItem/VtigerInventoryOperation.php','VtigerInventoryOperation',1),(37,'SPPayments','include/Webservices/VtigerModuleOperation.php','VtigerModuleOperation',1),(38,'Consignment','include/Webservices/LineItem/VtigerInventoryOperation.php','VtigerInventoryOperation',1),(39,'LineItem','include/Webservices/LineItem/VtigerLineItemOperation.php','VtigerLineItemOperation',0),(40,'Tax','include/Webservices/LineItem/VtigerTaxOperation.php','VtigerTaxOperation',0),(41,'ProductTaxes','include/Webservices/LineItem/VtigerProductTaxesOperation.php','VtigerProductTaxesOperation',0);
/*!40000 ALTER TABLE `vtiger_ws_entity` ENABLE KEYS */;
UNLOCK TABLES;

--
-- Table structure for table `vtiger_ws_entity_fieldtype`
--

DROP TABLE IF EXISTS `vtiger_ws_entity_fieldtype`;
/*!40101 SET @saved_cs_client     = @@character_set_client */;
/*!40101 SET character_set_client = utf8 */;
CREATE TABLE `vtiger_ws_entity_fieldtype` (
  `fieldtypeid` int(19) NOT NULL AUTO_INCREMENT,
  `table_name` varchar(50) NOT NULL,
  `field_name` varchar(50) NOT NULL,
  `fieldtype` varchar(200) NOT NULL,
  PRIMARY KEY (`fieldtypeid`),
  UNIQUE KEY `vtiger_idx_1_tablename_fieldname` (`table_name`,`field_name`)
) ENGINE=InnoDB AUTO_INCREMENT=11 DEFAULT CHARSET=utf8;
/*!40101 SET character_set_client = @saved_cs_client */;

--
-- Dumping data for table `vtiger_ws_entity_fieldtype`
--

LOCK TABLES `vtiger_ws_entity_fieldtype` WRITE;
/*!40000 ALTER TABLE `vtiger_ws_entity_fieldtype` DISABLE KEYS */;
INSERT INTO `vtiger_ws_entity_fieldtype` VALUES (1,'vtiger_attachmentsfolder','createdby','reference'),(2,'vtiger_organizationdetails','logoname','file'),(3,'vtiger_organizationdetails','phone','phone'),(4,'vtiger_organizationdetails','fax','phone'),(5,'vtiger_organizationdetails','website','url'),(6,'vtiger_inventoryproductrel','productid','reference'),(7,'vtiger_inventoryproductrel','id','reference'),(8,'vtiger_inventoryproductrel','incrementondel','autogenerated'),(9,'vtiger_producttaxrel','productid','reference'),(10,'vtiger_producttaxrel','taxid','reference');
/*!40000 ALTER TABLE `vtiger_ws_entity_fieldtype` ENABLE KEYS */;
UNLOCK TABLES;

--
-- Table structure for table `vtiger_ws_entity_fieldtype_seq`
--

DROP TABLE IF EXISTS `vtiger_ws_entity_fieldtype_seq`;
/*!40101 SET @saved_cs_client     = @@character_set_client */;
/*!40101 SET character_set_client = utf8 */;
CREATE TABLE `vtiger_ws_entity_fieldtype_seq` (
  `id` int(11) NOT NULL
) ENGINE=InnoDB DEFAULT CHARSET=utf8;
/*!40101 SET character_set_client = @saved_cs_client */;

--
-- Dumping data for table `vtiger_ws_entity_fieldtype_seq`
--

LOCK TABLES `vtiger_ws_entity_fieldtype_seq` WRITE;
/*!40000 ALTER TABLE `vtiger_ws_entity_fieldtype_seq` DISABLE KEYS */;
INSERT INTO `vtiger_ws_entity_fieldtype_seq` VALUES (10);
/*!40000 ALTER TABLE `vtiger_ws_entity_fieldtype_seq` ENABLE KEYS */;
UNLOCK TABLES;

--
-- Table structure for table `vtiger_ws_entity_name`
--

DROP TABLE IF EXISTS `vtiger_ws_entity_name`;
/*!40101 SET @saved_cs_client     = @@character_set_client */;
/*!40101 SET character_set_client = utf8 */;
CREATE TABLE `vtiger_ws_entity_name` (
  `entity_id` int(11) NOT NULL,
  `name_fields` varchar(50) NOT NULL,
  `index_field` varchar(50) NOT NULL,
  `table_name` varchar(50) NOT NULL,
  PRIMARY KEY (`entity_id`)
) ENGINE=InnoDB DEFAULT CHARSET=utf8;
/*!40101 SET character_set_client = @saved_cs_client */;

--
-- Dumping data for table `vtiger_ws_entity_name`
--

LOCK TABLES `vtiger_ws_entity_name` WRITE;
/*!40000 ALTER TABLE `vtiger_ws_entity_name` DISABLE KEYS */;
INSERT INTO `vtiger_ws_entity_name` VALUES (20,'groupname','groupid','vtiger_groups'),(21,'currency_name','id','vtiger_currency_info'),(22,'foldername','folderid','vtiger_attachmentsfolder'),(23,'organizationname','groupid','vtiger_organizationdetails'),(40,'taxlabel','taxid','vtiger_inventorytaxinfo');
/*!40000 ALTER TABLE `vtiger_ws_entity_name` ENABLE KEYS */;
UNLOCK TABLES;

--
-- Table structure for table `vtiger_ws_entity_referencetype`
--

DROP TABLE IF EXISTS `vtiger_ws_entity_referencetype`;
/*!40101 SET @saved_cs_client     = @@character_set_client */;
/*!40101 SET character_set_client = utf8 */;
CREATE TABLE `vtiger_ws_entity_referencetype` (
  `fieldtypeid` int(19) NOT NULL,
  `type` varchar(25) NOT NULL,
  PRIMARY KEY (`fieldtypeid`,`type`),
  CONSTRAINT `vtiger_fk_1_actors_referencetype` FOREIGN KEY (`fieldtypeid`) REFERENCES `vtiger_ws_entity_fieldtype` (`fieldtypeid`) ON DELETE CASCADE
) ENGINE=InnoDB DEFAULT CHARSET=utf8;
/*!40101 SET character_set_client = @saved_cs_client */;

--
-- Dumping data for table `vtiger_ws_entity_referencetype`
--

LOCK TABLES `vtiger_ws_entity_referencetype` WRITE;
/*!40000 ALTER TABLE `vtiger_ws_entity_referencetype` DISABLE KEYS */;
INSERT INTO `vtiger_ws_entity_referencetype` VALUES (5,'Users'),(6,'Products'),(7,'Act'),(7,'Consignment'),(7,'Invoice'),(7,'PurchaseOrder'),(7,'Quotes'),(7,'SalesOrder'),(9,'Products'),(10,'Tax');
/*!40000 ALTER TABLE `vtiger_ws_entity_referencetype` ENABLE KEYS */;
UNLOCK TABLES;

--
-- Table structure for table `vtiger_ws_entity_seq`
--

DROP TABLE IF EXISTS `vtiger_ws_entity_seq`;
/*!40101 SET @saved_cs_client     = @@character_set_client */;
/*!40101 SET character_set_client = utf8 */;
CREATE TABLE `vtiger_ws_entity_seq` (
  `id` int(11) NOT NULL
) ENGINE=InnoDB DEFAULT CHARSET=utf8;
/*!40101 SET character_set_client = @saved_cs_client */;

--
-- Dumping data for table `vtiger_ws_entity_seq`
--

LOCK TABLES `vtiger_ws_entity_seq` WRITE;
/*!40000 ALTER TABLE `vtiger_ws_entity_seq` DISABLE KEYS */;
INSERT INTO `vtiger_ws_entity_seq` VALUES (41);
/*!40000 ALTER TABLE `vtiger_ws_entity_seq` ENABLE KEYS */;
UNLOCK TABLES;

--
-- Table structure for table `vtiger_ws_entity_tables`
--

DROP TABLE IF EXISTS `vtiger_ws_entity_tables`;
/*!40101 SET @saved_cs_client     = @@character_set_client */;
/*!40101 SET character_set_client = utf8 */;
CREATE TABLE `vtiger_ws_entity_tables` (
  `webservice_entity_id` int(11) NOT NULL,
  `table_name` varchar(50) NOT NULL,
  PRIMARY KEY (`webservice_entity_id`,`table_name`),
  CONSTRAINT `fk_1_vtiger_ws_actor_tables` FOREIGN KEY (`webservice_entity_id`) REFERENCES `vtiger_ws_entity` (`id`) ON DELETE CASCADE
) ENGINE=InnoDB DEFAULT CHARSET=utf8;
/*!40101 SET character_set_client = @saved_cs_client */;

--
-- Dumping data for table `vtiger_ws_entity_tables`
--

LOCK TABLES `vtiger_ws_entity_tables` WRITE;
/*!40000 ALTER TABLE `vtiger_ws_entity_tables` DISABLE KEYS */;
INSERT INTO `vtiger_ws_entity_tables` VALUES (20,'vtiger_groups'),(21,'vtiger_currency_info'),(22,'vtiger_attachmentsfolder'),(23,'vtiger_organizationdetails'),(39,'vtiger_inventoryproductrel'),(40,'vtiger_inventorytaxinfo'),(41,'vtiger_producttaxrel');
/*!40000 ALTER TABLE `vtiger_ws_entity_tables` ENABLE KEYS */;
UNLOCK TABLES;

--
-- Table structure for table `vtiger_ws_fieldinfo`
--

DROP TABLE IF EXISTS `vtiger_ws_fieldinfo`;
/*!40101 SET @saved_cs_client     = @@character_set_client */;
/*!40101 SET character_set_client = utf8 */;
CREATE TABLE `vtiger_ws_fieldinfo` (
  `id` varchar(64) NOT NULL,
  `property_name` varchar(32) DEFAULT NULL,
  `property_value` varchar(64) DEFAULT NULL,
  PRIMARY KEY (`id`)
) ENGINE=InnoDB DEFAULT CHARSET=utf8;
/*!40101 SET character_set_client = @saved_cs_client */;

--
-- Dumping data for table `vtiger_ws_fieldinfo`
--

LOCK TABLES `vtiger_ws_fieldinfo` WRITE;
/*!40000 ALTER TABLE `vtiger_ws_fieldinfo` DISABLE KEYS */;
INSERT INTO `vtiger_ws_fieldinfo` VALUES ('vtiger_organizationdetails.organization_id','upload.path','1');
/*!40000 ALTER TABLE `vtiger_ws_fieldinfo` ENABLE KEYS */;
UNLOCK TABLES;

--
-- Table structure for table `vtiger_ws_fieldtype`
--

DROP TABLE IF EXISTS `vtiger_ws_fieldtype`;
/*!40101 SET @saved_cs_client     = @@character_set_client */;
/*!40101 SET character_set_client = utf8 */;
CREATE TABLE `vtiger_ws_fieldtype` (
  `fieldtypeid` int(19) NOT NULL AUTO_INCREMENT,
  `uitype` varchar(30) NOT NULL,
  `fieldtype` varchar(200) NOT NULL,
  PRIMARY KEY (`fieldtypeid`),
  UNIQUE KEY `uitype_idx` (`uitype`)
) ENGINE=InnoDB AUTO_INCREMENT=41 DEFAULT CHARSET=utf8;
/*!40101 SET character_set_client = @saved_cs_client */;

--
-- Dumping data for table `vtiger_ws_fieldtype`
--

LOCK TABLES `vtiger_ws_fieldtype` WRITE;
/*!40000 ALTER TABLE `vtiger_ws_fieldtype` DISABLE KEYS */;
INSERT INTO `vtiger_ws_fieldtype` VALUES (1,'15','picklist'),(2,'16','picklist'),(3,'19','text'),(4,'20','text'),(5,'21','text'),(6,'24','text'),(7,'3','autogenerated'),(8,'11','phone'),(9,'33','multipicklist'),(10,'17','url'),(11,'85','skype'),(12,'56','boolean'),(13,'156','boolean'),(14,'53','owner'),(15,'61','file'),(16,'28','file'),(17,'13','email'),(18,'71','currency'),(19,'72','currency'),(20,'50','reference'),(21,'51','reference'),(22,'57','reference'),(23,'58','reference'),(24,'73','reference'),(25,'75','reference'),(26,'76','reference'),(27,'78','reference'),(28,'80','reference'),(29,'81','reference'),(30,'101','reference'),(31,'52','reference'),(32,'357','reference'),(33,'59','reference'),(34,'66','reference'),(35,'77','reference'),(36,'68','reference'),(37,'117','reference'),(38,'26','reference'),(39,'10','reference'),(40,'98','reference');
/*!40000 ALTER TABLE `vtiger_ws_fieldtype` ENABLE KEYS */;
UNLOCK TABLES;

--
-- Table structure for table `vtiger_ws_operation`
--

DROP TABLE IF EXISTS `vtiger_ws_operation`;
/*!40101 SET @saved_cs_client     = @@character_set_client */;
/*!40101 SET character_set_client = utf8 */;
CREATE TABLE `vtiger_ws_operation` (
  `operationid` int(11) NOT NULL AUTO_INCREMENT,
  `name` varchar(128) NOT NULL,
  `handler_path` varchar(255) NOT NULL,
  `handler_method` varchar(64) NOT NULL,
  `type` varchar(8) NOT NULL,
  `prelogin` int(3) NOT NULL,
  PRIMARY KEY (`operationid`)
) ENGINE=InnoDB AUTO_INCREMENT=38 DEFAULT CHARSET=utf8;
/*!40101 SET character_set_client = @saved_cs_client */;

--
-- Dumping data for table `vtiger_ws_operation`
--

LOCK TABLES `vtiger_ws_operation` WRITE;
/*!40000 ALTER TABLE `vtiger_ws_operation` DISABLE KEYS */;
INSERT INTO `vtiger_ws_operation` VALUES (1,'login','include/Webservices/Login.php','vtws_login','POST',1),(2,'retrieve','include/Webservices/Retrieve.php','vtws_retrieve','GET',0),(3,'create','include/Webservices/Create.php','vtws_create','POST',0),(4,'update','include/Webservices/Update.php','vtws_update','POST',0),(5,'delete','include/Webservices/Delete.php','vtws_delete','POST',0),(6,'sync','include/Webservices/GetUpdates.php','vtws_sync','GET',0),(7,'query','include/Webservices/Query.php','vtws_query','GET',0),(8,'logout','include/Webservices/Logout.php','vtws_logout','POST',0),(9,'listtypes','include/Webservices/ModuleTypes.php','vtws_listtypes','GET',0),(10,'getchallenge','include/Webservices/AuthToken.php','vtws_getchallenge','GET',1),(11,'describe','include/Webservices/DescribeObject.php','vtws_describe','GET',0),(12,'extendsession','include/Webservices/ExtendSession.php','vtws_extendSession','POST',1),(13,'convertlead','include/Webservices/ConvertLead.php','vtws_convertlead','POST',0),(14,'revise','include/Webservices/Revise.php','vtws_revise','POST',0),(15,'changePassword','include/Webservices/ChangePassword.php','vtws_changePassword','POST',0),(16,'deleteUser','include/Webservices/DeleteUser.php','vtws_deleteUser','POST',0),(17,'wsapp_register','modules/WSAPP/api/ws/Register.php','wsapp_register','POST',0),(18,'wsapp_deregister','modules/WSAPP/api/ws/DeRegister.php','wsapp_deregister','POST',0),(19,'wsapp_get','modules/WSAPP/api/ws/Get.php','wsapp_get','POST',0),(20,'wsapp_put','modules/WSAPP/api/ws/Put.php','wsapp_put','POST',0),(21,'wsapp_map','modules/WSAPP/api/ws/Map.php','wsapp_map','POST',0),(22,'mobile.fetchallalerts','modules/Mobile/api/wsapi.php','mobile_ws_fetchAllAlerts','POST',0),(23,'mobile.alertdetailswithmessage','modules/Mobile/api/wsapi.php','mobile_ws_alertDetailsWithMessage','POST',0),(24,'mobile.fetchmodulefilters','modules/Mobile/api/wsapi.php','mobile_ws_fetchModuleFilters','POST',0),(25,'mobile.fetchrecord','modules/Mobile/api/wsapi.php','mobile_ws_fetchRecord','POST',0),(26,'mobile.fetchrecordwithgrouping','modules/Mobile/api/wsapi.php','mobile_ws_fetchRecordWithGrouping','POST',0),(27,'mobile.filterdetailswithcount','modules/Mobile/api/wsapi.php','mobile_ws_filterDetailsWithCount','POST',0),(28,'mobile.listmodulerecords','modules/Mobile/api/wsapi.php','mobile_ws_listModuleRecords','POST',0),(29,'mobile.saverecord','modules/Mobile/api/wsapi.php','mobile_ws_saveRecord','POST',0),(30,'mobile.syncModuleRecords','modules/Mobile/api/wsapi.php','mobile_ws_syncModuleRecords','POST',0),(31,'mobile.query','modules/Mobile/api/wsapi.php','mobile_ws_query','POST',0),(32,'mobile.querywithgrouping','modules/Mobile/api/wsapi.php','mobile_ws_queryWithGrouping','POST',0),(33,'retrieve_inventory','include/Webservices/LineItem/RetrieveInventory.php','vtws_retrieve_inventory','GET',0),(34,'relatedtypes','include/Webservices/RelatedTypes.php','vtws_relatedtypes','GET',0),(35,'retrieve_related','include/Webservices/RetrieveRelated.php','vtws_retrieve_related','GET',0),(36,'query_related','include/Webservices/QueryRelated.php','vtws_query_related','GET',0),(37,'add_related','include/Webservices/AddRelated.php','vtws_add_related','POST',0);
/*!40000 ALTER TABLE `vtiger_ws_operation` ENABLE KEYS */;
UNLOCK TABLES;

--
-- Table structure for table `vtiger_ws_operation_parameters`
--

DROP TABLE IF EXISTS `vtiger_ws_operation_parameters`;
/*!40101 SET @saved_cs_client     = @@character_set_client */;
/*!40101 SET character_set_client = utf8 */;
CREATE TABLE `vtiger_ws_operation_parameters` (
  `operationid` int(11) NOT NULL AUTO_INCREMENT,
  `name` varchar(128) NOT NULL,
  `type` varchar(64) NOT NULL,
  `sequence` int(11) NOT NULL,
  PRIMARY KEY (`operationid`,`name`)
) ENGINE=InnoDB AUTO_INCREMENT=38 DEFAULT CHARSET=utf8;
/*!40101 SET character_set_client = @saved_cs_client */;

--
-- Dumping data for table `vtiger_ws_operation_parameters`
--

LOCK TABLES `vtiger_ws_operation_parameters` WRITE;
/*!40000 ALTER TABLE `vtiger_ws_operation_parameters` DISABLE KEYS */;
INSERT INTO `vtiger_ws_operation_parameters` VALUES (1,'accessKey','String',2),(1,'username','String',1),(2,'id','String',1),(3,'element','encoded',2),(3,'elementType','String',1),(4,'element','encoded',1),(5,'id','String',1),(6,'elementType','String',2),(6,'modifiedTime','DateTime',1),(7,'query','String',1),(8,'sessionName','String',1),(9,'fieldTypeList','encoded',1),(10,'username','String',1),(11,'elementType','String',1),(13,'accountName','String',3),(13,'assignedTo','String',2),(13,'avoidPotential','Boolean',4),(13,'leadId','String',1),(13,'potential','Encoded',5),(14,'element','Encoded',1),(15,'confirmPassword','String',4),(15,'id','String',1),(15,'newPassword','String',3),(15,'oldPassword','String',2),(16,'id','String',1),(16,'newOwnerId','String',2),(17,'synctype','string',2),(17,'type','string',1),(18,'key','string',2),(18,'type','string',1),(19,'key','string',1),(19,'module','string',2),(19,'token','string',3),(20,'element','encoded',2),(20,'key','string',1),(21,'element','encoded',2),(21,'key','string',1),(23,'alertid','string',1),(24,'module','string',1),(25,'record','string',1),(26,'record','string',1),(27,'filterid','string',1),(28,'elements','encoded',1),(29,'module','string',1),(29,'record','string',2),(29,'values','encoded',3),(30,'module','string',1),(30,'page','string',3),(30,'syncToken','string',2),(31,'module','string',1),(31,'page','string',3),(31,'query','string',2),(32,'module','string',1),(32,'page','string',3),(32,'query','string',2),(33,'id','String',1),(34,'elementType','string',1),(35,'id','string',1),(35,'relatedLabel','string',3),(35,'relatedType','string',2),(36,'id','string',2),(36,'query','string',1),(36,'relatedLabel','string',3),(37,'relatedRecordId','string',2),(37,'relationIdLabel','string',3),(37,'sourceRecordId','string',1);
/*!40000 ALTER TABLE `vtiger_ws_operation_parameters` ENABLE KEYS */;
UNLOCK TABLES;

--
-- Table structure for table `vtiger_ws_operation_seq`
--

DROP TABLE IF EXISTS `vtiger_ws_operation_seq`;
/*!40101 SET @saved_cs_client     = @@character_set_client */;
/*!40101 SET character_set_client = utf8 */;
CREATE TABLE `vtiger_ws_operation_seq` (
  `id` int(11) NOT NULL
) ENGINE=InnoDB DEFAULT CHARSET=utf8;
/*!40101 SET character_set_client = @saved_cs_client */;

--
-- Dumping data for table `vtiger_ws_operation_seq`
--

LOCK TABLES `vtiger_ws_operation_seq` WRITE;
/*!40000 ALTER TABLE `vtiger_ws_operation_seq` DISABLE KEYS */;
INSERT INTO `vtiger_ws_operation_seq` VALUES (37);
/*!40000 ALTER TABLE `vtiger_ws_operation_seq` ENABLE KEYS */;
UNLOCK TABLES;

--
-- Table structure for table `vtiger_ws_referencetype`
--

DROP TABLE IF EXISTS `vtiger_ws_referencetype`;
/*!40101 SET @saved_cs_client     = @@character_set_client */;
/*!40101 SET character_set_client = utf8 */;
CREATE TABLE `vtiger_ws_referencetype` (
  `fieldtypeid` int(19) NOT NULL,
  `type` varchar(25) NOT NULL,
  PRIMARY KEY (`fieldtypeid`,`type`),
  CONSTRAINT `fk_1_vtiger_referencetype` FOREIGN KEY (`fieldtypeid`) REFERENCES `vtiger_ws_fieldtype` (`fieldtypeid`) ON DELETE CASCADE
) ENGINE=InnoDB DEFAULT CHARSET=utf8;
/*!40101 SET character_set_client = @saved_cs_client */;

--
-- Dumping data for table `vtiger_ws_referencetype`
--

LOCK TABLES `vtiger_ws_referencetype` WRITE;
/*!40000 ALTER TABLE `vtiger_ws_referencetype` DISABLE KEYS */;
INSERT INTO `vtiger_ws_referencetype` VALUES (20,'Accounts'),(21,'Accounts'),(22,'Contacts'),(23,'Campaigns'),(24,'Accounts'),(25,'Vendors'),(26,'Potentials'),(27,'Quotes'),(28,'SalesOrder'),(29,'Vendors'),(30,'Users'),(31,'Users'),(32,'Accounts'),(32,'Contacts'),(32,'Leads'),(32,'Users'),(32,'Vendors'),(33,'Products'),(34,'Accounts'),(34,'Act'),(34,'Campaigns'),(34,'Consignment'),(34,'HelpDesk'),(34,'Leads'),(34,'Potentials'),(34,'Vendors'),(35,'Users'),(36,'Accounts'),(36,'Contacts'),(37,'Currency'),(38,'DocumentFolders');
/*!40000 ALTER TABLE `vtiger_ws_referencetype` ENABLE KEYS */;
UNLOCK TABLES;

--
-- Table structure for table `vtiger_ws_userauthtoken`
--

DROP TABLE IF EXISTS `vtiger_ws_userauthtoken`;
/*!40101 SET @saved_cs_client     = @@character_set_client */;
/*!40101 SET character_set_client = utf8 */;
CREATE TABLE `vtiger_ws_userauthtoken` (
  `userid` int(19) NOT NULL,
  `token` varchar(36) NOT NULL,
  `expiretime` int(19) NOT NULL,
  PRIMARY KEY (`userid`,`expiretime`),
  UNIQUE KEY `userid_idx` (`userid`)
) ENGINE=InnoDB DEFAULT CHARSET=utf8;
/*!40101 SET character_set_client = @saved_cs_client */;

--
-- Dumping data for table `vtiger_ws_userauthtoken`
--

LOCK TABLES `vtiger_ws_userauthtoken` WRITE;
/*!40000 ALTER TABLE `vtiger_ws_userauthtoken` DISABLE KEYS */;
/*!40000 ALTER TABLE `vtiger_ws_userauthtoken` ENABLE KEYS */;
UNLOCK TABLES;

--
-- Table structure for table `vtiger_wsapp`
--

DROP TABLE IF EXISTS `vtiger_wsapp`;
/*!40101 SET @saved_cs_client     = @@character_set_client */;
/*!40101 SET character_set_client = utf8 */;
CREATE TABLE `vtiger_wsapp` (
  `appid` int(11) NOT NULL AUTO_INCREMENT,
  `name` varchar(200) NOT NULL,
  `appkey` varchar(255) DEFAULT NULL,
  `type` varchar(100) DEFAULT NULL,
  PRIMARY KEY (`appid`)
) ENGINE=InnoDB AUTO_INCREMENT=4 DEFAULT CHARSET=utf8;
/*!40101 SET character_set_client = @saved_cs_client */;

--
-- Dumping data for table `vtiger_wsapp`
--

LOCK TABLES `vtiger_wsapp` WRITE;
/*!40000 ALTER TABLE `vtiger_wsapp` DISABLE KEYS */;
INSERT INTO `vtiger_wsapp` VALUES (3,'vtigerCRM','5ed84f45eaf55','user');
/*!40000 ALTER TABLE `vtiger_wsapp` ENABLE KEYS */;
UNLOCK TABLES;

--
-- Table structure for table `vtiger_wsapp_handlerdetails`
--

DROP TABLE IF EXISTS `vtiger_wsapp_handlerdetails`;
/*!40101 SET @saved_cs_client     = @@character_set_client */;
/*!40101 SET character_set_client = utf8 */;
CREATE TABLE `vtiger_wsapp_handlerdetails` (
  `type` varchar(200) NOT NULL,
  `handlerclass` varchar(100) DEFAULT NULL,
  `handlerpath` varchar(300) DEFAULT NULL
) ENGINE=InnoDB DEFAULT CHARSET=utf8;
/*!40101 SET character_set_client = @saved_cs_client */;

--
-- Dumping data for table `vtiger_wsapp_handlerdetails`
--

LOCK TABLES `vtiger_wsapp_handlerdetails` WRITE;
/*!40000 ALTER TABLE `vtiger_wsapp_handlerdetails` DISABLE KEYS */;
INSERT INTO `vtiger_wsapp_handlerdetails` VALUES ('Outlook','OutlookHandler','modules/WSAPP/Handlers/OutlookHandler.php'),('vtigerCRM','vtigerCRMHandler','modules/WSAPP/Handlers/vtigerCRMHandler.php'),('vtigerSyncLib','WSAPP_VtigerSyncEventHandler','modules/WSAPP/synclib/handlers/VtigerSyncEventHandler.php'),('Google_vtigerHandler','Google_Vtiger_Handler','modules/Google/handlers/Vtiger.php'),('Google_vtigerSyncHandler','Google_VtigerSync_Handler','modules/Google/handlers/VtigerSync.php');
/*!40000 ALTER TABLE `vtiger_wsapp_handlerdetails` ENABLE KEYS */;
UNLOCK TABLES;

--
-- Table structure for table `vtiger_wsapp_logs_basic`
--

DROP TABLE IF EXISTS `vtiger_wsapp_logs_basic`;
/*!40101 SET @saved_cs_client     = @@character_set_client */;
/*!40101 SET character_set_client = utf8 */;
CREATE TABLE `vtiger_wsapp_logs_basic` (
  `id` int(25) NOT NULL AUTO_INCREMENT,
  `extensiontabid` int(19) DEFAULT NULL,
  `module` varchar(50) NOT NULL,
  `sync_datetime` datetime NOT NULL,
  `app_create_count` int(11) DEFAULT NULL,
  `app_update_count` int(11) DEFAULT NULL,
  `app_delete_count` int(11) DEFAULT NULL,
  `app_skip_count` int(11) DEFAULT NULL,
  `vt_create_count` int(11) DEFAULT NULL,
  `vt_update_count` int(11) DEFAULT NULL,
  `vt_delete_count` int(11) DEFAULT NULL,
  `vt_skip_count` int(11) DEFAULT NULL,
  `userid` int(11) DEFAULT NULL,
  PRIMARY KEY (`id`)
) ENGINE=InnoDB DEFAULT CHARSET=utf8;
/*!40101 SET character_set_client = @saved_cs_client */;

--
-- Dumping data for table `vtiger_wsapp_logs_basic`
--

LOCK TABLES `vtiger_wsapp_logs_basic` WRITE;
/*!40000 ALTER TABLE `vtiger_wsapp_logs_basic` DISABLE KEYS */;
/*!40000 ALTER TABLE `vtiger_wsapp_logs_basic` ENABLE KEYS */;
UNLOCK TABLES;

--
-- Table structure for table `vtiger_wsapp_logs_details`
--

DROP TABLE IF EXISTS `vtiger_wsapp_logs_details`;
/*!40101 SET @saved_cs_client     = @@character_set_client */;
/*!40101 SET character_set_client = utf8 */;
CREATE TABLE `vtiger_wsapp_logs_details` (
  `id` int(25) NOT NULL,
  `app_create_ids` mediumtext,
  `app_update_ids` mediumtext,
  `app_delete_ids` mediumtext,
  `app_skip_info` mediumtext,
  `vt_create_ids` mediumtext,
  `vt_update_ids` mediumtext,
  `vt_delete_ids` mediumtext,
  `vt_skip_info` mediumtext,
  KEY `vtiger_wsapp_logs_basic_ibfk_1` (`id`),
  CONSTRAINT `vtiger_wsapp_logs_basic_ibfk_1` FOREIGN KEY (`id`) REFERENCES `vtiger_wsapp_logs_basic` (`id`) ON DELETE CASCADE
) ENGINE=InnoDB DEFAULT CHARSET=utf8;
/*!40101 SET character_set_client = @saved_cs_client */;

--
-- Dumping data for table `vtiger_wsapp_logs_details`
--

LOCK TABLES `vtiger_wsapp_logs_details` WRITE;
/*!40000 ALTER TABLE `vtiger_wsapp_logs_details` DISABLE KEYS */;
/*!40000 ALTER TABLE `vtiger_wsapp_logs_details` ENABLE KEYS */;
UNLOCK TABLES;

--
-- Table structure for table `vtiger_wsapp_queuerecords`
--

DROP TABLE IF EXISTS `vtiger_wsapp_queuerecords`;
/*!40101 SET @saved_cs_client     = @@character_set_client */;
/*!40101 SET character_set_client = utf8 */;
CREATE TABLE `vtiger_wsapp_queuerecords` (
  `syncserverid` int(19) DEFAULT NULL,
  `details` varchar(300) DEFAULT NULL,
  `flag` varchar(100) DEFAULT NULL,
  `appid` int(19) DEFAULT NULL
) ENGINE=InnoDB DEFAULT CHARSET=utf8;
/*!40101 SET character_set_client = @saved_cs_client */;

--
-- Dumping data for table `vtiger_wsapp_queuerecords`
--

LOCK TABLES `vtiger_wsapp_queuerecords` WRITE;
/*!40000 ALTER TABLE `vtiger_wsapp_queuerecords` DISABLE KEYS */;
/*!40000 ALTER TABLE `vtiger_wsapp_queuerecords` ENABLE KEYS */;
UNLOCK TABLES;

--
-- Table structure for table `vtiger_wsapp_recordmapping`
--

DROP TABLE IF EXISTS `vtiger_wsapp_recordmapping`;
/*!40101 SET @saved_cs_client     = @@character_set_client */;
/*!40101 SET character_set_client = utf8 */;
CREATE TABLE `vtiger_wsapp_recordmapping` (
  `id` int(19) NOT NULL AUTO_INCREMENT,
  `serverid` varchar(10) DEFAULT NULL,
  `clientid` varchar(255) DEFAULT NULL,
  `clientmodifiedtime` datetime DEFAULT NULL,
  `appid` int(11) DEFAULT NULL,
  `servermodifiedtime` datetime DEFAULT NULL,
  `serverappid` int(11) DEFAULT NULL,
  PRIMARY KEY (`id`)
) ENGINE=InnoDB DEFAULT CHARSET=utf8;
/*!40101 SET character_set_client = @saved_cs_client */;

--
-- Dumping data for table `vtiger_wsapp_recordmapping`
--

LOCK TABLES `vtiger_wsapp_recordmapping` WRITE;
/*!40000 ALTER TABLE `vtiger_wsapp_recordmapping` DISABLE KEYS */;
/*!40000 ALTER TABLE `vtiger_wsapp_recordmapping` ENABLE KEYS */;
UNLOCK TABLES;

--
-- Table structure for table `vtiger_wsapp_sync_state`
--

DROP TABLE IF EXISTS `vtiger_wsapp_sync_state`;
/*!40101 SET @saved_cs_client     = @@character_set_client */;
/*!40101 SET character_set_client = utf8 */;
CREATE TABLE `vtiger_wsapp_sync_state` (
  `id` int(19) NOT NULL AUTO_INCREMENT,
  `name` varchar(200) DEFAULT NULL,
  `stateencodedvalues` varchar(300) NOT NULL,
  `userid` int(19) DEFAULT NULL,
  PRIMARY KEY (`id`)
) ENGINE=InnoDB DEFAULT CHARSET=utf8;
/*!40101 SET character_set_client = @saved_cs_client */;

--
-- Dumping data for table `vtiger_wsapp_sync_state`
--

LOCK TABLES `vtiger_wsapp_sync_state` WRITE;
/*!40000 ALTER TABLE `vtiger_wsapp_sync_state` DISABLE KEYS */;
/*!40000 ALTER TABLE `vtiger_wsapp_sync_state` ENABLE KEYS */;
UNLOCK TABLES;
/*!40103 SET TIME_ZONE=@OLD_TIME_ZONE */;

/*!40101 SET SQL_MODE=@OLD_SQL_MODE */;
/*!40014 SET FOREIGN_KEY_CHECKS=@OLD_FOREIGN_KEY_CHECKS */;
/*!40014 SET UNIQUE_CHECKS=@OLD_UNIQUE_CHECKS */;
/*!40101 SET CHARACTER_SET_CLIENT=@OLD_CHARACTER_SET_CLIENT */;
/*!40101 SET CHARACTER_SET_RESULTS=@OLD_CHARACTER_SET_RESULTS */;
/*!40101 SET COLLATION_CONNECTION=@OLD_COLLATION_CONNECTION */;
/*!40111 SET SQL_NOTES=@OLD_SQL_NOTES */;

-- Dump completed on 2020-06-12 15:08:20
